[18:59:28] [INIT] KubeJS 2101.7.2-build.348; MC 2101 NeoForge
[18:59:28] [INIT] Loaded plugins:
[18:59:28] [INIT] - dev.latvian.mods.kubejs.plugin.builtin.BuiltinKubeJSPlugin
[18:59:28] [INIT] - dev.latvian.mods.kubejs.integration.architectury.ArchitecturyIntegration
[18:59:28] [INIT] - com.klikli_dev.theurgykubejs.kubejs.TheurgyKubeJSPlugin
[18:59:28] [INIT] - dev.uncandango.kubejstweaks.kubejs.kjs71.plugin.KJSTPlugin
[18:59:28] [INIT] - dev.uncandango.kubejstweaks.kubejs.kjs72.plugin.KJSTPlugin
[18:59:28] [INIT] - dev.ftb.mods.ftbxmodcompat.neoforge.ftbquests.kubejs.FTBQuestsKubeJSPlugin
[18:59:28] [INIT] - dev.ftb.mods.ftbxmodcompat.neoforge.ftbchunks.kubejs.FTBChunksKubeJSPlugin
[18:59:28] [INIT] - dev.ftb.mods.ftbxmodcompat.neoforge.ftbteams.kubejs.FTBTeamsKubeJSPlugin
[18:59:28] [INIT] - dev.ftb.mods.ftbxmodcompat.neoforge.ftbfiltersystem.kubejs.FFSKubeJSPlugin
[18:59:28] [INIT] - com.klikli_dev.occultism_kubejs.KubeJSOccultismPlugin
[18:59:28] [INIT] - com.almostreliable.ponderjs.KubePlugin
[18:59:28] [INIT] - com.glodblock.github.extendedae.xmod.kjs.KJSPlugin
[18:59:28] [INIT] - aztech.modern_industrialization.compat.kubejs.MIKubeJSPlugin
[18:59:28] [INFO] server_scripts:banlist_script.js#9: Loaded Java class 'java.util.HashSet'
[18:59:28] [INFO] server_scripts:banlist_script.js#10: Loaded Java class 'java.util.ArrayList'
[18:59:28] [INFO] server_scripts:banlist_script.js#40: Loaded Java class 'net.neoforged.neoforge.event.entity.EntityJoinLevelEvent'
[18:59:28] [INFO] server_scripts:banlist_script.js#69: Loaded Java class 'net.neoforged.neoforge.event.level.ChunkEvent$Load'
[18:59:28] [INFO] server_scripts:banlist_script.js#70: Loaded Java class 'net.neoforged.neoforge.event.tick.LevelTickEvent$Pre'
[18:59:28] [INFO] server_scripts:banlist_script.js#102: Loaded Java class 'net.minecraft.world.level.chunk.LevelChunk'
[18:59:28] [INFO] server_scripts:banlist_script.js#104: Loaded Java class 'java.util.concurrent.ConcurrentLinkedQueue'
[18:59:28] [INFO] Loaded script server_scripts:banlist_script.js in 0.023 s
[18:59:28] [INFO] Loaded script server_scripts:Tweaks/remove_recipes_from_banlist.js in 0.004 s
[18:59:28] [INFO] server_scripts:announcements/announcements.js#1: Loaded Java class 'java.util.TreeMap'
[18:59:28] [INFO] server_scripts:announcements/announcements.js#3: Loaded Java class 'org.apache.maven.artifact.versioning.DefaultArtifactVersion'
[18:59:28] [INFO] Loaded script server_scripts:announcements/announcements.js in 0.002 s
[18:59:28] [INFO] Loaded script server_scripts:debug/freeze_server.js in 0.0 s
[18:59:28] [INFO] Loaded script server_scripts:modpack/atm_alloy_tools.js in 0.0 s
[18:59:28] [INFO] Loaded script server_scripts:modpack/atm_alloys.js in 0.001 s
[18:59:28] [INFO] Loaded script server_scripts:modpack/atm_star.js in 0.0 s
[18:59:28] [INFO] Loaded script server_scripts:modpack/atm_star_creative.js in 0.001 s
[18:59:28] [INFO] Loaded script server_scripts:modpack/att_items.js in 0.001 s
[18:59:28] [INFO] Loaded script server_scripts:modpack/mini_portals.js in 0.0 s
[18:59:28] [INFO] Loaded script server_scripts:modpack/miningDim.js in 0.001 s
[18:59:28] [INFO] Loaded script server_scripts:modpack/runic_multis/controllers.js in 0.001 s
[18:59:28] [INFO] Loaded script server_scripts:modpack/runic_multis/recipes/auto_forge.js in 0.001 s
[18:59:28] [INFO] Loaded script server_scripts:modpack/runic_multis/recipes/runic_crucible.js in 0.0 s
[18:59:28] [INFO] Loaded script server_scripts:modpack/runic_multis/recipes/runic_enchanter.js in 0.005 s
[18:59:28] [INFO] Loaded script server_scripts:modpack/runic_multis/recipes/star_altar.js in 0.001 s
[18:59:28] [INFO] Loaded script server_scripts:mods/Actually Additions/Crusher.js in 0.0 s
[18:59:28] [INFO] Loaded script server_scripts:mods/Actually Additions/Fluid_Fuels.js in 0.0 s
[18:59:28] [INFO] Loaded script server_scripts:mods/Actually Additions/Recipes.js in 0.0 s
[18:59:28] [INFO] Loaded script server_scripts:mods/Additional Lights/Recipes.js in 0.0 s
[18:59:28] [INFO] Loaded script server_scripts:mods/AdditionalEnchantedMiner/Recipes.js in 0.0 s
[18:59:28] [INFO] Loaded script server_scripts:mods/Adorned/Tags.js in 0.0 s
[18:59:28] [INFO] Loaded script server_scripts:mods/AdvancedAE/Recipes.js in 0.0 s
[18:59:28] [INFO] Loaded script server_scripts:mods/Allthemodium/Recipes.js in 0.0 s
[18:59:28] [INFO] Loaded script server_scripts:mods/AllTheOres/Recipes.js in 0.0 s
[18:59:28] [INFO] Loaded script server_scripts:mods/AllTheOres/Tags.js in 0.0 s
[18:59:28] [INFO] Loaded script server_scripts:mods/AllTheTweaks/Recipes.js in 0.0 s
[18:59:28] [INFO] Loaded script server_scripts:mods/Apotheosis/adventure.js in 0.0 s
[18:59:28] [INFO] Loaded script server_scripts:mods/Applied Energistics/Recipes.js in 0.0 s
[18:59:28] [INFO] Loaded script server_scripts:mods/Aquaculture_2/tags.js in 0.0 s
[18:59:28] [INFO] Loaded script server_scripts:mods/Bibliocraft/Recipes.js in 0.001 s
[18:59:28] [INFO] Loaded script server_scripts:mods/Biomes Weve Gone/tags.js in 0.0 s
[18:59:28] [INFO] Loaded script server_scripts:mods/Building Gadgets/Recipes.js in 0.0 s
[18:59:28] [INFO] Loaded script server_scripts:mods/Building Gadgets/tags.js in 0.0 s
[18:59:28] [INFO] Loaded script server_scripts:mods/Bumblezone/Recipes.js in 0.0 s
[18:59:28] [INFO] Loaded script server_scripts:mods/Bumblezone/tags.js in 0.0 s
[18:59:28] [INFO] Loaded script server_scripts:mods/Draconic Evolution/draconic_evo.js in 0.0 s
[18:59:28] [INFO] Loaded script server_scripts:mods/dysoncubeproject/recipes.js in 0.0 s
[18:59:28] [INFO] Loaded script server_scripts:mods/EnderIO/Recipes.js in 0.001 s
[18:59:28] [INFO] Loaded script server_scripts:mods/EnderIO/sagMill.js in 0.0 s
[18:59:28] [INFO] Loaded script server_scripts:mods/enderman overhaul/recipes.js in 0.0 s
[18:59:28] [INFO] Loaded script server_scripts:mods/Entangled/Recipes.js in 0.0 s
[18:59:28] [INFO] Loaded script server_scripts:mods/Eternal Starlight/Datapacks.js in 0.001 s
[18:59:28] [INFO] Loaded script server_scripts:mods/Eternal Starlight/Recipes.js in 0.0 s
[18:59:28] [INFO] Loaded script server_scripts:mods/Evilcraft/tags.js in 0.0 s
[18:59:28] [INFO] Loaded script server_scripts:mods/Explorer's Compass/Recipes.js in 0.0 s
[18:59:28] [INFO] Loaded script server_scripts:mods/ExtendedAE/InfinityCellRecipes.js in 0.0 s
[18:59:28] [INFO] Loaded script server_scripts:mods/Extra Disks/Recipes.js in 0.002 s
[18:59:28] [INFO] Loaded script server_scripts:mods/ExtremeReactors/Recipes.js in 0.0 s
[18:59:28] [INFO] Loaded script server_scripts:mods/Farmer's Delight/Compatibility.js in 0.0 s
[18:59:28] [INFO] Loaded script server_scripts:mods/Farmer's Delight/tags.js in 0.0 s
[18:59:28] [INFO] Loaded script server_scripts:mods/ForbiddenArcanus/Hephaestus_Forge.js in 0.001 s
[18:59:28] [INFO] Loaded script server_scripts:mods/ForbiddenArcanus/Recipes.js in 0.0 s
[18:59:28] [INFO] Loaded script server_scripts:mods/Functional Storage/compacting_recipe.js in 0.0 s
[18:59:28] [INFO] Loaded script server_scripts:mods/Handcrafted/Recipes.js in 0.0 s
[18:59:28] [INFO] Loaded script server_scripts:mods/Hostile Neural Networks/Recipes.js in 0.0 s
[18:59:28] [INFO] Loaded script server_scripts:mods/Hyperbox/hyperbox.js in 0.001 s
[18:59:28] [INFO] Loaded script server_scripts:mods/Hyperbox/Recipes.js in 0.0 s
[18:59:28] [INFO] Loaded script server_scripts:mods/Ice and Fire/Recipes.js in 0.0 s
[18:59:28] [INFO] Loaded script server_scripts:mods/Ice and Fire/tags.js in 0.0 s
[18:59:28] [INFO] Loaded script server_scripts:mods/Immersive Engineering/Compatibility.js in 0.001 s
[18:59:28] [INFO] Loaded script server_scripts:mods/Immersive Engineering/Crusher.js in 0.0 s
[18:59:28] [INFO] Loaded script server_scripts:mods/Indusrial Foregoing/Dissolution Chamber.js in 0.0 s
[18:59:28] [INFO] Loaded script server_scripts:mods/industrialforegoingsouls/recipes.js in 0.0 s
[18:59:28] [INFO] Loaded script server_scripts:mods/Integrated Dynamics/Basin.js in 0.0 s
[18:59:28] [INFO] Loaded script server_scripts:mods/Integrated Dynamics/Squeezer.js in 0.001 s
[18:59:28] [INFO] Loaded script server_scripts:mods/Irons Spells Spellbooks/Recipes.js in 0.0 s
[18:59:28] [INFO] Loaded script server_scripts:mods/JustDireThings/Recipes.js in 0.0 s
[18:59:28] [INFO] Loaded script server_scripts:mods/Laser Bridges & Doors/Recipes.js in 0.0 s
[18:59:28] [INFO] Loaded script server_scripts:mods/Mega Cells/Recipes.js in 0.0 s
[18:59:28] [INFO] Loaded script server_scripts:mods/Mekanism/Compatibility.js in 0.001 s
[18:59:28] [INFO] Loaded script server_scripts:mods/Mekanism/ore_processing.js in 0.0 s
[18:59:28] [INFO] Loaded script server_scripts:mods/Mekanism/Rebalance/Gear.js in 0.001 s
[18:59:28] [INFO] Loaded script server_scripts:mods/Mekanism/Rebalance/Items.js in 0.001 s
[18:59:28] [INFO] Loaded script server_scripts:mods/Mekanism/Rebalance/Units.js in 0.001 s
[18:59:28] [INFO] Loaded script server_scripts:mods/Mekanism/Recipes.js in 0.0 s
[18:59:28] [INFO] Loaded script server_scripts:mods/mekmm/recipes.js in 0.0 s
[18:59:28] [INFO] Loaded script server_scripts:mods/mifa/recipes.js in 0.0 s
[18:59:28] [INFO] Loaded script server_scripts:mods/Minecolonies/Recipes.js in 0.0 s
[18:59:28] [INFO] Loaded script server_scripts:mods/Minecolonies/tags.js in 0.001 s
[18:59:28] [INFO] Loaded script server_scripts:mods/minecraft/recipes.js in 0.001 s
[18:59:28] [INFO] Loaded script server_scripts:mods/minecraft/tags.js in 0.0 s
[18:59:28] [INFO] Loaded script server_scripts:mods/Mining Gadgets/Recipes.js in 0.001 s
[18:59:28] [INFO] Loaded script server_scripts:mods/Modern Industrialization/AE_Compat.js in 0.0 s
[18:59:28] [INFO] Loaded script server_scripts:mods/Modern Industrialization/Aluminum.js in 0.0 s
[18:59:28] [INFO] Loaded script server_scripts:mods/Modern Industrialization/Cobble_Gen.js in 0.0 s
[18:59:28] [INFO] Loaded script server_scripts:mods/Modern Industrialization/distillation.js in 0.0 s
[18:59:28] [INFO] Loaded script server_scripts:mods/Modern Industrialization/Electric_Blast_Furnace.js in 0.0 s
[18:59:28] [INFO] Loaded script server_scripts:mods/Modern Industrialization/Quarry.js in 0.0 s
[18:59:28] [INFO] Loaded script server_scripts:mods/Modern Industrialization/Replicator.js in 0.0 s
[18:59:28] [INFO] Loaded script server_scripts:mods/Modern Industrialization/Vacuum Freezer.js in 0.0 s
[18:59:28] [INFO] Loaded script server_scripts:mods/modular_machinery/multiblocks/atm/auto_hephaestus_forge.js in 0.0 s
[18:59:28] [INFO] Loaded script server_scripts:mods/modular_machinery/multiblocks/atm/runic_crucible.js in 0.0 s
[18:59:28] [INFO] Loaded script server_scripts:mods/modular_machinery/multiblocks/atm/runic_enchanter.js in 0.0 s
[18:59:28] [INFO] Loaded script server_scripts:mods/modular_machinery/multiblocks/atm/runic_star_altar.js in 0.0 s
[18:59:28] [INFO] Loaded script server_scripts:mods/modular_machinery/multiblocks/mekanism/chemical_crystallizer.js in 0.0 s
[18:59:28] [INFO] Loaded script server_scripts:mods/modular_machinery/multiblocks/mekanism/chemical_dissolution_chamber.js in 0.0 s
[18:59:28] [INFO] Loaded script server_scripts:mods/modular_machinery/multiblocks/mekanism/chemical_infuser.js in 0.0 s
[18:59:28] [INFO] Loaded script server_scripts:mods/modular_machinery/multiblocks/mekanism/chemical_oxidizer.js in 0.001 s
[18:59:28] [INFO] Loaded script server_scripts:mods/modular_machinery/multiblocks/mekanism/chemical_washer.js in 0.0 s
[18:59:28] [INFO] Loaded script server_scripts:mods/modular_machinery/multiblocks/mekanism/electrolytic_seperator.js in 0.0 s
[18:59:28] [INFO] Loaded script server_scripts:mods/modular_machinery/multiblocks/mekanism/isotopic_centrifuge.js in 0.001 s
[18:59:28] [INFO] Loaded script server_scripts:mods/modular_machinery/multiblocks/mekanism/pressurized_reaction_chamber.js in 0.0 s
[18:59:28] [INFO] Loaded script server_scripts:mods/modular_machinery/multiblocks/mekanism/solar_neutron_activator.js in 0.0 s
[18:59:28] [INFO] Loaded script server_scripts:mods/modular_machinery/recipes/atm/auto_hephaestus_forge.js in 0.0 s
[18:59:28] [INFO] Loaded script server_scripts:mods/modular_machinery/recipes/atm/general.js in 0.001 s
[18:59:28] [INFO] Loaded script server_scripts:mods/modular_machinery/recipes/atm/multiblock_parts.js in 0.0 s
[18:59:28] [INFO] Loaded script server_scripts:mods/modular_machinery/recipes/atm/runic_crucible.js in 0.0 s
[18:59:28] [INFO] Loaded script server_scripts:mods/modular_machinery/recipes/atm/runic_enchanter.js in 0.001 s
[18:59:28] [INFO] Loaded script server_scripts:mods/modular_machinery/recipes/mekanism/chemical_crystallizer.js in 0.001 s
[18:59:28] [INFO] Loaded script server_scripts:mods/modular_machinery/recipes/mekanism/chemical_dissolution_chamber.js in 0.0 s
[18:59:28] [INFO] Loaded script server_scripts:mods/modular_machinery/recipes/mekanism/chemical_infuser.js in 0.0 s
[18:59:28] [INFO] Loaded script server_scripts:mods/modular_machinery/recipes/mekanism/chemical_oxidizer.js in 0.0 s
[18:59:28] [INFO] Loaded script server_scripts:mods/modular_machinery/recipes/mekanism/chemical_washer.js in 0.0 s
[18:59:28] [INFO] Loaded script server_scripts:mods/modular_machinery/recipes/mekanism/controllers.js in 0.0 s
[18:59:28] [INFO] Loaded script server_scripts:mods/modular_machinery/recipes/mekanism/electrolytic_seperator.js in 0.0 s
[18:59:28] [INFO] Loaded script server_scripts:mods/modular_machinery/recipes/mekanism/isotopic_centrifuge.js in 0.0 s
[18:59:28] [INFO] Loaded script server_scripts:mods/modular_machinery/recipes/mekanism/pressurized_reaction_chamber.js in 0.0 s
[18:59:28] [INFO] Loaded script server_scripts:mods/modular_machinery/recipes/mekanism/solar_neutron_activator.js in 0.0 s
[18:59:28] [INFO] Loaded script server_scripts:mods/modularbees/recipes.js in 0.0 s
[18:59:28] [INFO] Loaded script server_scripts:mods/ModularForceFieldSystem/recipes.js in 0.0 s
[18:59:28] [INFO] Loaded script server_scripts:mods/MysticalAgriculture/AwakenedEssenceCrafting.js in 0.0 s
[18:59:28] [INFO] Loaded script server_scripts:mods/MysticalAgriculture/Compatibility.js in 0.001 s
[18:59:28] [INFO] server_scripts:mods/MysticalAgriculture/Crops.js#4: Loaded Java class 'com.blakebr0.mysticalagriculture.registry.CropRegistry'
[18:59:28] [INFO] server_scripts:mods/MysticalAgriculture/Crops.js#5: Loaded Java class 'java.util.Objects'
[18:59:28] [INFO] Loaded script server_scripts:mods/MysticalAgriculture/Crops.js in 0.001 s
[18:59:28] [INFO] Loaded script server_scripts:mods/MysticalAgriculture/FusionCrafting.js in 0.001 s
[18:59:28] [INFO] Loaded script server_scripts:mods/MysticalAgriculture/Recipes.js in 0.0 s
[18:59:28] [INFO] Loaded script server_scripts:mods/MysticalAgriculture/Tags.js in 0.0 s
[18:59:28] [INFO] Loaded script server_scripts:mods/Occultism/Recipes.js in 0.0 s
[18:59:28] [INFO] Loaded script server_scripts:mods/Oritech/recipes.js in 0.001 s
[18:59:28] [INFO] Loaded script server_scripts:mods/Oritech/tags.js in 0.0 s
[18:59:28] [INFO] Loaded script server_scripts:mods/Pams Harvestcraft/salt.js in 0.0 s
[18:59:28] [INFO] Loaded script server_scripts:mods/Pneumaticcraft/recipes.js in 0.0 s
[18:59:28] [INFO] Loaded script server_scripts:mods/Pneumaticcraft/tags.js in 0.0 s
[18:59:28] [INFO] Loaded script server_scripts:mods/Potionsmaster/potionsmaster_recipes.js in 0.0 s
[18:59:28] [INFO] Loaded script server_scripts:mods/Potionsmaster/tags.js in 0.001 s
[18:59:28] [INFO] Loaded script server_scripts:mods/Powah/Energizing.js in 0.0 s
[18:59:28] [INFO] Loaded script server_scripts:mods/Powah/tags.js in 0.001 s
[18:59:28] [INFO] Loaded script server_scripts:mods/Productive Bees/Recipes.js in 0.0 s
[18:59:28] [INFO] Loaded script server_scripts:mods/Productive Bees/Tags.js in 0.0 s
[18:59:28] [INFO] Loaded script server_scripts:mods/Quarryplus/Recipes.js in 0.001 s
[18:59:28] [INFO] Loaded script server_scripts:mods/Railcraft Reborn/tags.js in 0.0 s
[18:59:28] [INFO] Loaded script server_scripts:mods/Regions Unexplored/Recipes.js in 0.0 s
[18:59:28] [INFO] Loaded script server_scripts:mods/Reliquary/Recipes.js in 0.0 s
[18:59:28] [INFO] Loaded script server_scripts:mods/rftools/Recipes.js in 0.0 s
[18:59:28] [INFO] Loaded script server_scripts:mods/Silent Gear/Recipes.js in 0.0 s
[18:59:28] [INFO] Loaded script server_scripts:mods/Supplementaries/recipes.js in 0.001 s
[18:59:28] [INFO] Loaded script server_scripts:mods/SushiGoCrafting/tags.js in 0.0 s
[18:59:28] [INFO] Loaded script server_scripts:mods/The Bumblezone/Tags.js in 0.0 s
[18:59:28] [INFO] Loaded script server_scripts:mods/Theurgy/liquefaction.js in 0.001 s
[18:59:28] [INFO] Loaded script server_scripts:mods/Theurgy/tags.js in 0.0 s
[18:59:28] [INFO] Loaded script server_scripts:mods/Time In A Bottle/Recipes.js in 0.0 s
[18:59:28] [INFO] Loaded script server_scripts:mods/Utilitarian/Recipes.js in 0.0 s
[18:59:28] [INFO] Loaded script server_scripts:mods/Xycraft/Extractor.js in 0.0 s
[18:59:28] [INFO] Loaded script server_scripts:mods/Xycraft/Recipes.js in 0.0 s
[18:59:28] [INFO] Loaded script server_scripts:mods/Xycraft/tags.js in 0.0 s
[18:59:28] [INFO] Loaded script server_scripts:Tweaks/disable_biome_modifier.js in 0.0 s
[18:59:28] [INFO] Loaded script server_scripts:Tweaks/disable_loot_table.js in 0.001 s
[18:59:28] [INFO] Loaded script server_scripts:Tweaks/fix_death_bug.js in 0.0 s
[18:59:28] [INFO] Loaded script server_scripts:Tweaks/recipes.js in 0.0 s
[18:59:28] [INFO] server_scripts:Tweaks/recipes_fix.js#1: Loaded Java class 'com.google.common.base.Stopwatch'
[18:59:28] [INFO] Loaded script server_scripts:Tweaks/recipes_fix.js in 0.001 s
[18:59:28] [INFO] Loaded script server_scripts:Tweaks/registry_fix.js in 0.001 s
[18:59:28] [INFO] Loaded script server_scripts:Tweaks/tags.js in 0.0 s
[18:59:28] [INFO] Loaded script server_scripts:Unification/coke.js in 0.001 s
[18:59:28] [INFO] Loaded script server_scripts:Unification/crops.js in 0.0 s
[18:59:28] [INFO] Loaded script server_scripts:Unification/gears.js in 0.0 s
[18:59:28] [INFO] Loaded script server_scripts:Unification/ingots.js in 0.0 s
[18:59:28] [INFO] server_scripts:Unification/sawing.js#53: Loaded Java class 'java.util.stream.Collectors'
[18:59:28] [INFO] Loaded script server_scripts:Unification/sawing.js in 0.001 s
[18:59:28] [INFO] Loaded script server_scripts:Unification/tools.js in 0.001 s
[18:59:28] [INFO] Loaded 168/168 KubeJS server scripts in 0.179 s with 0 errors and 0 warnings
[18:59:28] [INFO] server_scripts:mods/Xycraft/tags.js#17: tag= c:ores/xychorium_light and item= xycraft_world:xychorium_ore_stone_light
[18:59:28] [INFO] server_scripts:mods/Xycraft/tags.js#17: tag= c:ores/xychorium_light and item= xycraft_world:xychorium_ore_deepslate_light
[18:59:28] [INFO] server_scripts:mods/Xycraft/tags.js#17: tag= c:ores/xychorium_light and item= xycraft_world:xychorium_ore_kivi_light
[18:59:28] [INFO] server_scripts:mods/Xycraft/tags.js#17: tag= c:ores/xychorium_dark and item= xycraft_world:xychorium_ore_stone_dark
[18:59:28] [INFO] server_scripts:mods/Xycraft/tags.js#17: tag= c:ores/xychorium_dark and item= xycraft_world:xychorium_ore_deepslate_dark
[18:59:28] [INFO] server_scripts:mods/Xycraft/tags.js#17: tag= c:ores/xychorium_dark and item= xycraft_world:xychorium_ore_kivi_dark
[18:59:28] [INFO] server_scripts:mods/Xycraft/tags.js#17: tag= c:ores/xychorium_red and item= xycraft_world:xychorium_ore_stone_red
[18:59:28] [INFO] server_scripts:mods/Xycraft/tags.js#17: tag= c:ores/xychorium_red and item= xycraft_world:xychorium_ore_deepslate_red
[18:59:28] [INFO] server_scripts:mods/Xycraft/tags.js#17: tag= c:ores/xychorium_red and item= xycraft_world:xychorium_ore_kivi_red
[18:59:28] [INFO] server_scripts:mods/Xycraft/tags.js#17: tag= c:ores/xychorium_green and item= xycraft_world:xychorium_ore_stone_green
[18:59:28] [INFO] server_scripts:mods/Xycraft/tags.js#17: tag= c:ores/xychorium_green and item= xycraft_world:xychorium_ore_deepslate_green
[18:59:28] [INFO] server_scripts:mods/Xycraft/tags.js#17: tag= c:ores/xychorium_green and item= xycraft_world:xychorium_ore_kivi_green
[18:59:28] [INFO] server_scripts:mods/Xycraft/tags.js#17: tag= c:ores/xychorium_blue and item= xycraft_world:xychorium_ore_stone_blue
[18:59:28] [INFO] server_scripts:mods/Xycraft/tags.js#17: tag= c:ores/xychorium_blue and item= xycraft_world:xychorium_ore_deepslate_blue
[18:59:28] [INFO] server_scripts:mods/Xycraft/tags.js#17: tag= c:ores/xychorium_blue and item= xycraft_world:xychorium_ore_kivi_blue
[18:59:32] [INFO] [minecraft:mob_effect] Found 17 tags, added 1 objects, removed 0 objects
[18:59:32] [INFO] [minecraft:worldgen/structure] Found 211 tags, added 1 objects, removed 0 objects
[18:59:32] [INFO] [minecraft:fluid] Found 278 tags, added 5 objects, removed 0 objects
[18:59:32] [INFO] [minecraft:entity_type] Found 381 tags, added 183 objects, removed 0 objects
[18:59:32] [INFO] [minecraft:enchantment] Found 68 tags, added 0 objects, removed 1 objects
[18:59:32] [INFO] [minecraft:worldgen/biome] Found 1089 tags, added 3 objects, removed 0 objects
[18:59:32] [INFO] [minecraft:block] Found 2930 tags, added 329 objects, removed 162 objects
[18:59:32] [INFO] tag= c:ores/xychorium_light and item= xycraft_world:xychorium_ore_stone_light
[18:59:32] [INFO] tag= c:ores/xychorium_light and item= xycraft_world:xychorium_ore_deepslate_light
[18:59:32] [INFO] tag= c:ores/xychorium_light and item= xycraft_world:xychorium_ore_kivi_light
[18:59:32] [INFO] tag= c:ores/xychorium_dark and item= xycraft_world:xychorium_ore_stone_dark
[18:59:32] [INFO] tag= c:ores/xychorium_dark and item= xycraft_world:xychorium_ore_deepslate_dark
[18:59:32] [INFO] tag= c:ores/xychorium_dark and item= xycraft_world:xychorium_ore_kivi_dark
[18:59:32] [INFO] tag= c:ores/xychorium_red and item= xycraft_world:xychorium_ore_stone_red
[18:59:32] [INFO] tag= c:ores/xychorium_red and item= xycraft_world:xychorium_ore_deepslate_red
[18:59:32] [INFO] tag= c:ores/xychorium_red and item= xycraft_world:xychorium_ore_kivi_red
[18:59:32] [INFO] tag= c:ores/xychorium_green and item= xycraft_world:xychorium_ore_stone_green
[18:59:32] [INFO] tag= c:ores/xychorium_green and item= xycraft_world:xychorium_ore_deepslate_green
[18:59:32] [INFO] tag= c:ores/xychorium_green and item= xycraft_world:xychorium_ore_kivi_green
[18:59:32] [INFO] tag= c:ores/xychorium_blue and item= xycraft_world:xychorium_ore_stone_blue
[18:59:32] [INFO] tag= c:ores/xychorium_blue and item= xycraft_world:xychorium_ore_deepslate_blue
[18:59:32] [INFO] tag= c:ores/xychorium_blue and item= xycraft_world:xychorium_ore_kivi_blue
[18:59:32] [INFO] [minecraft:item] Found 5829 tags, added 1128 objects, removed 108 objects
[18:59:36] [INFO] server_scripts:Tweaks/recipes_fix.js#188: Fixing recipes took 219 ms...
[18:59:37] [INFO] Processing recipes...
[18:59:37] [INFO] Initializing recipe event...
[18:59:37] [INFO] Skipping recipe farmingforblockheads:market/betterendforge/lacugrove_sapling, conditions not met
[18:59:37] [INFO] Skipping recipe ae2:matter_cannon/nuggets/yttrium, conditions not met
[18:59:37] [INFO] Skipping recipe theurgy:reformation/alchemical_sulfur_ashen_from_alchemical_sulfurs_logs_abundant, conditions not met
[18:59:37] [INFO] Skipping recipe mysticalagriculture:seed/reprocessor/rock_crystal, conditions not met
[18:59:37] [INFO] Skipping recipe productivemetalworks:melting/raw_materials/refined_obsidian, conditions not met
[18:59:37] [INFO] Skipping recipe productivebees:bee_produce/gems/moonstone_bee, conditions not met
[18:59:37] [INFO] Skipping recipe create:crushing/compat/elementaryores/ore_lapis_end, conditions not met
[18:59:37] [INFO] Skipping recipe bibliobiomes:color/lime/wood/biomesoplenty_palm/small_seat_back, conditions not met
[18:59:37] [INFO] Skipping recipe bibliobiomes:color/blue/wood/biomesoplenty_empyreal/tall_seat_back, conditions not met
[18:59:37] [INFO] Skipping recipe bibliobiomes:color/light_blue/wood/biomesoplenty_hellbark/flat_seat_back, conditions not met
[18:59:37] [INFO] Skipping recipe bibliowoods:color/magenta/wood/deep_aether_yagroot/seat, conditions not met
[18:59:37] [INFO] Skipping recipe bibliowoods:color/light_blue/wood/vampirism_cursed_spruce/small_seat_back, conditions not met
[18:59:37] [INFO] Skipping recipe create:milling/compat/biomesoplenty/tall_white_lavender, conditions not met
[18:59:37] [INFO] Skipping recipe ae2:matter_cannon/nuggets/indium, conditions not met
[18:59:37] [INFO] Skipping recipe bibliowoods:color/blue/wood/vampirism_cursed_spruce/display_case, conditions not met
[18:59:37] [INFO] Skipping recipe theurgy:incubation/logs_lunar_from_alchemical_sulfur_lunar, conditions not met
[18:59:37] [INFO] Skipping recipe supplementaries:way_sign_oak/undergarden/wigglewood, conditions not met
[18:59:37] [INFO] Skipping recipe farmingforblockheads:market/thermal/amaranth_seeds, conditions not met
[18:59:37] [INFO] Skipping recipe bibliobiomes:color/blue/wood/biomesoplenty_willow/fancy_seat_back, conditions not met
[18:59:37] [INFO] Skipping recipe create:smelting/ingot_silver_compat_ic2, conditions not met
[18:59:37] [INFO] Skipping recipe pylons:harvesting/vinery/white_grape_bush, conditions not met
[18:59:37] [INFO] Skipping recipe productivebees:hives/advanced_upgrade_aquatic_driftwood_beehive_clear, conditions not met
[18:59:37] [INFO] Skipping recipe bibliobiomes:color/white/wood/biomesoplenty_willow/flat_seat_back, conditions not met
[18:59:37] [INFO] Skipping recipe supplementaries:way_sign_oak/productivetrees/douglas_fir, conditions not met
[18:59:37] [INFO] Skipping recipe bibliobiomes:color/blue/wood/biomesoplenty_fir/raised_seat_back, conditions not met
[18:59:37] [INFO] Skipping recipe productivebees:bee_produce/gtceu/tungstate_bee, conditions not met
[18:59:37] [INFO] Skipping recipe bibliowoods:color/white/wood/cobblemon_apricorn/raised_seat_back, conditions not met
[18:59:37] [INFO] Skipping recipe occultism:crushing/cobalt_dust_from_raw_block, conditions not met
[18:59:37] [INFO] Skipping recipe bibliobiomes:color/pink/wood/biomesoplenty_mahogany/fancy_seat_back, conditions not met
[18:59:37] [INFO] Skipping recipe bibliobiomes:color/yellow/wood/biomesoplenty_willow/tall_seat_back, conditions not met
[18:59:37] [INFO] Skipping recipe mysticalagriculture:seed/crafting/rubber, conditions not met
[18:59:37] [INFO] Skipping recipe productivemetalworks:melting/plates/refined_obsidian, conditions not met
[18:59:37] [INFO] Skipping recipe productivebees:block_conversion/botania/soul_sand_to_sand, conditions not met
[18:59:37] [INFO] Skipping recipe bibliobiomes:color/orange/wood/biomesoplenty_redwood/tall_seat_back, conditions not met
[18:59:37] [INFO] Skipping recipe mysticalagriculture:essence/botania/white_mystical_flower, conditions not met
[18:59:37] [INFO] Skipping recipe bibliowoods:color/lime/wood/mynethersdelight_powdery/seat, conditions not met
[18:59:37] [INFO] Skipping recipe bibliowoods:color/white/wood/deep_aether_roseroot/seat, conditions not met
[18:59:37] [INFO] Skipping recipe bibliowoods:color/orange/wood/vampirism_dark_spruce/seat, conditions not met
[18:59:37] [INFO] Skipping recipe supplementaries:way_sign_oak/regions_unexplored/joshua, conditions not met
[18:59:37] [INFO] Skipping recipe bibliowoods:color/black/wood/vampirism_cursed_spruce/small_seat_back, conditions not met
[18:59:37] [INFO] Skipping recipe productivemetalworks:casting/gears/ftbmaterials/iron, conditions not met
[18:59:37] [INFO] Skipping recipe bibliowoods:color/blue/wood/werewolves_magic/small_seat_back, conditions not met
[18:59:37] [INFO] Skipping recipe theurgy:reformation/alchemical_sulfur_willow_from_alchemical_niter_logs_abundant, conditions not met
[18:59:37] [INFO] Skipping recipe productivebees:tconstruct/pig_iron_bee, conditions not met
[18:59:37] [INFO] Skipping recipe productivemetalworks:casting/nuggets/ftbmaterials/osmium, conditions not met
[18:59:37] [INFO] Skipping recipe bibliowoods:color/purple/wood/werewolves_jacaranda/fancy_seat_back, conditions not met
[18:59:37] [INFO] Skipping recipe bibliobiomes:color/magenta/wood/biomesoplenty_hellbark/display_case, conditions not met
[18:59:37] [INFO] Skipping recipe morered:red_alloy_ingot_from_jumbo_smelting, conditions not met
[18:59:37] [INFO] Skipping recipe allthearcanistgear:base_boots_to_allthemodium_boots_smithing, conditions not met
[18:59:37] [INFO] Skipping recipe ae2:matter_cannon/nuggets/bromine, conditions not met
[18:59:37] [INFO] Skipping recipe allthemodium:melting/salvage/vibranium/vibranium_from_chestplate, conditions not met
[18:59:37] [INFO] Skipping recipe bibliobiomes:color/yellow/wood/biomesoplenty_hellbark/seat, conditions not met
[18:59:37] [INFO] Skipping recipe bibliobiomes:color/pink/wood/biomesoplenty_palm/fancy_seat_back, conditions not met
[18:59:37] [INFO] Skipping recipe create_aquatic_ambitions:channeling/upgrade_aquatic/moss_coral_fan, conditions not met
[18:59:37] [INFO] Skipping recipe bibliobiomes:color/lime/wood/biomesoplenty_mahogany/seat, conditions not met
[18:59:37] [INFO] Skipping recipe bibliobiomes:wood/biomesoplenty_fir/fancy_sign, conditions not met
[18:59:37] [INFO] Skipping recipe bibliobiomes:color/purple/wood/biomesoplenty_umbran/tall_seat_back, conditions not met
[18:59:37] [INFO] Skipping recipe bibliowoods:color/light_gray/wood/gtceu_treated_wood/seat, conditions not met
[18:59:37] [INFO] Skipping recipe create:splashing/ic2/crushed_raw_uranium, conditions not met
[18:59:37] [INFO] Skipping recipe productivemetalworks:casting/nuggets/ftbmaterials/copper, conditions not met
[18:59:37] [INFO] Skipping recipe bibliowoods:color/light_blue/wood/gtceu_treated_wood/display_case, conditions not met
[18:59:37] [INFO] Skipping recipe productivemetalworks:casting/nuggets/ftbmaterials/brass, conditions not met
[18:59:37] [INFO] Skipping recipe bibliowoods:color/red/wood/gtceu_treated_wood/small_seat_back, conditions not met
[18:59:37] [INFO] Skipping recipe mysticalagriculture:essence/redstone_arsenal/flux_ingot, conditions not met
[18:59:37] [INFO] Skipping recipe bibliobiomes:color/magenta/wood/biomesoplenty_mahogany/display_case, conditions not met
[18:59:37] [INFO] Skipping recipe mysticalagradditions:tconstruct/casting/prudentium/ingot_gold_cast, conditions not met
[18:59:37] [INFO] Skipping recipe bibliowoods:color/brown/wood/deep_aether_roseroot/display_case, conditions not met
[18:59:37] [INFO] Skipping recipe pneumaticcraft:pneumaticcraft_fuels/hydrogen, conditions not met
[18:59:37] [INFO] Skipping recipe productivebees:bee_conversion/l2hostility/chaotic_bee, conditions not met
[18:59:37] [INFO] Skipping recipe productivemetalworks:casting/storage_blocks/ftbmaterials/nickel, conditions not met
[18:59:37] [INFO] Skipping recipe create:milling/compat/atmospheric/hot_monkey_brush, conditions not met
[18:59:37] [INFO] Skipping recipe bibliowoods:color/red/wood/deep_aether_cruderoot/display_case, conditions not met
[18:59:37] [INFO] Skipping recipe bibliobiomes:wood/biomesoplenty_empyreal/tool_rack, conditions not met
[18:59:37] [INFO] Skipping recipe bibliowoods:color/lime/wood/vampirism_dark_spruce/tall_seat_back, conditions not met
[18:59:37] [INFO] Skipping recipe bibliobiomes:color/yellow/wood/biomesoplenty_palm/fancy_seat_back, conditions not met
[18:59:37] [INFO] Skipping recipe bibliowoods:color/white/wood/gtceu_treated_wood/fancy_seat_back, conditions not met
[18:59:37] [INFO] Skipping recipe productivebees:thermal/machine/smelter/soul_infused_bee, conditions not met
[18:59:37] [INFO] Skipping recipe bibliowoods:color/purple/wood/deep_aether_conberry/tall_seat_back, conditions not met
[18:59:37] [INFO] Skipping recipe theurgy:reformation/alchemical_sulfur_palm_from_alchemical_sulfurs_logs_abundant, conditions not met
[18:59:37] [INFO] Skipping recipe bibliobiomes:wood/biomesoplenty_empyreal/shelf, conditions not met
[18:59:37] [INFO] Skipping recipe productivemetalworks:casting/ingots/ftbmaterials/tin, conditions not met
[18:59:37] [INFO] Skipping recipe mysticalagradditions:gaia_spirit_crux, conditions not met
[18:59:37] [INFO] Skipping recipe bibliobiomes:color/red/wood/biomesoplenty_dead/raised_seat_back, conditions not met
[18:59:37] [INFO] Skipping recipe megacells:cells/portable/portable_experience_cell_256m, conditions not met
[18:59:37] [INFO] Skipping recipe bibliowoods:color/light_blue/wood/butchercraft_barn_wood/seat, conditions not met
[18:59:37] [INFO] Skipping recipe mekanism:compat/biomeswevegone/dye/large_lime, conditions not met
[18:59:37] [INFO] Skipping recipe productivemetalworks:melting/gears/refined_glowstone, conditions not met
[18:59:37] [INFO] Skipping recipe productivemetalworks:melting/raw_materials/constantan, conditions not met
[18:59:37] [INFO] Skipping recipe bibliobiomes:color/black/wood/biomesoplenty_empyreal/raised_seat_back, conditions not met
[18:59:37] [INFO] Skipping recipe mysticalagriculture:seed/crafting/elementium, conditions not met
[18:59:37] [INFO] Skipping recipe bibliobiomes:color/yellow/wood/biomesoplenty_willow/display_case, conditions not met
[18:59:37] [INFO] Skipping recipe bibliobiomes:color/brown/wood/biomesoplenty_dead/flat_seat_back, conditions not met
[18:59:37] [INFO] Skipping recipe productivebees:thermal/shaped/blaze_bee_to_blizz_bee, conditions not met
[18:59:37] [INFO] Skipping recipe bibliobiomes:color/light_blue/wood/biomesoplenty_empyreal/raised_seat_back, conditions not met
[18:59:37] [INFO] Skipping recipe bibliobiomes:color/orange/wood/biomesoplenty_palm/flat_seat_back, conditions not met
[18:59:37] [INFO] Skipping recipe productivebees:bee_produce/chemlib/oxygen_bee, conditions not met
[18:59:37] [INFO] Skipping recipe productivebees:bee_produce/gems/green_sapphire_bee, conditions not met
[18:59:37] [INFO] Skipping recipe bibliobiomes:color/lime/wood/biomesoplenty_willow/display_case, conditions not met
[18:59:37] [INFO] Skipping recipe bibliobiomes:color/green/wood/biomesoplenty_jacaranda/seat, conditions not met
[18:59:37] [INFO] Skipping recipe productivebees:bee_produce/chemlib/radium_bee, conditions not met
[18:59:37] [INFO] Skipping recipe bibliobiomes:color/purple/wood/biomesoplenty_jacaranda/tall_seat_back, conditions not met
[18:59:37] [INFO] Skipping recipe bibliobiomes:color/brown/wood/biomesoplenty_maple/display_case, conditions not met
[18:59:37] [INFO] Skipping recipe farmingforblockheads:market/biomeswevegone/torch_ginger, conditions not met
[18:59:37] [INFO] Skipping recipe bibliobiomes:color/purple/wood/biomesoplenty_mahogany/display_case, conditions not met
[18:59:37] [INFO] Skipping recipe create:crushing/compat/silentgems/moldavite_nether_ore, conditions not met
[18:59:37] [INFO] Skipping recipe bibliowoods:color/lime/wood/mynethersdelight_powdery/fancy_seat_back, conditions not met
[18:59:37] [INFO] Skipping recipe farmingforblockheads:market/tropicraft/crocosmia, conditions not met
[18:59:37] [INFO] Skipping recipe mysticalagriculture:seed/crafting/flux_infused_ingot, conditions not met
[18:59:37] [INFO] Skipping recipe bibliowoods:color/green/wood/expandeddelight_cinnamon/flat_seat_back, conditions not met
[18:59:37] [INFO] Skipping recipe merrymaking:exposed_pine_mantel, conditions not met
[18:59:37] [INFO] Skipping recipe bibliobiomes:color/cyan/wood/biomesoplenty_willow/tall_seat_back, conditions not met
[18:59:37] [INFO] Skipping recipe bibliobiomes:color/magenta/wood/biomesoplenty_umbran/tall_seat_back, conditions not met
[18:59:37] [INFO] Skipping recipe allthemodium:melting/salvage/vibranium/vibranium_from_shovel, conditions not met
[18:59:37] [INFO] Skipping recipe bibliobiomes:color/cyan/wood/biomesoplenty_mahogany/small_seat_back, conditions not met
[18:59:37] [INFO] Skipping recipe bibliowoods:color/red/wood/gtceu_rubber/fancy_seat_back, conditions not met
[18:59:37] [INFO] Skipping recipe productivebees:centrifuge/ad_astra/honeycomb_calorite, conditions not met
[18:59:37] [INFO] Skipping recipe bibliobiomes:color/magenta/wood/biomesoplenty_fir/fancy_seat_back, conditions not met
[18:59:37] [INFO] Skipping recipe bibliowoods:color/gray/wood/deep_aether_sunroot/small_seat_back, conditions not met
[18:59:37] [INFO] Skipping recipe bibliobiomes:color/red/wood/biomesoplenty_magic/fancy_seat_back, conditions not met
[18:59:37] [INFO] Skipping recipe supplementaries:way_sign_oak/biomeswevegone/palm, conditions not met
[18:59:37] [INFO] Skipping recipe bibliowoods:color/yellow/wood/gtceu_rubber/seat, conditions not met
[18:59:37] [INFO] Skipping recipe ae2:matter_cannon/nuggets/technetium, conditions not met
[18:59:37] [INFO] Skipping recipe farmingforblockheads:market/biomesoplenty/umbran_sapling, conditions not met
[18:59:37] [INFO] Skipping recipe theurgy:reformation/alchemical_sulfur_logs_fig_from_alchemical_niter_logs_abundant, conditions not met
[18:59:37] [INFO] Skipping recipe ae2:matter_cannon/nuggets/phosphorus, conditions not met
[18:59:37] [INFO] Skipping recipe bibliowoods:color/gray/wood/cobblemon_apricorn/flat_seat_back, conditions not met
[18:59:37] [INFO] Skipping recipe productivebees:block_conversion/tetra/deepslate_to_geode, conditions not met
[18:59:37] [INFO] Skipping recipe bibliowoods:color/light_blue/wood/vampirism_dark_spruce/small_seat_back, conditions not met
[18:59:37] [INFO] Skipping recipe farmingforblockheads:market/biomeswevegone/fungal_imparius, conditions not met
[18:59:37] [INFO] Skipping recipe theurgy:reformation/alchemical_sulfur_rowan_from_alchemical_niter_logs_abundant, conditions not met
[18:59:37] [INFO] Skipping recipe bibliowoods:color/magenta/wood/extradelight_fruit/flat_seat_back, conditions not met
[18:59:37] [INFO] Skipping recipe bibliobiomes:color/magenta/wood/biomesoplenty_pine/seat, conditions not met
[18:59:37] [INFO] Skipping recipe farmingforblockheads:market/betternether/black_apple_seed, conditions not met
[18:59:37] [INFO] Skipping recipe bibliowoods:color/brown/wood/butchercraft_barn_wood/small_seat_back, conditions not met
[18:59:37] [INFO] Skipping recipe supplementaries:way_sign_oak/productivetrees/iroko, conditions not met
[18:59:37] [INFO] Skipping recipe bibliobiomes:color/black/wood/biomesoplenty_palm/tall_seat_back, conditions not met
[18:59:37] [INFO] Skipping recipe productivebees:centrifuge/thermalendergy/honeycomb_prismalium, conditions not met
[18:59:37] [INFO] Skipping recipe bibliowoods:color/blue/wood/werewolves_jacaranda/display_case, conditions not met
[18:59:37] [INFO] Skipping recipe mekanism:compat/biomesoplenty/sawing/log/pine, conditions not met
[18:59:37] [INFO] Skipping recipe bibliowoods:color/brown/wood/gtceu_treated_wood/small_seat_back, conditions not met
[18:59:37] [INFO] Skipping recipe bibliowoods:color/magenta/wood/deep_aether_conberry/tall_seat_back, conditions not met
[18:59:37] [INFO] Skipping recipe create:cutting/compat/netherexp/cerebrage_claret_hyphae, conditions not met
[18:59:37] [INFO] Skipping recipe bibliobiomes:color/brown/wood/biomesoplenty_mahogany/small_seat_back, conditions not met
[18:59:37] [INFO] Skipping recipe bibliobiomes:color/purple/wood/biomesoplenty_dead/seat, conditions not met
[18:59:37] [INFO] Skipping recipe bibliobiomes:color/lime/wood/biomesoplenty_magic/raised_seat_back, conditions not met
[18:59:37] [INFO] Skipping recipe bibliowoods:color/blue/wood/cobblemon_apricorn/display_case, conditions not met
[18:59:37] [INFO] Skipping recipe bibliobiomes:color/red/wood/biomesoplenty_maple/flat_seat_back, conditions not met
[18:59:37] [INFO] Skipping recipe bibliowoods:color/yellow/wood/extradelight_cinnamon/seat, conditions not met
[18:59:37] [INFO] Skipping recipe bibliobiomes:color/brown/wood/biomesoplenty_fir/seat, conditions not met
[18:59:37] [INFO] Skipping recipe bibliowoods:color/purple/wood/butchercraft_barn_wood/fancy_seat_back, conditions not met
[18:59:37] [INFO] Skipping recipe bibliowoods:color/white/wood/deep_aether_roseroot/display_case, conditions not met
[18:59:37] [INFO] Skipping recipe productivebees:bee_produce/chemlib/fermium_bee, conditions not met
[18:59:37] [INFO] Skipping recipe productivebees:bee_produce/gems/onyx_bee, conditions not met
[18:59:37] [INFO] Skipping recipe theurgy:liquefaction/alchemical_sulfur_sortingwood_from_logs_sortingwood, conditions not met
[18:59:37] [INFO] Skipping recipe bibliobiomes:color/orange/wood/biomesoplenty_pine/small_seat_back, conditions not met
[18:59:37] [INFO] Skipping recipe create:pressing/compat/betterendforge/pink_moss_path, conditions not met
[18:59:37] [INFO] Skipping recipe bibliobiomes:color/red/wood/biomesoplenty_umbran/display_case, conditions not met
[18:59:37] [INFO] Skipping recipe bibliowoods:color/black/wood/deep_aether_cruderoot/seat, conditions not met
[18:59:37] [INFO] Skipping recipe mekmm:compat/evolvedmekanism/factory/dense/rolling_mill, conditions not met
[18:59:37] [INFO] Skipping recipe bibliowoods:color/white/wood/mynethersdelight_powdery/flat_seat_back, conditions not met
[18:59:37] [INFO] Skipping recipe bibliobiomes:color/blue/wood/biomesoplenty_pine/small_seat_back, conditions not met
[18:59:37] [INFO] Skipping recipe create:milling/compat/environmental/red_hibiscus, conditions not met
[18:59:37] [INFO] Skipping recipe bibliowoods:color/light_blue/wood/deep_aether_conberry/seat, conditions not met
[18:59:37] [INFO] Skipping recipe bibliowoods:color/purple/wood/extradelight_cinnamon/fancy_seat_back, conditions not met
[18:59:37] [INFO] Skipping recipe bibliobiomes:color/light_gray/wood/biomesoplenty_dead/flat_seat_back, conditions not met
[18:59:37] [INFO] Skipping recipe bibliowoods:color/purple/wood/gtceu_treated_wood/tall_seat_back, conditions not met
[18:59:37] [INFO] Skipping recipe theurgy:incubation/logs_crystallized_from_alchemical_sulfur_crystallized, conditions not met
[18:59:37] [INFO] Skipping recipe bibliowoods:wood/gtceu_treated_wood/tool_rack, conditions not met
[18:59:37] [INFO] Skipping recipe allthemodium:melting/salvage/vibranium/vibranium_from_axe, conditions not met
[18:59:37] [INFO] Skipping recipe bibliowoods:color/pink/wood/deep_aether_conberry/display_case, conditions not met
[18:59:37] [INFO] Skipping recipe bibliowoods:wood/extradelight_cinnamon/table, conditions not met
[18:59:37] [INFO] Skipping recipe theurgy:incubation/logs_glimmering_dreamwood_from_alchemical_sulfur_glimmering_dreamwood, conditions not met
[18:59:37] [INFO] Skipping recipe bibliobiomes:color/pink/wood/biomesoplenty_jacaranda/tall_seat_back, conditions not met
[18:59:37] [INFO] Skipping recipe bibliobiomes:color/magenta/wood/biomesoplenty_redwood/seat, conditions not met
[18:59:37] [INFO] Skipping recipe mysticalagriculture:seed/infusion/basalt, conditions not met
[18:59:37] [INFO] Skipping recipe bibliowoods:color/red/wood/vampirism_dark_spruce/display_case, conditions not met
[18:59:37] [INFO] Skipping recipe mysticalagriculture:seed/infusion/basalz, conditions not met
[18:59:37] [INFO] Skipping recipe bibliobiomes:color/brown/wood/biomesoplenty_hellbark/seat, conditions not met
[18:59:37] [INFO] Skipping recipe bibliobiomes:color/black/wood/biomesoplenty_jacaranda/raised_seat_back, conditions not met
[18:59:37] [INFO] Skipping recipe bibliobiomes:color/orange/wood/biomesoplenty_fir/raised_seat_back, conditions not met
[18:59:37] [INFO] Skipping recipe bibliobiomes:color/white/wood/biomesoplenty_willow/display_case, conditions not met
[18:59:37] [INFO] Skipping recipe create:blasting/nickel_ingot_compat_thermal, conditions not met
[18:59:37] [INFO] Skipping recipe bibliobiomes:color/yellow/wood/biomesoplenty_pine/tall_seat_back, conditions not met
[18:59:37] [INFO] Skipping recipe bibliowoods:color/green/wood/mynethersdelight_powdery/fancy_seat_back, conditions not met
[18:59:37] [INFO] Skipping recipe expandedae:ae2wtlib/combine_tt, conditions not met
[18:59:37] [INFO] Skipping recipe supplementaries:cannonball, conditions not met
[18:59:37] [INFO] Skipping recipe bibliowoods:color/yellow/wood/vampirism_dark_spruce/fancy_seat_back, conditions not met
[18:59:37] [INFO] Skipping recipe oritech:compat/energizedpower/assemblingmachine/battery, conditions not met
[18:59:37] [INFO] Skipping recipe bibliowoods:color/black/wood/cobblemon_apricorn/raised_seat_back, conditions not met
[18:59:37] [INFO] Skipping recipe create_enchantment_industry:grinding/create_sa/heap_of_experience, conditions not met
[18:59:37] [INFO] Skipping recipe bibliobiomes:color/orange/wood/biomesoplenty_willow/tall_seat_back, conditions not met
[18:59:37] [INFO] Skipping recipe bibliowoods:color/green/wood/deep_aether_conberry/display_case, conditions not met
[18:59:37] [INFO] Skipping recipe bibliowoods:color/red/wood/expandeddelight_cinnamon/raised_seat_back, conditions not met
[18:59:37] [INFO] Skipping recipe productivebees:hives/advanced_biomesoplenty_palm_beehive_clear, conditions not met
[18:59:37] [INFO] Skipping recipe bibliobiomes:color/orange/wood/biomesoplenty_palm/display_case, conditions not met
[18:59:37] [INFO] Skipping recipe create:milling/compat/biomesoplenty/endbloom, conditions not met
[18:59:37] [INFO] Skipping recipe bibliowoods:color/blue/wood/deep_aether_cruderoot/tall_seat_back, conditions not met
[18:59:37] [INFO] Skipping recipe bibliobiomes:color/green/wood/biomesoplenty_redwood/raised_seat_back, conditions not met
[18:59:37] [INFO] Skipping recipe bibliobiomes:color/cyan/wood/biomesoplenty_dead/small_seat_back, conditions not met
[18:59:37] [INFO] Skipping recipe productivemetalworks:melting/raw_materials/azure_electrum, conditions not met
[18:59:37] [INFO] Skipping recipe bibliobiomes:color/brown/wood/biomesoplenty_empyreal/tall_seat_back, conditions not met
[18:59:37] [INFO] Skipping recipe bibliobiomes:color/blue/wood/biomesoplenty_pine/display_case, conditions not met
[18:59:37] [INFO] Skipping recipe bibliobiomes:color/light_gray/wood/biomesoplenty_pine/seat, conditions not met
[18:59:37] [INFO] Skipping recipe bibliowoods:color/purple/wood/deep_aether_yagroot/seat, conditions not met
[18:59:37] [INFO] Skipping recipe farmingforblockheads:market/croptopia/lettuce_seed, conditions not met
[18:59:37] [INFO] Skipping recipe bibliowoods:color/yellow/wood/werewolves_magic/tall_seat_back, conditions not met
[18:59:37] [INFO] Skipping recipe bibliobiomes:wood/biomesoplenty_umbran/label, conditions not met
[18:59:37] [INFO] Skipping recipe bibliobiomes:color/lime/wood/biomesoplenty_hellbark/display_case, conditions not met
[18:59:37] [INFO] Skipping recipe farmingforblockheads:market/tropicraft/magic_mushroom, conditions not met
[18:59:37] [INFO] Skipping recipe bibliobiomes:color/lime/wood/biomesoplenty_mahogany/display_case, conditions not met
[18:59:37] [INFO] Skipping recipe theurgy:liquefaction/alchemical_sulfur_comet_from_logs_comet, conditions not met
[18:59:37] [INFO] Skipping recipe mysticalagradditions:tconstruct/casting/inferium/ingot_sand_cast, conditions not met
[18:59:37] [INFO] Skipping recipe mysticalagradditions:tconstruct/melting/supremium/block, conditions not met
[18:59:37] [INFO] Skipping recipe bibliobiomes:color/gray/wood/biomesoplenty_dead/tall_seat_back, conditions not met
[18:59:37] [INFO] Skipping recipe bibliowoods:color/pink/wood/gtceu_rubber/small_seat_back, conditions not met
[18:59:37] [INFO] Skipping recipe productivebees:bee_produce/chemlib/livermorium_bee, conditions not met
[18:59:37] [INFO] Skipping recipe bibliowoods:color/purple/wood/expandeddelight_cinnamon/tall_seat_back, conditions not met
[18:59:37] [INFO] Skipping recipe bibliowoods:color/cyan/wood/deep_aether_roseroot/display_case, conditions not met
[18:59:37] [INFO] Skipping recipe create:splashing/endergetic/petrified_nether_corrock, conditions not met
[18:59:37] [INFO] Skipping recipe productivebees:bee_produce/chemlib/polonium_bee, conditions not met
[18:59:37] [INFO] Skipping recipe productivebees:botanicadds/gaiasteel_bee, conditions not met
[18:59:37] [INFO] Skipping recipe bibliobiomes:color/orange/wood/biomesoplenty_empyreal/tall_seat_back, conditions not met
[18:59:37] [INFO] Skipping recipe bibliowoods:color/lime/wood/deep_aether_roseroot/display_case, conditions not met
[18:59:37] [INFO] Skipping recipe bibliowoods:color/yellow/wood/deep_aether_yagroot/seat, conditions not met
[18:59:37] [INFO] Skipping recipe bibliowoods:color/orange/wood/expandeddelight_cinnamon/small_seat_back, conditions not met
[18:59:37] [INFO] Skipping recipe bibliowoods:color/green/wood/werewolves_magic/raised_seat_back, conditions not met
[18:59:37] [INFO] Skipping recipe mysticalagriculture:seed/reprocessor/signalum, conditions not met
[18:59:37] [INFO] Skipping recipe farmingforblockheads:market/croptopia/dragonfruit_sapling, conditions not met
[18:59:37] [INFO] Skipping recipe bibliobiomes:color/light_blue/wood/biomesoplenty_maple/tall_seat_back, conditions not met
[18:59:37] [INFO] Skipping recipe productivebees:bee_produce/chemlib/iodine_bee, conditions not met
[18:59:37] [INFO] Skipping recipe productivebees:centrifuge/dusts/honeycomb_titanium, conditions not met
[18:59:37] [INFO] Skipping recipe bibliowoods:color/purple/wood/deep_aether_sunroot/seat, conditions not met
[18:59:37] [INFO] Skipping recipe mysticalagriculture:seed/crafting/soularium, conditions not met
[18:59:37] [INFO] Skipping recipe bibliowoods:wood/butchercraft_barn_wood/fancy_crafter, conditions not met
[18:59:37] [INFO] Skipping recipe bibliobiomes:color/green/wood/biomesoplenty_magic/tall_seat_back, conditions not met
[18:59:37] [INFO] Skipping recipe bibliowoods:color/brown/wood/vampirism_dark_spruce/display_case, conditions not met
[18:59:37] [INFO] Skipping recipe supplementaries:way_sign_oak/productivetrees/ginkgo, conditions not met
[18:59:37] [INFO] Skipping recipe bibliobiomes:color/light_blue/wood/biomesoplenty_magic/fancy_seat_back, conditions not met
[18:59:37] [INFO] Skipping recipe bibliowoods:color/cyan/wood/deep_aether_conberry/fancy_seat_back, conditions not met
[18:59:37] [INFO] Skipping recipe mekmm:compat/evolvedmekanism/factory/creative/oxidizing, conditions not met
[18:59:37] [INFO] Skipping recipe bibliobiomes:color/pink/wood/biomesoplenty_willow/tall_seat_back, conditions not met
[18:59:37] [INFO] Skipping recipe mysticalagradditions:tconstruct/melting/prudentium/nugget, conditions not met
[18:59:37] [INFO] Skipping recipe bibliobiomes:color/white/wood/biomesoplenty_jacaranda/seat, conditions not met
[18:59:37] [INFO] Skipping recipe create:milling/compat/buzzier_bees/pink_clover, conditions not met
[18:59:37] [INFO] Skipping recipe productivebees:centrifuge/tconstruct/honeycomb_hepatizon, conditions not met
[18:59:37] [INFO] Skipping recipe bibliowoods:color/light_gray/wood/cobblemon_apricorn/tall_seat_back, conditions not met
[18:59:37] [INFO] Skipping recipe create:milling/compat/environmental/red_lotus_flower, conditions not met
[18:59:37] [INFO] Skipping recipe productivebees:alchemistry/dissolver/potassium_bee, conditions not met
[18:59:37] [INFO] Skipping recipe bibliowoods:color/purple/wood/mynethersdelight_powdery/raised_seat_back, conditions not met
[18:59:37] [INFO] Skipping recipe bibliobiomes:color/green/wood/biomesoplenty_redwood/tall_seat_back, conditions not met
[18:59:37] [INFO] Skipping recipe jeed:inebriation, conditions not met
[18:59:37] [INFO] Skipping recipe farmingforblockheads:market/croptopia/blackberry_seed, conditions not met
[18:59:37] [INFO] Skipping recipe bibliobiomes:color/orange/wood/biomesoplenty_dead/tall_seat_back, conditions not met
[18:59:37] [INFO] Skipping recipe bibliowoods:color/white/wood/deep_aether_cruderoot/seat, conditions not met
[18:59:37] [INFO] Skipping recipe productivebees:centrifuge/materials/honeycomb_sticky_resin_ic2, conditions not met
[18:59:37] [INFO] Skipping recipe bibliowoods:color/lime/wood/deep_aether_sunroot/flat_seat_back, conditions not met
[18:59:37] [INFO] Skipping recipe bibliowoods:color/cyan/wood/gtceu_rubber/small_seat_back, conditions not met
[18:59:37] [INFO] Skipping recipe mysticalagriculture:seed/crafting/grains_of_infinity, conditions not met
[18:59:37] [INFO] Skipping recipe bibliobiomes:wood/biomesoplenty_willow/fancy_crafter, conditions not met
[18:59:37] [INFO] Skipping recipe bibliobiomes:color/yellow/wood/biomesoplenty_pine/small_seat_back, conditions not met
[18:59:37] [INFO] Skipping recipe bibliowoods:color/light_blue/wood/gtceu_treated_wood/flat_seat_back, conditions not met
[18:59:37] [INFO] Skipping recipe theurgy:reformation/alchemical_sulfur_ostrum_from_alchemical_sulfurs_metals_rare, conditions not met
[18:59:37] [INFO] Skipping recipe bibliowoods:color/cyan/wood/expandeddelight_cinnamon/seat, conditions not met
[18:59:37] [INFO] Skipping recipe bibliobiomes:color/white/wood/biomesoplenty_hellbark/flat_seat_back, conditions not met
[18:59:37] [INFO] Skipping recipe productivemetalworks:casting/rods/ftbmaterials/iron, conditions not met
[18:59:37] [INFO] Skipping recipe bibliowoods:wood/cobblemon_apricorn/label, conditions not met
[18:59:37] [INFO] Skipping recipe bibliowoods:color/purple/wood/deep_aether_cruderoot/small_seat_back, conditions not met
[18:59:37] [INFO] Skipping recipe bibliobiomes:color/purple/wood/biomesoplenty_maple/small_seat_back, conditions not met
[18:59:37] [INFO] Skipping recipe bibliowoods:color/yellow/wood/werewolves_jacaranda/raised_seat_back, conditions not met
[18:59:37] [INFO] Skipping recipe create:milling/compat/biomesoplenty/cattail, conditions not met
[18:59:37] [INFO] Skipping recipe supplementaries:way_sign_oak/productivetrees/sweet_crabapple, conditions not met
[18:59:37] [INFO] Skipping recipe bibliobiomes:color/red/wood/biomesoplenty_redwood/small_seat_back, conditions not met
[18:59:37] [INFO] Skipping recipe mysticalagradditions:tconstruct/casting/imperium/nugget_gold_cast, conditions not met
[18:59:37] [INFO] Skipping recipe productivebees:centrifuge/tconstruct/honeycomb_pig_iron, conditions not met
[18:59:37] [INFO] Skipping recipe bibliowoods:color/white/wood/cobblemon_apricorn/seat, conditions not met
[18:59:37] [INFO] Skipping recipe bibliobiomes:color/white/wood/biomesoplenty_dead/seat, conditions not met
[18:59:37] [INFO] Skipping recipe farmingforblockheads:market/byg/ebony_sapling, conditions not met
[18:59:37] [INFO] Skipping recipe allthemodium:tools/materials/unobtainium/unobtainium_from_block, conditions not met
[18:59:37] [INFO] Skipping recipe dyenamics:thermal/centrifuge/cherenkov_rockwool, conditions not met
[18:59:37] [INFO] Skipping recipe mekanism:compat/biomesoplenty/sawing/door/fir, conditions not met
[18:59:37] [INFO] Skipping recipe bibliowoods:color/yellow/wood/expandeddelight_cinnamon/fancy_seat_back, conditions not met
[18:59:37] [INFO] Skipping recipe mysticalagradditions:tconstruct/melting/prudentium/ingot, conditions not met
[18:59:37] [INFO] Skipping recipe bibliobiomes:color/green/wood/biomesoplenty_dead/display_case, conditions not met
[18:59:37] [INFO] Skipping recipe productivebees:bee_conversion/tetra/scrapped_bee_from_iron, conditions not met
[18:59:37] [INFO] Skipping recipe bibliobiomes:color/pink/wood/biomesoplenty_fir/display_case, conditions not met
[18:59:37] [INFO] Skipping recipe bibliowoods:color/red/wood/werewolves_jacaranda/seat, conditions not met
[18:59:37] [INFO] Skipping recipe bibliobiomes:color/yellow/wood/biomesoplenty_fir/raised_seat_back, conditions not met
[18:59:37] [INFO] Skipping recipe bibliobiomes:color/black/wood/biomesoplenty_willow/flat_seat_back, conditions not met
[18:59:37] [INFO] Skipping recipe mysticalagriculture:essence/tconstruct/hepatizon_ingot, conditions not met
[18:59:37] [INFO] Skipping recipe mysticalagriculture:seed/crafting/energized_steel, conditions not met
[18:59:37] [INFO] Skipping recipe bibliowoods:color/light_blue/wood/deep_aether_cruderoot/tall_seat_back, conditions not met
[18:59:37] [INFO] Skipping recipe oritech:pulverizer/compat/energizedpowerore/tin, conditions not met
[18:59:37] [INFO] Skipping recipe bibliobiomes:color/light_gray/wood/biomesoplenty_magic/small_seat_back, conditions not met
[18:59:37] [INFO] Skipping recipe gtceu:centrifuge/sphalerite_bee, conditions not met
[18:59:37] [INFO] Skipping recipe theurgy:liquefaction/alchemical_sulfur_apatite_from_ores_apatite, conditions not met
[18:59:37] [INFO] Skipping recipe bibliowoods:wood/gtceu_rubber/grandfather_clock, conditions not met
[18:59:37] [INFO] Skipping recipe mekanism:compat/biomesoplenty/sawing/boat/fir, conditions not met
[18:59:37] [INFO] Skipping recipe bibliobiomes:wood/biomesoplenty_redwood/fancy_crafter, conditions not met
[18:59:37] [INFO] Skipping recipe productivebees:bee_produce/chemlib/calcium_bee, conditions not met
[18:59:37] [INFO] Skipping recipe bibliowoods:color/gray/wood/butchercraft_barn_wood/fancy_seat_back, conditions not met
[18:59:37] [INFO] Skipping recipe productivebees:bee_conversion/gems/coral_bee, conditions not met
[18:59:37] [INFO] Skipping recipe farmingforblockheads:market/betterendforge/shadow_berry, conditions not met
[18:59:37] [INFO] Skipping recipe bibliobiomes:color/light_blue/wood/biomesoplenty_dead/raised_seat_back, conditions not met
[18:59:37] [INFO] Skipping recipe create:smelting/tin_ingot_compat_thermal, conditions not met
[18:59:37] [INFO] Skipping recipe bibliowoods:color/red/wood/deep_aether_sunroot/display_case, conditions not met
[18:59:37] [INFO] Skipping recipe bibliowoods:color/green/wood/deep_aether_conberry/seat, conditions not met
[18:59:37] [INFO] Skipping recipe bibliowoods:color/light_gray/wood/extradelight_cinnamon/flat_seat_back, conditions not met
[18:59:37] [INFO] Skipping recipe immersiveengineering:alloysmelter/rose_gold, conditions not met
[18:59:37] [INFO] Skipping recipe supplementaries:way_sign_oak/productivetrees/old_fustic, conditions not met
[18:59:37] [INFO] Skipping recipe productivebees:block_conversion/botania/packed_ice_to_blue_ice, conditions not met
[18:59:37] [INFO] Skipping recipe productivemetalworks:melting/geore/aluminum_shard, conditions not met
[18:59:37] [INFO] Skipping recipe mekanism:compat/biomesoplenty/sawing/door/magic, conditions not met
[18:59:37] [INFO] Skipping recipe productivebees:bee_produce/elementalcraft/inert_crystal_bee, conditions not met
[18:59:37] [INFO] Skipping recipe bibliowoods:color/red/wood/mynethersdelight_powdery/tall_seat_back, conditions not met
[18:59:37] [INFO] Skipping recipe bibliobiomes:color/brown/wood/biomesoplenty_hellbark/fancy_seat_back, conditions not met
[18:59:37] [INFO] Skipping recipe bibliobiomes:color/light_blue/wood/biomesoplenty_palm/flat_seat_back, conditions not met
[18:59:37] [INFO] Skipping recipe productivebees:centrifuge/mythicbotany/honeycomb_alfsteel, conditions not met
[18:59:37] [INFO] Skipping recipe bibliobiomes:color/red/wood/biomesoplenty_redwood/display_case, conditions not met
[18:59:37] [INFO] Skipping recipe oritech:grinder/compat/energizedpowerraw/tin, conditions not met
[18:59:37] [INFO] Skipping recipe bibliowoods:wood/gtceu_treated_wood/fancy_clock, conditions not met
[18:59:37] [INFO] Skipping recipe bibliowoods:color/gray/wood/butchercraft_barn_wood/raised_seat_back, conditions not met
[18:59:37] [INFO] Skipping recipe bibliowoods:color/red/wood/deep_aether_cruderoot/tall_seat_back, conditions not met
[18:59:37] [INFO] Skipping recipe productivebees:bee_produce/chemlib/boron_bee, conditions not met
[18:59:37] [INFO] Skipping recipe bibliobiomes:color/light_blue/wood/biomesoplenty_redwood/flat_seat_back, conditions not met
[18:59:37] [INFO] Skipping recipe mysticalagriculture:essence/thermal/lumium_ingot, conditions not met
[18:59:37] [INFO] Skipping recipe bibliowoods:color/gray/wood/expandeddelight_cinnamon/tall_seat_back, conditions not met
[18:59:37] [INFO] Skipping recipe bibliobiomes:color/purple/wood/biomesoplenty_mahogany/fancy_seat_back, conditions not met
[18:59:37] [INFO] Skipping recipe occultism:miner/ores/red_gemstone_ore, conditions not met
[18:59:37] [INFO] Skipping recipe bibliobiomes:color/red/wood/biomesoplenty_fir/flat_seat_back, conditions not met
[18:59:37] [INFO] Skipping recipe bibliowoods:color/blue/wood/cobblemon_apricorn/tall_seat_back, conditions not met
[18:59:37] [INFO] Skipping recipe theurgy:fermentation/alchemical_niter_mobs_rare_using_logs, conditions not met
[18:59:37] [INFO] Skipping recipe farmingforblockheads:market/byg/orchard_sapling, conditions not met
[18:59:37] [INFO] Skipping recipe productivebees:bee_conversion/gems/onyx_bee, conditions not met
[18:59:37] [INFO] Skipping recipe bibliobiomes:color/red/wood/biomesoplenty_redwood/flat_seat_back, conditions not met
[18:59:37] [INFO] Skipping recipe bibliobiomes:color/blue/wood/biomesoplenty_dead/fancy_seat_back, conditions not met
[18:59:37] [INFO] Skipping recipe bibliowoods:color/brown/wood/deep_aether_cruderoot/display_case, conditions not met
[18:59:37] [INFO] Skipping recipe bibliobiomes:color/black/wood/biomesoplenty_jacaranda/small_seat_back, conditions not met
[18:59:37] [INFO] Recipe deeperdarker:resonarium_helmet_smithing[minecraft:smithing_transform] failed to parse due to an error on component: Failed to read required component 'template: ingredient' - java.lang.IllegalStateException: Failed to parse either. First: Item array cannot be empty, at least one item must be defined; Second: Not a JSON object: []
[18:59:37] [INFO] Skipping recipe bibliobiomes:color/cyan/wood/biomesoplenty_willow/display_case, conditions not met
[18:59:37] [INFO] Skipping recipe bibliowoods:color/white/wood/cobblemon_apricorn/display_case, conditions not met
[18:59:37] [INFO] Skipping recipe enderdrives:ender_disk_16k_extended, conditions not met
[18:59:37] [INFO] Skipping recipe bibliowoods:color/magenta/wood/gtceu_treated_wood/tall_seat_back, conditions not met
[18:59:37] [INFO] Skipping recipe create:crushing/compat/elementaryores/ore_ghast_nether, conditions not met
[18:59:37] [INFO] Skipping recipe bibliobiomes:color/blue/wood/biomesoplenty_palm/fancy_seat_back, conditions not met
[18:59:37] [INFO] Skipping recipe productivemetalworks:fire_brick_from_baking, conditions not met
[18:59:37] [INFO] Skipping recipe bibliobiomes:color/purple/wood/biomesoplenty_jacaranda/raised_seat_back, conditions not met
[18:59:37] [INFO] Skipping recipe bibliowoods:color/orange/wood/gtceu_rubber/display_case, conditions not met
[18:59:37] [INFO] Skipping recipe productivemetalworks:casting/plates/ftbmaterials/constantan, conditions not met
[18:59:37] [INFO] Skipping recipe ae2:matter_cannon/nuggets/carbon, conditions not met
[18:59:37] [INFO] Skipping recipe bibliobiomes:color/red/wood/biomesoplenty_dead/seat, conditions not met
[18:59:37] [INFO] Skipping recipe bibliobiomes:color/yellow/wood/biomesoplenty_jacaranda/raised_seat_back, conditions not met
[18:59:37] [INFO] Skipping recipe farmingforblockheads:market/croptopia/nutmeg_sapling, conditions not met
[18:59:37] [INFO] Skipping recipe bibliobiomes:wood/biomesoplenty_dead/fancy_crafter, conditions not met
[18:59:37] [INFO] Skipping recipe bibliobiomes:color/gray/wood/biomesoplenty_jacaranda/small_seat_back, conditions not met
[18:59:37] [INFO] Skipping recipe ae2:matter_cannon/nuggets/cobalt, conditions not met
[18:59:37] [INFO] Skipping recipe create:milling/compat/atmospheric/water_hyacinth, conditions not met
[18:59:37] [INFO] Skipping recipe supplementaries:way_sign_oak/productivetrees/walnut, conditions not met
[18:59:37] [INFO] Skipping recipe farmingforblockheads:market/theabyss/tall_rub_shroom, conditions not met
[18:59:37] [INFO] Skipping recipe bibliowoods:color/blue/wood/deep_aether_yagroot/flat_seat_back, conditions not met
[18:59:37] [INFO] Skipping recipe productivebees:bee_conversion/gems/lepidolite_bee, conditions not met
[18:59:37] [INFO] Skipping recipe supplementaries:way_sign_oak/undergarden/grongle, conditions not met
[18:59:37] [INFO] Skipping recipe bibliowoods:color/blue/wood/deep_aether_yagroot/display_case, conditions not met
[18:59:37] [INFO] Skipping recipe bibliobiomes:color/light_gray/wood/biomesoplenty_willow/display_case, conditions not met
[18:59:37] [INFO] Skipping recipe bibliobiomes:wood/biomesoplenty_pine/fancy_sign, conditions not met
[18:59:37] [INFO] Skipping recipe bibliobiomes:color/white/wood/biomesoplenty_redwood/small_seat_back, conditions not met
[18:59:37] [INFO] Skipping recipe mysticalagradditions:tconstruct/melting/tertium/block, conditions not met
[18:59:37] [INFO] Skipping recipe bibliowoods:color/pink/wood/extradelight_cinnamon/fancy_seat_back, conditions not met
[18:59:37] [INFO] Skipping recipe productivebees:bee_produce/botania/mana_bee, conditions not met
[18:59:37] [INFO] Skipping recipe bibliowoods:color/pink/wood/deep_aether_sunroot/tall_seat_back, conditions not met
[18:59:37] [INFO] Skipping recipe bibliobiomes:color/cyan/wood/biomesoplenty_pine/fancy_seat_back, conditions not met
[18:59:37] [INFO] Skipping recipe bibliobiomes:wood/biomesoplenty_redwood/bookcase, conditions not met
[18:59:37] [INFO] Skipping recipe create:milling/compat/upgrade_aquatic/flowering_rush, conditions not met
[18:59:37] [INFO] Skipping recipe supplementaries:candle_holders/candle_holder_soul, conditions not met
[18:59:37] [INFO] Skipping recipe productivebees:shaped/etherium_ore_bee_to_astral_bee, conditions not met
[18:59:37] [INFO] Skipping recipe bibliobiomes:color/white/wood/biomesoplenty_pine/tall_seat_back, conditions not met
[18:59:37] [INFO] Skipping recipe farmingforblockheads:market/thermal/tea_seeds, conditions not met
[18:59:37] [INFO] Skipping recipe bibliobiomes:color/black/wood/biomesoplenty_magic/raised_seat_back, conditions not met
[18:59:37] [INFO] Skipping recipe bibliowoods:color/white/wood/deep_aether_yagroot/flat_seat_back, conditions not met
[18:59:37] [INFO] Skipping recipe theurgy:reformation/alchemical_sulfur_aurum_from_alchemical_niter_logs_abundant, conditions not met
[18:59:37] [INFO] Skipping recipe bibliowoods:wood/deep_aether_roseroot/fancy_armor_stand, conditions not met
[18:59:37] [INFO] Skipping recipe bibliobiomes:color/brown/wood/biomesoplenty_maple/raised_seat_back, conditions not met
[18:59:37] [INFO] Skipping recipe farmingforblockheads:market/croptopia/cucumber_seed, conditions not met
[18:59:37] [INFO] Skipping recipe productivebees:centrifuge/gems/honeycomb_lepidolite, conditions not met
[18:59:37] [INFO] Skipping recipe occultism:miner/ores/emberstone_ore, conditions not met
[18:59:37] [INFO] Skipping recipe bibliowoods:wood/butchercraft_barn_wood/fancy_sign, conditions not met
[18:59:37] [INFO] Skipping recipe create:blasting/lead_ingot_compat_thermal, conditions not met
[18:59:37] [INFO] Skipping recipe ae2:matter_cannon/nuggets/palladium, conditions not met
[18:59:37] [INFO] Skipping recipe mekanism:compat/biomesoplenty/sawing/chest_boat/empyreal, conditions not met
[18:59:37] [INFO] Skipping recipe bibliowoods:color/lime/wood/deep_aether_yagroot/display_case, conditions not met
[18:59:37] [INFO] Skipping recipe create:milling/compat/environmental/blue_delphinium, conditions not met
[18:59:37] [INFO] Skipping recipe productivemetalworks:melting/geore/zinc_block, conditions not met
[18:59:37] [INFO] Skipping recipe bibliobiomes:color/brown/wood/biomesoplenty_fir/tall_seat_back, conditions not met
[18:59:37] [INFO] Skipping recipe bibliowoods:color/magenta/wood/extradelight_cinnamon/fancy_seat_back, conditions not met
[18:59:37] [INFO] Skipping recipe bibliowoods:color/black/wood/gtceu_treated_wood/tall_seat_back, conditions not met
[18:59:37] [INFO] Skipping recipe productivemetalworks:casting/storage_blocks/ftbmaterials/aluminum, conditions not met
[18:59:37] [INFO] Skipping recipe mekanism:compat/biomesoplenty/sawing/log/redwood, conditions not met
[18:59:37] [INFO] Skipping recipe productivemetalworks:melting/geore/emerald_block, conditions not met
[18:59:37] [INFO] Skipping recipe bibliobiomes:color/gray/wood/biomesoplenty_hellbark/flat_seat_back, conditions not met
[18:59:37] [INFO] Skipping recipe bibliowoods:color/white/wood/expandeddelight_cinnamon/raised_seat_back, conditions not met
[18:59:37] [INFO] Skipping recipe farmingforblockheads:market/biomesoplenty/toadstool, conditions not met
[18:59:37] [INFO] Skipping recipe bibliobiomes:color/light_gray/wood/biomesoplenty_umbran/flat_seat_back, conditions not met
[18:59:37] [INFO] Skipping recipe bibliowoods:color/brown/wood/deep_aether_conberry/small_seat_back, conditions not met
[18:59:37] [INFO] Skipping recipe mysticalagriculture:essence/botania/red_mystical_flower, conditions not met
[18:59:37] [INFO] Skipping recipe bibliobiomes:color/cyan/wood/biomesoplenty_magic/raised_seat_back, conditions not met
[18:59:37] [INFO] Skipping recipe bibliobiomes:color/gray/wood/biomesoplenty_palm/display_case, conditions not met
[18:59:37] [INFO] Skipping recipe bibliowoods:color/light_blue/wood/gtceu_treated_wood/fancy_seat_back, conditions not met
[18:59:37] [INFO] Skipping recipe bibliowoods:color/yellow/wood/extradelight_cinnamon/raised_seat_back, conditions not met
[18:59:37] [INFO] Skipping recipe create:milling/compat/biomesoplenty/goldenrod, conditions not met
[18:59:37] [INFO] Skipping recipe theurgy:liquefaction/alchemical_sulfur_ostrum_from_ingots_ostrum, conditions not met
[18:59:37] [INFO] Skipping recipe bibliowoods:color/black/wood/deep_aether_roseroot/display_case, conditions not met
[18:59:37] [INFO] Skipping recipe bibliobiomes:color/brown/wood/biomesoplenty_jacaranda/raised_seat_back, conditions not met
[18:59:37] [INFO] Skipping recipe farmingforblockheads:market/simplefarming/cucumber_seeds, conditions not met
[18:59:37] [INFO] Skipping recipe productivebees:alchemistry/dissolver/oxygen_hydrogen_bee, conditions not met
[18:59:37] [INFO] Skipping recipe oritech:pulverizer/compat/energizedpowerdust/tin, conditions not met
[18:59:37] [INFO] Skipping recipe allthecompressed:decompress/dust_9x, conditions not met
[18:59:37] [INFO] Skipping recipe mekanism:compat/biomesoplenty/sawing/door/palm, conditions not met
[18:59:37] [INFO] Skipping recipe farmingforblockheads:market/betterendforge/end_moss, conditions not met
[18:59:37] [INFO] Skipping recipe bibliobiomes:color/red/wood/biomesoplenty_mahogany/tall_seat_back, conditions not met
[18:59:37] [INFO] Skipping recipe mekanism:compat/biomesoplenty/sawing/pressure_plate/empyreal, conditions not met
[18:59:37] [INFO] Skipping recipe allthecompressed:decompress/dust_8x, conditions not met
[18:59:37] [INFO] Skipping recipe bibliowoods:color/green/wood/werewolves_jacaranda/flat_seat_back, conditions not met
[18:59:37] [INFO] Skipping recipe bibliobiomes:color/green/wood/biomesoplenty_fir/fancy_seat_back, conditions not met
[18:59:37] [INFO] Skipping recipe allthecompressed:decompress/dust_7x, conditions not met
[18:59:37] [INFO] Skipping recipe bibliobiomes:color/cyan/wood/biomesoplenty_pine/tall_seat_back, conditions not met
[18:59:37] [INFO] Skipping recipe bibliowoods:color/green/wood/extradelight_fruit/flat_seat_back, conditions not met
[18:59:37] [INFO] Skipping recipe productivemetalworks:melting/storage_blocks/raw_invar, conditions not met
[18:59:37] [INFO] Skipping recipe ae2:matter_cannon/nuggets/germanium, conditions not met
[18:59:37] [INFO] Skipping recipe mekanism:compat/biomesoplenty/sawing/trapdoor/fir, conditions not met
[18:59:37] [INFO] Skipping recipe bibliowoods:color/pink/wood/butchercraft_barn_wood/fancy_seat_back, conditions not met
[18:59:37] [INFO] Skipping recipe productivebees:tconstruct/honeycomb/slimesteel, conditions not met
[18:59:37] [INFO] Skipping recipe bibliowoods:color/yellow/wood/gtceu_rubber/small_seat_back, conditions not met
[18:59:37] [INFO] Skipping recipe farmingforblockheads:market/croptopia/radish_seed, conditions not met
[18:59:37] [INFO] Skipping recipe supplementaries:awnings/awning_gray_2, conditions not met
[18:59:37] [INFO] Skipping recipe farmingforblockheads:market/byg/orange_oak_sapling, conditions not met
[18:59:37] [INFO] Skipping recipe bibliowoods:color/yellow/wood/deep_aether_roseroot/display_case, conditions not met
[18:59:37] [INFO] Skipping recipe bibliowoods:color/brown/wood/werewolves_jacaranda/flat_seat_back, conditions not met
[18:59:37] [INFO] Skipping recipe farmingforblockheads:market/croptopia/rice_seed, conditions not met
[18:59:37] [INFO] Skipping recipe theurgy:liquefaction/alchemical_sulfur_magic_from_logs_magic, conditions not met
[18:59:37] [INFO] Skipping recipe create:milling/compat/atmospheric/yucca_flower, conditions not met
[18:59:37] [INFO] Skipping recipe bibliobiomes:wood/biomesoplenty_hellbark/grandfather_clock, conditions not met
[18:59:37] [INFO] Skipping recipe theurgy:reformation/alchemical_sulfur_fir_from_alchemical_niter_logs_abundant, conditions not met
[18:59:37] [INFO] Skipping recipe bibliowoods:wood/extradelight_cinnamon/fancy_clock, conditions not met
[18:59:37] [INFO] Skipping recipe productivebees:bee_produce/raw_materials/bismuth_bee, conditions not met
[18:59:37] [INFO] Skipping recipe bibliowoods:color/yellow/wood/cobblemon_apricorn/display_case, conditions not met
[18:59:37] [INFO] Skipping recipe productivemetalworks:casting/ingots/ftbmaterials/constantan, conditions not met
[18:59:37] [INFO] Skipping recipe mekmm:compat/evolvedmekanism/factory/creative/stamping, conditions not met
[18:59:37] [INFO] Skipping recipe create:milling/compat/atmospheric/gilia, conditions not met
[18:59:37] [INFO] Skipping recipe bibliobiomes:color/lime/wood/biomesoplenty_pine/tall_seat_back, conditions not met
[18:59:37] [INFO] Skipping recipe create_aquatic_ambitions:channeling/upgrade_aquatic/petal_coral, conditions not met
[18:59:37] [INFO] Skipping recipe bibliobiomes:color/cyan/wood/biomesoplenty_magic/display_case, conditions not met
[18:59:37] [INFO] Skipping recipe bibliowoods:color/yellow/wood/expandeddelight_cinnamon/display_case, conditions not met
[18:59:37] [INFO] Skipping recipe treetap:vanilla_test, conditions not met
[18:59:37] [INFO] Skipping recipe bibliobiomes:color/brown/wood/biomesoplenty_redwood/tall_seat_back, conditions not met
[18:59:37] [INFO] Skipping recipe bibliowoods:wood/deep_aether_roseroot/fancy_clock, conditions not met
[18:59:37] [INFO] Skipping recipe bibliowoods:color/gray/wood/gtceu_treated_wood/fancy_seat_back, conditions not met
[18:59:37] [INFO] Skipping recipe supplementaries:spiky_bomb, conditions not met
[18:59:37] [INFO] Skipping recipe mysticalagriculture:seed/infusion/rock_crystal, conditions not met
[18:59:37] [INFO] Skipping recipe productivebees:hives/advanced_upgrade_aquatic_river_beehive, conditions not met
[18:59:37] [INFO] Skipping recipe productivemetalworks:casting/magistuarmory/steel_ingot, conditions not met
[18:59:37] [INFO] Skipping recipe productivebees:thermal/shapeless/resonant_ender_bee, conditions not met
[18:59:37] [INFO] Skipping recipe bibliowoods:wood/deep_aether_cruderoot/fancy_clock, conditions not met
[18:59:37] [INFO] Skipping recipe productivemetalworks:melting/rods/azure_silver, conditions not met
[18:59:37] [INFO] Skipping recipe bibliowoods:color/blue/wood/vampirism_dark_spruce/flat_seat_back, conditions not met
[18:59:37] [INFO] Skipping recipe bibliowoods:color/light_blue/wood/gtceu_treated_wood/seat, conditions not met
[18:59:37] [INFO] Skipping recipe occultism:crushing/quicksilver_dust_from_ingot, conditions not met
[18:59:37] [INFO] Skipping recipe mysticalagriculture:seed/reprocessor/flux_infused_gem, conditions not met
[18:59:37] [INFO] Skipping recipe productivemetalworks:melting/gears/crimson_steel, conditions not met
[18:59:37] [INFO] Skipping recipe bibliobiomes:wood/biomesoplenty_pine/bookcase, conditions not met
[18:59:37] [INFO] Skipping recipe bibliowoods:color/lime/wood/werewolves_magic/small_seat_back, conditions not met
[18:59:37] [INFO] Skipping recipe bibliowoods:wood/cobblemon_apricorn/fancy_crafter, conditions not met
[18:59:37] [INFO] Skipping recipe farmingforblockheads:market/betterendforge/pythadendron_sapling, conditions not met
[18:59:37] [INFO] Skipping recipe bibliowoods:color/purple/wood/deep_aether_conberry/display_case, conditions not met
[18:59:37] [INFO] Skipping recipe productivebees:tconstruct/honeycomb/pig_iron, conditions not met
[18:59:37] [INFO] Skipping recipe farmingforblockheads:market/biomesoplenty/glowshroom, conditions not met
[18:59:37] [INFO] Skipping recipe productivebees:bee_produce/chemlib/yttrium_bee, conditions not met
[18:59:37] [INFO] Skipping recipe bibliowoods:color/green/wood/deep_aether_conberry/raised_seat_back, conditions not met
[18:59:37] [INFO] Skipping recipe bibliobiomes:color/cyan/wood/biomesoplenty_pine/display_case, conditions not met
[18:59:37] [INFO] Skipping recipe productivebees:bee_breeding/chemlib/polonium_bee, conditions not met
[18:59:37] [INFO] Skipping recipe allthemodium:melting/allthemodium_from_block, conditions not met
[18:59:37] [INFO] Skipping recipe create:milling/compat/biomeswevegone/purple_rose, conditions not met
[18:59:37] [INFO] Skipping recipe bibliowoods:color/light_gray/wood/deep_aether_yagroot/tall_seat_back, conditions not met
[18:59:37] [INFO] Skipping recipe create:crushing/compat/silentgems/citrine_end_ore, conditions not met
[18:59:37] [INFO] Skipping recipe bibliowoods:color/red/wood/vampirism_dark_spruce/raised_seat_back, conditions not met
[18:59:37] [INFO] Skipping recipe bibliobiomes:wood/biomesoplenty_jacaranda/potion_shelf, conditions not met
[18:59:37] [INFO] Skipping recipe bibliowoods:color/light_blue/wood/deep_aether_sunroot/seat, conditions not met
[18:59:37] [INFO] Skipping recipe mekanism:compat/biomeswevegone/pigment_extracting/large_brown, conditions not met
[18:59:37] [INFO] Skipping recipe mysticalagriculture:seed/reprocessor/starmetal, conditions not met
[18:59:37] [INFO] Skipping recipe productivemetalworks:casting/plates/ftbmaterials/lumium, conditions not met
[18:59:37] [INFO] Skipping recipe bibliobiomes:wood/biomesoplenty_umbran/bookcase, conditions not met
[18:59:37] [INFO] Skipping recipe theurgy:liquefaction/alchemical_sulfur_grongle_from_logs_grongle, conditions not met
[18:59:37] [INFO] Skipping recipe productivebees:centrifuge/dusts/honeycomb_aluminium, conditions not met
[18:59:37] [INFO] Skipping recipe bibliobiomes:color/purple/wood/biomesoplenty_redwood/fancy_seat_back, conditions not met
[18:59:37] [INFO] Skipping recipe supplementaries:soap/dirty_glass_pane, conditions not met
[18:59:37] [INFO] Skipping recipe bibliobiomes:color/brown/wood/biomesoplenty_umbran/fancy_seat_back, conditions not met
[18:59:37] [INFO] Skipping recipe bibliowoods:wood/gtceu_treated_wood/fancy_crafter, conditions not met
[18:59:37] [INFO] Skipping recipe bibliobiomes:color/lime/wood/biomesoplenty_dead/small_seat_back, conditions not met
[18:59:37] [INFO] Skipping recipe mekanism:compat/biomesoplenty/sawing/boat/dead, conditions not met
[18:59:37] [INFO] Skipping recipe bibliowoods:color/brown/wood/deep_aether_cruderoot/flat_seat_back, conditions not met
[18:59:37] [INFO] Skipping recipe bibliowoods:color/black/wood/extradelight_cinnamon/fancy_seat_back, conditions not met
[18:59:37] [INFO] Skipping recipe mysticalagriculture:essence/redstone_arsenal/flux_gem, conditions not met
[18:59:37] [INFO] Skipping recipe bibliowoods:color/magenta/wood/deep_aether_cruderoot/raised_seat_back, conditions not met
[18:59:37] [INFO] Skipping recipe bibliobiomes:color/black/wood/biomesoplenty_palm/fancy_seat_back, conditions not met
[18:59:37] [INFO] Skipping recipe bibliowoods:color/red/wood/deep_aether_cruderoot/fancy_seat_back, conditions not met
[18:59:37] [INFO] Skipping recipe allthecompressed:compress/crushed_deepslate_6x, conditions not met
[18:59:37] [INFO] Skipping recipe theurgy:liquefaction/alchemical_sulfur_desh_from_raw_materials_desh, conditions not met
[18:59:37] [INFO] Skipping recipe farmingforblockheads:market/biomesoplenty/redwood_sapling, conditions not met
[18:59:37] [INFO] Skipping recipe mekanism:compat/biomesoplenty/sawing/chest_boat/magic, conditions not met
[18:59:37] [INFO] Skipping recipe allthecompressed:compress/crushed_deepslate_7x, conditions not met
[18:59:37] [INFO] Skipping recipe create_aquatic_ambitions:channeling/upgrade_aquatic/finger_coral, conditions not met
[18:59:37] [INFO] Skipping recipe occultism:miner/ores/lithium_ore, conditions not met
[18:59:37] [INFO] Skipping recipe allthecompressed:compress/crushed_deepslate_4x, conditions not met
[18:59:37] [INFO] Skipping recipe bibliobiomes:color/gray/wood/biomesoplenty_pine/flat_seat_back, conditions not met
[18:59:37] [INFO] Skipping recipe bibliowoods:color/black/wood/extradelight_fruit/raised_seat_back, conditions not met
[18:59:37] [INFO] Skipping recipe allthecompressed:compress/crushed_deepslate_5x, conditions not met
[18:59:37] [INFO] Skipping recipe productivebees:bee_breeding/chemlib/cadmium_bee, conditions not met
[18:59:37] [INFO] Skipping recipe mysticalagriculture:essence/tconstruct/rose_gold_ingot, conditions not met
[18:59:37] [INFO] Skipping recipe bibliobiomes:color/light_gray/wood/biomesoplenty_mahogany/fancy_seat_back, conditions not met
[18:59:37] [INFO] Skipping recipe allthecompressed:compress/crushed_deepslate_2x, conditions not met
[18:59:37] [INFO] Skipping recipe ae2:matter_cannon/nuggets/ruthenium, conditions not met
[18:59:37] [INFO] Skipping recipe allthecompressed:compress/crushed_deepslate_3x, conditions not met
[18:59:37] [INFO] Skipping recipe ae2:matter_cannon/nuggets/tantalum, conditions not met
[18:59:37] [INFO] Skipping recipe immersiveengineering:metalpress/gear_tungsten, conditions not met
[18:59:37] [INFO] Skipping recipe bibliobiomes:color/blue/wood/biomesoplenty_maple/display_case, conditions not met
[18:59:37] [INFO] Skipping recipe allthecompressed:compress/crushed_deepslate_1x, conditions not met
[18:59:37] [INFO] Skipping recipe bibliowoods:color/yellow/wood/gtceu_rubber/raised_seat_back, conditions not met
[18:59:37] [INFO] Skipping recipe farmingforblockheads:market/byg/yellow_daffodil, conditions not met
[18:59:37] [INFO] Skipping recipe bibliowoods:color/green/wood/werewolves_magic/seat, conditions not met
[18:59:37] [INFO] Skipping recipe farmingforblockheads:market/croptopia/apple_sapling, conditions not met
[18:59:37] [INFO] Skipping recipe bibliowoods:color/lime/wood/butchercraft_barn_wood/small_seat_back, conditions not met
[18:59:37] [INFO] Skipping recipe productivebees:centrifuge/tconstruct/honeycomb_soulsteel, conditions not met
[18:59:37] [INFO] Skipping recipe bibliowoods:wood/deep_aether_conberry/table, conditions not met
[18:59:37] [INFO] Skipping recipe occultism:miner/ores/baronyte_ore, conditions not met
[18:59:37] [INFO] Skipping recipe enderdrives:ender_storage_component_1k_mega, conditions not met
[18:59:37] [INFO] Skipping recipe mysticalagriculture:seed/reprocessor/mystical_flower, conditions not met
[18:59:37] [INFO] Skipping recipe bibliowoods:color/light_blue/wood/extradelight_fruit/display_case, conditions not met
[18:59:37] [INFO] Skipping recipe supplementaries:way_sign_oak/deeperdarker/echo, conditions not met
[18:59:37] [INFO] Skipping recipe farmingforblockheads:market/betterendforge/amber_root_seed, conditions not met
[18:59:37] [INFO] Skipping recipe productivebees:alchemistry/combiner/seaborgium_bee, conditions not met
[18:59:37] [INFO] Skipping recipe bibliowoods:color/blue/wood/cobblemon_apricorn/fancy_seat_back, conditions not met
[18:59:37] [INFO] Skipping recipe bibliowoods:color/magenta/wood/werewolves_magic/fancy_seat_back, conditions not met
[18:59:37] [INFO] Skipping recipe create_aquatic_ambitions:channeling/upgrade_aquatic/acan_coral_block, conditions not met
[18:59:37] [INFO] Skipping recipe productivebees:alchemistry/dissolver/selenium_bee, conditions not met
[18:59:37] [INFO] Skipping recipe bibliobiomes:color/cyan/wood/biomesoplenty_dead/seat, conditions not met
[18:59:37] [INFO] Skipping recipe bibliobiomes:color/magenta/wood/biomesoplenty_redwood/flat_seat_back, conditions not met
[18:59:37] [INFO] Skipping recipe productivemetalworks:melting/plates/tyrian_steel, conditions not met
[18:59:37] [INFO] Skipping recipe bibliowoods:color/yellow/wood/vampirism_cursed_spruce/flat_seat_back, conditions not met
[18:59:37] [INFO] Skipping recipe bibliowoods:color/cyan/wood/werewolves_magic/display_case, conditions not met
[18:59:37] [INFO] Skipping recipe mysticalagriculture:seed/crafting/flux_infused_gem, conditions not met
[18:59:37] [INFO] Skipping recipe supplementaries:way_sign_oak/productivetrees/silver_lime, conditions not met
[18:59:37] [INFO] Skipping recipe bibliowoods:color/pink/wood/mynethersdelight_powdery/small_seat_back, conditions not met
[18:59:37] [INFO] Skipping recipe supplementaries:way_sign_oak/eternal_starlight/starlight_mangrove, conditions not met
[18:59:37] [INFO] Skipping recipe bibliowoods:color/lime/wood/cobblemon_apricorn/display_case, conditions not met
[18:59:37] [INFO] Skipping recipe bibliobiomes:color/black/wood/biomesoplenty_palm/raised_seat_back, conditions not met
[18:59:37] [INFO] Skipping recipe farmingforblockheads:market/betternether/netherrack_moss, conditions not met
[18:59:37] [INFO] Skipping recipe occultism:crushing/graphite_dust_from_ore, conditions not met
[18:59:37] [INFO] Skipping recipe bibliobiomes:color/light_gray/wood/biomesoplenty_maple/fancy_seat_back, conditions not met
[18:59:37] [INFO] Skipping recipe farmingforblockheads:market/byg/mahogany_sapling, conditions not met
[18:59:37] [INFO] Skipping recipe bibliowoods:color/gray/wood/vampirism_dark_spruce/raised_seat_back, conditions not met
[18:59:37] [INFO] Skipping recipe farmingforblockheads:market/biomesoplenty/maple_sapling, conditions not met
[18:59:37] [INFO] Skipping recipe occultism:crushing/graphite_dust_from_ingot, conditions not met
[18:59:37] [INFO] Skipping recipe farmingforblockheads:market/betterendforge/helix_tree_sapling, conditions not met
[18:59:37] [INFO] Skipping recipe bibliowoods:color/magenta/wood/extradelight_cinnamon/raised_seat_back, conditions not met
[18:59:37] [INFO] Skipping recipe bibliobiomes:color/brown/wood/biomesoplenty_redwood/raised_seat_back, conditions not met
[18:59:37] [INFO] Skipping recipe productivebees:bee_produce/beyond_earth/calorite_bee, conditions not met
[18:59:37] [INFO] Skipping recipe bibliowoods:wood/deep_aether_yagroot/grandfather_clock, conditions not met
[18:59:37] [INFO] Skipping recipe bibliowoods:color/gray/wood/deep_aether_yagroot/fancy_seat_back, conditions not met
[18:59:37] [INFO] Skipping recipe bibliowoods:color/magenta/wood/deep_aether_cruderoot/tall_seat_back, conditions not met
[18:59:37] [INFO] Skipping recipe bibliobiomes:color/orange/wood/biomesoplenty_hellbark/display_case, conditions not met
[18:59:37] [INFO] Skipping recipe bibliowoods:color/yellow/wood/werewolves_jacaranda/small_seat_back, conditions not met
[18:59:37] [INFO] Skipping recipe megacells:cells/portable/portable_mana_cell_64m, conditions not met
[18:59:37] [INFO] Skipping recipe bibliobiomes:color/black/wood/biomesoplenty_hellbark/flat_seat_back, conditions not met
[18:59:37] [INFO] Skipping recipe bibliowoods:color/lime/wood/deep_aether_conberry/fancy_seat_back, conditions not met
[18:59:37] [INFO] Skipping recipe bibliowoods:color/orange/wood/mynethersdelight_powdery/fancy_seat_back, conditions not met
[18:59:37] [INFO] Skipping recipe bibliowoods:color/red/wood/vampirism_cursed_spruce/display_case, conditions not met
[18:59:37] [INFO] Skipping recipe farmingforblockheads:market/byg/crocus, conditions not met
[18:59:37] [INFO] Skipping recipe bibliowoods:color/light_blue/wood/mynethersdelight_powdery/tall_seat_back, conditions not met
[18:59:37] [INFO] Skipping recipe bibliowoods:color/light_blue/wood/vampirism_cursed_spruce/display_case, conditions not met
[18:59:37] [INFO] Skipping recipe bibliowoods:color/brown/wood/werewolves_jacaranda/display_case, conditions not met
[18:59:37] [INFO] Skipping recipe mekanism:compat/biomesoplenty/sawing/log/mahogany, conditions not met
[18:59:37] [INFO] Skipping recipe bigreactors:reactor/reinforced/fuelrod_alt_ingots_uranium, conditions not met
[18:59:37] [INFO] Skipping recipe mekanism:compat/biomesoplenty/sawing/log/palm, conditions not met
[18:59:37] [INFO] Skipping recipe bibliobiomes:color/white/wood/biomesoplenty_empyreal/fancy_seat_back, conditions not met
[18:59:37] [INFO] Skipping recipe bibliowoods:color/yellow/wood/cobblemon_apricorn/fancy_seat_back, conditions not met
[18:59:37] [INFO] Skipping recipe bibliobiomes:color/light_gray/wood/biomesoplenty_pine/tall_seat_back, conditions not met
[18:59:37] [INFO] Skipping recipe bibliobiomes:color/lime/wood/biomesoplenty_hellbark/flat_seat_back, conditions not met
[18:59:37] [INFO] Skipping recipe theurgy:reformation/alchemical_sulfur_sortingwood_from_alchemical_sulfurs_logs_abundant, conditions not met
[18:59:37] [INFO] Skipping recipe allthemodium:melting/unobtainium_from_nugget, conditions not met
[18:59:37] [INFO] Skipping recipe farmingforblockheads:market/tropicraft/tropical_fern, conditions not met
[18:59:37] [INFO] Skipping recipe bibliobiomes:color/green/wood/biomesoplenty_hellbark/display_case, conditions not met
[18:59:37] [INFO] Skipping recipe bibliowoods:color/green/wood/extradelight_fruit/fancy_seat_back, conditions not met
[18:59:37] [INFO] Skipping recipe bibliowoods:color/white/wood/extradelight_fruit/fancy_seat_back, conditions not met
[18:59:37] [INFO] Skipping recipe bibliobiomes:color/white/wood/biomesoplenty_fir/seat, conditions not met
[18:59:37] [INFO] Skipping recipe productivebees:bee_produce/chemlib/tantalum_bee, conditions not met
[18:59:37] [INFO] Skipping recipe bibliowoods:color/magenta/wood/mynethersdelight_powdery/small_seat_back, conditions not met
[18:59:37] [INFO] Skipping recipe create_aquatic_ambitions:channeling/upgrade_aquatic/star_coral, conditions not met
[18:59:37] [INFO] Skipping recipe supplementaries:stool_from_feather_block, conditions not met
[18:59:37] [INFO] Skipping recipe bibliowoods:color/yellow/wood/werewolves_jacaranda/seat, conditions not met
[18:59:37] [INFO] Skipping recipe bibliowoods:color/blue/wood/deep_aether_roseroot/raised_seat_back, conditions not met
[18:59:37] [INFO] Skipping recipe mekanism:compat/biomesoplenty/sawing/hanging_sign/palm, conditions not met
[18:59:37] [INFO] Skipping recipe supplementaries:way_sign_oak/productivetrees/logwood, conditions not met
[18:59:37] [INFO] Skipping recipe bibliobiomes:color/light_blue/wood/biomesoplenty_pine/seat, conditions not met
[18:59:37] [INFO] Skipping recipe farmingforblockheads:market/expandeddelight/chili_pepper_seeds, conditions not met
[18:59:37] [INFO] Skipping recipe bibliowoods:color/blue/wood/deep_aether_yagroot/raised_seat_back, conditions not met
[18:59:37] [INFO] Skipping recipe bibliobiomes:color/gray/wood/biomesoplenty_mahogany/tall_seat_back, conditions not met
[18:59:37] [INFO] Skipping recipe mekmm:compat/evolvedmekanism/factory/multiversal/rolling_mill, conditions not met
[18:59:37] [INFO] Skipping recipe bibliowoods:color/light_gray/wood/deep_aether_roseroot/small_seat_back, conditions not met
[18:59:37] [INFO] Skipping recipe bibliowoods:wood/mynethersdelight_powdery/tool_rack, conditions not met
[18:59:37] [INFO] Skipping recipe bibliowoods:color/light_blue/wood/extradelight_fruit/fancy_seat_back, conditions not met
[18:59:37] [INFO] Skipping recipe bibliowoods:color/purple/wood/mynethersdelight_powdery/fancy_seat_back, conditions not met
[18:59:37] [INFO] Skipping recipe productivemetalworks:casting/ingots/ftbmaterials/lead, conditions not met
[18:59:37] [INFO] Skipping recipe bibliowoods:color/gray/wood/gtceu_rubber/display_case, conditions not met
[18:59:37] [INFO] Skipping recipe mysticalagriculture:seed/crafting/rabbit, conditions not met
[18:59:37] [INFO] Skipping recipe productivemetalworks:melting/storage_blocks/raw_tyrian_steel, conditions not met
[18:59:37] [INFO] Skipping recipe bibliowoods:color/red/wood/extradelight_cinnamon/raised_seat_back, conditions not met
[18:59:37] [INFO] Skipping recipe farmingforblockheads:market/croptopia/corn_seed, conditions not met
[18:59:37] [INFO] Skipping recipe bibliowoods:color/cyan/wood/vampirism_cursed_spruce/raised_seat_back, conditions not met
[18:59:37] [INFO] Skipping recipe gtceu:alloy_smelter/tantalite_bee, conditions not met
[18:59:37] [INFO] Skipping recipe create:crushing/compat/elementaryores/ore_emerald_end, conditions not met
[18:59:37] [INFO] Skipping recipe bibliowoods:color/green/wood/mynethersdelight_powdery/raised_seat_back, conditions not met
[18:59:37] [INFO] Skipping recipe mekanism:compat/biomeswevegone/dye/large_cyan, conditions not met
[18:59:37] [INFO] Skipping recipe bibliowoods:color/gray/wood/deep_aether_sunroot/seat, conditions not met
[18:59:37] [INFO] Skipping recipe bibliobiomes:color/brown/wood/biomesoplenty_dead/seat, conditions not met
[18:59:37] [INFO] Skipping recipe bibliowoods:color/gray/wood/cobblemon_apricorn/fancy_seat_back, conditions not met
[18:59:37] [INFO] Skipping recipe bibliowoods:wood/vampirism_cursed_spruce/grandfather_clock, conditions not met
[18:59:37] [INFO] Skipping recipe bibliobiomes:color/black/wood/biomesoplenty_willow/display_case, conditions not met
[18:59:37] [INFO] Skipping recipe pastel:mod_integration/ae2/blasting/pure_fluix, no type defined
[18:59:37] [INFO] Skipping recipe bibliobiomes:color/orange/wood/biomesoplenty_mahogany/display_case, conditions not met
[18:59:37] [INFO] Skipping recipe farmingforblockheads:market/croptopia/blueberry_seed, conditions not met
[18:59:37] [INFO] Skipping recipe bibliowoods:color/purple/wood/cobblemon_apricorn/seat, conditions not met
[18:59:37] [INFO] Skipping recipe theurgy:reformation/alchemical_sulfur_honeydew_from_alchemical_niter_crops_abundant, conditions not met
[18:59:37] [INFO] Skipping recipe theurgy:reformation/alchemical_sulfur_dead_from_alchemical_sulfurs_logs_abundant, conditions not met
[18:59:37] [INFO] Skipping recipe bibliobiomes:color/cyan/wood/biomesoplenty_jacaranda/fancy_seat_back, conditions not met
[18:59:37] [INFO] Skipping recipe bibliowoods:color/light_gray/wood/mynethersdelight_powdery/flat_seat_back, conditions not met
[18:59:37] [INFO] Skipping recipe productivebees:bee_produce/tconstruct/cobalt_bee, conditions not met
[18:59:37] [INFO] Skipping recipe bibliobiomes:wood/biomesoplenty_pine/tool_rack, conditions not met
[18:59:37] [INFO] Skipping recipe bigreactors:reactor/reinforced/computerport_alt, conditions not met
[18:59:37] [INFO] Skipping recipe farmingforblockheads:market/expandeddelight/asparagus_seeds, conditions not met
[18:59:37] [INFO] Skipping recipe supplementaries:candle_holders/candle_holder_cupric, conditions not met
[18:59:37] [INFO] Skipping recipe farmingforblockheads:market/biomesoplenty/fir_sapling, conditions not met
[18:59:37] [INFO] Skipping recipe bibliobiomes:color/yellow/wood/biomesoplenty_hellbark/tall_seat_back, conditions not met
[18:59:37] [INFO] Skipping recipe bibliowoods:color/green/wood/vampirism_dark_spruce/raised_seat_back, conditions not met
[18:59:37] [INFO] Skipping recipe mysticalagradditions:tconstruct/casting/soulium/block, conditions not met
[18:59:37] [INFO] Skipping recipe bibliowoods:color/white/wood/vampirism_cursed_spruce/fancy_seat_back, conditions not met
[18:59:37] [INFO] Skipping recipe supplementaries:way_sign_oak/regions_unexplored/baobab, conditions not met
[18:59:37] [INFO] Skipping recipe farmingforblockheads:market/byg/alpine_bellflower, conditions not met
[18:59:37] [INFO] Skipping recipe bibliobiomes:color/light_gray/wood/biomesoplenty_fir/flat_seat_back, conditions not met
[18:59:37] [INFO] Skipping recipe bibliobiomes:color/light_gray/wood/biomesoplenty_jacaranda/tall_seat_back, conditions not met
[18:59:37] [INFO] Skipping recipe farmingforblockheads:market/simplefarming/mango_sapling, conditions not met
[18:59:37] [INFO] Skipping recipe enderdrives:ender_disk_4k_extended, conditions not met
[18:59:37] [INFO] Skipping recipe immersiveengineering:metalpress/rod_rose_gold, conditions not met
[18:59:37] [INFO] Skipping recipe bibliobiomes:color/magenta/wood/biomesoplenty_palm/tall_seat_back, conditions not met
[18:59:37] [INFO] Skipping recipe bibliobiomes:color/green/wood/biomesoplenty_magic/fancy_seat_back, conditions not met
[18:59:37] [INFO] Skipping recipe bibliowoods:color/magenta/wood/werewolves_jacaranda/seat, conditions not met
[18:59:37] [INFO] Skipping recipe bibliobiomes:color/black/wood/biomesoplenty_fir/fancy_seat_back, conditions not met
[18:59:37] [INFO] Skipping recipe bibliowoods:color/brown/wood/deep_aether_yagroot/small_seat_back, conditions not met
[18:59:37] [INFO] Skipping recipe bibliowoods:color/black/wood/extradelight_fruit/flat_seat_back, conditions not met
[18:59:37] [INFO] Skipping recipe bibliowoods:color/red/wood/werewolves_magic/flat_seat_back, conditions not met
[18:59:37] [INFO] Skipping recipe bibliobiomes:color/light_gray/wood/biomesoplenty_magic/flat_seat_back, conditions not met
[18:59:37] [INFO] Skipping recipe productivemetalworks:melting/rods/crimson_steel, conditions not met
[18:59:37] [INFO] Skipping recipe bibliowoods:color/cyan/wood/extradelight_cinnamon/fancy_seat_back, conditions not met
[18:59:37] [INFO] Skipping recipe productivemetalworks:melting/storage_blocks/raw_azure_electrum, conditions not met
[18:59:37] [INFO] Skipping recipe bibliobiomes:color/light_blue/wood/biomesoplenty_mahogany/small_seat_back, conditions not met
[18:59:37] [INFO] Skipping recipe supplementaries:way_sign_oak/productivetrees/greenheart, conditions not met
[18:59:37] [INFO] Skipping recipe bibliobiomes:color/magenta/wood/biomesoplenty_mahogany/small_seat_back, conditions not met
[18:59:37] [INFO] Skipping recipe bigreactors:turbine/reinforced/blade_alt, conditions not met
[18:59:37] [INFO] Skipping recipe bibliobiomes:color/white/wood/biomesoplenty_mahogany/fancy_seat_back, conditions not met
[18:59:37] [INFO] Skipping recipe bibliowoods:color/pink/wood/mynethersdelight_powdery/raised_seat_back, conditions not met
[18:59:37] [INFO] Skipping recipe farmingforblockheads:market/biomesoplenty/glowflower, conditions not met
[18:59:37] [INFO] Skipping recipe bibliowoods:color/gray/wood/werewolves_magic/flat_seat_back, conditions not met
[18:59:37] [INFO] Skipping recipe productivebees:bee_produce/elementalcraft/drenched_iron_bee, conditions not met
[18:59:37] [INFO] Skipping recipe productivemetalworks:casting/storage_blocks/ftbmaterials/lumium, conditions not met
[18:59:37] [INFO] Skipping recipe ae2:matter_cannon/nuggets/gallium, conditions not met
[18:59:37] [INFO] Skipping recipe bibliowoods:color/purple/wood/mynethersdelight_powdery/display_case, conditions not met
[18:59:37] [INFO] Skipping recipe bibliowoods:color/cyan/wood/extradelight_fruit/display_case, conditions not met
[18:59:37] [INFO] Skipping recipe bibliowoods:color/lime/wood/cobblemon_apricorn/small_seat_back, conditions not met
[18:59:37] [INFO] Skipping recipe bibliobiomes:color/blue/wood/biomesoplenty_willow/display_case, conditions not met
[18:59:37] [INFO] Skipping recipe gtceu:alloy_smelter/cobaltite_bee, conditions not met
[18:59:37] [INFO] Skipping recipe bibliowoods:wood/mynethersdelight_powdery/fancy_clock, conditions not met
[18:59:37] [INFO] Skipping recipe bibliowoods:wood/butchercraft_barn_wood/fancy_armor_stand, conditions not met
[18:59:37] [INFO] Skipping recipe bibliowoods:color/green/wood/gtceu_treated_wood/tall_seat_back, conditions not met
[18:59:37] [INFO] Skipping recipe productivebees:bee_produce/thermal_extra/dragonsteel_bee, conditions not met
[18:59:37] [INFO] Skipping recipe bibliowoods:color/brown/wood/deep_aether_roseroot/raised_seat_back, conditions not met
[18:59:37] [INFO] Skipping recipe supplementaries:awnings/awning_brown_2, conditions not met
[18:59:37] [INFO] Skipping recipe bibliowoods:color/brown/wood/vampirism_cursed_spruce/fancy_seat_back, conditions not met
[18:59:37] [INFO] Skipping recipe mekmm:compat/evolvedmekanism/factory/creative/dissolving, conditions not met
[18:59:37] [INFO] Skipping recipe productivemetalworks:melting/geore/osmium_block, conditions not met
[18:59:37] [INFO] Skipping recipe mekanism:compat/biomesoplenty/pigment_extracting/cyan, conditions not met
[18:59:37] [INFO] Skipping recipe create:milling/compat/biomeswevegone/orchid, conditions not met
[18:59:37] [INFO] Skipping recipe mekanism:compat/biomeswevegone/pigment_extracting/white, conditions not met
[18:59:37] [INFO] Skipping recipe mysticalagriculture:seed/crafting/rose_gold, conditions not met
[18:59:37] [INFO] Skipping recipe bibliowoods:color/magenta/wood/deep_aether_yagroot/raised_seat_back, conditions not met
[18:59:37] [INFO] Skipping recipe bibliowoods:color/lime/wood/deep_aether_yagroot/small_seat_back, conditions not met
[18:59:37] [INFO] Skipping recipe productivebees:bee_produce/chemlib/astatine_bee, conditions not met
[18:59:37] [INFO] Skipping recipe supplementaries:way_sign_oak/productivetrees/sandalwood, conditions not met
[18:59:37] [INFO] Skipping recipe bibliobiomes:color/blue/wood/biomesoplenty_redwood/flat_seat_back, conditions not met
[18:59:37] [INFO] Skipping recipe bibliowoods:color/pink/wood/deep_aether_sunroot/raised_seat_back, conditions not met
[18:59:37] [INFO] Skipping recipe bibliowoods:wood/werewolves_jacaranda/grandfather_clock, conditions not met
[18:59:37] [INFO] Skipping recipe farmingforblockheads:market/biomesoplenty/orange_maple_sapling, conditions not met
[18:59:37] [INFO] Skipping recipe mysticalagradditions:tconstruct/tools/casting/tertium, conditions not met
[18:59:37] [INFO] Skipping recipe theurgy:fermentation/alchemical_niter_other_minerals_precious_using_eggs, conditions not met
[18:59:37] [INFO] Skipping recipe bibliobiomes:color/orange/wood/biomesoplenty_pine/flat_seat_back, conditions not met
[18:59:37] [INFO] Skipping recipe productivebees:centrifuge/gems/honeycomb_zircon, conditions not met
[18:59:37] [INFO] Skipping recipe createaddition:compat/tconstruct/slimesteel, conditions not met
[18:59:37] [INFO] Skipping recipe create:milling/compat/environmental/purple_delphinium, conditions not met
[18:59:37] [INFO] Skipping recipe bibliobiomes:color/red/wood/biomesoplenty_magic/tall_seat_back, conditions not met
[18:59:37] [INFO] Skipping recipe productivebees:bee_produce/gtceu/ilmenite_bee, conditions not met
[18:59:37] [INFO] Skipping recipe bibliowoods:color/yellow/wood/extradelight_fruit/seat, conditions not met
[18:59:37] [INFO] Skipping recipe bibliowoods:color/magenta/wood/werewolves_magic/raised_seat_back, conditions not met
[18:59:37] [INFO] Skipping recipe productivebees:bee_produce/gobber/gobber_bee, conditions not met
[18:59:37] [INFO] Skipping recipe bibliobiomes:color/yellow/wood/biomesoplenty_hellbark/display_case, conditions not met
[18:59:37] [INFO] Skipping recipe bibliowoods:color/orange/wood/cobblemon_apricorn/fancy_seat_back, conditions not met
[18:59:37] [INFO] Skipping recipe bibliobiomes:color/green/wood/biomesoplenty_mahogany/raised_seat_back, conditions not met
[18:59:37] [INFO] Skipping recipe bibliobiomes:color/orange/wood/biomesoplenty_umbran/raised_seat_back, conditions not met
[18:59:37] [INFO] Skipping recipe bibliowoods:color/light_blue/wood/deep_aether_roseroot/seat, conditions not met
[18:59:37] [INFO] Skipping recipe mysticalagriculture:seed/crafting/ironwood, conditions not met
[18:59:37] [INFO] Skipping recipe theurgy:fermentation/alchemical_niter_mobs_precious_using_sugars, conditions not met
[18:59:37] [INFO] Skipping recipe bibliobiomes:color/lime/wood/biomesoplenty_fir/fancy_seat_back, conditions not met
[18:59:37] [INFO] Skipping recipe bibliowoods:color/light_gray/wood/butchercraft_barn_wood/tall_seat_back, conditions not met
[18:59:37] [INFO] Skipping recipe create:crushing/compat/simplefarming/barley, conditions not met
[18:59:37] [INFO] Skipping recipe bibliowoods:color/orange/wood/extradelight_cinnamon/seat, conditions not met
[18:59:37] [INFO] Skipping recipe bibliowoods:color/gray/wood/vampirism_cursed_spruce/display_case, conditions not met
[18:59:37] [INFO] Skipping recipe bibliowoods:color/pink/wood/werewolves_jacaranda/tall_seat_back, conditions not met
[18:59:37] [INFO] Skipping recipe supplementaries:gold_gate, conditions not met
[18:59:37] [INFO] Skipping recipe bibliowoods:color/purple/wood/werewolves_magic/raised_seat_back, conditions not met
[18:59:37] [INFO] Skipping recipe bibliobiomes:color/gray/wood/biomesoplenty_umbran/display_case, conditions not met
[18:59:37] [INFO] Skipping recipe bibliobiomes:color/gray/wood/biomesoplenty_jacaranda/seat, conditions not met
[18:59:37] [INFO] Skipping recipe bibliowoods:color/purple/wood/werewolves_magic/seat, conditions not met
[18:59:37] [INFO] Skipping recipe bibliowoods:color/purple/wood/gtceu_rubber/display_case, conditions not met
[18:59:37] [INFO] Skipping recipe productivebees:bee_conversion/gems/morganite_bee, conditions not met
[18:59:37] [INFO] Skipping recipe bibliowoods:color/light_gray/wood/werewolves_jacaranda/tall_seat_back, conditions not met
[18:59:37] [INFO] Skipping recipe create:crushing/compat/silentgems/peridot_nether_ore, conditions not met
[18:59:37] [INFO] Skipping recipe bibliowoods:color/light_gray/wood/extradelight_fruit/small_seat_back, conditions not met
[18:59:37] [INFO] Skipping recipe bibliowoods:color/purple/wood/butchercraft_barn_wood/flat_seat_back, conditions not met
[18:59:37] [INFO] Skipping recipe cataclysm:blasting/ancient_metal_nugget_from_blasting, no type defined
[18:59:37] [INFO] Skipping recipe bibliowoods:color/blue/wood/butchercraft_barn_wood/raised_seat_back, conditions not met
[18:59:37] [INFO] Skipping recipe megacells:cells/standard/experience_storage_cell_16m_disassembly, conditions not met
[18:59:37] [INFO] Skipping recipe bibliowoods:color/brown/wood/vampirism_cursed_spruce/tall_seat_back, conditions not met
[18:59:37] [INFO] Skipping recipe bibliowoods:wood/vampirism_dark_spruce/fancy_sign, conditions not met
[18:59:37] [INFO] Skipping recipe supplementaries:way_sign_oak/productivetrees/jackfruit, conditions not met
[18:59:37] [INFO] Skipping recipe bibliowoods:color/light_blue/wood/gtceu_rubber/fancy_seat_back, conditions not met
[18:59:37] [INFO] Skipping recipe bibliobiomes:color/white/wood/biomesoplenty_mahogany/seat, conditions not met
[18:59:37] [INFO] Skipping recipe farmingforblockheads:market/croptopia/zucchini_seed, conditions not met
[18:59:37] [INFO] Skipping recipe farmingforblockheads:market/byg/purple_tulip, conditions not met
[18:59:37] [INFO] Skipping recipe bibliowoods:wood/werewolves_magic/fancy_clock, conditions not met
[18:59:37] [INFO] Skipping recipe bibliowoods:color/light_blue/wood/werewolves_jacaranda/flat_seat_back, conditions not met
[18:59:37] [INFO] Skipping recipe theurgy:liquefaction/alchemical_sulfur_saguaro_from_crops_saguaro, conditions not met
[18:59:37] [INFO] Skipping recipe bibliobiomes:wood/biomesoplenty_redwood/table, conditions not met
[18:59:37] [INFO] Skipping recipe productivebees:thermal/shapeless/dragonsteel_bee, conditions not met
[18:59:37] [INFO] Skipping recipe bibliobiomes:color/green/wood/biomesoplenty_maple/seat, conditions not met
[18:59:37] [INFO] Skipping recipe bibliobiomes:color/light_blue/wood/biomesoplenty_maple/display_case, conditions not met
[18:59:37] [INFO] Skipping recipe farmingforblockheads:market/simplefarming/orange_sapling, conditions not met
[18:59:37] [INFO] Skipping recipe farmingforblockheads:market/nethers_delight/soul_compost, conditions not met
[18:59:37] [INFO] Skipping recipe bibliobiomes:color/lime/wood/biomesoplenty_empyreal/raised_seat_back, conditions not met
[18:59:37] [INFO] Skipping recipe productivebees:bee_breeding/chemlib/praseodymium_bee, conditions not met
[18:59:37] [INFO] Skipping recipe bibliobiomes:color/light_blue/wood/biomesoplenty_palm/display_case, conditions not met
[18:59:37] [INFO] Skipping recipe bibliowoods:color/pink/wood/vampirism_cursed_spruce/raised_seat_back, conditions not met
[18:59:37] [INFO] Skipping recipe gtceu:electrolyzer/tungstate_bee, conditions not met
[18:59:37] [INFO] Skipping recipe occultism:miner/ores/ardite_ore, conditions not met
[18:59:37] [INFO] Skipping recipe bibliobiomes:color/black/wood/biomesoplenty_magic/display_case, conditions not met
[18:59:37] [INFO] Skipping recipe bibliobiomes:color/purple/wood/biomesoplenty_mahogany/seat, conditions not met
[18:59:37] [INFO] Skipping recipe ae2:matter_cannon/nuggets/manganese, conditions not met
[18:59:37] [INFO] Skipping recipe productivebees:centrifuge/materials/honeycomb_sticky_resin_gtceu, conditions not met
[18:59:37] [INFO] Skipping recipe productivemetalworks:casting/storage_blocks/ftbmaterials/brass, conditions not met
[18:59:37] [INFO] Skipping recipe productivebees:bee_produce/gobber/end_gobber_bee, conditions not met
[18:59:37] [INFO] Skipping recipe bibliowoods:color/yellow/wood/gtceu_rubber/tall_seat_back, conditions not met
[18:59:37] [INFO] Skipping recipe bibliowoods:color/light_gray/wood/deep_aether_conberry/flat_seat_back, conditions not met
[18:59:37] [INFO] Skipping recipe bibliobiomes:color/yellow/wood/biomesoplenty_pine/display_case, conditions not met
[18:59:37] [INFO] Skipping recipe bibliobiomes:color/cyan/wood/biomesoplenty_mahogany/seat, conditions not met
[18:59:37] [INFO] Skipping recipe bibliobiomes:color/yellow/wood/biomesoplenty_maple/fancy_seat_back, conditions not met
[18:59:37] [INFO] Skipping recipe bibliowoods:color/lime/wood/vampirism_dark_spruce/raised_seat_back, conditions not met
[18:59:37] [INFO] Skipping recipe mysticalagriculture:seed/crafting/dragon_egg, conditions not met
[18:59:37] [INFO] Skipping recipe bibliobiomes:color/light_blue/wood/biomesoplenty_jacaranda/small_seat_back, conditions not met
[18:59:37] [INFO] Skipping recipe bibliowoods:color/blue/wood/gtceu_rubber/tall_seat_back, conditions not met
[18:59:37] [INFO] Skipping recipe create:splashing/quark/rusty_iron_plate, conditions not met
[18:59:37] [INFO] Skipping recipe bibliobiomes:color/lime/wood/biomesoplenty_palm/tall_seat_back, conditions not met
[18:59:37] [INFO] Skipping recipe bibliowoods:color/red/wood/werewolves_magic/fancy_seat_back, conditions not met
[18:59:37] [INFO] Skipping recipe silentgear:woodcutting/netherwood_planks, conditions not met
[18:59:37] [INFO] Skipping recipe mysticalagriculture:seed/crafting/cyanite, conditions not met
[18:59:37] [INFO] Skipping recipe bibliowoods:color/yellow/wood/extradelight_cinnamon/tall_seat_back, conditions not met
[18:59:37] [INFO] Skipping recipe bibliowoods:color/green/wood/butchercraft_barn_wood/display_case, conditions not met
[18:59:37] [INFO] Skipping recipe bibliowoods:color/brown/wood/deep_aether_yagroot/raised_seat_back, conditions not met
[18:59:37] [INFO] Skipping recipe bibliobiomes:color/pink/wood/biomesoplenty_magic/seat, conditions not met
[18:59:37] [INFO] Skipping recipe mysticalagriculture:seed/crafting/gaia_spirit, conditions not met
[18:59:37] [INFO] Skipping recipe bibliobiomes:color/green/wood/biomesoplenty_empyreal/tall_seat_back, conditions not met
[18:59:37] [INFO] Skipping recipe theurgy:liquefaction/alchemical_sulfur_transwood_from_logs_transwood, conditions not met
[18:59:37] [INFO] Skipping recipe bibliowoods:color/blue/wood/deep_aether_conberry/raised_seat_back, conditions not met
[18:59:37] [INFO] Skipping recipe productivebees:hives/advanced_biomesoplenty_willow_beehive_clear, conditions not met
[18:59:37] [INFO] Skipping recipe bibliobiomes:color/light_blue/wood/biomesoplenty_empyreal/seat, conditions not met
[18:59:37] [INFO] Skipping recipe bibliowoods:color/cyan/wood/mynethersdelight_powdery/flat_seat_back, conditions not met
[18:59:37] [INFO] Skipping recipe bibliobiomes:wood/biomesoplenty_fir/grandfather_clock, conditions not met
[18:59:37] [INFO] Skipping recipe bibliowoods:color/orange/wood/mynethersdelight_powdery/tall_seat_back, conditions not met
[18:59:37] [INFO] Skipping recipe bibliobiomes:color/light_gray/wood/biomesoplenty_palm/tall_seat_back, conditions not met
[18:59:37] [INFO] Skipping recipe bibliowoods:color/cyan/wood/vampirism_cursed_spruce/seat, conditions not met
[18:59:37] [INFO] Skipping recipe farmingforblockheads:market/tropicraft/lime_sapling, conditions not met
[18:59:37] [INFO] Skipping recipe bibliobiomes:color/purple/wood/biomesoplenty_palm/tall_seat_back, conditions not met
[18:59:37] [INFO] Skipping recipe bibliobiomes:color/white/wood/biomesoplenty_pine/display_case, conditions not met
[18:59:37] [INFO] Skipping recipe bibliowoods:color/cyan/wood/vampirism_dark_spruce/tall_seat_back, conditions not met
[18:59:37] [INFO] Skipping recipe create:milling/compat/atmospheric/firethorn, conditions not met
[18:59:37] [INFO] Skipping recipe productivebees:bee_produce/chemlib/protactinium_bee, conditions not met
[18:59:37] [INFO] Skipping recipe bibliowoods:color/magenta/wood/deep_aether_conberry/small_seat_back, conditions not met
[18:59:37] [INFO] Skipping recipe bibliobiomes:color/blue/wood/biomesoplenty_palm/display_case, conditions not met
[18:59:37] [INFO] Skipping recipe bibliowoods:color/red/wood/werewolves_jacaranda/flat_seat_back, conditions not met
[18:59:37] [INFO] Skipping recipe mekanism:compat/biomesoplenty/sawing/pressure_plate/mahogany, conditions not met
[18:59:37] [INFO] Skipping recipe bibliobiomes:color/green/wood/biomesoplenty_hellbark/raised_seat_back, conditions not met
[18:59:37] [INFO] Skipping recipe productivebees:thermal/machine/smelter/ender_bee_to_resonant_ender_bee, conditions not met
[18:59:37] [INFO] Recipe silentgear:binding_template[minecraft:crafting_shapeless] failed to parse due to an error on component: Invalid component ingredients: ingredient[] - Component 'ingredient' is not allowed to be empty!
[18:59:37] [INFO] Skipping recipe create:milling/compat/biomesoplenty/pink_daffodil, conditions not met
[18:59:37] [INFO] Skipping recipe bibliobiomes:color/light_blue/wood/biomesoplenty_umbran/small_seat_back, conditions not met
[18:59:37] [INFO] Skipping recipe create:splashing/ic2/crushed_raw_silver, conditions not met
[18:59:37] [INFO] Skipping recipe bibliowoods:color/light_gray/wood/deep_aether_cruderoot/fancy_seat_back, conditions not met
[18:59:37] [INFO] Skipping recipe mysticalagradditions:tconstruct/tools/materials/tertium/block, conditions not met
[18:59:37] [INFO] Skipping recipe bibliowoods:color/brown/wood/deep_aether_conberry/raised_seat_back, conditions not met
[18:59:37] [INFO] Skipping recipe theurgy:reformation/alchemical_sulfur_dreamwood_from_alchemical_niter_logs_abundant, conditions not met
[18:59:37] [INFO] Skipping recipe bibliobiomes:color/pink/wood/biomesoplenty_pine/small_seat_back, conditions not met
[18:59:37] [INFO] Skipping recipe bibliowoods:color/blue/wood/deep_aether_sunroot/tall_seat_back, conditions not met
[18:59:37] [INFO] Skipping recipe mysticalagradditions:essence/gaia_spirit, conditions not met
[18:59:37] [INFO] Skipping recipe bibliowoods:color/light_blue/wood/werewolves_jacaranda/small_seat_back, conditions not met
[18:59:37] [INFO] Skipping recipe bibliowoods:color/pink/wood/deep_aether_conberry/flat_seat_back, conditions not met
[18:59:37] [INFO] Skipping recipe bibliobiomes:color/orange/wood/biomesoplenty_dead/fancy_seat_back, conditions not met
[18:59:37] [INFO] Skipping recipe bibliowoods:color/red/wood/werewolves_jacaranda/small_seat_back, conditions not met
[18:59:37] [INFO] Skipping recipe farmingforblockheads:market/betternether/agave, conditions not met
[18:59:37] [INFO] Skipping recipe bibliobiomes:color/purple/wood/biomesoplenty_fir/fancy_seat_back, conditions not met
[18:59:37] [INFO] Skipping recipe toolbelt:pouch_via_sewing, conditions not met
[18:59:37] [INFO] Skipping recipe supplementaries:way_sign_oak/twilightforest/dark, conditions not met
[18:59:37] [INFO] Skipping recipe farmingforblockheads:market/betterendforge/bulb_vine_seed, conditions not met
[18:59:37] [INFO] Skipping recipe farmingforblockheads:market/simplefarming/squash_seeds, conditions not met
[18:59:37] [INFO] Skipping recipe bibliowoods:color/cyan/wood/mynethersdelight_powdery/small_seat_back, conditions not met
[18:59:37] [INFO] Skipping recipe farmingforblockheads:market/byg/snowdrops, conditions not met
[18:59:37] [INFO] Skipping recipe bibliowoods:color/white/wood/expandeddelight_cinnamon/small_seat_back, conditions not met
[18:59:37] [INFO] Skipping recipe theurgy:incubation/ingots_desh_from_alchemical_sulfur_desh, conditions not met
[18:59:37] [INFO] Skipping recipe bibliowoods:color/blue/wood/deep_aether_roseroot/flat_seat_back, conditions not met
[18:59:37] [INFO] Skipping recipe bibliobiomes:wood/biomesoplenty_umbran/fancy_armor_stand, conditions not met
[18:59:37] [INFO] Skipping recipe productivemetalworks:casting/rods/ftbmaterials/invar, conditions not met
[18:59:37] [INFO] Skipping recipe supplementaries:way_sign_oak/biomeswevegone/baobab, conditions not met
[18:59:37] [INFO] Skipping recipe mekanism:compat/biomeswevegone/pigment_extracting/large_red, conditions not met
[18:59:37] [INFO] Skipping recipe mysticalagriculture:seed/crafting/uraninite, conditions not met
[18:59:37] [INFO] Skipping recipe bibliobiomes:color/gray/wood/biomesoplenty_jacaranda/tall_seat_back, conditions not met
[18:59:37] [INFO] Skipping recipe gtceu:electrolyzer/bastnasite_bee, conditions not met
[18:59:37] [INFO] Skipping recipe bibliowoods:color/red/wood/deep_aether_sunroot/small_seat_back, conditions not met
[18:59:37] [INFO] Skipping recipe bibliowoods:color/green/wood/expandeddelight_cinnamon/small_seat_back, conditions not met
[18:59:37] [INFO] Skipping recipe bibliobiomes:color/yellow/wood/biomesoplenty_jacaranda/display_case, conditions not met
[18:59:37] [INFO] Skipping recipe bibliowoods:color/green/wood/butchercraft_barn_wood/small_seat_back, conditions not met
[18:59:37] [INFO] Skipping recipe allthemodium:casting/alloys/unobtainium_allthemodium_alloy_ingot, conditions not met
[18:59:37] [INFO] Skipping recipe theurgy:reformation/alchemical_sulfur_demonite_from_alchemical_niter_metals_precious, conditions not met
[18:59:37] [INFO] Skipping recipe supplementaries:jeed/overencumbering, conditions not met
[18:59:37] [INFO] Skipping recipe productivebees:bee_conversion/gems/jasper_bee, conditions not met
[18:59:37] [INFO] Skipping recipe productivebees:bee_produce/mmorpg/epic_salvage_bee, conditions not met
[18:59:37] [INFO] Skipping recipe bibliowoods:color/cyan/wood/deep_aether_conberry/tall_seat_back, conditions not met
[18:59:37] [INFO] Skipping recipe farmingforblockheads:market/croptopia/eggplant_seed, conditions not met
[18:59:37] [INFO] Skipping recipe mysticalagradditions:tconstruct/melting/imperium/block, conditions not met
[18:59:37] [INFO] Skipping recipe supplementaries:way_sign_oak/productivetrees/rosewood, conditions not met
[18:59:37] [INFO] Skipping recipe supplementaries:way_sign_oak/twilightforest/mangrove, conditions not met
[18:59:37] [INFO] Skipping recipe productivemetalworks:melting/geore/silver_block, conditions not met
[18:59:37] [INFO] Skipping recipe bibliowoods:color/purple/wood/vampirism_dark_spruce/raised_seat_back, conditions not met
[18:59:37] [INFO] Skipping recipe bibliowoods:wood/cobblemon_apricorn/fancy_armor_stand, conditions not met
[18:59:37] [INFO] Skipping recipe bibliobiomes:wood/biomesoplenty_jacaranda/grandfather_clock, conditions not met
[18:59:37] [INFO] Skipping recipe occultism:crushing/graphite_dust_from_raw, conditions not met
[18:59:37] [INFO] Skipping recipe bibliowoods:color/light_gray/wood/deep_aether_roseroot/display_case, conditions not met
[18:59:37] [INFO] Skipping recipe farmingforblockheads:market/biomesoplenty/yellow_maple_sapling, conditions not met
[18:59:37] [INFO] Skipping recipe bibliobiomes:color/red/wood/biomesoplenty_willow/tall_seat_back, conditions not met
[18:59:37] [INFO] Skipping recipe bibliowoods:wood/gtceu_treated_wood/table, conditions not met
[18:59:37] [INFO] Skipping recipe theurgy:liquefaction/alchemical_sulfur_ostrum_from_raw_materials_ostrum, conditions not met
[18:59:37] [INFO] Skipping recipe bibliobiomes:color/green/wood/biomesoplenty_dead/raised_seat_back, conditions not met
[18:59:37] [INFO] Skipping recipe bibliobiomes:color/magenta/wood/biomesoplenty_maple/raised_seat_back, conditions not met
[18:59:37] [INFO] Skipping recipe immersiveengineering:metalpress/rod_manyullyn, conditions not met
[18:59:37] [INFO] Skipping recipe supplementaries:way_sign_oak/productivetrees/prairie_crabapple, conditions not met
[18:59:37] [INFO] Skipping recipe create:crushing/compat/elementaryores/ore_emerald_nether, conditions not met
[18:59:37] [INFO] Skipping recipe bibliowoods:color/pink/wood/extradelight_cinnamon/flat_seat_back, conditions not met
[18:59:37] [INFO] Skipping recipe cataclysm:stonecutting/end_stone_pillar_from_stonecutting, no type defined
[18:59:37] [INFO] Skipping recipe theurgy:reformation/alchemical_sulfur_blackbean_from_alchemical_niter_crops_abundant, conditions not met
[18:59:37] [INFO] Skipping recipe bibliowoods:color/light_gray/wood/deep_aether_sunroot/display_case, conditions not met
[18:59:37] [INFO] Skipping recipe productivebees:hives/advanced_biomesoplenty_mahogany_beehive_clear, conditions not met
[18:59:37] [INFO] Skipping recipe productivebees:bee_nbt_changer/fill_mana_item, conditions not met
[18:59:37] [INFO] Skipping recipe bibliobiomes:color/purple/wood/biomesoplenty_pine/fancy_seat_back, conditions not met
[18:59:37] [INFO] Skipping recipe bibliowoods:color/lime/wood/vampirism_cursed_spruce/tall_seat_back, conditions not met
[18:59:37] [INFO] Skipping recipe bibliowoods:color/pink/wood/werewolves_jacaranda/fancy_seat_back, conditions not met
[18:59:37] [INFO] Skipping recipe bibliobiomes:color/gray/wood/biomesoplenty_palm/flat_seat_back, conditions not met
[18:59:37] [INFO] Skipping recipe farmingforblockheads:market/croptopia/onion_seed, conditions not met
[18:59:37] [INFO] Skipping recipe productivebees:bee_produce/gtceu/pyrochlore_bee, conditions not met
[18:59:37] [INFO] Skipping recipe bibliowoods:color/purple/wood/deep_aether_sunroot/flat_seat_back, conditions not met
[18:59:37] [INFO] Skipping recipe mysticalagriculture:seed/reprocessor/queens_slime, conditions not met
[18:59:37] [INFO] Skipping recipe bibliowoods:color/lime/wood/extradelight_fruit/display_case, conditions not met
[18:59:37] [INFO] Skipping recipe mysticalagradditions:tconstruct/casting/tertium/ingot_gold_cast, conditions not met
[18:59:37] [INFO] Skipping recipe productivebees:elementalcraft/binding/fireite_bee, conditions not met
[18:59:37] [INFO] Skipping recipe bibliowoods:color/purple/wood/deep_aether_roseroot/small_seat_back, conditions not met
[18:59:37] [INFO] Skipping recipe bibliowoods:color/blue/wood/deep_aether_sunroot/seat, conditions not met
[18:59:37] [INFO] Skipping recipe mekmm:compat/evolvedmekanism/factory/creative/washing, conditions not met
[18:59:37] [INFO] Skipping recipe mysticalagriculture:seed/crafting/draconium, conditions not met
[18:59:37] [INFO] Skipping recipe gtceu:alloy_smelter/barite_bee, conditions not met
[18:59:37] [INFO] Skipping recipe bibliowoods:color/light_gray/wood/werewolves_magic/flat_seat_back, conditions not met
[18:59:37] [INFO] Skipping recipe productivemetalworks:casting/nuggets/ftbmaterials/silver, conditions not met
[18:59:37] [INFO] Skipping recipe create_aquatic_ambitions:channeling/upgrade_aquatic/pillow_coral, conditions not met
[18:59:37] [INFO] Skipping recipe mekmm:compat/evolvedmekanism/factory/dense/pressurised_reacting, conditions not met
[18:59:37] [INFO] Skipping recipe bibliowoods:color/purple/wood/extradelight_fruit/flat_seat_back, conditions not met
[18:59:37] [INFO] Skipping recipe bibliobiomes:color/lime/wood/biomesoplenty_pine/display_case, conditions not met
[18:59:37] [INFO] Skipping recipe mysticalagradditions:tconstruct/casting/supremium/ingot_gold_cast, conditions not met
[18:59:37] [INFO] Skipping recipe occultism:miner/ores/onyx_ore, conditions not met
[18:59:37] [INFO] Skipping recipe bibliobiomes:color/cyan/wood/biomesoplenty_umbran/small_seat_back, conditions not met
[18:59:37] [INFO] Skipping recipe bibliobiomes:color/orange/wood/biomesoplenty_palm/fancy_seat_back, conditions not met
[18:59:37] [INFO] Skipping recipe supplementaries:way_sign_oak/twilightforest/sorting, conditions not met
[18:59:37] [INFO] Skipping recipe bibliobiomes:color/purple/wood/biomesoplenty_jacaranda/small_seat_back, conditions not met
[18:59:37] [INFO] Skipping recipe mekanism:compat/biomesoplenty/sawing/door/pine, conditions not met
[18:59:37] [INFO] Skipping recipe bibliowoods:color/red/wood/mynethersdelight_powdery/small_seat_back, conditions not met
[18:59:37] [INFO] Skipping recipe oritech:compat/energizedpower/alloyfurance/steel_with_dust, conditions not met
[18:59:37] [INFO] Skipping recipe bibliobiomes:color/blue/wood/biomesoplenty_umbran/fancy_seat_back, conditions not met
[18:59:37] [INFO] Skipping recipe bibliowoods:color/black/wood/deep_aether_sunroot/tall_seat_back, conditions not met
[18:59:37] [INFO] Skipping recipe bibliowoods:color/light_gray/wood/extradelight_fruit/tall_seat_back, conditions not met
[18:59:37] [INFO] Skipping recipe bibliobiomes:color/orange/wood/biomesoplenty_hellbark/flat_seat_back, conditions not met
[18:59:37] [INFO] Skipping recipe bibliobiomes:color/light_gray/wood/biomesoplenty_jacaranda/small_seat_back, conditions not met
[18:59:37] [INFO] Skipping recipe allthecompressed:compress/crushed_deepslate_8x, conditions not met
[18:59:37] [INFO] Skipping recipe twilightforest:jeed/regeneration, conditions not met
[18:59:37] [INFO] Skipping recipe allthecompressed:compress/crushed_deepslate_9x, conditions not met
[18:59:37] [INFO] Skipping recipe bibliowoods:color/black/wood/werewolves_magic/raised_seat_back, conditions not met
[18:59:37] [INFO] Skipping recipe bibliowoods:color/brown/wood/cobblemon_apricorn/tall_seat_back, conditions not met
[18:59:37] [INFO] Skipping recipe bibliowoods:wood/cobblemon_apricorn/shelf, conditions not met
[18:59:37] [INFO] Skipping recipe mysticalagriculture:seed/crafting/starmetal, conditions not met
[18:59:37] [INFO] Skipping recipe bibliowoods:color/purple/wood/deep_aether_roseroot/flat_seat_back, conditions not met
[18:59:37] [INFO] Skipping recipe bibliowoods:color/lime/wood/mynethersdelight_powdery/flat_seat_back, conditions not met
[18:59:37] [INFO] Skipping recipe toolbelt:belt_upgrade_3_via_sewing, conditions not met
[18:59:37] [INFO] Skipping recipe bibliowoods:color/light_blue/wood/vampirism_dark_spruce/tall_seat_back, conditions not met
[18:59:37] [INFO] Skipping recipe bibliowoods:color/orange/wood/deep_aether_yagroot/display_case, conditions not met
[18:59:37] [INFO] Skipping recipe productivemetalworks:casting/plates/ftbmaterials/nickel, conditions not met
[18:59:37] [INFO] Skipping recipe bibliowoods:color/purple/wood/gtceu_treated_wood/raised_seat_back, conditions not met
[18:59:37] [INFO] Skipping recipe mysticalagriculture:seed/crafting/amethyst, conditions not met
[18:59:37] [INFO] Skipping recipe theurgy:reformation/alchemical_sulfur_crystallized_from_alchemical_sulfurs_logs_abundant, conditions not met
[18:59:37] [INFO] Skipping recipe bibliobiomes:wood/biomesoplenty_mahogany/tool_rack, conditions not met
[18:59:37] [INFO] Skipping recipe productivebees:bee_produce/gtceu/molybdenum_bee, conditions not met
[18:59:37] [INFO] Skipping recipe productivemetalworks:casting/plates/ftbmaterials/steel, conditions not met
[18:59:37] [INFO] Skipping recipe reliquary:alkahestry/crafting/iron_ingot, conditions not met
[18:59:37] [INFO] Skipping recipe occultism:crystallize/apatite_from_dust, conditions not met
[18:59:37] [INFO] Skipping recipe allthearcanistgear:base_legs_to_allthemodium_leggings_smithing, conditions not met
[18:59:37] [INFO] Skipping recipe productivebees:bee_produce/botania/elementium_bee, conditions not met
[18:59:37] [INFO] Skipping recipe farmingforblockheads:market/biomesoplenty/cypress_sapling, conditions not met
[18:59:37] [INFO] Skipping recipe create:milling/compat/biomesoplenty/icy_iris, conditions not met
[18:59:37] [INFO] Skipping recipe theurgy:reformation/alchemical_sulfur_sortingwood_from_alchemical_niter_logs_abundant, conditions not met
[18:59:37] [INFO] Skipping recipe productivebees:bee_produce/thermal/blizz_bee, conditions not met
[18:59:37] [INFO] Skipping recipe supplementaries:way_sign_oak/productivetrees/sugar_apple, conditions not met
[18:59:37] [INFO] Skipping recipe theurgy:incubation/crops_mustard_from_alchemical_sulfur_mustard, conditions not met
[18:59:37] [INFO] Skipping recipe bibliowoods:color/green/wood/vampirism_dark_spruce/fancy_seat_back, conditions not met
[18:59:37] [INFO] Skipping recipe bibliobiomes:color/blue/wood/biomesoplenty_willow/seat, conditions not met
[18:59:37] [INFO] Skipping recipe bibliobiomes:color/green/wood/biomesoplenty_maple/flat_seat_back, conditions not met
[18:59:37] [INFO] Skipping recipe bibliowoods:color/light_gray/wood/butchercraft_barn_wood/fancy_seat_back, conditions not met
[18:59:37] [INFO] Skipping recipe mysticalagriculture:essence/tconstruct/amethyst_bronze_ingot, conditions not met
[18:59:37] [INFO] Skipping recipe megacells:cells/mega_experience_cell_housing, conditions not met
[18:59:37] [INFO] Skipping recipe bibliocraft:soul_fancy_iron_lantern, conditions not met
[18:59:37] [INFO] Skipping recipe bibliowoods:color/light_blue/wood/cobblemon_apricorn/display_case, conditions not met
[18:59:37] [INFO] Skipping recipe twilightforest:jeed/fire_resistance, conditions not met
[18:59:37] [INFO] Skipping recipe bibliowoods:color/yellow/wood/deep_aether_sunroot/seat, conditions not met
[18:59:37] [INFO] Skipping recipe mekanism:compat/biomesoplenty/sawing/fence_gate/fir, conditions not met
[18:59:37] [INFO] Skipping recipe bibliowoods:color/black/wood/deep_aether_conberry/flat_seat_back, conditions not met
[18:59:37] [INFO] Skipping recipe bibliobiomes:color/brown/wood/biomesoplenty_jacaranda/display_case, conditions not met
[18:59:37] [INFO] Skipping recipe farmingforblockheads:market/betterendforge/dragon_tree_sapling, conditions not met
[18:59:37] [INFO] Skipping recipe theurgy:reformation/alchemical_sulfur_yam_from_alchemical_niter_crops_abundant, conditions not met
[18:59:37] [INFO] Skipping recipe productivebees:tconstruct/queens_slime_bee, conditions not met
[18:59:37] [INFO] Skipping recipe create:crushing/compat/biomeswevegone/pervaded_netherrack, conditions not met
[18:59:37] [INFO] Skipping recipe supplementaries:way_sign_oak/productivetrees/sparkle_cherry, conditions not met
[18:59:37] [INFO] Skipping recipe mekmm:compat/evolvedmekanism/factory/overclocked/chemical_infusing, conditions not met
[18:59:37] [INFO] Skipping recipe productivebees:bee_produce/chemlib/darmstadtium_bee, conditions not met
[18:59:37] [INFO] Skipping recipe bibliowoods:color/gray/wood/deep_aether_sunroot/flat_seat_back, conditions not met
[18:59:37] [INFO] Skipping recipe mysticalagriculture:essence/astralsorcery/starmetal_ingot, conditions not met
[18:59:37] [INFO] Skipping recipe bibliowoods:color/blue/wood/deep_aether_conberry/fancy_seat_back, conditions not met
[18:59:37] [INFO] Skipping recipe bibliowoods:wood/cobblemon_apricorn/tool_rack, conditions not met
[18:59:37] [INFO] Skipping recipe productivemetalworks:melting/raw_materials/invar, conditions not met
[18:59:37] [INFO] Skipping recipe bibliowoods:color/white/wood/gtceu_treated_wood/display_case, conditions not met
[18:59:37] [INFO] Skipping recipe bibliowoods:color/light_gray/wood/extradelight_fruit/flat_seat_back, conditions not met
[18:59:37] [INFO] Skipping recipe bibliobiomes:color/blue/wood/biomesoplenty_mahogany/fancy_seat_back, conditions not met
[18:59:37] [INFO] Skipping recipe bibliobiomes:color/magenta/wood/biomesoplenty_willow/display_case, conditions not met
[18:59:37] [INFO] Skipping recipe mysticalagriculture:seed/crafting/manasteel, conditions not met
[18:59:37] [INFO] Skipping recipe megacells:cells/portable/portable_mana_cell_16m_disassembly, conditions not met
[18:59:37] [INFO] Skipping recipe theurgy:liquefaction/alchemical_sulfur_golden_oak_from_logs_golden_oak, conditions not met
[18:59:37] [INFO] Skipping recipe bibliowoods:color/yellow/wood/gtceu_treated_wood/display_case, conditions not met
[18:59:37] [INFO] Skipping recipe bibliobiomes:wood/biomesoplenty_palm/grandfather_clock, conditions not met
[18:59:37] [INFO] Skipping recipe farmingforblockheads:market/biomesoplenty/rose, conditions not met
[18:59:37] [INFO] Skipping recipe bibliowoods:color/red/wood/vampirism_cursed_spruce/flat_seat_back, conditions not met
[18:59:37] [INFO] Skipping recipe bibliowoods:color/lime/wood/extradelight_fruit/flat_seat_back, conditions not met
[18:59:37] [INFO] Skipping recipe mekanism:compat/biomesoplenty/sawing/chest_boat/maple, conditions not met
[18:59:37] [INFO] Skipping recipe bibliowoods:color/blue/wood/butchercraft_barn_wood/small_seat_back, conditions not met
[18:59:37] [INFO] Skipping recipe advanced_ae:quantumdataentangler, conditions not met
[18:59:37] [INFO] Skipping recipe allthemodium:casting/unobtainium_block, conditions not met
[18:59:37] [INFO] Skipping recipe bibliowoods:color/red/wood/vampirism_dark_spruce/flat_seat_back, conditions not met
[18:59:37] [INFO] Skipping recipe bibliowoods:color/blue/wood/expandeddelight_cinnamon/flat_seat_back, conditions not met
[18:59:37] [INFO] Skipping recipe productivebees:bee_breeding/chemlib/sodium_bee, conditions not met
[18:59:37] [INFO] Skipping recipe mekanism:compat/biomesoplenty/sawing/hanging_sign/umbran, conditions not met
[18:59:37] [INFO] Skipping recipe supplementaries:way_sign_oak/regions_unexplored/redwood, conditions not met
[18:59:37] [INFO] Skipping recipe silentgear:sapling/netherwood, conditions not met
[18:59:37] [INFO] Skipping recipe bibliowoods:color/red/wood/vampirism_dark_spruce/tall_seat_back, conditions not met
[18:59:37] [INFO] Skipping recipe bibliobiomes:color/lime/wood/biomesoplenty_maple/display_case, conditions not met
[18:59:37] [INFO] Skipping recipe pneumaticcraft:block_heat_properties/byg/magmatic_stone, conditions not met
[18:59:37] [INFO] Skipping recipe bibliobiomes:color/green/wood/biomesoplenty_palm/tall_seat_back, conditions not met
[18:59:37] [INFO] Skipping recipe bibliowoods:wood/deep_aether_yagroot/potion_shelf, conditions not met
[18:59:37] [INFO] Skipping recipe bibliowoods:color/magenta/wood/deep_aether_roseroot/display_case, conditions not met
[18:59:37] [INFO] Skipping recipe bibliowoods:color/pink/wood/vampirism_cursed_spruce/small_seat_back, conditions not met
[18:59:37] [INFO] Skipping recipe enderdrives:ender_disk_4k_vanilla, conditions not met
[18:59:37] [INFO] Skipping recipe bibliowoods:color/blue/wood/deep_aether_conberry/small_seat_back, conditions not met
[18:59:37] [INFO] Skipping recipe bibliowoods:color/pink/wood/extradelight_fruit/raised_seat_back, conditions not met
[18:59:37] [INFO] Skipping recipe bibliowoods:color/pink/wood/vampirism_cursed_spruce/fancy_seat_back, conditions not met
[18:59:37] [INFO] Skipping recipe createaddition:compat/thermal/liquid_burning/tree_oil, conditions not met
[18:59:37] [INFO] Skipping recipe supplementaries:way_sign_oak/productivetrees/white_ipe, conditions not met
[18:59:37] [INFO] Skipping recipe bibliobiomes:color/white/wood/biomesoplenty_fir/small_seat_back, conditions not met
[18:59:37] [INFO] Skipping recipe create:crushing/compat/simplefarming/rice, conditions not met
[18:59:37] [INFO] Skipping recipe farmingforblockheads:market/betternether/wall_mushroom_red, conditions not met
[18:59:37] [INFO] Skipping recipe supplementaries:way_sign_oak/productivetrees/purple_ipe, conditions not met
[18:59:37] [INFO] Skipping recipe bibliobiomes:color/purple/wood/biomesoplenty_umbran/seat, conditions not met
[18:59:37] [INFO] Skipping recipe create:milling/compat/environmental/pink_hibiscus, conditions not met
[18:59:37] [INFO] Skipping recipe mekmm:compat/appgen/stamper/printed_origination_processor, conditions not met
[18:59:37] [INFO] Skipping recipe bibliowoods:color/light_blue/wood/deep_aether_sunroot/small_seat_back, conditions not met
[18:59:37] [INFO] Skipping recipe mysticalagradditions:essence/neutronium_nugget, conditions not met
[18:59:37] [INFO] Skipping recipe bibliobiomes:wood/biomesoplenty_jacaranda/tool_rack, conditions not met
[18:59:37] [INFO] Skipping recipe bibliowoods:color/light_blue/wood/werewolves_magic/flat_seat_back, conditions not met
[18:59:37] [INFO] Skipping recipe productivebees:centrifuge/thermal_extra/honeycomb_soul_infused, conditions not met
[18:59:37] [INFO] Skipping recipe bibliowoods:color/light_blue/wood/extradelight_cinnamon/small_seat_back, conditions not met
[18:59:37] [INFO] Skipping recipe mekmm:compat/evolvedmekanism/factory/creative/liquifying, conditions not met
[18:59:37] [INFO] Skipping recipe bibliobiomes:color/light_gray/wood/biomesoplenty_maple/tall_seat_back, conditions not met
[18:59:37] [INFO] Skipping recipe bibliowoods:color/brown/wood/expandeddelight_cinnamon/seat, conditions not met
[18:59:37] [INFO] Skipping recipe bibliobiomes:color/blue/wood/biomesoplenty_umbran/tall_seat_back, conditions not met
[18:59:37] [INFO] Skipping recipe productivebees:thermal/machine/smelter/glowing_bee_to_energized_glowstone_bee, conditions not met
[18:59:37] [INFO] Skipping recipe mekanism:compat/biomeswevegone/dye/large_purple, conditions not met
[18:59:37] [INFO] Skipping recipe treetap:id_menril_tfc, conditions not met
[18:59:37] [INFO] Skipping recipe bibliobiomes:color/cyan/wood/biomesoplenty_willow/seat, conditions not met
[18:59:37] [INFO] Skipping recipe bibliowoods:color/blue/wood/gtceu_treated_wood/raised_seat_back, conditions not met
[18:59:37] [INFO] Skipping recipe bibliowoods:color/light_gray/wood/deep_aether_cruderoot/display_case, conditions not met
[18:59:37] [INFO] Skipping recipe bibliobiomes:color/lime/wood/biomesoplenty_mahogany/tall_seat_back, conditions not met
[18:59:37] [INFO] Skipping recipe bibliobiomes:color/white/wood/biomesoplenty_maple/fancy_seat_back, conditions not met
[18:59:37] [INFO] Skipping recipe productivebees:tconstruct/cobalt_bee, conditions not met
[18:59:37] [INFO] Skipping recipe bibliowoods:color/pink/wood/deep_aether_sunroot/display_case, conditions not met
[18:59:37] [INFO] Skipping recipe bibliowoods:color/gray/wood/deep_aether_sunroot/tall_seat_back, conditions not met
[18:59:37] [INFO] Skipping recipe create:crushing/compat/exnihilosequentia/crushed_netherrack, conditions not met
[18:59:37] [INFO] Skipping recipe bibliobiomes:color/yellow/wood/biomesoplenty_fir/fancy_seat_back, conditions not met
[18:59:37] [INFO] Skipping recipe occultism:crushing/apatite_dust_from_gem, conditions not met
[18:59:37] [INFO] Skipping recipe mekanism:compat/biomesoplenty/sawing/trapdoor/hellbark, conditions not met
[18:59:37] [INFO] Skipping recipe bibliobiomes:color/white/wood/biomesoplenty_hellbark/raised_seat_back, conditions not met
[18:59:37] [INFO] Skipping recipe create:crushing/compat/elementaryores/ore_redstone_end, conditions not met
[18:59:37] [INFO] Skipping recipe bibliobiomes:color/white/wood/biomesoplenty_fir/fancy_seat_back, conditions not met
[18:59:37] [INFO] Skipping recipe bibliobiomes:color/yellow/wood/biomesoplenty_fir/small_seat_back, conditions not met
[18:59:37] [INFO] Skipping recipe supplementaries:way_sign_oak/biomeswevegone/cika, conditions not met
[18:59:37] [INFO] Skipping recipe bibliobiomes:color/pink/wood/biomesoplenty_empyreal/raised_seat_back, conditions not met
[18:59:37] [INFO] Skipping recipe bibliobiomes:color/lime/wood/biomesoplenty_fir/flat_seat_back, conditions not met
[18:59:37] [INFO] Skipping recipe bibliobiomes:color/green/wood/biomesoplenty_mahogany/fancy_seat_back, conditions not met
[18:59:37] [INFO] Skipping recipe mekanism:compat/biomesoplenty/sawing/boat/jacaranda, conditions not met
[18:59:37] [INFO] Skipping recipe theurgy:incubation/logs_livingwood_from_alchemical_sulfur_livingwood, conditions not met
[18:59:37] [INFO] Skipping recipe bibliobiomes:color/green/wood/biomesoplenty_mahogany/small_seat_back, conditions not met
[18:59:37] [INFO] Skipping recipe mysticalagriculture:seed/reprocessor/terrasteel, conditions not met
[18:59:37] [INFO] Skipping recipe bibliowoods:color/magenta/wood/vampirism_cursed_spruce/fancy_seat_back, conditions not met
[18:59:37] [INFO] Skipping recipe bibliobiomes:color/orange/wood/biomesoplenty_maple/display_case, conditions not met
[18:59:37] [INFO] Skipping recipe productivebees:centrifuge/spirit/honeycomb_spirit, conditions not met
[18:59:37] [INFO] Skipping recipe productivebees:thermal/machine/smelter/gold_bee_to_rose_gold_bee, conditions not met
[18:59:37] [INFO] Skipping recipe immersiveengineering:metalpress/wire_zinc, conditions not met
[18:59:37] [INFO] Skipping recipe enderdrives:ender_storage_component_64k_mega, conditions not met
[18:59:37] [INFO] Skipping recipe bibliobiomes:color/white/wood/biomesoplenty_maple/small_seat_back, conditions not met
[18:59:37] [INFO] Skipping recipe bibliobiomes:color/green/wood/biomesoplenty_palm/flat_seat_back, conditions not met
[18:59:37] [INFO] Skipping recipe bibliowoods:color/white/wood/gtceu_rubber/raised_seat_back, conditions not met
[18:59:37] [INFO] Skipping recipe generatorgalore:64x/diamond_generator_64x, conditions not met
[18:59:37] [INFO] Skipping recipe bibliobiomes:wood/biomesoplenty_pine/grandfather_clock, conditions not met
[18:59:37] [INFO] Skipping recipe mekmm:compat/evolvedmekanism/factory/overclocked/planting, conditions not met
[18:59:37] [INFO] Skipping recipe theurgy:fermentation/alchemical_niter_mobs_rare_using_fermentation_starters, conditions not met
[18:59:37] [INFO] Skipping recipe bibliowoods:color/orange/wood/deep_aether_conberry/raised_seat_back, conditions not met
[18:59:37] [INFO] Skipping recipe supplementaries:way_sign_oak/productivetrees/cocobolo, conditions not met
[18:59:37] [INFO] Skipping recipe immersiveengineering:metalpress/plate_rose_gold, conditions not met
[18:59:37] [INFO] Skipping recipe reliquary:alkahestry/crafting/sandstone, conditions not met
[18:59:37] [INFO] Skipping recipe actuallyadditions:mininglens/elementsofpower/citrine_ore, conditions not met
[18:59:37] [INFO] Skipping recipe productivebees:bee_produce/chemlib/technetium_bee, conditions not met
[18:59:37] [INFO] Skipping recipe theurgy:reformation/alchemical_sulfur_maple_from_alchemical_sulfurs_logs_abundant, conditions not met
[18:59:37] [INFO] Skipping recipe productivemetalworks:melting/ores/tyrian_steel, conditions not met
[18:59:37] [INFO] Skipping recipe bibliowoods:color/yellow/wood/vampirism_cursed_spruce/seat, conditions not met
[18:59:37] [INFO] Skipping recipe ae2:matter_cannon/nuggets/vanadium, conditions not met
[18:59:37] [INFO] Skipping recipe mekanism:compat/biomeswevegone/dye/red, conditions not met
[18:59:37] [INFO] Skipping recipe bibliowoods:color/brown/wood/cobblemon_apricorn/seat, conditions not met
[18:59:37] [INFO] Skipping recipe supplementaries:way_sign_oak/twilightforest/mining, conditions not met
[18:59:37] [INFO] Skipping recipe farmingforblockheads:market/betternether/eye_seed, conditions not met
[18:59:37] [INFO] Skipping recipe supplementaries:way_sign_oak/ars_nouveau/archwood, conditions not met
[18:59:37] [INFO] Skipping recipe productivebees:bee_produce/gtceu/galena_bee, conditions not met
[18:59:37] [INFO] Skipping recipe bibliowoods:color/blue/wood/extradelight_cinnamon/flat_seat_back, conditions not met
[18:59:37] [INFO] Skipping recipe create:crushing/compat/silentgems/white_diamond_nether_ore, conditions not met
[18:59:37] [INFO] Skipping recipe farmingforblockheads:market/croptopia/coffee_seed, conditions not met
[18:59:37] [INFO] Skipping recipe productivebees:powered_centrifuge/vanilla, conditions not met
[18:59:37] [INFO] Skipping recipe bibliobiomes:color/purple/wood/biomesoplenty_dead/fancy_seat_back, conditions not met
[18:59:37] [INFO] Skipping recipe bibliowoods:wood/deep_aether_conberry/fancy_clock, conditions not met
[18:59:37] [INFO] Skipping recipe bibliobiomes:color/orange/wood/biomesoplenty_hellbark/tall_seat_back, conditions not met
[18:59:37] [INFO] Skipping recipe create:milling/compat/upgrade_aquatic/white_searocket, conditions not met
[18:59:37] [INFO] Skipping recipe oritech:compat/energizedpower/alloyfurance/nickel_gems, conditions not met
[18:59:37] [INFO] Skipping recipe mysticalagriculture:seed/crafting/water, conditions not met
[18:59:37] [INFO] Skipping recipe bibliowoods:color/green/wood/gtceu_treated_wood/seat, conditions not met
[18:59:37] [INFO] Skipping recipe productivemetalworks:melting/rods/refined_obsidian, conditions not met
[18:59:37] [INFO] Skipping recipe productivemetalworks:melting/geore/ruby_shard, conditions not met
[18:59:37] [INFO] Skipping recipe occultism:miner/ores/amber_ore, conditions not met
[18:59:37] [INFO] Skipping recipe productivebees:alchemistry/combiner/tellurium_bee, conditions not met
[18:59:37] [INFO] Skipping recipe bibliowoods:color/pink/wood/expandeddelight_cinnamon/display_case, conditions not met
[18:59:37] [INFO] Skipping recipe bibliowoods:color/brown/wood/extradelight_fruit/seat, conditions not met
[18:59:37] [INFO] Skipping recipe bibliowoods:color/magenta/wood/deep_aether_sunroot/flat_seat_back, conditions not met
[18:59:37] [INFO] Skipping recipe bibliobiomes:color/blue/wood/biomesoplenty_jacaranda/flat_seat_back, conditions not met
[18:59:37] [INFO] Skipping recipe bibliowoods:color/lime/wood/mynethersdelight_powdery/tall_seat_back, conditions not met
[18:59:37] [INFO] Skipping recipe bibliowoods:color/light_gray/wood/deep_aether_conberry/raised_seat_back, conditions not met
[18:59:37] [INFO] Skipping recipe farmingforblockheads:market/byg/white_cherry_sapling, conditions not met
[18:59:37] [INFO] Skipping recipe productivemetalworks:casting/rods/ftbmaterials/constantan, conditions not met
[18:59:37] [INFO] Skipping recipe bibliowoods:color/black/wood/deep_aether_yagroot/seat, conditions not met
[18:59:37] [INFO] Skipping recipe bibliowoods:color/blue/wood/expandeddelight_cinnamon/raised_seat_back, conditions not met
[18:59:37] [INFO] Skipping recipe bibliobiomes:color/blue/wood/biomesoplenty_mahogany/display_case, conditions not met
[18:59:37] [INFO] Skipping recipe immersiveengineering:arcfurnace/alloy_rose_gold, conditions not met
[18:59:37] [INFO] Skipping recipe bibliobiomes:color/black/wood/biomesoplenty_maple/fancy_seat_back, conditions not met
[18:59:37] [INFO] Skipping recipe bibliobiomes:color/magenta/wood/biomesoplenty_palm/small_seat_back, conditions not met
[18:59:37] [INFO] Skipping recipe productivemetalworks:casting/storage_blocks/ftbmaterials/lead, conditions not met
[18:59:37] [INFO] Skipping recipe bibliobiomes:color/blue/wood/biomesoplenty_palm/raised_seat_back, conditions not met
[18:59:37] [INFO] Skipping recipe farmingforblockheads:market/byg/flowering_indigo_jacaranda_bush, conditions not met
[18:59:37] [INFO] Skipping recipe bibliowoods:color/black/wood/cobblemon_apricorn/fancy_seat_back, conditions not met
[18:59:37] [INFO] Skipping recipe reliquary:alkahestry/crafting/gold_ingot, conditions not met
[18:59:37] [INFO] Skipping recipe productivebees:item_conversion/reactors/ludicrite_bee, conditions not met
[18:59:37] [INFO] Skipping recipe supplementaries:way_sign_oak/productivetrees/dogwood, conditions not met
[18:59:37] [INFO] Skipping recipe productivebees:item_conversion/reactors/insanite_bee, conditions not met
[18:59:37] [INFO] Skipping recipe mekanism:compat/biomeswevegone/dye/large_white, conditions not met
[18:59:37] [INFO] Skipping recipe theurgy:reformation/alchemical_sulfur_pepper_from_alchemical_sulfurs_crops_abundant, conditions not met
[18:59:37] [INFO] Skipping recipe supplementaries:way_sign_oak/productivetrees/pistachio, conditions not met
[18:59:37] [INFO] Skipping recipe theurgy:liquefaction/alchemical_sulfur_skyroot_from_logs_skyroot, conditions not met
[18:59:37] [INFO] Skipping recipe bibliobiomes:color/gray/wood/biomesoplenty_redwood/raised_seat_back, conditions not met
[18:59:37] [INFO] Skipping recipe bibliowoods:color/red/wood/deep_aether_roseroot/flat_seat_back, conditions not met
[18:59:37] [INFO] Skipping recipe bibliowoods:color/white/wood/deep_aether_conberry/flat_seat_back, conditions not met
[18:59:37] [INFO] Skipping recipe allthemodium:melting/vibranium_from_raw_block, conditions not met
[18:59:37] [INFO] Skipping recipe farmingforblockheads:market/byg/orange_spruce_sapling, conditions not met
[18:59:37] [INFO] Skipping recipe productivebees:bee_produce/enigmaticlegacy/astral_bee, conditions not met
[18:59:37] [INFO] Skipping recipe supplementaries:planter, conditions not met
[18:59:37] [INFO] Skipping recipe bibliowoods:color/yellow/wood/butchercraft_barn_wood/seat, conditions not met
[18:59:37] [INFO] Skipping recipe bibliowoods:color/gray/wood/werewolves_magic/raised_seat_back, conditions not met
[18:59:37] [INFO] Skipping recipe bibliobiomes:color/black/wood/biomesoplenty_maple/small_seat_back, conditions not met
[18:59:37] [INFO] Skipping recipe theurgy:fermentation/alchemical_niter_other_minerals_precious_using_fermentation_starters, conditions not met
[18:59:37] [INFO] Skipping recipe mysticalagradditions:tconstruct/tools/materials/imperium/nugget, conditions not met
[18:59:37] [INFO] Skipping recipe create:blasting/lead_ingot_compat_oreganized, conditions not met
[18:59:37] [INFO] Skipping recipe mysticalagradditions:tconstruct/melting/inferium/block, conditions not met
[18:59:37] [INFO] Skipping recipe immersiveengineering:metalpress/wire_tungsten, conditions not met
[18:59:37] [INFO] Skipping recipe create:cutting/compat/atmospheric/watchful_aspen_log, conditions not met
[18:59:37] [INFO] Skipping recipe bibliowoods:color/cyan/wood/deep_aether_conberry/flat_seat_back, conditions not met
[18:59:37] [INFO] Skipping recipe mekanism:compat/biomesoplenty/sawing/log/magic, conditions not met
[18:59:37] [INFO] Skipping recipe bibliobiomes:color/light_blue/wood/biomesoplenty_empyreal/tall_seat_back, conditions not met
[18:59:37] [INFO] Skipping recipe bibliobiomes:color/light_gray/wood/biomesoplenty_palm/display_case, conditions not met
[18:59:37] [INFO] Skipping recipe bibliobiomes:color/green/wood/biomesoplenty_umbran/raised_seat_back, conditions not met
[18:59:37] [INFO] Skipping recipe bibliowoods:color/brown/wood/cobblemon_apricorn/raised_seat_back, conditions not met
[18:59:37] [INFO] Skipping recipe create_aquatic_ambitions:channeling/upgrade_aquatic/branch_coral_fan, conditions not met
[18:59:37] [INFO] Skipping recipe productivemetalworks:melting/geore/uranium_shard, conditions not met
[18:59:37] [INFO] Skipping recipe bibliowoods:color/black/wood/cobblemon_apricorn/small_seat_back, conditions not met
[18:59:37] [INFO] Skipping recipe farmingforblockheads:market/byg/green_enchanted_sapling, conditions not met
[18:59:37] [INFO] Skipping recipe farmingforblockheads:market/byg/fungal_imparius, conditions not met
[18:59:37] [INFO] Skipping recipe mysticalagriculture:seed/infusion/signalum, conditions not met
[18:59:37] [INFO] Skipping recipe supplementaries:way_sign_oak/productivetrees/pomegranate, conditions not met
[18:59:37] [INFO] Skipping recipe supplementaries:way_sign_oak/productivetrees/padauk, conditions not met
[18:59:37] [INFO] Skipping recipe bibliobiomes:color/gray/wood/biomesoplenty_palm/raised_seat_back, conditions not met
[18:59:37] [INFO] Skipping recipe bibliowoods:color/lime/wood/extradelight_fruit/tall_seat_back, conditions not met
[18:59:37] [INFO] Skipping recipe productivebees:bee_conversion/gems/kunzite_bee, conditions not met
[18:59:37] [INFO] Skipping recipe bibliowoods:color/blue/wood/butchercraft_barn_wood/fancy_seat_back, conditions not met
[18:59:37] [INFO] Skipping recipe bibliobiomes:color/magenta/wood/biomesoplenty_palm/fancy_seat_back, conditions not met
[18:59:37] [INFO] Skipping recipe supplementaries:way_sign_oak/productivetrees/carob, conditions not met
[18:59:37] [INFO] Skipping recipe bibliobiomes:color/cyan/wood/biomesoplenty_empyreal/small_seat_back, conditions not met
[18:59:37] [INFO] Skipping recipe productivebees:centrifuge/gems/honeycomb_jade, conditions not met
[18:59:37] [INFO] Skipping recipe theurgy:reformation/alchemical_sulfur_starlit_from_alchemical_niter_logs_abundant, conditions not met
[18:59:37] [INFO] Skipping recipe reliquary:alkahestry/charging/redstone_block, conditions not met
[18:59:37] [INFO] Skipping recipe bibliobiomes:wood/biomesoplenty_magic/bookcase, conditions not met
[18:59:37] [INFO] Skipping recipe bibliobiomes:color/blue/wood/biomesoplenty_redwood/display_case, conditions not met
[18:59:37] [INFO] Skipping recipe farmingforblockheads:market/expandeddelight/cinnamon_sapling, conditions not met
[18:59:37] [INFO] Skipping recipe bibliobiomes:color/blue/wood/biomesoplenty_mahogany/small_seat_back, conditions not met
[18:59:37] [INFO] Skipping recipe bibliobiomes:color/pink/wood/biomesoplenty_palm/display_case, conditions not met
[18:59:37] [INFO] Skipping recipe create:milling/compat/environmental/purple_hibiscus, conditions not met
[18:59:37] [INFO] Skipping recipe bibliowoods:color/purple/wood/extradelight_cinnamon/tall_seat_back, conditions not met
[18:59:37] [INFO] Skipping recipe bibliowoods:color/gray/wood/gtceu_treated_wood/raised_seat_back, conditions not met
[18:59:37] [INFO] Skipping recipe theurgy:liquefaction/alchemical_sulfur_greenonion_from_crops_greenonion, conditions not met
[18:59:37] [INFO] Skipping recipe bibliobiomes:color/yellow/wood/biomesoplenty_empyreal/tall_seat_back, conditions not met
[18:59:37] [INFO] Skipping recipe createaddition:compat/tconstruct/tinkers_bronze, conditions not met
[18:59:37] [INFO] Skipping recipe bibliowoods:color/pink/wood/gtceu_rubber/tall_seat_back, conditions not met
[18:59:37] [INFO] Skipping recipe farmingforblockheads:market/simplefarming/cotton_seeds, conditions not met
[18:59:37] [INFO] Skipping recipe quarryplus:install_bedrock_module_quarry, conditions not met
[18:59:37] [INFO] Skipping recipe bibliowoods:color/orange/wood/werewolves_magic/raised_seat_back, conditions not met
[18:59:37] [INFO] Skipping recipe bibliowoods:color/blue/wood/deep_aether_conberry/tall_seat_back, conditions not met
[18:59:37] [INFO] Skipping recipe theurgy:liquefaction/alchemical_sulfur_ashen_from_logs_ashen, conditions not met
[18:59:37] [INFO] Skipping recipe mysticalagradditions:tconstruct/tools/melting/inferium, conditions not met
[18:59:37] [INFO] Skipping recipe bibliobiomes:color/yellow/wood/biomesoplenty_fir/seat, conditions not met
[18:59:37] [INFO] Skipping recipe theurgy:incubation/crops_blackbean_from_alchemical_sulfur_blackbean, conditions not met
[18:59:37] [INFO] Skipping recipe bibliobiomes:color/light_blue/wood/biomesoplenty_redwood/raised_seat_back, conditions not met
[18:59:37] [INFO] Skipping recipe bibliobiomes:color/purple/wood/biomesoplenty_dead/small_seat_back, conditions not met
[18:59:37] [INFO] Skipping recipe mekanism:compat/biomesoplenty/sawing/log/empyreal, conditions not met
[18:59:37] [INFO] Skipping recipe advanced_ae:quantumunit, conditions not met
[18:59:37] [INFO] Skipping recipe supplementaries:way_sign_oak/productivetrees/star_fruit, conditions not met
[18:59:37] [INFO] Skipping recipe bibliowoods:color/blue/wood/gtceu_rubber/raised_seat_back, conditions not met
[18:59:37] [INFO] Skipping recipe productivebees:bee_produce/chemlib/lutetium_bee, conditions not met
[18:59:37] [INFO] Skipping recipe bibliowoods:color/magenta/wood/vampirism_cursed_spruce/tall_seat_back, conditions not met
[18:59:37] [INFO] Skipping recipe theurgy:liquefaction/alchemical_sulfur_azalea_from_logs_azalea, conditions not met
[18:59:37] [INFO] Skipping recipe theurgy:reformation/alchemical_sulfur_otherworld_from_alchemical_niter_logs_abundant, conditions not met
[18:59:37] [INFO] Skipping recipe bibliobiomes:color/blue/wood/biomesoplenty_maple/small_seat_back, conditions not met
[18:59:37] [INFO] Skipping recipe farmingforblockheads:market/simplefarming/olive_sapling, conditions not met
[18:59:37] [INFO] Skipping recipe occultism:crystallize/black_quartz_from_dust, conditions not met
[18:59:37] [INFO] Skipping recipe bibliowoods:color/orange/wood/vampirism_cursed_spruce/raised_seat_back, conditions not met
[18:59:37] [INFO] Skipping recipe bibliowoods:wood/gtceu_treated_wood/fancy_sign, conditions not met
[18:59:37] [INFO] Skipping recipe mysticalagriculture:seed/crafting/sky_stone, conditions not met
[18:59:37] [INFO] Skipping recipe theurgy:reformation/alchemical_sulfur_otherworld_from_alchemical_sulfurs_logs_abundant, conditions not met
[18:59:37] [INFO] Skipping recipe bibliobiomes:color/white/wood/biomesoplenty_mahogany/display_case, conditions not met
[18:59:37] [INFO] Skipping recipe bibliowoods:color/red/wood/butchercraft_barn_wood/fancy_seat_back, conditions not met
[18:59:37] [INFO] Skipping recipe productivebees:alchemistry/dissolver/rhodium_bee, conditions not met
[18:59:37] [INFO] Skipping recipe bibliobiomes:color/white/wood/biomesoplenty_magic/tall_seat_back, conditions not met
[18:59:37] [INFO] Skipping recipe bibliowoods:color/red/wood/extradelight_fruit/small_seat_back, conditions not met
[18:59:37] [INFO] Skipping recipe bibliobiomes:color/lime/wood/biomesoplenty_redwood/flat_seat_back, conditions not met
[18:59:37] [INFO] Skipping recipe bibliowoods:color/magenta/wood/gtceu_rubber/fancy_seat_back, conditions not met
[18:59:37] [INFO] Skipping recipe bibliobiomes:color/white/wood/biomesoplenty_palm/raised_seat_back, conditions not met
[18:59:37] [INFO] Skipping recipe bibliowoods:color/black/wood/deep_aether_conberry/small_seat_back, conditions not met
[18:59:37] [INFO] Skipping recipe bibliobiomes:color/magenta/wood/biomesoplenty_jacaranda/seat, conditions not met
[18:59:37] [INFO] Skipping recipe bibliowoods:color/orange/wood/deep_aether_conberry/display_case, conditions not met
[18:59:37] [INFO] Skipping recipe bibliowoods:color/magenta/wood/gtceu_rubber/small_seat_back, conditions not met
[18:59:37] [INFO] Skipping recipe bibliowoods:color/yellow/wood/expandeddelight_cinnamon/tall_seat_back, conditions not met
[18:59:37] [INFO] Skipping recipe supplementaries:way_sign_oak/biomeswevegone/aspen, conditions not met
[18:59:37] [INFO] Skipping recipe bibliobiomes:color/light_blue/wood/biomesoplenty_fir/flat_seat_back, conditions not met
[18:59:37] [INFO] Skipping recipe bibliowoods:color/pink/wood/deep_aether_roseroot/fancy_seat_back, conditions not met
[18:59:37] [INFO] Skipping recipe bibliobiomes:color/light_blue/wood/biomesoplenty_jacaranda/seat, conditions not met
[18:59:37] [INFO] Skipping recipe bibliowoods:color/orange/wood/expandeddelight_cinnamon/seat, conditions not met
[18:59:37] [INFO] Skipping recipe productivebees:bee_breeding/chemlib/thallium_bee, conditions not met
[18:59:37] [INFO] Skipping recipe productivebees:tconstruct/rose_gold_bee, conditions not met
[18:59:37] [INFO] Skipping recipe mekanism:compat/biomesoplenty/sawing/log/willow, conditions not met
[18:59:37] [INFO] Skipping recipe bibliobiomes:color/blue/wood/biomesoplenty_jacaranda/small_seat_back, conditions not met
[18:59:37] [INFO] Skipping recipe farmingforblockheads:market/byg/green_tulip, conditions not met
[18:59:37] [INFO] Skipping recipe theurgy:liquefaction/alchemical_sulfur_echo_from_logs_echo, conditions not met
[18:59:37] [INFO] Skipping recipe bibliowoods:color/orange/wood/werewolves_magic/tall_seat_back, conditions not met
[18:59:37] [INFO] Skipping recipe theurgy:incubation/logs_wigglewood_from_alchemical_sulfur_wigglewood, conditions not met
[18:59:37] [INFO] Skipping recipe bibliobiomes:color/black/wood/biomesoplenty_mahogany/seat, conditions not met
[18:59:37] [INFO] Skipping recipe mekanism:compat/biomesoplenty/sawing/hanging_sign/maple, conditions not met
[18:59:37] [INFO] Skipping recipe create:milling/compat/biomesoplenty/orange_sandstone, conditions not met
[18:59:37] [INFO] Skipping recipe bibliowoods:color/brown/wood/vampirism_cursed_spruce/display_case, conditions not met
[18:59:37] [INFO] Skipping recipe bibliobiomes:color/magenta/wood/biomesoplenty_hellbark/fancy_seat_back, conditions not met
[18:59:37] [INFO] Skipping recipe farmingforblockheads:market/croptopia/celery_seed, conditions not met
[18:59:37] [INFO] Skipping recipe bibliobiomes:color/green/wood/biomesoplenty_pine/seat, conditions not met
[18:59:37] [INFO] Skipping recipe bibliowoods:color/green/wood/deep_aether_sunroot/seat, conditions not met
[18:59:37] [INFO] Skipping recipe bibliowoods:color/black/wood/mynethersdelight_powdery/display_case, conditions not met
[18:59:37] [INFO] Skipping recipe bibliowoods:color/yellow/wood/deep_aether_roseroot/flat_seat_back, conditions not met
[18:59:37] [INFO] Skipping recipe bibliobiomes:color/white/wood/biomesoplenty_willow/fancy_seat_back, conditions not met
[18:59:37] [INFO] Skipping recipe bibliowoods:color/pink/wood/deep_aether_roseroot/small_seat_back, conditions not met
[18:59:37] [INFO] Skipping recipe twilightforest:uncrafting_table, conditions not met
[18:59:37] [INFO] Skipping recipe bibliowoods:color/red/wood/cobblemon_apricorn/tall_seat_back, conditions not met
[18:59:37] [INFO] Skipping recipe allthecompressed:decompress/crushed_netherrack_1x, conditions not met
[18:59:37] [INFO] Skipping recipe bibliowoods:color/black/wood/deep_aether_conberry/fancy_seat_back, conditions not met
[18:59:37] [INFO] Skipping recipe productivebees:centrifuge/gems/honeycomb_sunstone, conditions not met
[18:59:37] [INFO] Skipping recipe allthecompressed:decompress/crushed_netherrack_2x, conditions not met
[18:59:37] [INFO] Skipping recipe theurgy:reformation/alchemical_sulfur_logs_fig_from_alchemical_sulfurs_logs_abundant, conditions not met
[18:59:37] [INFO] Skipping recipe bibliobiomes:color/light_blue/wood/biomesoplenty_pine/display_case, conditions not met
[18:59:37] [INFO] Skipping recipe bibliowoods:color/red/wood/butchercraft_barn_wood/small_seat_back, conditions not met
[18:59:37] [INFO] Skipping recipe productivebees:bee_produce/l2hostility/chaotic_bee, conditions not met
[18:59:37] [INFO] Skipping recipe productivebees:bee_produce/chemlib/nobelium_bee, conditions not met
[18:59:37] [INFO] Skipping recipe theurgy:incubation/crops_basil_from_alchemical_sulfur_basil, conditions not met
[18:59:37] [INFO] Skipping recipe bibliobiomes:color/green/wood/biomesoplenty_jacaranda/tall_seat_back, conditions not met
[18:59:37] [INFO] Skipping recipe bibliowoods:color/brown/wood/vampirism_dark_spruce/tall_seat_back, conditions not met
[18:59:37] [INFO] Skipping recipe immersiveengineering:arcfurnace/raw_block_ardite, conditions not met
[18:59:37] [INFO] Skipping recipe bibliowoods:color/purple/wood/extradelight_cinnamon/flat_seat_back, conditions not met
[18:59:37] [INFO] Skipping recipe mekanism:compat/biomesoplenty/pigment_extracting/purple, conditions not met
[18:59:37] [INFO] Skipping recipe productivebees:bee_produce/gtceu/sheldonite_bee, conditions not met
[18:59:37] [INFO] Skipping recipe productivebees:hives/advanced_biomesoplenty_willow_beehive, conditions not met
[18:59:37] [INFO] Skipping recipe bibliowoods:color/red/wood/extradelight_fruit/fancy_seat_back, conditions not met
[18:59:37] [INFO] Skipping recipe farmingforblockheads:market/cinderscapes/umbral_nylium, conditions not met
[18:59:37] [INFO] Skipping recipe productivebees:expansion_boxes/expansion_box_biomesoplenty_willow, conditions not met
[18:59:37] [INFO] Skipping recipe bibliowoods:color/yellow/wood/extradelight_fruit/raised_seat_back, conditions not met
[18:59:37] [INFO] Skipping recipe bibliobiomes:color/black/wood/biomesoplenty_fir/seat, conditions not met
[18:59:37] [INFO] Skipping recipe farmingforblockheads:market/thermal/strawberry_seeds, conditions not met
[18:59:37] [INFO] Skipping recipe bibliobiomes:color/green/wood/biomesoplenty_dead/seat, conditions not met
[18:59:37] [INFO] Skipping recipe productivebees:centrifuge/elementalcraft/honeycomb_fireite, conditions not met
[18:59:37] [INFO] Skipping recipe bibliowoods:color/black/wood/extradelight_fruit/tall_seat_back, conditions not met
[18:59:37] [INFO] Skipping recipe bibliowoods:color/light_blue/wood/expandeddelight_cinnamon/raised_seat_back, conditions not met
[18:59:37] [INFO] Skipping recipe bibliowoods:color/blue/wood/deep_aether_roseroot/tall_seat_back, conditions not met
[18:59:37] [INFO] Skipping recipe theurgy:reformation/alchemical_sulfur_bluebright_from_alchemical_niter_logs_abundant, conditions not met
[18:59:37] [INFO] Skipping recipe mysticalagriculture:seed/crafting/nether_quartz, conditions not met
[18:59:37] [INFO] Skipping recipe bibliowoods:color/gray/wood/gtceu_treated_wood/tall_seat_back, conditions not met
[18:59:37] [INFO] Skipping recipe bibliowoods:color/brown/wood/werewolves_magic/display_case, conditions not met
[18:59:37] [INFO] Skipping recipe dyenamics:thermal/centrifuge/amber_rockwool, conditions not met
[18:59:37] [INFO] Skipping recipe productivebees:bee_produce/chemlib/samarium_bee, conditions not met
[18:59:37] [INFO] Skipping recipe bibliowoods:color/light_gray/wood/mynethersdelight_powdery/small_seat_back, conditions not met
[18:59:37] [INFO] Skipping recipe bibliobiomes:color/lime/wood/biomesoplenty_redwood/tall_seat_back, conditions not met
[18:59:37] [INFO] Skipping recipe bibliowoods:color/blue/wood/vampirism_cursed_spruce/flat_seat_back, conditions not met
[18:59:37] [INFO] Skipping recipe productivebees:centrifuge/enigmaticlegacy/honeycomb_etherium_ore, conditions not met
[18:59:37] [INFO] Skipping recipe bibliobiomes:color/cyan/wood/biomesoplenty_palm/raised_seat_back, conditions not met
[18:59:37] [INFO] Skipping recipe bibliobiomes:color/light_gray/wood/biomesoplenty_mahogany/tall_seat_back, conditions not met
[18:59:37] [INFO] Skipping recipe mysticalagradditions:tconstruct/tools/materials/inferium/nugget, conditions not met
[18:59:37] [INFO] Skipping recipe mekmm:compat/evolvedmekanism/factory/dense/stamping, conditions not met
[18:59:37] [INFO] Skipping recipe bibliobiomes:color/white/wood/biomesoplenty_willow/small_seat_back, conditions not met
[18:59:37] [INFO] Skipping recipe farmingforblockheads:market/byg/tall_pink_allium, conditions not met
[18:59:37] [INFO] Skipping recipe bibliowoods:color/light_gray/wood/mynethersdelight_powdery/fancy_seat_back, conditions not met
[18:59:37] [INFO] Skipping recipe productivebees:hives/advanced_atmospheric_grimwood_beehive, conditions not met
[18:59:37] [INFO] Skipping recipe productivebees:expansion_boxes/expansion_box_atmospheric_aspen, conditions not met
[18:59:37] [INFO] Skipping recipe bibliobiomes:color/pink/wood/biomesoplenty_umbran/flat_seat_back, conditions not met
[18:59:37] [INFO] Skipping recipe bibliowoods:color/gray/wood/deep_aether_roseroot/tall_seat_back, conditions not met
[18:59:37] [INFO] Skipping recipe megacells:cells/portable/portable_experience_cell_64m_disassembly, conditions not met
[18:59:37] [INFO] Skipping recipe farmingforblockheads:market/simplefarming/banana_sapling, conditions not met
[18:59:37] [INFO] Skipping recipe bibliobiomes:color/green/wood/biomesoplenty_jacaranda/flat_seat_back, conditions not met
[18:59:37] [INFO] Skipping recipe productivebees:evilcraft/bloody_bee, conditions not met
[18:59:37] [INFO] Skipping recipe allthemodium:melting/salvage/unobtainium/unobtainium_from_boots, conditions not met
[18:59:37] [INFO] Skipping recipe theurgy:fermentation/alchemical_niter_mobs_precious_using_planks, conditions not met
[18:59:37] [INFO] Skipping recipe bibliobiomes:wood/biomesoplenty_hellbark/table, conditions not met
[18:59:37] [INFO] Skipping recipe bibliowoods:color/magenta/wood/deep_aether_yagroot/flat_seat_back, conditions not met
[18:59:37] [INFO] Skipping recipe farmingforblockheads:market/byg/peach_leather_flower, conditions not met
[18:59:37] [INFO] Skipping recipe bibliobiomes:color/red/wood/biomesoplenty_empyreal/raised_seat_back, conditions not met
[18:59:37] [INFO] Skipping recipe bibliobiomes:wood/biomesoplenty_pine/fancy_clock, conditions not met
[18:59:37] [INFO] Skipping recipe gtceu:macerator/scheelite_bee, conditions not met
[18:59:37] [INFO] Skipping recipe productivebees:alchemistry/combiner/argon_bee, conditions not met
[18:59:37] [INFO] Skipping recipe bibliowoods:color/red/wood/deep_aether_roseroot/tall_seat_back, conditions not met
[18:59:37] [INFO] Skipping recipe mekanism:compat/biomeswevegone/dye/cyan, conditions not met
[18:59:37] [INFO] Skipping recipe bibliowoods:color/red/wood/cobblemon_apricorn/flat_seat_back, conditions not met
[18:59:37] [INFO] Skipping recipe bibliobiomes:color/pink/wood/biomesoplenty_willow/fancy_seat_back, conditions not met
[18:59:37] [INFO] Skipping recipe bibliowoods:color/cyan/wood/gtceu_rubber/raised_seat_back, conditions not met
[18:59:37] [INFO] Skipping recipe productivemetalworks:melting/gears/azure_electrum, conditions not met
[18:59:37] [INFO] Skipping recipe supplementaries:way_sign_oak/productivetrees/bull_pine, conditions not met
[18:59:37] [INFO] Skipping recipe bibliowoods:color/yellow/wood/vampirism_cursed_spruce/raised_seat_back, conditions not met
[18:59:37] [INFO] Skipping recipe bibliobiomes:wood/biomesoplenty_magic/fancy_sign, conditions not met
[18:59:37] [INFO] Skipping recipe bibliobiomes:color/red/wood/biomesoplenty_umbran/small_seat_back, conditions not met
[18:59:37] [INFO] Skipping recipe farmingforblockheads:market/byg/angelica, conditions not met
[18:59:37] [INFO] Skipping recipe bibliowoods:color/magenta/wood/mynethersdelight_powdery/seat, conditions not met
[18:59:37] [INFO] Skipping recipe farmingforblockheads:market/betternether/willow_sapling, conditions not met
[18:59:37] [INFO] Skipping recipe bibliobiomes:color/red/wood/biomesoplenty_umbran/fancy_seat_back, conditions not met
[18:59:37] [INFO] Skipping recipe bibliobiomes:color/white/wood/biomesoplenty_magic/flat_seat_back, conditions not met
[18:59:37] [INFO] Skipping recipe theurgy:incubation/gems_apatite_from_alchemical_sulfur_apatite, conditions not met
[18:59:37] [INFO] Skipping recipe mekanism:compat/biomesoplenty/sawing/chest_boat/umbran, conditions not met
[18:59:37] [INFO] Skipping recipe farmingforblockheads:market/byg/pine_sapling, conditions not met
[18:59:37] [INFO] Skipping recipe bibliobiomes:color/pink/wood/biomesoplenty_willow/small_seat_back, conditions not met
[18:59:37] [INFO] Skipping recipe create:pressing/compat/infernalexp/crimson_nylium_path, conditions not met
[18:59:37] [INFO] Skipping recipe bibliobiomes:color/magenta/wood/biomesoplenty_dead/small_seat_back, conditions not met
[18:59:37] [INFO] Skipping recipe bibliobiomes:color/blue/wood/biomesoplenty_maple/raised_seat_back, conditions not met
[18:59:37] [INFO] Skipping recipe bibliobiomes:color/light_blue/wood/biomesoplenty_empyreal/flat_seat_back, conditions not met
[18:59:37] [INFO] Skipping recipe supplementaries:way_sign_oak/productivetrees/pandanus, conditions not met
[18:59:37] [INFO] Skipping recipe occultism:miner/ores/green_gemstone_ore, conditions not met
[18:59:37] [INFO] Skipping recipe productivebees:thermal/shapeless/energized_glowstone_bee, conditions not met
[18:59:37] [INFO] Skipping recipe bibliobiomes:color/cyan/wood/biomesoplenty_maple/fancy_seat_back, conditions not met
[18:59:37] [INFO] Skipping recipe bibliobiomes:color/brown/wood/biomesoplenty_maple/seat, conditions not met
[18:59:37] [INFO] Skipping recipe bibliowoods:color/pink/wood/deep_aether_conberry/seat, conditions not met
[18:59:37] [INFO] Skipping recipe theurgy:incubation/gems_niter_from_alchemical_sulfur_niter, conditions not met
[18:59:37] [INFO] Skipping recipe bibliowoods:color/brown/wood/deep_aether_yagroot/flat_seat_back, conditions not met
[18:59:37] [INFO] Skipping recipe bibliobiomes:wood/biomesoplenty_empyreal/label, conditions not met
[18:59:37] [INFO] Skipping recipe bibliobiomes:color/cyan/wood/biomesoplenty_maple/small_seat_back, conditions not met
[18:59:37] [INFO] Skipping recipe theurgy:reformation/alchemical_sulfur_chimerite_from_alchemical_sulfurs_gems_precious, conditions not met
[18:59:37] [INFO] Skipping recipe bibliobiomes:color/gray/wood/biomesoplenty_empyreal/display_case, conditions not met
[18:59:37] [INFO] Skipping recipe bibliobiomes:color/pink/wood/biomesoplenty_umbran/tall_seat_back, conditions not met
[18:59:37] [INFO] Skipping recipe bibliobiomes:color/gray/wood/biomesoplenty_fir/raised_seat_back, conditions not met
[18:59:37] [INFO] Skipping recipe bibliowoods:color/light_gray/wood/werewolves_magic/raised_seat_back, conditions not met
[18:59:37] [INFO] Skipping recipe productivebees:hives/advanced_atmospheric_rosewood_beehive, conditions not met
[18:59:37] [INFO] Skipping recipe bibliobiomes:color/lime/wood/biomesoplenty_fir/tall_seat_back, conditions not met
[18:59:37] [INFO] Skipping recipe bibliobiomes:color/magenta/wood/biomesoplenty_dead/fancy_seat_back, conditions not met
[18:59:37] [INFO] Skipping recipe mekanism:compat/biomesoplenty/sawing/chest_boat/redwood, conditions not met
[18:59:37] [INFO] Skipping recipe bibliobiomes:color/green/wood/biomesoplenty_pine/display_case, conditions not met
[18:59:37] [INFO] Skipping recipe bibliobiomes:color/blue/wood/biomesoplenty_jacaranda/seat, conditions not met
[18:59:37] [INFO] Skipping recipe bibliowoods:color/lime/wood/deep_aether_cruderoot/tall_seat_back, conditions not met
[18:59:37] [INFO] Skipping recipe farmingforblockheads:market/cinderscapes/bramble_berries, conditions not met
[18:59:37] [INFO] Skipping recipe allthemodium:melting/vibranium_from_ingot, conditions not met
[18:59:37] [INFO] Skipping recipe bibliowoods:color/green/wood/gtceu_treated_wood/fancy_seat_back, conditions not met
[18:59:37] [INFO] Skipping recipe bibliobiomes:color/pink/wood/biomesoplenty_redwood/display_case, conditions not met
[18:59:37] [INFO] Skipping recipe bibliobiomes:color/blue/wood/biomesoplenty_empyreal/display_case, conditions not met
[18:59:37] [INFO] Skipping recipe bibliobiomes:color/black/wood/biomesoplenty_fir/raised_seat_back, conditions not met
[18:59:37] [INFO] Skipping recipe bibliobiomes:wood/biomesoplenty_hellbark/tool_rack, conditions not met
[18:59:37] [INFO] Skipping recipe productivebees:botania/mana_bee, conditions not met
[18:59:37] [INFO] Skipping recipe productivebees:bee_conversion/gems/pyrope_bee, conditions not met
[18:59:37] [INFO] Skipping recipe bibliobiomes:color/black/wood/biomesoplenty_redwood/seat, conditions not met
[18:59:37] [INFO] Skipping recipe productivebees:bee_conversion/ad_astra/desh_bee, conditions not met
[18:59:37] [INFO] Skipping recipe bibliowoods:color/magenta/wood/mynethersdelight_powdery/tall_seat_back, conditions not met
[18:59:37] [INFO] Skipping recipe bigreactors:reactor/reinforced/controlrod_alt, conditions not met
[18:59:37] [INFO] Skipping recipe farmingforblockheads:market/croptopia/orange_sapling, conditions not met
[18:59:37] [INFO] Skipping recipe productivebees:elementalcraft/infusion/drenched_iron_bee, conditions not met
[18:59:37] [INFO] Skipping recipe productivemetalworks:melting/rods/azure_electrum, conditions not met
[18:59:37] [INFO] Skipping recipe bibliobiomes:color/red/wood/biomesoplenty_magic/flat_seat_back, conditions not met
[18:59:37] [INFO] Skipping recipe productivemetalworks:casting/nuggets/ftbmaterials/zinc, conditions not met
[18:59:37] [INFO] Skipping recipe productivebees:bee_produce/chemlib/dubnium_bee, conditions not met
[18:59:37] [INFO] Skipping recipe productivebees:alchemistry/dissolver/lutetium_bee, conditions not met
[18:59:37] [INFO] Skipping recipe bibliobiomes:color/gray/wood/biomesoplenty_fir/seat, conditions not met
[18:59:37] [INFO] Skipping recipe bibliowoods:color/green/wood/gtceu_treated_wood/small_seat_back, conditions not met
[18:59:37] [INFO] Skipping recipe productivebees:centrifuge/honeycomb_butcher, conditions not met
[18:59:37] [INFO] Skipping recipe bibliowoods:color/yellow/wood/gtceu_treated_wood/raised_seat_back, conditions not met
[18:59:37] [INFO] Skipping recipe productivebees:tconstruct/honeycomb/amethyst_bronze, conditions not met
[18:59:37] [INFO] Skipping recipe bibliobiomes:color/cyan/wood/biomesoplenty_pine/seat, conditions not met
[18:59:37] [INFO] Skipping recipe bibliowoods:color/lime/wood/deep_aether_roseroot/seat, conditions not met
[18:59:37] [INFO] Skipping recipe bibliobiomes:color/light_blue/wood/biomesoplenty_umbran/raised_seat_back, conditions not met
[18:59:37] [INFO] Skipping recipe bibliowoods:color/yellow/wood/expandeddelight_cinnamon/flat_seat_back, conditions not met
[18:59:37] [INFO] Skipping recipe occultism:miner/ores/shyregem_ore, conditions not met
[18:59:37] [INFO] Skipping recipe productivebees:alchemistry/combiner/neodymium_bee, conditions not met
[18:59:37] [INFO] Skipping recipe bibliowoods:color/green/wood/extradelight_fruit/display_case, conditions not met
[18:59:37] [INFO] Skipping recipe bibliobiomes:wood/biomesoplenty_maple/tool_rack, conditions not met
[18:59:37] [INFO] Skipping recipe occultism:miner/ores/lyon_ore, conditions not met
[18:59:37] [INFO] Skipping recipe bibliowoods:color/red/wood/vampirism_cursed_spruce/tall_seat_back, conditions not met
[18:59:37] [INFO] Skipping recipe bibliobiomes:color/blue/wood/biomesoplenty_hellbark/seat, conditions not met
[18:59:37] [INFO] Skipping recipe farmingforblockheads:market/croptopia/peanut_seed, conditions not met
[18:59:37] [INFO] Skipping recipe bibliobiomes:color/red/wood/biomesoplenty_umbran/seat, conditions not met
[18:59:37] [INFO] Skipping recipe allthecompressed:decompress/crushed_netherrack_7x, conditions not met
[18:59:37] [INFO] Skipping recipe allthecompressed:decompress/crushed_netherrack_8x, conditions not met
[18:59:37] [INFO] Skipping recipe bibliowoods:color/orange/wood/werewolves_magic/flat_seat_back, conditions not met
[18:59:37] [INFO] Skipping recipe bibliobiomes:color/light_blue/wood/biomesoplenty_fir/tall_seat_back, conditions not met
[18:59:37] [INFO] Skipping recipe allthecompressed:decompress/crushed_netherrack_9x, conditions not met
[18:59:37] [INFO] Skipping recipe farmingforblockheads:market/croptopia/currant_seed, conditions not met
[18:59:37] [INFO] Skipping recipe bibliowoods:color/orange/wood/gtceu_treated_wood/raised_seat_back, conditions not met
[18:59:37] [INFO] Skipping recipe bibliobiomes:color/blue/wood/biomesoplenty_empyreal/seat, conditions not met
[18:59:37] [INFO] Skipping recipe bibliowoods:color/light_blue/wood/extradelight_fruit/flat_seat_back, conditions not met
[18:59:37] [INFO] Skipping recipe farmingforblockheads:market/theabyss/opia_shroom, conditions not met
[18:59:37] [INFO] Skipping recipe bibliowoods:color/red/wood/deep_aether_cruderoot/raised_seat_back, conditions not met
[18:59:37] [INFO] Skipping recipe allthecompressed:decompress/crushed_netherrack_3x, conditions not met
[18:59:37] [INFO] Skipping recipe bibliobiomes:wood/biomesoplenty_jacaranda/shelf, conditions not met
[18:59:37] [INFO] Skipping recipe bibliobiomes:color/blue/wood/biomesoplenty_jacaranda/tall_seat_back, conditions not met
[18:59:37] [INFO] Skipping recipe dyenamics:thermal/rockwool/wine_rockwool, conditions not met
[18:59:37] [INFO] Skipping recipe allthecompressed:decompress/crushed_netherrack_4x, conditions not met
[18:59:37] [INFO] Skipping recipe silentgear:woodcutting/netherwood_trapdoor, conditions not met
[18:59:37] [INFO] Skipping recipe allthecompressed:decompress/crushed_netherrack_5x, conditions not met
[18:59:37] [INFO] Skipping recipe bibliobiomes:color/pink/wood/biomesoplenty_hellbark/display_case, conditions not met
[18:59:37] [INFO] Skipping recipe productivebees:botanicadds/terrasteel_bee, conditions not met
[18:59:37] [INFO] Skipping recipe allthecompressed:decompress/crushed_netherrack_6x, conditions not met
[18:59:37] [INFO] Skipping recipe theurgy:reformation/alchemical_sulfur_wigglewood_from_alchemical_sulfurs_logs_abundant, conditions not met
[18:59:37] [INFO] Skipping recipe farmingforblockheads:market/biomesoplenty/blue_hydrangea, conditions not met
[18:59:37] [INFO] Skipping recipe bibliowoods:color/brown/wood/vampirism_dark_spruce/flat_seat_back, conditions not met
[18:59:37] [INFO] Skipping recipe bibliowoods:color/cyan/wood/vampirism_cursed_spruce/display_case, conditions not met
[18:59:37] [INFO] Skipping recipe bibliowoods:color/brown/wood/deep_aether_sunroot/small_seat_back, conditions not met
[18:59:37] [INFO] Skipping recipe mysticalagriculture:seed/crafting/peridot, conditions not met
[18:59:37] [INFO] Skipping recipe bibliowoods:color/light_gray/wood/vampirism_dark_spruce/display_case, conditions not met
[18:59:37] [INFO] Skipping recipe bibliobiomes:color/black/wood/biomesoplenty_jacaranda/flat_seat_back, conditions not met
[18:59:37] [INFO] Skipping recipe bibliowoods:color/orange/wood/expandeddelight_cinnamon/display_case, conditions not met
[18:59:37] [INFO] Skipping recipe bibliowoods:color/light_gray/wood/mynethersdelight_powdery/tall_seat_back, conditions not met
[18:59:37] [INFO] Skipping recipe farmingforblockheads:market/croptopia/hops_seed, conditions not met
[18:59:37] [INFO] Skipping recipe productivemetalworks:casting/ingots/ftbmaterials/iridium, conditions not met
[18:59:37] [INFO] Skipping recipe bibliowoods:wood/deep_aether_cruderoot/table, conditions not met
[18:59:37] [INFO] Skipping recipe bibliobiomes:color/pink/wood/biomesoplenty_magic/display_case, conditions not met
[18:59:37] [INFO] Skipping recipe bibliowoods:color/green/wood/deep_aether_sunroot/small_seat_back, conditions not met
[18:59:37] [INFO] Skipping recipe bibliobiomes:color/yellow/wood/biomesoplenty_hellbark/small_seat_back, conditions not met
[18:59:37] [INFO] Skipping recipe mysticalagriculture:essence/thermal/blitz_rod, conditions not met
[18:59:37] [INFO] Skipping recipe bibliowoods:color/orange/wood/deep_aether_roseroot/flat_seat_back, conditions not met
[18:59:37] [INFO] Skipping recipe bibliowoods:color/white/wood/vampirism_cursed_spruce/seat, conditions not met
[18:59:37] [INFO] Skipping recipe productivemetalworks:casting/gears/ftbmaterials/tin, conditions not met
[18:59:37] [INFO] Skipping recipe bibliowoods:color/blue/wood/gtceu_treated_wood/display_case, conditions not met
[18:59:37] [INFO] Skipping recipe bibliobiomes:color/yellow/wood/biomesoplenty_hellbark/fancy_seat_back, conditions not met
[18:59:37] [INFO] Skipping recipe bibliobiomes:color/cyan/wood/biomesoplenty_mahogany/display_case, conditions not met
[18:59:37] [INFO] Skipping recipe bibliobiomes:color/brown/wood/biomesoplenty_dead/raised_seat_back, conditions not met
[18:59:37] [INFO] Skipping recipe farmingforblockheads:market/fruitsdelight/mangosteen_sapling, conditions not met
[18:59:37] [INFO] Skipping recipe supplementaries:way_sign_oak/productivetrees/persimmon, conditions not met
[18:59:37] [INFO] Skipping recipe bibliowoods:color/magenta/wood/deep_aether_cruderoot/flat_seat_back, conditions not met
[18:59:37] [INFO] Skipping recipe bibliobiomes:color/black/wood/biomesoplenty_empyreal/small_seat_back, conditions not met
[18:59:37] [INFO] Skipping recipe bibliobiomes:color/blue/wood/biomesoplenty_umbran/raised_seat_back, conditions not met
[18:59:37] [INFO] Skipping recipe supplementaries:copper_lantern_conversion, conditions not met
[18:59:37] [INFO] Skipping recipe bibliobiomes:color/green/wood/biomesoplenty_magic/raised_seat_back, conditions not met
[18:59:37] [INFO] Skipping recipe bibliobiomes:color/purple/wood/biomesoplenty_willow/raised_seat_back, conditions not met
[18:59:37] [INFO] Skipping recipe productivebees:centrifuge/mmorpg/honeycomb_epic_salvage, conditions not met
[18:59:37] [INFO] Skipping recipe bibliobiomes:wood/biomesoplenty_maple/fancy_crafter, conditions not met
[18:59:37] [INFO] Skipping recipe oritech:compat/energizedpower/assemblingmachine/platingiron, conditions not met
[18:59:37] [INFO] Skipping recipe bibliowoods:color/black/wood/butchercraft_barn_wood/fancy_seat_back, conditions not met
[18:59:37] [INFO] Skipping recipe farmingforblockheads:market/simplefarming/grape_seeds, conditions not met
[18:59:37] [INFO] Skipping recipe bibliobiomes:color/black/wood/biomesoplenty_redwood/flat_seat_back, conditions not met
[18:59:37] [INFO] Skipping recipe productivelib:upgrades/base, conditions not met
[18:59:37] [INFO] Skipping recipe mysticalagriculture:seed/crafting/nickel, conditions not met
[18:59:37] [INFO] Skipping recipe bibliobiomes:color/brown/wood/biomesoplenty_magic/tall_seat_back, conditions not met
[18:59:37] [INFO] Skipping recipe productivemetalworks:melting/geore/redstone_block, conditions not met
[18:59:37] [INFO] Skipping recipe bibliobiomes:color/yellow/wood/biomesoplenty_dead/small_seat_back, conditions not met
[18:59:37] [INFO] Skipping recipe bibliobiomes:color/pink/wood/biomesoplenty_dead/fancy_seat_back, conditions not met
[18:59:37] [INFO] Skipping recipe bibliobiomes:color/yellow/wood/biomesoplenty_dead/fancy_seat_back, conditions not met
[18:59:37] [INFO] Skipping recipe bibliobiomes:color/pink/wood/biomesoplenty_dead/small_seat_back, conditions not met
[18:59:37] [INFO] Skipping recipe productivemetalworks:casting/nuggets/ftbmaterials/constantan, conditions not met
[18:59:37] [INFO] Skipping recipe bibliowoods:color/red/wood/deep_aether_yagroot/tall_seat_back, conditions not met
[18:59:37] [INFO] Skipping recipe productivebees:bee_produce/elementalcraft/water_crystal_bee, conditions not met
[18:59:37] [INFO] Skipping recipe bibliobiomes:color/cyan/wood/biomesoplenty_pine/flat_seat_back, conditions not met
[18:59:37] [INFO] Skipping recipe mysticalagriculture:seed/crafting/zinc, conditions not met
[18:59:37] [INFO] Skipping recipe mysticalagradditions:tconstruct/melting/tertium/nugget, conditions not met
[18:59:37] [INFO] Skipping recipe supplementaries:way_sign_oak/regions_unexplored/eucalyptus, conditions not met
[18:59:37] [INFO] Skipping recipe create:milling/compat/botania/blue_petal, conditions not met
[18:59:37] [INFO] Skipping recipe productivebees:bee_produce/thermal/resonant_ender, conditions not met
[18:59:37] [INFO] Skipping recipe bibliowoods:color/light_blue/wood/deep_aether_conberry/fancy_seat_back, conditions not met
[18:59:37] [INFO] Skipping recipe theurgy:reformation/alchemical_sulfur_fir_from_alchemical_sulfurs_logs_abundant, conditions not met
[18:59:37] [INFO] Skipping recipe mysticalagriculture:seed/crafting/dirt, conditions not met
[18:59:37] [INFO] Skipping recipe occultism:crushing/cobalt_dirty_dust_from_clump, conditions not met
[18:59:37] [INFO] Skipping recipe productivebees:tconstruct/honeycomb/aluminum, conditions not met
[18:59:37] [INFO] Skipping recipe theurgy:reformation/alchemical_sulfur_sulfur_from_alchemical_niter_other_minerals_common, conditions not met
[18:59:37] [INFO] Skipping recipe bibliowoods:color/orange/wood/gtceu_treated_wood/flat_seat_back, conditions not met
[18:59:37] [INFO] Skipping recipe supplementaries:way_sign_oak/productivetrees/brazilwood, conditions not met
[18:59:37] [INFO] Skipping recipe bibliowoods:color/red/wood/deep_aether_conberry/fancy_seat_back, conditions not met
[18:59:37] [INFO] Skipping recipe theurgy:reformation/alchemical_sulfur_echo_from_alchemical_niter_logs_abundant, conditions not met
[18:59:37] [INFO] Skipping recipe bibliowoods:color/green/wood/deep_aether_yagroot/raised_seat_back, conditions not met
[18:59:37] [INFO] Skipping recipe farmingforblockheads:market/byg/imparius_mushroom, conditions not met
[18:59:37] [INFO] Skipping recipe bibliobiomes:color/magenta/wood/biomesoplenty_jacaranda/tall_seat_back, conditions not met
[18:59:37] [INFO] Skipping recipe bibliowoods:color/lime/wood/vampirism_cursed_spruce/display_case, conditions not met
[18:59:37] [INFO] Skipping recipe bibliowoods:color/lime/wood/vampirism_cursed_spruce/seat, conditions not met
[18:59:37] [INFO] Skipping recipe bibliowoods:color/red/wood/gtceu_treated_wood/raised_seat_back, conditions not met
[18:59:37] [INFO] Skipping recipe dyenamics:thermal/centrifuge/wine_rockwool, conditions not met
[18:59:37] [INFO] Skipping recipe productivebees:bee_produce/chemlib/moscovium_bee, conditions not met
[18:59:37] [INFO] Skipping recipe supplementaries:way_sign_oak/productivetrees/purple_spiral, conditions not met
[18:59:37] [INFO] Skipping recipe productivebees:bee_produce/beyond_earth/desh_bee, conditions not met
[18:59:37] [INFO] Skipping recipe farmingforblockheads:market/actuallyadditions/coffee_seeds, conditions not met
[18:59:37] [INFO] Skipping recipe theurgy:reformation/alchemical_sulfur_wolfberry_from_alchemical_sulfurs_logs_abundant, conditions not met
[18:59:37] [INFO] Skipping recipe bibliobiomes:color/magenta/wood/biomesoplenty_mahogany/seat, conditions not met
[18:59:37] [INFO] Skipping recipe immersiveengineering:metalpress/plate_manyullyn, conditions not met
[18:59:37] [INFO] Skipping recipe bibliowoods:color/magenta/wood/werewolves_magic/flat_seat_back, conditions not met
[18:59:37] [INFO] Skipping recipe farmingforblockheads:market/croptopia/date_sapling, conditions not met
[18:59:37] [INFO] Skipping recipe oritech:compat/energizedpower/assemblingmachine/amethystbud, conditions not met
[18:59:37] [INFO] Skipping recipe bibliobiomes:color/black/wood/biomesoplenty_redwood/tall_seat_back, conditions not met
[18:59:37] [INFO] Skipping recipe bibliobiomes:color/magenta/wood/biomesoplenty_umbran/fancy_seat_back, conditions not met
[18:59:37] [INFO] Skipping recipe farmingforblockheads:market/byg/palo_verde_sapling, conditions not met
[18:59:37] [INFO] Skipping recipe bibliowoods:color/cyan/wood/deep_aether_sunroot/flat_seat_back, conditions not met
[18:59:37] [INFO] Skipping recipe bibliobiomes:color/lime/wood/biomesoplenty_dead/display_case, conditions not met
[18:59:37] [INFO] Skipping recipe bibliowoods:color/brown/wood/deep_aether_yagroot/tall_seat_back, conditions not met
[18:59:37] [INFO] Skipping recipe bibliobiomes:color/gray/wood/biomesoplenty_redwood/small_seat_back, conditions not met
[18:59:37] [INFO] Skipping recipe bibliowoods:color/brown/wood/mynethersdelight_powdery/seat, conditions not met
[18:59:37] [INFO] Skipping recipe bibliowoods:color/lime/wood/extradelight_cinnamon/fancy_seat_back, conditions not met
[18:59:37] [INFO] Skipping recipe immersiveengineering:arcfurnace/dust_ardite, conditions not met
[18:59:37] [INFO] Skipping recipe productivebees:tconstruct/sky_slimy_bee, conditions not met
[18:59:37] [INFO] Skipping recipe mysticalagriculture:seed/reprocessor/manyullyn, conditions not met
[18:59:37] [INFO] Skipping recipe bibliowoods:color/blue/wood/vampirism_cursed_spruce/small_seat_back, conditions not met
[18:59:37] [INFO] Skipping recipe productivebees:bee_produce/tconstruct/soulsteel_bee, conditions not met
[18:59:37] [INFO] Skipping recipe bibliowoods:color/lime/wood/extradelight_cinnamon/small_seat_back, conditions not met
[18:59:37] [INFO] Skipping recipe bibliobiomes:color/gray/wood/biomesoplenty_redwood/fancy_seat_back, conditions not met
[18:59:37] [INFO] Skipping recipe bibliowoods:color/light_blue/wood/deep_aether_roseroot/tall_seat_back, conditions not met
[18:59:37] [INFO] Skipping recipe bibliobiomes:color/purple/wood/biomesoplenty_mahogany/tall_seat_back, conditions not met
[18:59:37] [INFO] Skipping recipe bibliobiomes:color/magenta/wood/biomesoplenty_umbran/small_seat_back, conditions not met
[18:59:37] [INFO] Skipping recipe bibliowoods:color/yellow/wood/deep_aether_conberry/raised_seat_back, conditions not met
[18:59:37] [INFO] Skipping recipe bibliobiomes:wood/biomesoplenty_redwood/fancy_sign, conditions not met
[18:59:37] [INFO] Skipping recipe bibliobiomes:color/gray/wood/biomesoplenty_jacaranda/display_case, conditions not met
[18:59:37] [INFO] Skipping recipe create:crushing/compat/silentgems/alexandrite_end_ore, conditions not met
[18:59:37] [INFO] Skipping recipe integrateddynamics:mechanical_squeezer/ore/raw_cobalt, conditions not met
[18:59:37] [INFO] Skipping recipe bibliobiomes:color/purple/wood/biomesoplenty_palm/small_seat_back, conditions not met
[18:59:37] [INFO] Skipping recipe farmingforblockheads:market/thermal/flax_seeds, conditions not met
[18:59:37] [INFO] Skipping recipe bibliobiomes:color/yellow/wood/biomesoplenty_jacaranda/seat, conditions not met
[18:59:37] [INFO] Skipping recipe farmingforblockheads:market/byg/araucaria_sapling, conditions not met
[18:59:37] [INFO] Recipe silentgear:graded_mat_test[minecraft:crafting_shaped] failed to parse due to an error on component: Invalid component key: pattern<optional_ingredient> - Component 'pattern<optional_ingredient>' is not allowed to be empty!
[18:59:37] [INFO] Skipping recipe bibliowoods:color/brown/wood/expandeddelight_cinnamon/raised_seat_back, conditions not met
[18:59:37] [INFO] Skipping recipe mekmm:compat/evolvedmekanism/factory/overclocked/pressurised_reacting, conditions not met
[18:59:37] [INFO] Skipping recipe create:milling/compat/environmental/white_lotus_flower, conditions not met
[18:59:37] [INFO] Skipping recipe farmingforblockheads:market/fruitsdelight/durian_sapling, conditions not met
[18:59:37] [INFO] Skipping recipe bibliobiomes:color/purple/wood/biomesoplenty_palm/fancy_seat_back, conditions not met
[18:59:37] [INFO] Skipping recipe occultism:crushing/apatite_dust_from_ore, conditions not met
[18:59:37] [INFO] Skipping recipe productivebees:bee_produce/chemlib/actinium_bee, conditions not met
[18:59:37] [INFO] Skipping recipe create:milling/compat/biomesoplenty/blue_hydrangea, conditions not met
[18:59:37] [INFO] Skipping recipe mysticalagriculture:seed/crafting/mystical_flower, conditions not met
[18:59:37] [INFO] Skipping recipe bibliowoods:color/light_gray/wood/extradelight_cinnamon/display_case, conditions not met
[18:59:37] [INFO] Skipping recipe farmingforblockheads:market/theabyss/infected_grass, conditions not met
[18:59:37] [INFO] Skipping recipe bibliobiomes:color/white/wood/biomesoplenty_jacaranda/display_case, conditions not met
[18:59:37] [INFO] Skipping recipe mekanism:compat/biomesoplenty/pigment_extracting/large_brown, conditions not met
[18:59:37] [INFO] Skipping recipe farmingforblockheads:market/tropicraft/mahogany_sapling, conditions not met
[18:59:37] [INFO] Skipping recipe bibliobiomes:color/light_gray/wood/biomesoplenty_redwood/small_seat_back, conditions not met
[18:59:37] [INFO] Skipping recipe productivebees:bee_produce/botanicadds/gaiasteel_bee, conditions not met
[18:59:37] [INFO] Skipping recipe mysticalagriculture:seed/crafting/copper_alloy, conditions not met
[18:59:37] [INFO] Skipping recipe bibliowoods:color/cyan/wood/deep_aether_conberry/display_case, conditions not met
[18:59:37] [INFO] Skipping recipe createaddition:compat/tconstruct/amethyst_bronze, conditions not met
[18:59:37] [INFO] Skipping recipe bibliowoods:color/magenta/wood/butchercraft_barn_wood/fancy_seat_back, conditions not met
[18:59:37] [INFO] Skipping recipe productivebees:bee_produce/gtceu/lepidolite_bee, conditions not met
[18:59:37] [INFO] Skipping recipe farmingforblockheads:market/tropicraft/foliage, conditions not met
[18:59:37] [INFO] Skipping recipe bibliowoods:color/blue/wood/deep_aether_yagroot/seat, conditions not met
[18:59:37] [INFO] Skipping recipe bibliowoods:color/magenta/wood/werewolves_magic/tall_seat_back, conditions not met
[18:59:37] [INFO] Skipping recipe allthemodium:melting/salvage/allthemodium/allthemodium_from_sword, conditions not met
[18:59:37] [INFO] Skipping recipe theurgy:reformation/alchemical_sulfur_cinnamon_from_alchemical_niter_logs_abundant, conditions not met
[18:59:37] [INFO] Skipping recipe theurgy:reformation/alchemical_sulfur_canopy_tree_from_alchemical_sulfurs_logs_abundant, conditions not met
[18:59:37] [INFO] Skipping recipe bibliobiomes:color/lime/wood/biomesoplenty_willow/flat_seat_back, conditions not met
[18:59:37] [INFO] Skipping recipe bibliowoods:color/orange/wood/cobblemon_apricorn/seat, conditions not met
[18:59:37] [INFO] Skipping recipe gtceu:electrolyzer/stibnite_bee, conditions not met
[18:59:37] [INFO] Skipping recipe bibliobiomes:color/cyan/wood/biomesoplenty_palm/fancy_seat_back, conditions not met
[18:59:37] [INFO] Skipping recipe reliquary:alkahestry/crafting/obsidian, conditions not met
[18:59:37] [INFO] Skipping recipe bibliobiomes:color/light_gray/wood/biomesoplenty_redwood/fancy_seat_back, conditions not met
[18:59:37] [INFO] Skipping recipe bibliowoods:color/red/wood/deep_aether_conberry/seat, conditions not met
[18:59:37] [INFO] Skipping recipe bibliobiomes:wood/biomesoplenty_magic/tool_rack, conditions not met
[18:59:37] [INFO] Skipping recipe immersiveengineering:crusher/ore_ardite, conditions not met
[18:59:37] [INFO] Skipping recipe bibliowoods:color/light_gray/wood/extradelight_cinnamon/tall_seat_back, conditions not met
[18:59:37] [INFO] Skipping recipe bibliowoods:color/light_gray/wood/gtceu_rubber/raised_seat_back, conditions not met
[18:59:37] [INFO] Skipping recipe megacells:cells/standard/experience_storage_cell_256m_disassembly, conditions not met
[18:59:37] [INFO] Skipping recipe bibliowoods:color/black/wood/mynethersdelight_powdery/tall_seat_back, conditions not met
[18:59:37] [INFO] Skipping recipe theurgy:liquefaction/alchemical_sulfur_greenbean_from_crops_greenbean, conditions not met
[18:59:37] [INFO] Skipping recipe bibliobiomes:color/gray/wood/biomesoplenty_dead/raised_seat_back, conditions not met
[18:59:37] [INFO] Skipping recipe bibliowoods:color/purple/wood/deep_aether_yagroot/flat_seat_back, conditions not met
[18:59:37] [INFO] Skipping recipe immersiveengineering:crusher/raw_block_ardite, conditions not met
[18:59:37] [INFO] Skipping recipe theurgy:incubation/logs_grongle_from_alchemical_sulfur_grongle, conditions not met
[18:59:37] [INFO] Skipping recipe immersiveengineering:crusher/ingot_ardite, conditions not met
[18:59:37] [INFO] Skipping recipe supplementaries:way_sign_oak/biomeswevegone/pine, conditions not met
[18:59:37] [INFO] Skipping recipe mysticalagradditions:neutronium_crux, conditions not met
[18:59:37] [INFO] Skipping recipe bibliobiomes:color/cyan/wood/biomesoplenty_palm/small_seat_back, conditions not met
[18:59:37] [INFO] Skipping recipe bibliobiomes:color/purple/wood/biomesoplenty_mahogany/flat_seat_back, conditions not met
[18:59:37] [INFO] Skipping recipe productivemetalworks:melting/raw_materials/refined_glowstone, conditions not met
[18:59:37] [INFO] Skipping recipe allthemodium:tools/materials/allthemodium/allthemodium_from_block, conditions not met
[18:59:37] [INFO] Skipping recipe mekmm:compat/ae2omnicells/stamper/omni_link_circuit_print, conditions not met
[18:59:37] [INFO] Skipping recipe mysticalagriculture:seed/crafting/spirited_crystal, conditions not met
[18:59:37] [INFO] Skipping recipe bibliobiomes:color/black/wood/biomesoplenty_jacaranda/tall_seat_back, conditions not met
[18:59:37] [INFO] Skipping recipe farmingforblockheads:market/croptopia/garlic_seed, conditions not met
[18:59:37] [INFO] Skipping recipe bibliowoods:color/purple/wood/werewolves_magic/small_seat_back, conditions not met
[18:59:37] [INFO] Skipping recipe bibliowoods:color/lime/wood/butchercraft_barn_wood/display_case, conditions not met
[18:59:37] [INFO] Skipping recipe bibliobiomes:color/lime/wood/biomesoplenty_umbran/small_seat_back, conditions not met
[18:59:37] [INFO] Skipping recipe bibliowoods:color/magenta/wood/vampirism_dark_spruce/raised_seat_back, conditions not met
[18:59:37] [INFO] Skipping recipe productivebees:item_conversion/reactors/ridiculite_bee, conditions not met
[18:59:37] [INFO] Skipping recipe bibliowoods:color/black/wood/deep_aether_cruderoot/tall_seat_back, conditions not met
[18:59:37] [INFO] Skipping recipe bibliowoods:color/lime/wood/expandeddelight_cinnamon/display_case, conditions not met
[18:59:37] [INFO] Skipping recipe mekanism:compat/biomeswevegone/dye/green, conditions not met
[18:59:37] [INFO] Skipping recipe farmingforblockheads:market/byg/indigo_jacaranda_sapling, conditions not met
[18:59:37] [INFO] Skipping recipe bibliobiomes:color/magenta/wood/biomesoplenty_maple/fancy_seat_back, conditions not met
[18:59:37] [INFO] Skipping recipe farmingforblockheads:market/simplefarming/carrot_seeds, conditions not met
[18:59:37] [INFO] Skipping recipe mysticalagriculture:essence/botania/magenta_mystical_flower, conditions not met
[18:59:37] [INFO] Skipping recipe mekanism:compat/biomesoplenty/pigment_extracting/green, conditions not met
[18:59:37] [INFO] Skipping recipe theurgy:incubation/logs_redwood_from_alchemical_sulfur_redwood, conditions not met
[18:59:37] [INFO] Skipping recipe supplementaries:way_sign_oak/biomeswevegone/skyris, conditions not met
[18:59:37] [INFO] Skipping recipe bibliobiomes:color/magenta/wood/biomesoplenty_maple/small_seat_back, conditions not met
[18:59:37] [INFO] Skipping recipe bibliobiomes:color/green/wood/biomesoplenty_fir/seat, conditions not met
[18:59:37] [INFO] Skipping recipe bibliowoods:color/magenta/wood/cobblemon_apricorn/seat, conditions not met
[18:59:37] [INFO] Skipping recipe bibliobiomes:color/magenta/wood/biomesoplenty_redwood/small_seat_back, conditions not met
[18:59:37] [INFO] Skipping recipe create:cutting/compat/autumnity/sappy_maple_log, conditions not met
[18:59:37] [INFO] Skipping recipe mekanism:compat/biomeswevegone/pigment_extracting/large_green, conditions not met
[18:59:37] [INFO] Skipping recipe bibliobiomes:color/brown/wood/biomesoplenty_magic/small_seat_back, conditions not met
[18:59:37] [INFO] Skipping recipe create:splashing/endergetic/petrified_nether_corrock_crown, conditions not met
[18:59:37] [INFO] Skipping recipe bibliowoods:color/gray/wood/mynethersdelight_powdery/display_case, conditions not met
[18:59:37] [INFO] Skipping recipe bibliowoods:color/green/wood/deep_aether_yagroot/fancy_seat_back, conditions not met
[18:59:37] [INFO] Skipping recipe bibliowoods:color/light_blue/wood/deep_aether_roseroot/display_case, conditions not met
[18:59:37] [INFO] Skipping recipe bibliowoods:color/light_gray/wood/cobblemon_apricorn/raised_seat_back, conditions not met
[18:59:37] [INFO] Skipping recipe bibliowoods:color/orange/wood/werewolves_magic/fancy_seat_back, conditions not met
[18:59:37] [INFO] Skipping recipe bibliowoods:color/light_blue/wood/deep_aether_yagroot/seat, conditions not met
[18:59:37] [INFO] Skipping recipe create:splashing/thermal/crushed_raw_lead, conditions not met
[18:59:37] [INFO] Skipping recipe bibliowoods:color/purple/wood/butchercraft_barn_wood/raised_seat_back, conditions not met
[18:59:37] [INFO] Skipping recipe bibliowoods:color/magenta/wood/mynethersdelight_powdery/flat_seat_back, conditions not met
[18:59:37] [INFO] Skipping recipe bibliowoods:color/orange/wood/werewolves_magic/small_seat_back, conditions not met
[18:59:37] [INFO] Skipping recipe farmingforblockheads:market/betternether/ceiling_mushrooms, conditions not met
[18:59:37] [INFO] Skipping recipe bibliobiomes:wood/biomesoplenty_umbran/shelf, conditions not met
[18:59:37] [INFO] Skipping recipe cataclysm:stonecutting/polished_end_stone_from_stonecutting, no type defined
[18:59:37] [INFO] Skipping recipe productivemetalworks:casting/gears/ftbmaterials/steel, conditions not met
[18:59:37] [INFO] Skipping recipe pneumaticcraft:pneumaticcraft_fuels/ethylene, conditions not met
[18:59:37] [INFO] Skipping recipe productivebees:bee_breeding/chemlib/beryllium_bee, conditions not met
[18:59:37] [INFO] Skipping recipe bibliobiomes:color/purple/wood/biomesoplenty_empyreal/display_case, conditions not met
[18:59:37] [INFO] Skipping recipe allthemodium:melting/salvage/unobtainium/unobtainium_from_shovel, conditions not met
[18:59:37] [INFO] Skipping recipe bibliobiomes:color/orange/wood/biomesoplenty_maple/tall_seat_back, conditions not met
[18:59:37] [INFO] Skipping recipe occultism:miner/ores/white_gemstone_ore, conditions not met
[18:59:37] [INFO] Skipping recipe bibliobiomes:color/brown/wood/biomesoplenty_magic/flat_seat_back, conditions not met
[18:59:37] [INFO] Skipping recipe supplementaries:awnings/awning_red_2, conditions not met
[18:59:37] [INFO] Skipping recipe supplementaries:way_sign_oak/productivetrees/rainbow_gum, conditions not met
[18:59:37] [INFO] Skipping recipe productivebees:bee_produce/chemlib/argon_bee, conditions not met
[18:59:37] [INFO] Skipping recipe productivemetalworks:melting/geore/ancient_debris_shard, conditions not met
[18:59:37] [INFO] Skipping recipe mysticalagriculture:seed/crafting/dark_steel, conditions not met
[18:59:37] [INFO] Skipping recipe mysticalagriculture:essence/botania/gray_mystical_flower, conditions not met
[18:59:37] [INFO] Skipping recipe bibliowoods:color/red/wood/deep_aether_yagroot/flat_seat_back, conditions not met
[18:59:37] [INFO] Skipping recipe bibliowoods:wood/deep_aether_yagroot/fancy_sign, conditions not met
[18:59:37] [INFO] Skipping recipe bibliowoods:color/green/wood/deep_aether_yagroot/small_seat_back, conditions not met
[18:59:37] [INFO] Skipping recipe bibliobiomes:color/blue/wood/biomesoplenty_mahogany/raised_seat_back, conditions not met
[18:59:37] [INFO] Skipping recipe theurgy:reformation/alchemical_sulfur_glacian_from_alchemical_sulfurs_logs_abundant, conditions not met
[18:59:37] [INFO] Skipping recipe bibliowoods:color/purple/wood/gtceu_treated_wood/display_case, conditions not met
[18:59:37] [INFO] Skipping recipe mekmm:compat/evolvedmekanism/factory/overclocked/liquifying, conditions not met
[18:59:37] [INFO] Skipping recipe bibliobiomes:wood/biomesoplenty_umbran/potion_shelf, conditions not met
[18:59:37] [INFO] Skipping recipe bibliowoods:color/orange/wood/gtceu_treated_wood/tall_seat_back, conditions not met
[18:59:37] [INFO] Skipping recipe mysticalagriculture:seed/reprocessor/gaia_spirit, conditions not met
[18:59:37] [INFO] Skipping recipe toolbelt:belt_upgrade_4_via_sewing, conditions not met
[18:59:37] [INFO] Skipping recipe farmingforblockheads:market/croptopia/squash_seed, conditions not met
[18:59:37] [INFO] Skipping recipe bibliobiomes:color/light_blue/wood/biomesoplenty_maple/raised_seat_back, conditions not met
[18:59:37] [INFO] Skipping recipe farmingforblockheads:market/betterendforge/cave_moss, conditions not met
[18:59:37] [INFO] Skipping recipe supplementaries:way_sign_oak/productivetrees/moonlight_magic_crepe_myrtle, conditions not met
[18:59:37] [INFO] Skipping recipe industrialforegoing:laser_drill_ore/raw_materials/bauxite, conditions not met
[18:59:37] [INFO] Skipping recipe bibliobiomes:color/blue/wood/biomesoplenty_fir/tall_seat_back, conditions not met
[18:59:37] [INFO] Skipping recipe evilcraft:crafting/broom_part_cap_metal_manyullyn, conditions not met
[18:59:37] [INFO] Skipping recipe bibliowoods:color/magenta/wood/butchercraft_barn_wood/small_seat_back, conditions not met
[18:59:37] [INFO] Skipping recipe bibliobiomes:color/white/wood/biomesoplenty_umbran/seat, conditions not met
[18:59:37] [INFO] Skipping recipe supplementaries:way_sign_oak/productivetrees/sycamore_fig, conditions not met
[18:59:37] [INFO] Skipping recipe twilightforest:jeed/resistance, conditions not met
[18:59:37] [INFO] Skipping recipe bibliobiomes:color/brown/wood/biomesoplenty_magic/fancy_seat_back, conditions not met
[18:59:37] [INFO] Skipping recipe farmingforblockheads:market/croptopia/vanilla_seeds, conditions not met
[18:59:37] [INFO] Skipping recipe bibliobiomes:color/orange/wood/biomesoplenty_magic/raised_seat_back, conditions not met
[18:59:37] [INFO] Skipping recipe bigreactors:turbine/reinforced/redstoneport_alt, conditions not met
[18:59:37] [INFO] Skipping recipe bibliobiomes:color/pink/wood/biomesoplenty_willow/raised_seat_back, conditions not met
[18:59:37] [INFO] Skipping recipe productivebees:tconstruct/honeycomb/sky_slimy, conditions not met
[18:59:37] [INFO] Skipping recipe bibliowoods:color/lime/wood/extradelight_cinnamon/raised_seat_back, conditions not met
[18:59:37] [INFO] Skipping recipe bibliobiomes:color/red/wood/biomesoplenty_empyreal/fancy_seat_back, conditions not met
[18:59:37] [INFO] Skipping recipe bibliobiomes:color/red/wood/biomesoplenty_redwood/tall_seat_back, conditions not met
[18:59:37] [INFO] Skipping recipe mysticalagradditions:tconstruct/casting/imperium/ingot_sand_cast, conditions not met
[18:59:37] [INFO] Skipping recipe farmingforblockheads:market/byg/violet_leather_flower, conditions not met
[18:59:37] [INFO] Skipping recipe bibliobiomes:color/pink/wood/biomesoplenty_fir/small_seat_back, conditions not met
[18:59:37] [INFO] Skipping recipe mekanism:compat/biomesoplenty/sawing/chest_boat/willow, conditions not met
[18:59:37] [INFO] Skipping recipe farmingforblockheads:market/tropicraft/commelina_diffusa, conditions not met
[18:59:37] [INFO] Skipping recipe bibliobiomes:color/pink/wood/biomesoplenty_fir/fancy_seat_back, conditions not met
[18:59:37] [INFO] Skipping recipe bibliowoods:color/magenta/wood/vampirism_cursed_spruce/display_case, conditions not met
[18:59:37] [INFO] Skipping recipe theurgy:incubation/logs_fir_from_alchemical_sulfur_fir, conditions not met
[18:59:37] [INFO] Skipping recipe gtceu:electric_blast_furnace/molybdenum_bee, conditions not met
[18:59:37] [INFO] Skipping recipe bibliowoods:wood/extradelight_cinnamon/grandfather_clock, conditions not met
[18:59:37] [INFO] Skipping recipe mysticalagriculture:seed/crafting/lumium, conditions not met
[18:59:37] [INFO] Skipping recipe bibliowoods:color/light_blue/wood/cobblemon_apricorn/raised_seat_back, conditions not met
[18:59:37] [INFO] Skipping recipe create:milling/compat/buzzier_bees/buttercup, conditions not met
[18:59:37] [INFO] Skipping recipe productivebees:centrifuge/ad_astra/honeycomb_desh, conditions not met
[18:59:37] [INFO] Skipping recipe industrialforegoing:laser_drill_ore/raw_materials/sheldonite, conditions not met
[18:59:37] [INFO] Skipping recipe bibliowoods:color/magenta/wood/gtceu_treated_wood/seat, conditions not met
[18:59:37] [INFO] Skipping recipe allthemodium:melting/fuel/soullava, conditions not met
[18:59:37] [INFO] Skipping recipe productivebees:centrifuge/dusts/honeycomb_nickel, conditions not met
[18:59:37] [INFO] Skipping recipe cataclysm:stonecutting/obsidian_bricks_from_stonecutting, no type defined
[18:59:37] [INFO] Skipping recipe bibliobiomes:color/gray/wood/biomesoplenty_pine/raised_seat_back, conditions not met
[18:59:37] [INFO] Skipping recipe bibliobiomes:color/lime/wood/biomesoplenty_pine/fancy_seat_back, conditions not met
[18:59:37] [INFO] Skipping recipe bibliowoods:color/yellow/wood/deep_aether_cruderoot/fancy_seat_back, conditions not met
[18:59:37] [INFO] Skipping recipe create:milling/compat/botania/cyan_petal, conditions not met
[18:59:37] [INFO] Skipping recipe bibliowoods:color/light_gray/wood/gtceu_treated_wood/tall_seat_back, conditions not met
[18:59:37] [INFO] Skipping recipe bibliobiomes:color/lime/wood/biomesoplenty_pine/small_seat_back, conditions not met
[18:59:37] [INFO] Skipping recipe farmingforblockheads:market/tropicraft/orange_anthurium, conditions not met
[18:59:37] [INFO] Skipping recipe mysticalagradditions:tconstruct/melting/soulium/ingot, conditions not met
[18:59:37] [INFO] Skipping recipe bibliobiomes:color/cyan/wood/biomesoplenty_fir/fancy_seat_back, conditions not met
[18:59:37] [INFO] Skipping recipe theurgy:liquefaction/alchemical_sulfur_ostrum_from_ores_ostrum, conditions not met
[18:59:37] [INFO] Skipping recipe bibliobiomes:color/green/wood/biomesoplenty_jacaranda/small_seat_back, conditions not met
[18:59:37] [INFO] Skipping recipe bibliowoods:color/cyan/wood/deep_aether_roseroot/flat_seat_back, conditions not met
[18:59:37] [INFO] Skipping recipe bibliowoods:color/magenta/wood/deep_aether_sunroot/seat, conditions not met
[18:59:37] [INFO] Skipping recipe bibliowoods:color/orange/wood/deep_aether_yagroot/raised_seat_back, conditions not met
[18:59:38] [INFO] Skipping recipe theurgy:incubation/crops_chile_pepper_from_alchemical_sulfur_chile_pepper, conditions not met
[18:59:38] [INFO] Skipping recipe evilcraft:crafting/broom_part_cap_metal_ardite, conditions not met
[18:59:38] [INFO] Skipping recipe bibliobiomes:color/orange/wood/biomesoplenty_empyreal/flat_seat_back, conditions not met
[18:59:38] [INFO] Skipping recipe mekanism:compat/biomesoplenty/sawing/hanging_sign/magic, conditions not met
[18:59:38] [INFO] Skipping recipe bibliobiomes:color/cyan/wood/biomesoplenty_hellbark/flat_seat_back, conditions not met
[18:59:38] [INFO] Skipping recipe bibliowoods:color/pink/wood/deep_aether_yagroot/flat_seat_back, conditions not met
[18:59:38] [INFO] Skipping recipe bibliowoods:color/brown/wood/gtceu_treated_wood/flat_seat_back, conditions not met
[18:59:38] [INFO] Skipping recipe productivebees:bee_breeding/chemlib/germanium_bee, conditions not met
[18:59:38] [INFO] Skipping recipe theurgy:incubation/crops_turmeric_from_alchemical_sulfur_turmeric, conditions not met
[18:59:38] [INFO] Skipping recipe bibliowoods:color/black/wood/werewolves_magic/seat, conditions not met
[18:59:38] [INFO] Skipping recipe bibliobiomes:color/blue/wood/biomesoplenty_pine/raised_seat_back, conditions not met
[18:59:38] [INFO] Skipping recipe productivebees:bee_produce/gtceu/neutronium_bee, conditions not met
[18:59:38] [INFO] Skipping recipe bibliobiomes:color/pink/wood/biomesoplenty_redwood/raised_seat_back, conditions not met
[18:59:38] [INFO] Skipping recipe gtceu:electric_blast_furnace/naquadah_bee, conditions not met
[18:59:38] [INFO] Skipping recipe bibliobiomes:color/cyan/wood/biomesoplenty_hellbark/tall_seat_back, conditions not met
[18:59:38] [INFO] Skipping recipe mysticalagriculture:seed/infusion/flux_infused_ingot, conditions not met
[18:59:38] [INFO] Skipping recipe productivebees:bee_produce/gems/lepidolite_bee, conditions not met
[18:59:38] [INFO] Skipping recipe mekanism:compat/biomesoplenty/sawing/door/maple, conditions not met
[18:59:38] [INFO] Skipping recipe mekanism:compat/biomeswevegone/pigment_extracting/large_cyan, conditions not met
[18:59:38] [INFO] Skipping recipe bibliowoods:color/light_gray/wood/deep_aether_yagroot/seat, conditions not met
[18:59:38] [INFO] Skipping recipe create:blasting/ingot_tin_compat_ic2, conditions not met
[18:59:38] [INFO] Skipping recipe bibliobiomes:color/light_gray/wood/biomesoplenty_mahogany/seat, conditions not met
[18:59:38] [INFO] Skipping recipe bibliobiomes:color/brown/wood/biomesoplenty_maple/flat_seat_back, conditions not met
[18:59:38] [INFO] Skipping recipe bibliobiomes:color/orange/wood/biomesoplenty_fir/tall_seat_back, conditions not met
[18:59:38] [INFO] Skipping recipe productivebees:alchemistry/combiner/barium_bee, conditions not met
[18:59:38] [INFO] Skipping recipe supplementaries:way_sign_oak/productivetrees/aspen, conditions not met
[18:59:38] [INFO] Skipping recipe productivebees:alchemistry/combiner/nihonium_bee, conditions not met
[18:59:38] [INFO] Skipping recipe bibliobiomes:color/light_blue/wood/biomesoplenty_hellbark/seat, conditions not met
[18:59:38] [INFO] Skipping recipe mekanism:compat/biomesoplenty/dye/purple, conditions not met
[18:59:38] [INFO] Skipping recipe bibliobiomes:color/cyan/wood/biomesoplenty_fir/small_seat_back, conditions not met
[18:59:38] [INFO] Skipping recipe productivemetalworks:casting/plates/ftbmaterials/osmium, conditions not met
[18:59:38] [INFO] Skipping recipe bibliowoods:color/brown/wood/mynethersdelight_powdery/fancy_seat_back, conditions not met
[18:59:38] [INFO] Skipping recipe theurgy:liquefaction/alchemical_sulfur_wolfberry_from_logs_wolfberry, conditions not met
[18:59:38] [INFO] Skipping recipe bibliobiomes:color/orange/wood/biomesoplenty_willow/fancy_seat_back, conditions not met
[18:59:38] [INFO] Skipping recipe bibliowoods:color/cyan/wood/gtceu_treated_wood/raised_seat_back, conditions not met
[18:59:38] [INFO] Skipping recipe bibliowoods:color/light_gray/wood/gtceu_treated_wood/flat_seat_back, conditions not met
[18:59:38] [INFO] Skipping recipe theurgy:liquefaction/alchemical_sulfur_mahogany_from_logs_mahogany, conditions not met
[18:59:38] [INFO] Skipping recipe bibliowoods:color/black/wood/extradelight_fruit/display_case, conditions not met
[18:59:38] [INFO] Skipping recipe supplementaries:way_sign_oak/regions_unexplored/pink_bioshroom, conditions not met
[18:59:38] [INFO] Skipping recipe productivebees:centrifuge/byg/honeycomb_pendorite, conditions not met
[18:59:38] [INFO] Skipping recipe bibliowoods:color/lime/wood/deep_aether_cruderoot/raised_seat_back, conditions not met
[18:59:38] [INFO] Skipping recipe bibliowoods:color/light_blue/wood/gtceu_rubber/seat, conditions not met
[18:59:38] [INFO] Skipping recipe bibliowoods:color/magenta/wood/deep_aether_sunroot/tall_seat_back, conditions not met
[18:59:38] [INFO] Skipping recipe bibliowoods:color/lime/wood/gtceu_rubber/display_case, conditions not met
[18:59:38] [INFO] Skipping recipe bibliobiomes:color/purple/wood/biomesoplenty_pine/raised_seat_back, conditions not met
[18:59:38] [INFO] Skipping recipe bibliobiomes:color/purple/wood/biomesoplenty_willow/fancy_seat_back, conditions not met
[18:59:38] [INFO] Skipping recipe supplementaries:way_sign_oak/productivetrees/red_crepe_myrtle, conditions not met
[18:59:38] [INFO] Skipping recipe bibliowoods:color/black/wood/vampirism_dark_spruce/tall_seat_back, conditions not met
[18:59:38] [INFO] Skipping recipe bibliowoods:color/pink/wood/deep_aether_yagroot/tall_seat_back, conditions not met
[18:59:38] [INFO] Skipping recipe bibliobiomes:color/light_blue/wood/biomesoplenty_willow/raised_seat_back, conditions not met
[18:59:38] [INFO] Skipping recipe supplementaries:way_sign_oak/productivetrees/zebrano, conditions not met
[18:59:38] [INFO] Skipping recipe mysticalagriculture:essence/botania/terrasteel_ingot, conditions not met
[18:59:38] [INFO] Skipping recipe bibliobiomes:color/brown/wood/biomesoplenty_umbran/seat, conditions not met
[18:59:38] [INFO] Skipping recipe bibliobiomes:color/yellow/wood/biomesoplenty_maple/tall_seat_back, conditions not met
[18:59:38] [INFO] Skipping recipe bibliobiomes:color/brown/wood/biomesoplenty_redwood/display_case, conditions not met
[18:59:38] [INFO] Skipping recipe productivebees:hives/advanced_atmospheric_aspen_beehive, conditions not met
[18:59:38] [INFO] Skipping recipe bibliowoods:wood/deep_aether_roseroot/bookcase, conditions not met
[18:59:38] [INFO] Skipping recipe productivemetalworks:melting/geore/coal_block, conditions not met
[18:59:38] [INFO] Skipping recipe bibliowoods:color/magenta/wood/cobblemon_apricorn/raised_seat_back, conditions not met
[18:59:38] [INFO] Skipping recipe bibliowoods:color/gray/wood/werewolves_jacaranda/flat_seat_back, conditions not met
[18:59:38] [INFO] Skipping recipe bibliowoods:color/magenta/wood/vampirism_dark_spruce/flat_seat_back, conditions not met
[18:59:38] [INFO] Skipping recipe bibliowoods:color/green/wood/cobblemon_apricorn/display_case, conditions not met
[18:59:38] [INFO] Skipping recipe bibliobiomes:color/purple/wood/biomesoplenty_willow/small_seat_back, conditions not met
[18:59:38] [INFO] Skipping recipe bibliowoods:color/gray/wood/deep_aether_sunroot/fancy_seat_back, conditions not met
[18:59:38] [INFO] Skipping recipe mysticalagriculture:essence/tconstruct/queens_slime_ingot, conditions not met
[18:59:38] [INFO] Skipping recipe bibliowoods:color/purple/wood/deep_aether_sunroot/fancy_seat_back, conditions not met
[18:59:38] [INFO] Skipping recipe bibliobiomes:color/orange/wood/biomesoplenty_dead/seat, conditions not met
[18:59:38] [INFO] Skipping recipe ae2:matter_cannon/nuggets/rubidium, conditions not met
[18:59:38] [INFO] Skipping recipe productivebees:centrifuge/enigmaticlegacy/honeycomb_astral, conditions not met
[18:59:38] [INFO] Skipping recipe supplementaries:way_sign_oak/productivetrees/sugar_maple, conditions not met
[18:59:38] [INFO] Skipping recipe occultism:crushing/black_quartz_dust_from_gem, conditions not met
[18:59:38] [INFO] Skipping recipe supplementaries:way_sign_oak/productivetrees/osage_orange, conditions not met
[18:59:38] [INFO] Skipping recipe farmingforblockheads:market/betterendforge/blue_vine_seed, conditions not met
[18:59:38] [INFO] Skipping recipe bibliobiomes:color/cyan/wood/biomesoplenty_redwood/raised_seat_back, conditions not met
[18:59:38] [INFO] Skipping recipe bibliowoods:color/gray/wood/gtceu_treated_wood/flat_seat_back, conditions not met
[18:59:38] [INFO] Skipping recipe bibliobiomes:color/red/wood/biomesoplenty_palm/seat, conditions not met
[18:59:38] [INFO] Skipping recipe supplementaries:way_sign_oak/productivetrees/olive, conditions not met
[18:59:38] [INFO] Skipping recipe bibliowoods:color/lime/wood/butchercraft_barn_wood/tall_seat_back, conditions not met
[18:59:38] [INFO] Skipping recipe theurgy:liquefaction/alchemical_sulfur_darkwood_from_logs_darkwood, conditions not met
[18:59:38] [INFO] Skipping recipe farmingforblockheads:market/byg/begonia, conditions not met
[18:59:38] [INFO] Skipping recipe mysticalagriculture:essence/astralsorcery/marble, conditions not met
[18:59:38] [INFO] Skipping recipe bibliowoods:color/white/wood/deep_aether_yagroot/seat, conditions not met
[18:59:38] [INFO] Skipping recipe productivebees:block_conversion/botania/ice_to_packed_ice, conditions not met
[18:59:38] [INFO] Skipping recipe bibliobiomes:color/orange/wood/biomesoplenty_fir/flat_seat_back, conditions not met
[18:59:38] [INFO] Skipping recipe bibliowoods:color/brown/wood/extradelight_fruit/small_seat_back, conditions not met
[18:59:38] [INFO] Skipping recipe farmingforblockheads:market/croptopia/pineapple_seed, conditions not met
[18:59:38] [INFO] Skipping recipe bibliobiomes:color/gray/wood/biomesoplenty_magic/fancy_seat_back, conditions not met
[18:59:38] [INFO] Skipping recipe bibliowoods:color/cyan/wood/werewolves_magic/seat, conditions not met
[18:59:38] [INFO] Skipping recipe productivebees:bee_produce/astralsorcery/starmetal_bee, conditions not met
[18:59:38] [INFO] Skipping recipe mysticalagriculture:seed/infusion/queens_slime, conditions not met
[18:59:38] [INFO] Skipping recipe farmingforblockheads:market/byg/pink_allium, conditions not met
[18:59:38] [INFO] Skipping recipe bibliobiomes:color/magenta/wood/biomesoplenty_jacaranda/fancy_seat_back, conditions not met
[18:59:38] [INFO] Skipping recipe bibliowoods:color/blue/wood/deep_aether_roseroot/display_case, conditions not met
[18:59:38] [INFO] Skipping recipe bibliowoods:color/lime/wood/werewolves_magic/display_case, conditions not met
[18:59:38] [INFO] Skipping recipe theurgy:incubation/crops_pepper_from_alchemical_sulfur_pepper, conditions not met
[18:59:38] [INFO] Skipping recipe bibliowoods:color/gray/wood/deep_aether_yagroot/seat, conditions not met
[18:59:38] [INFO] Skipping recipe bibliowoods:wood/werewolves_magic/shelf, conditions not met
[18:59:38] [INFO] Skipping recipe bibliowoods:color/black/wood/deep_aether_conberry/seat, conditions not met
[18:59:38] [INFO] Skipping recipe bibliowoods:color/brown/wood/extradelight_fruit/fancy_seat_back, conditions not met
[18:59:38] [INFO] Skipping recipe productivebees:bee_conversion/chemlib/ytterbium_bee, conditions not met
[18:59:38] [INFO] Skipping recipe productivebees:centrifuge/bloodmagic/honeycomb_hematophagous, conditions not met
[18:59:38] [INFO] Skipping recipe dyenamics:thermal/rockwool/spring_green_rockwool, conditions not met
[18:59:38] [INFO] Skipping recipe bibliowoods:wood/vampirism_cursed_spruce/fancy_clock, conditions not met
[18:59:38] [INFO] Skipping recipe bibliobiomes:color/yellow/wood/biomesoplenty_empyreal/flat_seat_back, conditions not met
[18:59:38] [INFO] Skipping recipe bibliobiomes:color/purple/wood/biomesoplenty_jacaranda/display_case, conditions not met
[18:59:38] [INFO] Skipping recipe supplementaries:way_sign_oak/productivetrees/citron, conditions not met
[18:59:38] [INFO] Skipping recipe occultism:miner/ores/jade_ore, conditions not met
[18:59:38] [INFO] Skipping recipe productivemetalworks:casting/magistuarmory/steel_plate, conditions not met
[18:59:38] [INFO] Skipping recipe mekanism:compat/biomesoplenty/sawing/pressure_plate/fir, conditions not met
[18:59:38] [INFO] Skipping recipe productivebees:alchemistry/combiner/plutonium_bee, conditions not met
[18:59:38] [INFO] Skipping recipe productivebees:centrifuge/thermal/honeycomb_energized_glowstone, conditions not met
[18:59:38] [INFO] Skipping recipe bibliowoods:color/magenta/wood/vampirism_cursed_spruce/flat_seat_back, conditions not met
[18:59:38] [INFO] Skipping recipe dyenamics:thermal/rockwool/navy_rockwool, conditions not met
[18:59:38] [INFO] Skipping recipe bibliowoods:wood/deep_aether_sunroot/potion_shelf, conditions not met
[18:59:38] [INFO] Skipping recipe bibliobiomes:color/green/wood/biomesoplenty_umbran/flat_seat_back, conditions not met
[18:59:38] [INFO] Skipping recipe bigreactors:turbine/reinforced/casing_upgrade_alt, conditions not met
[18:59:38] [INFO] Skipping recipe bibliowoods:color/blue/wood/deep_aether_sunroot/small_seat_back, conditions not met
[18:59:38] [INFO] Skipping recipe allthemodium:melting/salvage/allthemodium/allthemodium_from_hoe, conditions not met
[18:59:38] [INFO] Skipping recipe occultism:miner/ores/ornamyte_ore, conditions not met
[18:59:38] [INFO] Skipping recipe bibliowoods:color/lime/wood/expandeddelight_cinnamon/seat, conditions not met
[18:59:38] [INFO] Skipping recipe bibliowoods:color/gray/wood/vampirism_cursed_spruce/seat, conditions not met
[18:59:38] [INFO] Skipping recipe mysticalagradditions:tconstruct/melting/imperium/nugget, conditions not met
[18:59:38] [INFO] Skipping recipe bibliowoods:wood/mynethersdelight_powdery/potion_shelf, conditions not met
[18:59:38] [INFO] Skipping recipe bibliobiomes:color/brown/wood/biomesoplenty_umbran/raised_seat_back, conditions not met
[18:59:38] [INFO] Skipping recipe bibliowoods:color/light_blue/wood/gtceu_rubber/flat_seat_back, conditions not met
[18:59:38] [INFO] Skipping recipe bibliobiomes:wood/biomesoplenty_fir/table, conditions not met
[18:59:38] [INFO] Skipping recipe bibliowoods:color/cyan/wood/vampirism_dark_spruce/seat, conditions not met
[18:59:38] [INFO] Skipping recipe bibliowoods:color/light_gray/wood/gtceu_rubber/seat, conditions not met
[18:59:38] [INFO] Skipping recipe treetap:tfc_test, conditions not met
[18:59:38] [INFO] Skipping recipe productivebees:bee_produce/elementalcraft/springaline_bee, conditions not met
[18:59:38] [INFO] Skipping recipe mekanism:compat/biomesoplenty/dye/large_brown, conditions not met
[18:59:38] [INFO] Skipping recipe bibliowoods:color/cyan/wood/werewolves_magic/flat_seat_back, conditions not met
[18:59:38] [INFO] Skipping recipe farmingforblockheads:market/simplefarming/oat_seeds, conditions not met
[18:59:38] [INFO] Skipping recipe immersiveengineering:crafting/raw_hammercrushing_cobalt, conditions not met
[18:59:38] [INFO] Skipping recipe enderdrives:ender_disk_1k_vanilla, conditions not met
[18:59:38] [INFO] Skipping recipe mysticalagriculture:seed/crafting/steel, conditions not met
[18:59:38] [INFO] Skipping recipe productivemetalworks:melting/dusts/refined_glowstone, conditions not met
[18:59:38] [INFO] Skipping recipe bibliowoods:color/blue/wood/deep_aether_sunroot/fancy_seat_back, conditions not met
[18:59:38] [INFO] Skipping recipe productivemetalworks:melting/gears/tyrian_steel, conditions not met
[18:59:38] [INFO] Skipping recipe farmingforblockheads:market/betternether/orange_mushroom, conditions not met
[18:59:38] [INFO] Skipping recipe allthemodium:melting/salvage/unobtainium/unobtainium_from_chestplate, conditions not met
[18:59:38] [INFO] Skipping recipe bibliowoods:wood/vampirism_dark_spruce/potion_shelf, conditions not met
[18:59:38] [INFO] Skipping recipe create:crushing/compat/exnihilosequentia/end_stone, conditions not met
[18:59:38] [INFO] Skipping recipe create:milling/compat/atmospheric/barrel_cactus, conditions not met
[18:59:38] [INFO] Skipping recipe immersiveengineering:metalpress/gear_cobalt, conditions not met
[18:59:38] [INFO] Skipping recipe bibliobiomes:wood/biomesoplenty_empyreal/bookcase, conditions not met
[18:59:38] [INFO] Skipping recipe mekmm:compat/evolvedmekanism/factory/overclocked/centrifuging, conditions not met
[18:59:38] [INFO] Skipping recipe productivebees:bee_conversion/chemlib/yttrium_bee, conditions not met
[18:59:38] [INFO] Skipping recipe bibliowoods:color/pink/wood/expandeddelight_cinnamon/small_seat_back, conditions not met
[18:59:38] [INFO] Skipping recipe create:crushing/compat/thermal/cinnabar_ore, conditions not met
[18:59:38] [INFO] Skipping recipe bibliobiomes:color/light_gray/wood/biomesoplenty_jacaranda/display_case, conditions not met
[18:59:38] [INFO] Skipping recipe bibliowoods:color/black/wood/mynethersdelight_powdery/flat_seat_back, conditions not met
[18:59:38] [INFO] Skipping recipe bibliowoods:color/brown/wood/butchercraft_barn_wood/seat, conditions not met
[18:59:38] [INFO] Skipping recipe bibliobiomes:color/pink/wood/biomesoplenty_mahogany/tall_seat_back, conditions not met
[18:59:38] [INFO] Skipping recipe supplementaries:way_sign_oak/productivetrees/coffea, conditions not met
[18:59:38] [INFO] Skipping recipe bibliobiomes:color/black/wood/biomesoplenty_umbran/small_seat_back, conditions not met
[18:59:38] [INFO] Skipping recipe allthemodium:casting/alloys/vibranium_allthemodium_alloy_ingot, conditions not met
[18:59:38] [INFO] Skipping recipe megacells:cells/standard/experience_storage_cell_256m_with_housing, conditions not met
[18:59:38] [INFO] Skipping recipe bibliowoods:color/orange/wood/gtceu_treated_wood/seat, conditions not met
[18:59:38] [INFO] Skipping recipe bibliobiomes:color/green/wood/biomesoplenty_magic/display_case, conditions not met
[18:59:38] [INFO] Skipping recipe productivebees:bloodmagic/regenerative_bee, conditions not met
[18:59:38] [INFO] Skipping recipe bigreactors:reactor/reinforced/casing_alt, conditions not met
[18:59:38] [INFO] Skipping recipe gtceu:alloy_smelter/galena_bee, conditions not met
[18:59:38] [INFO] Skipping recipe ae2:matter_cannon/nuggets/coal, conditions not met
[18:59:38] [INFO] Skipping recipe mekmm:compat/evolvedmekanism/factory/creative/lathing, conditions not met
[18:59:38] [INFO] Skipping recipe bibliobiomes:color/lime/wood/biomesoplenty_palm/seat, conditions not met
[18:59:38] [INFO] Skipping recipe productivebees:bee_produce/gems/phosphophyllite_bee, conditions not met
[18:59:38] [INFO] Skipping recipe productivemetalworks:casting/gears/ftbmaterials/copper, conditions not met
[18:59:38] [INFO] Skipping recipe mysticalagradditions:tconstruct/tools/materials/imperium/ingot, conditions not met
[18:59:38] [INFO] Skipping recipe bibliowoods:color/cyan/wood/vampirism_cursed_spruce/small_seat_back, conditions not met
[18:59:38] [INFO] Skipping recipe bibliobiomes:color/red/wood/biomesoplenty_maple/raised_seat_back, conditions not met
[18:59:38] [INFO] Skipping recipe mysticalagriculture:seed/crafting/menril, conditions not met
[18:59:38] [INFO] Skipping recipe bibliobiomes:color/white/wood/biomesoplenty_palm/seat, conditions not met
[18:59:38] [INFO] Skipping recipe bibliowoods:color/green/wood/werewolves_jacaranda/seat, conditions not met
[18:59:38] [INFO] Skipping recipe bibliobiomes:color/light_gray/wood/biomesoplenty_willow/fancy_seat_back, conditions not met
[18:59:38] [INFO] Skipping recipe bibliowoods:color/cyan/wood/vampirism_cursed_spruce/fancy_seat_back, conditions not met
[18:59:38] [INFO] Skipping recipe farmingforblockheads:market/croptopia/banana_sapling, conditions not met
[18:59:38] [INFO] Skipping recipe bibliowoods:color/brown/wood/werewolves_magic/fancy_seat_back, conditions not met
[18:59:38] [INFO] Skipping recipe bibliobiomes:color/orange/wood/biomesoplenty_hellbark/small_seat_back, conditions not met
[18:59:38] [INFO] Skipping recipe productivebees:bee_breeding/chemlib/gallium_bee, conditions not met
[18:59:38] [INFO] Skipping recipe supplementaries:way_sign_oak/productivetrees/white_poplar, conditions not met
[18:59:38] [INFO] Skipping recipe bibliobiomes:color/orange/wood/biomesoplenty_hellbark/fancy_seat_back, conditions not met
[18:59:38] [INFO] Skipping recipe bibliowoods:color/white/wood/extradelight_cinnamon/flat_seat_back, conditions not met
[18:59:38] [INFO] Skipping recipe create_aquatic_ambitions:channeling/upgrade_aquatic/branch_coral_block, conditions not met
[18:59:38] [INFO] Skipping recipe theurgy:liquefaction/alchemical_sulfur_twilight_oak_from_logs_twilight_oak, conditions not met
[18:59:38] [INFO] Skipping recipe bibliobiomes:color/light_gray/wood/biomesoplenty_willow/small_seat_back, conditions not met
[18:59:38] [INFO] Skipping recipe supplementaries:jeed/flammable, conditions not met
[18:59:38] [INFO] Skipping recipe allthemodium:tools/materials/allthemodium/allthemodium_from_nugget, conditions not met
[18:59:38] [INFO] Skipping recipe productivebees:bee_produce/gems/kunzite_bee, conditions not met
[18:59:38] [INFO] Skipping recipe bigreactors:reactor/reinforced/solidaccessport_alt, conditions not met
[18:59:38] [INFO] Skipping recipe create:milling/compat/atmospheric/red_arid_sandstone, conditions not met
[18:59:38] [INFO] Skipping recipe bibliowoods:color/pink/wood/gtceu_rubber/fancy_seat_back, conditions not met
[18:59:38] [INFO] Skipping recipe allthemodium:casting/materials/allthemodium, conditions not met
[18:59:38] [INFO] Skipping recipe create:splashing/endergetic/petrified_end_corrock_block, conditions not met
[18:59:38] [INFO] Skipping recipe bibliowoods:color/blue/wood/werewolves_magic/fancy_seat_back, conditions not met
[18:59:38] [INFO] Skipping recipe theurgy:liquefaction/alchemical_sulfur_rubberwood_from_logs_rubberwood, conditions not met
[18:59:38] [INFO] Skipping recipe productivebees:hives/advanced_biomesoplenty_magic_beehive, conditions not met
[18:59:38] [INFO] Skipping recipe productivebees:bee_produce/gems/jade_bee, conditions not met
[18:59:38] [INFO] Skipping recipe actuallyadditions:mininglens/elementsofpower/sapphire_ore, conditions not met
[18:59:38] [INFO] Skipping recipe bibliowoods:color/pink/wood/butchercraft_barn_wood/small_seat_back, conditions not met
[18:59:38] [INFO] Skipping recipe bibliobiomes:color/purple/wood/biomesoplenty_umbran/flat_seat_back, conditions not met
[18:59:38] [INFO] Skipping recipe mekanism:compat/biomesoplenty/sawing/fence_gate/pine, conditions not met
[18:59:38] [INFO] Skipping recipe bibliowoods:color/orange/wood/deep_aether_cruderoot/tall_seat_back, conditions not met
[18:59:38] [INFO] Skipping recipe bibliobiomes:color/orange/wood/biomesoplenty_fir/display_case, conditions not met
[18:59:38] [INFO] Skipping recipe bibliowoods:color/light_blue/wood/vampirism_cursed_spruce/fancy_seat_back, conditions not met
[18:59:38] [INFO] Skipping recipe bibliowoods:color/lime/wood/deep_aether_roseroot/fancy_seat_back, conditions not met
[18:59:38] [INFO] Skipping recipe oritech:pulverizer/compat/energizedpowerraw/tin, conditions not met
[18:59:38] [INFO] Skipping recipe productivemetalworks:casting/nuggets/ftbmaterials/aluminum, conditions not met
[18:59:38] [INFO] Skipping recipe bibliowoods:color/cyan/wood/cobblemon_apricorn/raised_seat_back, conditions not met
[18:59:38] [INFO] Skipping recipe bibliobiomes:color/lime/wood/biomesoplenty_palm/fancy_seat_back, conditions not met
[18:59:38] [INFO] Skipping recipe bibliobiomes:color/lime/wood/biomesoplenty_willow/raised_seat_back, conditions not met
[18:59:38] [INFO] Skipping recipe productivemetalworks:casting/gears/ftbmaterials/uranium, conditions not met
[18:59:38] [INFO] Skipping recipe bibliobiomes:color/brown/wood/biomesoplenty_empyreal/flat_seat_back, conditions not met
[18:59:38] [INFO] Skipping recipe bibliobiomes:wood/biomesoplenty_willow/potion_shelf, conditions not met
[18:59:38] [INFO] Skipping recipe tempad:time_steel_shapeless, conditions not met
[18:59:38] [INFO] Skipping recipe farmingforblockheads:market/byg/winter_rose, conditions not met
[18:59:38] [INFO] Skipping recipe farmingforblockheads:market/thermal/tomato_seeds, conditions not met
[18:59:38] [INFO] Skipping recipe mekanism:compat/biomesoplenty/sawing/hanging_sign/empyreal, conditions not met
[18:59:38] [INFO] Skipping recipe bibliowoods:color/black/wood/vampirism_cursed_spruce/fancy_seat_back, conditions not met
[18:59:38] [INFO] Skipping recipe create:cutting/compat/atmospheric/watchful_aspen_wood, conditions not met
[18:59:38] [INFO] Skipping recipe farmingforblockheads:market/byg/white_mangrove_sapling, conditions not met
[18:59:38] [INFO] Skipping recipe bibliowoods:color/magenta/wood/extradelight_fruit/raised_seat_back, conditions not met
[18:59:38] [INFO] Skipping recipe bibliowoods:color/light_blue/wood/deep_aether_cruderoot/display_case, conditions not met
[18:59:38] [INFO] Skipping recipe bibliowoods:color/magenta/wood/extradelight_cinnamon/seat, conditions not met
[18:59:38] [INFO] Skipping recipe integrateddynamics:mechanical_squeezer/ore/raw_ardite, conditions not met
[18:59:38] [INFO] Skipping recipe allthemodium:tools/materials/unobtainium/unobtainium_from_ingot, conditions not met
[18:59:38] [INFO] Skipping recipe bibliowoods:wood/deep_aether_roseroot/potion_shelf, conditions not met
[18:59:38] [INFO] Skipping recipe occultism:miner/ores/bone_fragments_ore, conditions not met
[18:59:38] [INFO] Skipping recipe bibliobiomes:color/brown/wood/biomesoplenty_dead/tall_seat_back, conditions not met
[18:59:38] [INFO] Skipping recipe bibliowoods:wood/deep_aether_roseroot/tool_rack, conditions not met
[18:59:38] [INFO] Skipping recipe bibliowoods:color/red/wood/gtceu_treated_wood/fancy_seat_back, conditions not met
[18:59:38] [INFO] Skipping recipe productivebees:bee_produce/tconstruct/hepatizon_bee, conditions not met
[18:59:38] [INFO] Skipping recipe productivemetalworks:melting/storage_blocks/raw_enderium, conditions not met
[18:59:38] [INFO] Skipping recipe farmingforblockheads:market/betterendforge/bolux_mushroom, conditions not met
[18:59:38] [INFO] Skipping recipe bibliobiomes:color/orange/wood/biomesoplenty_palm/tall_seat_back, conditions not met
[18:59:38] [INFO] Skipping recipe bibliowoods:color/brown/wood/werewolves_jacaranda/tall_seat_back, conditions not met
[18:59:38] [INFO] Skipping recipe farmingforblockheads:market/biomesoplenty/pine_sapling, conditions not met
[18:59:38] [INFO] Skipping recipe create:milling/compat/biomesoplenty/rose, conditions not met
[18:59:38] [INFO] Skipping recipe bibliowoods:color/brown/wood/vampirism_cursed_spruce/raised_seat_back, conditions not met
[18:59:38] [INFO] Skipping recipe theurgy:reformation/alchemical_sulfur_hellbark_from_alchemical_sulfurs_logs_abundant, conditions not met
[18:59:38] [INFO] Skipping recipe bibliobiomes:wood/biomesoplenty_dead/grandfather_clock, conditions not met
[18:59:38] [INFO] Skipping recipe bibliowoods:color/purple/wood/werewolves_jacaranda/small_seat_back, conditions not met
[18:59:38] [INFO] Skipping recipe bibliobiomes:color/pink/wood/biomesoplenty_mahogany/small_seat_back, conditions not met
[18:59:38] [INFO] Skipping recipe bibliobiomes:color/black/wood/biomesoplenty_fir/display_case, conditions not met
[18:59:38] [INFO] Skipping recipe farmingforblockheads:market/byg/brown_oak_sapling, conditions not met
[18:59:38] [INFO] Skipping recipe productivebees:centrifuge/botania/honeycomb_manasteel, conditions not met
[18:59:38] [INFO] Skipping recipe bibliobiomes:color/gray/wood/biomesoplenty_mahogany/seat, conditions not met
[18:59:38] [INFO] Skipping recipe bibliowoods:color/green/wood/vampirism_cursed_spruce/display_case, conditions not met
[18:59:38] [INFO] Skipping recipe bibliobiomes:color/purple/wood/biomesoplenty_jacaranda/flat_seat_back, conditions not met
[18:59:38] [INFO] Skipping recipe productivebees:thermal/shapeless/soul_infused_bee, conditions not met
[18:59:38] [INFO] Skipping recipe bibliobiomes:color/cyan/wood/biomesoplenty_willow/flat_seat_back, conditions not met
[18:59:38] [INFO] Skipping recipe bibliobiomes:color/light_blue/wood/biomesoplenty_maple/flat_seat_back, conditions not met
[18:59:38] [INFO] Skipping recipe farmingforblockheads:market/byg/cyan_rose, conditions not met
[18:59:38] [INFO] Skipping recipe bibliowoods:color/lime/wood/mynethersdelight_powdery/small_seat_back, conditions not met
[18:59:38] [INFO] Skipping recipe productivebees:hives/advanced_atmospheric_yucca_beehive_clear, conditions not met
[18:59:38] [INFO] Skipping recipe bibliowoods:color/yellow/wood/extradelight_fruit/small_seat_back, conditions not met
[18:59:38] [INFO] Skipping recipe farmingforblockheads:market/byg/richea, conditions not met
[18:59:38] [INFO] Skipping recipe bibliobiomes:color/blue/wood/biomesoplenty_willow/tall_seat_back, conditions not met
[18:59:38] [INFO] Skipping recipe mysticalagriculture:seed/crafting/end_steel, conditions not met
[18:59:38] [INFO] Skipping recipe occultism:miner/ores/bloodstone_ore, conditions not met
[18:59:38] [INFO] Skipping recipe farmingforblockheads:market/biomesoplenty/origin_grass_block, conditions not met
[18:59:38] [INFO] Skipping recipe mekanism:compat/biomeswevegone/dye/light_blue, conditions not met
[18:59:38] [INFO] Skipping recipe productivebees:bee_breeding/chemlib/zirconium_bee, conditions not met
[18:59:38] [INFO] Skipping recipe bibliobiomes:color/yellow/wood/biomesoplenty_palm/small_seat_back, conditions not met
[18:59:38] [INFO] Skipping recipe mekmm:compat/evolvedmekanism/factory/creative/crystallizing, conditions not met
[18:59:38] [INFO] Skipping recipe bibliobiomes:color/black/wood/biomesoplenty_palm/display_case, conditions not met
[18:59:38] [INFO] Skipping recipe bibliobiomes:color/brown/wood/biomesoplenty_jacaranda/tall_seat_back, conditions not met
[18:59:38] [INFO] Skipping recipe theurgy:reformation/alchemical_sulfur_illwood_from_alchemical_sulfurs_logs_abundant, conditions not met
[18:59:38] [INFO] Skipping recipe bibliobiomes:color/pink/wood/biomesoplenty_palm/small_seat_back, conditions not met
[18:59:38] [INFO] Skipping recipe bibliowoods:color/white/wood/gtceu_treated_wood/small_seat_back, conditions not met
[18:59:38] [INFO] Skipping recipe productivebees:thermal/machine/smelter/redstone_bee_to_destabilized_redstone_bee, conditions not met
[18:59:38] [INFO] Skipping recipe farmingforblockheads:market/biomesoplenty/rainbow_birch_sapling, conditions not met
[18:59:38] [INFO] Skipping recipe bibliowoods:color/orange/wood/werewolves_magic/seat, conditions not met
[18:59:38] [INFO] Skipping recipe bibliowoods:color/purple/wood/gtceu_treated_wood/seat, conditions not met
[18:59:38] [INFO] Skipping recipe bibliobiomes:color/yellow/wood/biomesoplenty_willow/flat_seat_back, conditions not met
[18:59:38] [INFO] Skipping recipe theurgy:liquefaction/alchemical_sulfur_calorite_from_raw_materials_calorite, conditions not met
[18:59:38] [INFO] Skipping recipe bibliowoods:color/white/wood/cobblemon_apricorn/small_seat_back, conditions not met
[18:59:38] [INFO] Skipping recipe bibliowoods:wood/deep_aether_roseroot/table, conditions not met
[18:59:38] [INFO] Skipping recipe productivebees:alchemistry/combiner/dubnium_bee, conditions not met
[18:59:38] [INFO] Skipping recipe bibliobiomes:color/light_gray/wood/biomesoplenty_hellbark/display_case, conditions not met
[18:59:38] [INFO] Skipping recipe farmingforblockheads:market/quark/red_blossom_sapling, conditions not met
[18:59:38] [INFO] Skipping recipe bibliobiomes:color/cyan/wood/biomesoplenty_maple/tall_seat_back, conditions not met
[18:59:38] [INFO] Skipping recipe bibliobiomes:color/gray/wood/biomesoplenty_mahogany/small_seat_back, conditions not met
[18:59:38] [INFO] Skipping recipe theurgy:reformation/alchemical_sulfur_glacian_from_alchemical_niter_logs_abundant, conditions not met
[18:59:38] [INFO] Skipping recipe immersiveengineering:metalpress/rod_cobalt, conditions not met
[18:59:38] [INFO] Skipping recipe bibliowoods:color/blue/wood/gtceu_rubber/seat, conditions not met
[18:59:38] [INFO] Skipping recipe allthemodium:melting/unobtainium_from_block, conditions not met
[18:59:38] [INFO] Skipping recipe productivebees:bee_breeding/alloys/enderium_bee_platinum, conditions not met
[18:59:38] [INFO] Skipping recipe bibliowoods:color/white/wood/vampirism_dark_spruce/display_case, conditions not met
[18:59:38] [INFO] Skipping recipe mekanism:compat/biomesoplenty/pigment_extracting/yellow, conditions not met
[18:59:38] [INFO] Skipping recipe megacells:cells/portable/portable_mana_cell_256m, conditions not met
[18:59:38] [INFO] Skipping recipe farmingforblockheads:market/fruitsdelight/bayberry_sapling, conditions not met
[18:59:38] [INFO] Skipping recipe productivebees:bee_produce/chemlib/roentgenium_bee, conditions not met
[18:59:38] [INFO] Skipping recipe mekanism:compat/biomesoplenty/sawing/trapdoor/empyreal, conditions not met
[18:59:38] [INFO] Skipping recipe supplementaries:way_sign_oak/productivetrees/pecan, conditions not met
[18:59:38] [INFO] Skipping recipe bibliowoods:color/purple/wood/extradelight_cinnamon/small_seat_back, conditions not met
[18:59:38] [INFO] Skipping recipe create:crushing/compat/druidcraft/amber_ore, conditions not met
[18:59:38] [INFO] Skipping recipe farmingforblockheads:market/biomesoplenty/wildflower, conditions not met
[18:59:38] [INFO] Skipping recipe farmingforblockheads:market/byg/willow_sapling, conditions not met
[18:59:38] [INFO] Skipping recipe gtceu:centrifuge/lepidolite_bee, conditions not met
[18:59:38] [INFO] Skipping recipe bibliobiomes:color/yellow/wood/biomesoplenty_mahogany/raised_seat_back, conditions not met
[18:59:38] [INFO] Skipping recipe occultism:miner/ores/blue_gemstone_ore, conditions not met
[18:59:38] [INFO] Skipping recipe bibliobiomes:color/pink/wood/biomesoplenty_pine/tall_seat_back, conditions not met
[18:59:38] [INFO] Skipping recipe bibliobiomes:color/orange/wood/biomesoplenty_dead/small_seat_back, conditions not met
[18:59:38] [INFO] Skipping recipe mekanism:compat/biomeswevegone/pigment_extracting/large_orange, conditions not met
[18:59:38] [INFO] Skipping recipe bibliobiomes:color/light_gray/wood/biomesoplenty_palm/flat_seat_back, conditions not met
[18:59:38] [INFO] Skipping recipe create_aquatic_ambitions:channeling/upgrade_aquatic/chrome_coral, conditions not met
[18:59:38] [INFO] Skipping recipe productivemetalworks:melting/gears/crimson_iron, conditions not met
[18:59:38] [INFO] Skipping recipe occultism:crushing/pewter_dirty_dust_from_clump, conditions not met
[18:59:38] [INFO] Skipping recipe productivebees:bee_produce/byg/emeraldite_bee, conditions not met
[18:59:38] [INFO] Skipping recipe create:crushing/compat/neapolitan/ice, conditions not met
[18:59:38] [INFO] Skipping recipe supplementaries:sus_sand, conditions not met
[18:59:38] [INFO] Skipping recipe supplementaries:way_sign_oak/productivetrees/sour_cherry, conditions not met
[18:59:38] [INFO] Skipping recipe bibliobiomes:wood/biomesoplenty_magic/grandfather_clock, conditions not met
[18:59:38] [INFO] Skipping recipe supplementaries:way_sign_oak/productivetrees/holly, conditions not met
[18:59:38] [INFO] Skipping recipe bibliobiomes:color/lime/wood/biomesoplenty_magic/small_seat_back, conditions not met
[18:59:38] [INFO] Skipping recipe bibliowoods:color/orange/wood/cobblemon_apricorn/raised_seat_back, conditions not met
[18:59:38] [INFO] Skipping recipe theurgy:liquefaction/alchemical_sulfur_apatite_from_gems_apatite, conditions not met
[18:59:38] [INFO] Skipping recipe bibliobiomes:color/cyan/wood/biomesoplenty_dead/tall_seat_back, conditions not met
[18:59:38] [INFO] Skipping recipe bibliowoods:color/cyan/wood/mynethersdelight_powdery/tall_seat_back, conditions not met
[18:59:38] [INFO] Skipping recipe productivebees:expansion_boxes/expansion_box_autumnity_maple, conditions not met
[18:59:38] [INFO] Skipping recipe theurgy:fermentation/alchemical_niter_other_minerals_precious_using_flowers, conditions not met
[18:59:38] [INFO] Skipping recipe farmingforblockheads:market/biomesoplenty/wilted_lily, conditions not met
[18:59:38] [INFO] Skipping recipe bibliowoods:color/light_blue/wood/deep_aether_conberry/raised_seat_back, conditions not met
[18:59:38] [INFO] Skipping recipe bibliobiomes:color/lime/wood/biomesoplenty_dead/tall_seat_back, conditions not met
[18:59:38] [INFO] Skipping recipe bibliowoods:color/cyan/wood/deep_aether_yagroot/raised_seat_back, conditions not met
[18:59:38] [INFO] Skipping recipe mysticalagradditions:tconstruct/tools/materials/inferium/ingot, conditions not met
[18:59:38] [INFO] Skipping recipe oritech:compat/energizedpower/alloyfurance/adamant, conditions not met
[18:59:38] [INFO] Skipping recipe bibliowoods:color/light_blue/wood/vampirism_dark_spruce/fancy_seat_back, conditions not met
[18:59:38] [INFO] Skipping recipe bibliowoods:color/black/wood/butchercraft_barn_wood/tall_seat_back, conditions not met
[18:59:38] [INFO] Skipping recipe bibliobiomes:color/light_gray/wood/biomesoplenty_dead/seat, conditions not met
[18:59:38] [INFO] Skipping recipe productivebees:bee_produce/gtceu/barite_bee, conditions not met
[18:59:38] [INFO] Skipping recipe bibliobiomes:color/red/wood/biomesoplenty_mahogany/flat_seat_back, conditions not met
[18:59:38] [INFO] Skipping recipe bibliowoods:color/yellow/wood/vampirism_dark_spruce/small_seat_back, conditions not met
[18:59:38] [INFO] Skipping recipe bibliowoods:color/green/wood/extradelight_fruit/tall_seat_back, conditions not met
[18:59:38] [INFO] Skipping recipe bibliobiomes:color/cyan/wood/biomesoplenty_willow/raised_seat_back, conditions not met
[18:59:38] [INFO] Skipping recipe bibliobiomes:color/blue/wood/biomesoplenty_pine/fancy_seat_back, conditions not met
[18:59:38] [INFO] Skipping recipe theurgy:incubation/logs_ashen_from_alchemical_sulfur_ashen, conditions not met
[18:59:38] [INFO] Skipping recipe mysticalagradditions:tconstruct/melting/tertium/ingot, conditions not met
[18:59:38] [INFO] Skipping recipe theurgy:reformation/alchemical_sulfur_niter_from_alchemical_sulfurs_gems_common, conditions not met
[18:59:38] [INFO] Skipping recipe theurgy:reformation/alchemical_sulfur_palm_from_alchemical_niter_logs_abundant, conditions not met
[18:59:38] [INFO] Skipping recipe supplementaries:way_sign_oak/productivetrees/asai_palm, conditions not met
[18:59:38] [INFO] Skipping recipe bibliowoods:color/gray/wood/expandeddelight_cinnamon/flat_seat_back, conditions not met
[18:59:38] [INFO] Skipping recipe bibliobiomes:color/gray/wood/biomesoplenty_maple/raised_seat_back, conditions not met
[18:59:38] [INFO] Skipping recipe bibliobiomes:color/cyan/wood/biomesoplenty_mahogany/fancy_seat_back, conditions not met
[18:59:38] [INFO] Skipping recipe bibliowoods:color/brown/wood/gtceu_treated_wood/fancy_seat_back, conditions not met
[18:59:38] [INFO] Skipping recipe bibliowoods:color/light_gray/wood/gtceu_rubber/fancy_seat_back, conditions not met
[18:59:38] [INFO] Skipping recipe bibliobiomes:color/orange/wood/biomesoplenty_pine/fancy_seat_back, conditions not met
[18:59:38] [INFO] Skipping recipe silentgear:woodcutting/netherwood_door, conditions not met
[18:59:38] [INFO] Skipping recipe mekanism:compat/biomesoplenty/sawing/hanging_sign/willow, conditions not met
[18:59:38] [INFO] Skipping recipe bibliowoods:color/light_blue/wood/cobblemon_apricorn/seat, conditions not met
[18:59:38] [INFO] Skipping recipe bibliowoods:color/white/wood/extradelight_cinnamon/tall_seat_back, conditions not met
[18:59:38] [INFO] Skipping recipe bibliowoods:color/purple/wood/butchercraft_barn_wood/small_seat_back, conditions not met
[18:59:38] [INFO] Skipping recipe productivebees:centrifuge/mmorpg/honeycomb_legendary_salvage, conditions not met
[18:59:38] [INFO] Skipping recipe productivebees:hives/advanced_biomesoplenty_palm_beehive, conditions not met
[18:59:38] [INFO] Skipping recipe bibliowoods:color/green/wood/werewolves_jacaranda/tall_seat_back, conditions not met
[18:59:38] [INFO] Skipping recipe mekanism:compat/biomesoplenty/sawing/boat/palm, conditions not met
[18:59:38] [INFO] Skipping recipe create:crushing/compat/silentgems/ruby_end_ore, conditions not met
[18:59:38] [INFO] Skipping recipe bibliobiomes:color/magenta/wood/biomesoplenty_umbran/flat_seat_back, conditions not met
[18:59:38] [INFO] Skipping recipe immersiveengineering:metalpress/wire_manyullyn, conditions not met
[18:59:38] [INFO] Skipping recipe create_aquatic_ambitions:channeling/upgrade_aquatic/pillow_silk_block, conditions not met
[18:59:38] [INFO] Skipping recipe theurgy:distillation/other_minerals.mercury.high, conditions not met
[18:59:38] [INFO] Skipping recipe bibliobiomes:color/light_blue/wood/biomesoplenty_dead/display_case, conditions not met
[18:59:38] [INFO] Skipping recipe theurgy:fermentation/alchemical_niter_mobs_precious_using_seeds, conditions not met
[18:59:38] [INFO] Skipping recipe bibliowoods:color/light_blue/wood/vampirism_dark_spruce/display_case, conditions not met
[18:59:38] [INFO] Skipping recipe supplementaries:way_sign_oak/productivetrees/flickering_sun, conditions not met
[18:59:38] [INFO] Skipping recipe bibliowoods:color/white/wood/extradelight_fruit/seat, conditions not met
[18:59:38] [INFO] Skipping recipe bibliobiomes:color/green/wood/biomesoplenty_maple/fancy_seat_back, conditions not met
[18:59:38] [INFO] Skipping recipe bibliobiomes:color/white/wood/biomesoplenty_dead/tall_seat_back, conditions not met
[18:59:38] [INFO] Skipping recipe productivebees:alchemistry/dissolver/francium_bee, conditions not met
[18:59:38] [INFO] Skipping recipe bibliowoods:color/purple/wood/vampirism_cursed_spruce/raised_seat_back, conditions not met
[18:59:38] [INFO] Skipping recipe bibliowoods:color/gray/wood/deep_aether_roseroot/display_case, conditions not met
[18:59:38] [INFO] Skipping recipe bibliobiomes:color/light_blue/wood/biomesoplenty_hellbark/tall_seat_back, conditions not met
[18:59:38] [INFO] Skipping recipe bibliobiomes:color/purple/wood/biomesoplenty_pine/seat, conditions not met
[18:59:38] [INFO] Skipping recipe farmingforblockheads:market/betternether/mushroom_grass, conditions not met
[18:59:38] [INFO] Skipping recipe theurgy:incubation/logs_willow_from_alchemical_sulfur_willow, conditions not met
[18:59:38] [INFO] Skipping recipe bibliowoods:color/orange/wood/deep_aether_cruderoot/raised_seat_back, conditions not met
[18:59:38] [INFO] Skipping recipe supplementaries:way_sign_oak/biomeswevegone/holly, conditions not met
[18:59:38] [INFO] Skipping recipe bibliowoods:color/green/wood/gtceu_treated_wood/display_case, conditions not met
[18:59:38] [INFO] Skipping recipe bibliowoods:wood/expandeddelight_cinnamon/shelf, conditions not met
[18:59:38] [INFO] Skipping recipe bibliowoods:color/brown/wood/butchercraft_barn_wood/fancy_seat_back, conditions not met
[18:59:38] [INFO] Skipping recipe bibliowoods:color/pink/wood/extradelight_cinnamon/tall_seat_back, conditions not met
[18:59:38] [INFO] Skipping recipe bibliowoods:color/white/wood/deep_aether_cruderoot/display_case, conditions not met
[18:59:38] [INFO] Skipping recipe supplementaries:way_sign_oak/productivetrees/whitebeam, conditions not met
[18:59:38] [INFO] Skipping recipe mysticalagriculture:seed/infusion/gaia_spirit, conditions not met
[18:59:38] [INFO] Skipping recipe theurgy:reformation/alchemical_sulfur_basil_from_alchemical_sulfurs_crops_abundant, conditions not met
[18:59:38] [INFO] Skipping recipe farmingforblockheads:market/byg/winter_scilla, conditions not met
[18:59:38] [INFO] Skipping recipe bibliobiomes:color/orange/wood/biomesoplenty_redwood/seat, conditions not met
[18:59:38] [INFO] Skipping recipe bibliobiomes:color/cyan/wood/biomesoplenty_dead/fancy_seat_back, conditions not met
[18:59:38] [INFO] Skipping recipe productivebees:bee_breeding/thermalendergy/prismalium_bee, conditions not met
[18:59:38] [INFO] Skipping recipe cataclysm:stonecutting/stone_tile_wall_from_stonecutting, no type defined
[18:59:38] [INFO] Skipping recipe bibliowoods:color/magenta/wood/gtceu_treated_wood/flat_seat_back, conditions not met
[18:59:38] [INFO] Skipping recipe bibliowoods:color/orange/wood/vampirism_cursed_spruce/display_case, conditions not met
[18:59:38] [INFO] Skipping recipe bibliowoods:color/blue/wood/deep_aether_yagroot/tall_seat_back, conditions not met
[18:59:38] [INFO] Skipping recipe bibliowoods:color/cyan/wood/butchercraft_barn_wood/fancy_seat_back, conditions not met
[18:59:38] [INFO] Skipping recipe bibliobiomes:color/pink/wood/biomesoplenty_empyreal/flat_seat_back, conditions not met
[18:59:38] [INFO] Skipping recipe bibliobiomes:color/yellow/wood/biomesoplenty_maple/seat, conditions not met
[18:59:38] [INFO] Skipping recipe bibliobiomes:wood/biomesoplenty_jacaranda/bookcase, conditions not met
[18:59:38] [INFO] Skipping recipe bibliobiomes:color/brown/wood/biomesoplenty_fir/flat_seat_back, conditions not met
[18:59:38] [INFO] Skipping recipe farmingforblockheads:market/biomesoplenty/icy_iris, conditions not met
[18:59:38] [INFO] Skipping recipe productivemetalworks:casting/ingots/ftbmaterials/nickel, conditions not met
[18:59:38] [INFO] Skipping recipe enderdrives:ender_storage_component_16k_mega, conditions not met
[18:59:38] [INFO] Skipping recipe bibliowoods:color/yellow/wood/deep_aether_roseroot/raised_seat_back, conditions not met
[18:59:38] [INFO] Skipping recipe supplementaries:way_sign_oak/productivetrees/peach, conditions not met
[18:59:38] [INFO] Skipping recipe bibliobiomes:color/orange/wood/biomesoplenty_pine/seat, conditions not met
[18:59:38] [INFO] Skipping recipe productivemetalworks:melting/geore/silver_shard, conditions not met
[18:59:38] [INFO] Skipping recipe theurgy:reformation/alchemical_sulfur_darkwood_from_alchemical_niter_logs_abundant, conditions not met
[18:59:38] [INFO] Skipping recipe productivemetalworks:melting/ores/azure_electrum, conditions not met
[18:59:38] [INFO] Skipping recipe oritech:grinder/compat/energizedpowerore/tin, conditions not met
[18:59:38] [INFO] Skipping recipe productivemetalworks:casting/rods/ftbmaterials/bronze, conditions not met
[18:59:38] [INFO] Skipping recipe enderdrives:ender_storage_component_256k_vanilla, conditions not met
[18:59:38] [INFO] Skipping recipe create:crushing/compat/biomeswevegone/brimstone_nether_gold_ore, conditions not met
[18:59:38] [INFO] Skipping recipe productivebees:bee_produce/thermal_extra/shellite_bee, conditions not met
[18:59:38] [INFO] Skipping recipe bibliowoods:color/orange/wood/expandeddelight_cinnamon/fancy_seat_back, conditions not met
[18:59:38] [INFO] Skipping recipe bibliobiomes:color/purple/wood/biomesoplenty_maple/seat, conditions not met
[18:59:38] [INFO] Skipping recipe bibliowoods:color/yellow/wood/cobblemon_apricorn/raised_seat_back, conditions not met
[18:59:38] [INFO] Skipping recipe bibliowoods:color/light_blue/wood/gtceu_rubber/tall_seat_back, conditions not met
[18:59:38] [INFO] Skipping recipe bibliowoods:color/purple/wood/extradelight_fruit/tall_seat_back, conditions not met
[18:59:38] [INFO] Skipping recipe bibliowoods:color/black/wood/mynethersdelight_powdery/seat, conditions not met
[18:59:38] [INFO] Skipping recipe farmingforblockheads:market/thermal/sadiroot_seeds, conditions not met
[18:59:38] [INFO] Skipping recipe bibliobiomes:color/orange/wood/biomesoplenty_willow/display_case, conditions not met
[18:59:38] [INFO] Skipping recipe mekanism:compat/biomeswevegone/pigment_extracting/large_lime, conditions not met
[18:59:38] [INFO] Skipping recipe supplementaries:way_sign_oak/productivetrees/loblolly_pine, conditions not met
[18:59:38] [INFO] Skipping recipe bibliobiomes:color/lime/wood/biomesoplenty_umbran/flat_seat_back, conditions not met
[18:59:38] [INFO] Skipping recipe bibliobiomes:color/yellow/wood/biomesoplenty_pine/flat_seat_back, conditions not met
[18:59:38] [INFO] Skipping recipe pylons:harvesting/vinery/savanna_grape_bush_white, conditions not met
[18:59:38] [INFO] Skipping recipe bibliowoods:color/cyan/wood/gtceu_rubber/fancy_seat_back, conditions not met
[18:59:38] [INFO] Skipping recipe mekanism:compat/biomesoplenty/sawing/door/empyreal, conditions not met
[18:59:38] [INFO] Skipping recipe mysticalagriculture:seed/crafting/nether, conditions not met
[18:59:38] [INFO] Skipping recipe mysticalagriculture:seed/crafting/blazing_crystal, conditions not met
[18:59:38] [INFO] Skipping recipe supplementaries:way_sign_oak/productivetrees/brown_amber, conditions not met
[18:59:38] [INFO] Skipping recipe bibliobiomes:wood/biomesoplenty_pine/fancy_crafter, conditions not met
[18:59:38] [INFO] Skipping recipe productivebees:bee_produce/chemlib/rhenium_bee, conditions not met
[18:59:38] [INFO] Skipping recipe productivebees:centrifuge/byg/honeycomb_emeraldite, conditions not met
[18:59:38] [INFO] Skipping recipe bibliowoods:color/white/wood/gtceu_rubber/small_seat_back, conditions not met
[18:59:38] [INFO] Skipping recipe immersiveengineering:metalpress/wire_invar, conditions not met
[18:59:38] [INFO] Skipping recipe bibliobiomes:color/gray/wood/biomesoplenty_hellbark/raised_seat_back, conditions not met
[18:59:38] [INFO] Skipping recipe generatorgalore:64x/obsidian_generator_64x, conditions not met
[18:59:38] [INFO] Skipping recipe bibliowoods:color/black/wood/deep_aether_sunroot/raised_seat_back, conditions not met
[18:59:38] [INFO] Skipping recipe productivemetalworks:casting/gears/ftbmaterials/invar, conditions not met
[18:59:38] [INFO] Skipping recipe mysticalagriculture:seed/infusion/cobalt, conditions not met
[18:59:38] [INFO] Skipping recipe evilcraft:crafting/broom_part_cap_metal_cobalt, conditions not met
[18:59:38] [INFO] Skipping recipe bibliobiomes:color/light_blue/wood/biomesoplenty_magic/small_seat_back, conditions not met
[18:59:38] [INFO] Skipping recipe bibliowoods:color/blue/wood/vampirism_dark_spruce/raised_seat_back, conditions not met
[18:59:38] [INFO] Skipping recipe create:emptying/compat/alexsmobs/lava_bottle, conditions not met
[18:59:38] [INFO] Skipping recipe bibliobiomes:color/yellow/wood/biomesoplenty_dead/seat, conditions not met
[18:59:38] [INFO] Skipping recipe bibliowoods:color/red/wood/deep_aether_cruderoot/flat_seat_back, conditions not met
[18:59:38] [INFO] Skipping recipe create:crushing/compat/silentgems/white_diamond_end_ore, conditions not met
[18:59:38] [INFO] Skipping recipe mysticalagradditions:tconstruct/melting/inferium/nugget, conditions not met
[18:59:38] [INFO] Skipping recipe productivebees:centrifuge/tconstruct/honeycomb_ender_slimy, conditions not met
[18:59:38] [INFO] Skipping recipe theurgy:reformation/alchemical_sulfur_smogstem_from_alchemical_niter_logs_abundant, conditions not met
[18:59:38] [INFO] Skipping recipe productivebees:bee_produce/gems/coral_bee, conditions not met
[18:59:38] [INFO] Skipping recipe bibliowoods:color/yellow/wood/extradelight_cinnamon/flat_seat_back, conditions not met
[18:59:38] [INFO] Skipping recipe theurgy:reformation/alchemical_sulfur_frostbright_from_alchemical_sulfurs_logs_abundant, conditions not met
[18:59:38] [INFO] Skipping recipe farmingforblockheads:market/byg/zelkova_sapling, conditions not met
[18:59:38] [INFO] Skipping recipe productivemetalworks:casting/storage_blocks/ftbmaterials/uranium, conditions not met
[18:59:38] [INFO] Skipping recipe productivebees:centrifuge/gobber/honeycomb_gobber, conditions not met
[18:59:38] [INFO] Skipping recipe theurgy:reformation/alchemical_sulfur_canopy_tree_from_alchemical_niter_logs_abundant, conditions not met
[18:59:38] [INFO] Skipping recipe mysticalagradditions:tconstruct/casting/inferium/block, conditions not met
[18:59:38] [INFO] Skipping recipe dyenamics:thermal/rockwool/maroon_rockwool, conditions not met
[18:59:38] [INFO] Skipping recipe bibliobiomes:color/gray/wood/biomesoplenty_dead/flat_seat_back, conditions not met
[18:59:38] [INFO] Skipping recipe bibliobiomes:color/red/wood/biomesoplenty_redwood/fancy_seat_back, conditions not met
[18:59:38] [INFO] Skipping recipe productivemetalworks:melting/raw_materials/lumium, conditions not met
[18:59:38] [INFO] Skipping recipe immersiveengineering:arcfurnace/raw_block_cobalt, conditions not met
[18:59:38] [INFO] Skipping recipe supplementaries:awnings/awning_pink_2, conditions not met
[18:59:38] [INFO] Skipping recipe pastel:mod_integration/ae2/blasting/pure_certus_quartz, no type defined
[18:59:38] [INFO] Skipping recipe bibliowoods:color/blue/wood/cobblemon_apricorn/flat_seat_back, conditions not met
[18:59:38] [INFO] Skipping recipe productivebees:bee_produce/mythicbotany/alfsteel_bee, conditions not met
[18:59:38] [INFO] Skipping recipe bibliobiomes:color/light_blue/wood/biomesoplenty_palm/tall_seat_back, conditions not met
[18:59:38] [INFO] Skipping recipe bibliowoods:color/purple/wood/expandeddelight_cinnamon/flat_seat_back, conditions not met
[18:59:38] [INFO] Skipping recipe productivebees:bee_produce/gtceu/pyrolusite_bee, conditions not met
[18:59:38] [INFO] Skipping recipe bibliobiomes:color/red/wood/biomesoplenty_fir/tall_seat_back, conditions not met
[18:59:38] [INFO] Skipping recipe allthemodium:melting/salvage/allthemodium/allthemodium_from_shovel, conditions not met
[18:59:38] [INFO] Skipping recipe bibliowoods:color/cyan/wood/vampirism_dark_spruce/flat_seat_back, conditions not met
[18:59:38] [INFO] Skipping recipe bibliobiomes:color/light_gray/wood/biomesoplenty_magic/fancy_seat_back, conditions not met
[18:59:38] [INFO] Skipping recipe bibliobiomes:color/light_blue/wood/biomesoplenty_redwood/tall_seat_back, conditions not met
[18:59:38] [INFO] Skipping recipe supplementaries:way_sign_oak/productivetrees/rippling_willow, conditions not met
[18:59:38] [INFO] Skipping recipe megacells:cells/standard/experience_storage_cell_16m, conditions not met
[18:59:38] [INFO] Skipping recipe bibliowoods:color/yellow/wood/expandeddelight_cinnamon/small_seat_back, conditions not met
[18:59:38] [INFO] Skipping recipe bibliobiomes:color/cyan/wood/biomesoplenty_empyreal/raised_seat_back, conditions not met
[18:59:38] [INFO] Skipping recipe bibliowoods:color/cyan/wood/deep_aether_conberry/small_seat_back, conditions not met
[18:59:38] [INFO] Skipping recipe bibliowoods:color/light_gray/wood/butchercraft_barn_wood/flat_seat_back, conditions not met
[18:59:38] [INFO] Skipping recipe bibliowoods:color/magenta/wood/vampirism_dark_spruce/tall_seat_back, conditions not met
[18:59:38] [INFO] Skipping recipe bibliobiomes:color/blue/wood/biomesoplenty_redwood/tall_seat_back, conditions not met
[18:59:38] [INFO] Skipping recipe bibliobiomes:color/light_gray/wood/biomesoplenty_dead/raised_seat_back, conditions not met
[18:59:38] [INFO] Skipping recipe bibliowoods:color/gray/wood/werewolves_jacaranda/display_case, conditions not met
[18:59:38] [INFO] Skipping recipe productivebees:alchemistry/combiner/lawrencium_bee, conditions not met
[18:59:38] [INFO] Skipping recipe bibliowoods:color/red/wood/mynethersdelight_powdery/flat_seat_back, conditions not met
[18:59:38] [INFO] Skipping recipe bibliowoods:color/black/wood/deep_aether_roseroot/fancy_seat_back, conditions not met
[18:59:38] [INFO] Skipping recipe bibliowoods:color/green/wood/butchercraft_barn_wood/raised_seat_back, conditions not met
[18:59:38] [INFO] Skipping recipe dyenamics:thermal/centrifuge/navy_rockwool, conditions not met
[18:59:38] [INFO] Skipping recipe megacells:cells/standard/experience_storage_cell_1m, conditions not met
[18:59:38] [INFO] Skipping recipe productivebees:bee_breeding/chemlib/cesium_bee, conditions not met
[18:59:38] [INFO] Skipping recipe bibliobiomes:color/blue/wood/biomesoplenty_dead/small_seat_back, conditions not met
[18:59:38] [INFO] Skipping recipe bibliowoods:color/light_blue/wood/cobblemon_apricorn/tall_seat_back, conditions not met
[18:59:38] [INFO] Skipping recipe bibliobiomes:color/magenta/wood/biomesoplenty_maple/seat, conditions not met
[18:59:38] [INFO] Skipping recipe mekanism:compat/biomeswevegone/dye/orange, conditions not met
[18:59:38] [INFO] Skipping recipe productivemetalworks:casting/gears/ftbmaterials/aluminum, conditions not met
[18:59:38] [INFO] Skipping recipe bibliowoods:color/white/wood/vampirism_dark_spruce/fancy_seat_back, conditions not met
[18:59:38] [INFO] Skipping recipe supplementaries:soap/dirty_shard, conditions not met
[18:59:38] [INFO] Skipping recipe reliquary:frozen_core, conditions not met
[18:59:38] [INFO] Skipping recipe megacells:cells/standard/experience_storage_cell_4m, conditions not met
[18:59:38] [INFO] Skipping recipe bibliowoods:wood/vampirism_dark_spruce/fancy_armor_stand, conditions not met
[18:59:38] [INFO] Skipping recipe occultism:crushing/topaz_dust_from_gem, conditions not met
[18:59:38] [INFO] Skipping recipe productivebees:alchemistry/combiner/berkelium_bee, conditions not met
[18:59:38] [INFO] Skipping recipe bibliobiomes:color/light_gray/wood/biomesoplenty_redwood/raised_seat_back, conditions not met
[18:59:38] [INFO] Skipping recipe productivebees:bee_breeding/gobber/end_gobber_bee, conditions not met
[18:59:38] [INFO] Skipping recipe bibliobiomes:color/blue/wood/biomesoplenty_palm/flat_seat_back, conditions not met
[18:59:38] [INFO] Skipping recipe bibliowoods:color/light_gray/wood/deep_aether_roseroot/raised_seat_back, conditions not met
[18:59:38] [INFO] Skipping recipe bibliobiomes:color/purple/wood/biomesoplenty_mahogany/small_seat_back, conditions not met
[18:59:38] [INFO] Skipping recipe farmingforblockheads:market/croptopia/coconut_sapling, conditions not met
[18:59:38] [INFO] Skipping recipe bibliowoods:color/magenta/wood/extradelight_fruit/tall_seat_back, conditions not met
[18:59:38] [INFO] Skipping recipe bibliowoods:color/white/wood/deep_aether_conberry/display_case, conditions not met
[18:59:38] [INFO] Skipping recipe productivebees:hives/advanced_biomesoplenty_dead_beehive_clear, conditions not met
[18:59:38] [INFO] Skipping recipe productivemetalworks:casting/ingots/ftbmaterials/lumium, conditions not met
[18:59:38] [INFO] Skipping recipe theurgy:liquefaction/alchemical_sulfur_tea_leaves_from_crops_tea_leaves, conditions not met
[18:59:38] [INFO] Skipping recipe productivebees:bee_conversion/gems/jade_bee, conditions not met
[18:59:38] [INFO] Skipping recipe mekanism:compat/biomesoplenty/dye/orange, conditions not met
[18:59:38] [INFO] Skipping recipe supplementaries:way_sign_oak/productivetrees/finger_lime, conditions not met
[18:59:38] [INFO] Skipping recipe productivebees:bee_conversion/gtceu/neutronium_bee, conditions not met
[18:59:38] [INFO] Skipping recipe bibliobiomes:color/gray/wood/biomesoplenty_mahogany/flat_seat_back, conditions not met
[18:59:38] [INFO] Skipping recipe bibliobiomes:color/red/wood/biomesoplenty_jacaranda/display_case, conditions not met
[18:59:38] [INFO] Skipping recipe bibliobiomes:color/green/wood/biomesoplenty_magic/flat_seat_back, conditions not met
[18:59:38] [INFO] Skipping recipe productivebees:alchemistry/combiner/meitnerium_bee, conditions not met
[18:59:38] [INFO] Skipping recipe bibliobiomes:color/brown/wood/biomesoplenty_pine/flat_seat_back, conditions not met
[18:59:38] [INFO] Skipping recipe bibliobiomes:color/light_blue/wood/biomesoplenty_jacaranda/display_case, conditions not met
[18:59:38] [INFO] Skipping recipe bibliowoods:color/magenta/wood/deep_aether_conberry/flat_seat_back, conditions not met
[18:59:38] [INFO] Skipping recipe bibliobiomes:color/white/wood/biomesoplenty_hellbark/tall_seat_back, conditions not met
[18:59:38] [INFO] Skipping recipe bibliobiomes:wood/biomesoplenty_willow/fancy_sign, conditions not met
[18:59:38] [INFO] Skipping recipe bibliobiomes:color/white/wood/biomesoplenty_redwood/raised_seat_back, conditions not met
[18:59:38] [INFO] Skipping recipe bibliowoods:color/black/wood/mynethersdelight_powdery/raised_seat_back, conditions not met
[18:59:38] [INFO] Skipping recipe productivebees:tconstruct/soul_lava_bee, conditions not met
[18:59:38] [INFO] Skipping recipe bibliobiomes:wood/biomesoplenty_palm/table, conditions not met
[18:59:38] [INFO] Skipping recipe farmingforblockheads:market/byg/white_anemone, conditions not met
[18:59:38] [INFO] Skipping recipe bibliobiomes:color/white/wood/biomesoplenty_pine/flat_seat_back, conditions not met
[18:59:38] [INFO] Skipping recipe mysticalagriculture:seed/crafting/spider, conditions not met
[18:59:38] [INFO] Skipping recipe megacells:cells/portable/portable_experience_cell_4m_disassembly, conditions not met
[18:59:38] [INFO] Skipping recipe bibliowoods:color/cyan/wood/butchercraft_barn_wood/tall_seat_back, conditions not met
[18:59:38] [INFO] Skipping recipe bibliowoods:color/magenta/wood/deep_aether_conberry/seat, conditions not met
[18:59:38] [INFO] Skipping recipe supplementaries:way_sign_oak/productivetrees/cherry_plum, conditions not met
[18:59:38] [INFO] Skipping recipe bibliowoods:wood/gtceu_rubber/fancy_sign, conditions not met
[18:59:38] [INFO] Skipping recipe bibliobiomes:wood/biomesoplenty_mahogany/table, conditions not met
[18:59:38] [INFO] Skipping recipe occultism:crushing/black_quartz_dust_from_ore, conditions not met
[18:59:38] [INFO] Skipping recipe productivebees:bee_produce/chemlib/meitnerium_bee, conditions not met
[18:59:38] [INFO] Skipping recipe bibliobiomes:color/black/wood/biomesoplenty_jacaranda/fancy_seat_back, conditions not met
[18:59:38] [INFO] Skipping recipe bibliobiomes:color/magenta/wood/biomesoplenty_magic/small_seat_back, conditions not met
[18:59:38] [INFO] Skipping recipe bibliobiomes:color/gray/wood/biomesoplenty_willow/display_case, conditions not met
[18:59:38] [INFO] Skipping recipe productivebees:bee_produce/pokecube/cosmic_dust_bee, conditions not met
[18:59:38] [INFO] Skipping recipe productivemetalworks:melting/geore/nickel_shard, conditions not met
[18:59:38] [INFO] Skipping recipe productivemetalworks:casting/plates/ftbmaterials/bronze, conditions not met
[18:59:38] [INFO] Skipping recipe bibliobiomes:wood/biomesoplenty_palm/potion_shelf, conditions not met
[18:59:38] [INFO] Skipping recipe create:milling/compat/atmospheric/tall_yucca_flower, conditions not met
[18:59:38] [INFO] Skipping recipe bibliowoods:color/green/wood/expandeddelight_cinnamon/tall_seat_back, conditions not met
[18:59:38] [INFO] Skipping recipe dyenamics:thermal/rockwool/honey_rockwool, conditions not met
[18:59:38] [INFO] Skipping recipe mysticalagriculture:seed/infusion/hepatizon, conditions not met
[18:59:38] [INFO] Skipping recipe farmingforblockheads:market/byg/bulbis_oddity, conditions not met
[18:59:38] [INFO] Skipping recipe farmingforblockheads:market/byg/firecracker_flower_bush, conditions not met
[18:59:38] [INFO] Skipping recipe bibliowoods:color/lime/wood/deep_aether_yagroot/raised_seat_back, conditions not met
[18:59:38] [INFO] Skipping recipe bibliobiomes:wood/biomesoplenty_dead/tool_rack, conditions not met
[18:59:38] [INFO] Skipping recipe bibliowoods:color/light_blue/wood/werewolves_jacaranda/seat, conditions not met
[18:59:38] [INFO] Skipping recipe bibliowoods:wood/werewolves_magic/label, conditions not met
[18:59:38] [INFO] Skipping recipe expandedae:crafting/exp_io_port_ae, conditions not met
[18:59:38] [INFO] Skipping recipe evilcraft:crafting/broom_part_cap_metal_alubrass, conditions not met
[18:59:38] [INFO] Skipping recipe bibliowoods:color/gray/wood/extradelight_cinnamon/seat, conditions not met
[18:59:38] [INFO] Skipping recipe bibliowoods:color/green/wood/deep_aether_conberry/flat_seat_back, conditions not met
[18:59:38] [INFO] Skipping recipe bibliowoods:color/gray/wood/werewolves_magic/tall_seat_back, conditions not met
[18:59:38] [INFO] Skipping recipe productivebees:botania/terrasteel_bee, conditions not met
[18:59:38] [INFO] Skipping recipe productivemetalworks:casting/rods/ftbmaterials/osmium, conditions not met
[18:59:38] [INFO] Skipping recipe create:milling/compat/botania/brown_petal, conditions not met
[18:59:38] [INFO] Skipping recipe occultism:miner/ores/agate_ore, conditions not met
[18:59:38] [INFO] Skipping recipe farmingforblockheads:market/croptopia/cabbage_seed, conditions not met
[18:59:38] [INFO] Skipping recipe create:milling/compat/atmospheric/scalding_monkey_brush, conditions not met
[18:59:38] [INFO] Skipping recipe create:smelting/silver_ingot_compat_thermal, conditions not met
[18:59:38] [INFO] Skipping recipe bibliowoods:color/gray/wood/butchercraft_barn_wood/small_seat_back, conditions not met
[18:59:38] [INFO] Skipping recipe farmingforblockheads:market/croptopia/tomato_seed, conditions not met
[18:59:38] [INFO] Skipping recipe create:milling/compat/biomesoplenty/violet, conditions not met
[18:59:38] [INFO] Skipping recipe theurgy:reformation/alchemical_sulfur_mustard_from_alchemical_sulfurs_crops_abundant, conditions not met
[18:59:38] [INFO] Skipping recipe theurgy:incubation/crops_honeydew_from_alchemical_sulfur_honeydew, conditions not met
[18:59:38] [INFO] Skipping recipe bibliowoods:color/yellow/wood/deep_aether_conberry/display_case, conditions not met
[18:59:38] [INFO] Skipping recipe oritech:compat/energizedpower/assemblingmachine/book, conditions not met
[18:59:38] [INFO] Skipping recipe supplementaries:way_sign_oak/biomeswevegone/florus, conditions not met
[18:59:38] [INFO] Skipping recipe mysticalagriculture:seed/crafting/awakened_draconium, conditions not met
[18:59:38] [INFO] Skipping recipe bibliowoods:color/orange/wood/deep_aether_sunroot/flat_seat_back, conditions not met
[18:59:38] [INFO] Skipping recipe bibliobiomes:color/cyan/wood/biomesoplenty_jacaranda/tall_seat_back, conditions not met
[18:59:38] [INFO] Skipping recipe bibliobiomes:color/red/wood/biomesoplenty_fir/display_case, conditions not met
[18:59:38] [INFO] Skipping recipe create:milling/compat/buzzier_bees/white_clover, conditions not met
[18:59:38] [INFO] Skipping recipe bibliobiomes:color/light_gray/wood/biomesoplenty_maple/display_case, conditions not met
[18:59:38] [INFO] Skipping recipe allthemodium:alloys/molten_atmunob, conditions not met
[18:59:38] [INFO] Skipping recipe bibliobiomes:color/light_gray/wood/biomesoplenty_magic/tall_seat_back, conditions not met
[18:59:38] [INFO] Skipping recipe mysticalagriculture:seed/infusion/amethyst_bronze, conditions not met
[18:59:38] [INFO] Skipping recipe productivebees:expansion_boxes/expansion_box_biomesoplenty_dead, conditions not met
[18:59:38] [INFO] Skipping recipe immersiveengineering:metalpress/gear_ardite, conditions not met
[18:59:38] [INFO] Skipping recipe bibliowoods:color/pink/wood/extradelight_cinnamon/small_seat_back, conditions not met
[18:59:38] [INFO] Skipping recipe bibliowoods:color/orange/wood/gtceu_rubber/raised_seat_back, conditions not met
[18:59:38] [INFO] Skipping recipe bibliobiomes:color/purple/wood/biomesoplenty_pine/display_case, conditions not met
[18:59:38] [INFO] Skipping recipe productivemetalworks:melting/geore/ancient_debris_block, conditions not met
[18:59:38] [INFO] Skipping recipe bibliowoods:color/brown/wood/deep_aether_sunroot/display_case, conditions not met
[18:59:38] [INFO] Skipping recipe productivebees:bee_produce/chemlib/vanadium_bee, conditions not met
[18:59:38] [INFO] Skipping recipe bibliowoods:wood/expandeddelight_cinnamon/fancy_armor_stand, conditions not met
[18:59:38] [INFO] Skipping recipe farmingforblockheads:market/youkaishomecoming/coffee_beans, conditions not met
[18:59:38] [INFO] Skipping recipe bibliowoods:wood/deep_aether_cruderoot/label, conditions not met
[18:59:38] [INFO] Skipping recipe bibliobiomes:color/gray/wood/biomesoplenty_pine/tall_seat_back, conditions not met
[18:59:38] [INFO] Skipping recipe theurgy:incubation/logs_undead_from_alchemical_sulfur_undead, conditions not met
[18:59:38] [INFO] Skipping recipe mysticalagriculture:seed/infusion/blizz, conditions not met
[18:59:38] [INFO] Skipping recipe farmingforblockheads:market/biomesoplenty/dead_sapling, conditions not met
[18:59:38] [INFO] Skipping recipe mekmm:compat/evolvedmekanism/factory/overclocked/washing, conditions not met
[18:59:38] [INFO] Skipping recipe immersiveengineering:crafting/raw_hammercrushing_ardite, conditions not met
[18:59:38] [INFO] Skipping recipe mekanism:compat/biomeswevegone/dye/large_brown, conditions not met
[18:59:38] [INFO] Skipping recipe farmingforblockheads:market/biomesoplenty/pink_daffodil, conditions not met
[18:59:38] [INFO] Skipping recipe create:blasting/silver_ingot_compat_oreganized, conditions not met
[18:59:38] [INFO] Skipping recipe productivebees:centrifuge/tconstruct/honeycomb_queens_slime, conditions not met
[18:59:38] [INFO] Skipping recipe bibliobiomes:color/white/wood/biomesoplenty_willow/tall_seat_back, conditions not met
[18:59:38] [INFO] Skipping recipe oritech:refinery/compat/energizedpowerrawsheol/tin, conditions not met
[18:59:38] [INFO] Skipping recipe bibliowoods:color/brown/wood/deep_aether_conberry/fancy_seat_back, conditions not met
[18:59:38] [INFO] Skipping recipe productivemetalworks:melting/ores/lumium, conditions not met
[18:59:38] [INFO] Skipping recipe bibliowoods:color/magenta/wood/extradelight_cinnamon/small_seat_back, conditions not met
[18:59:38] [INFO] Skipping recipe theurgy:incubation/logs_rowan_from_alchemical_sulfur_rowan, conditions not met
[18:59:38] [INFO] Skipping recipe productivebees:centrifuge/botanicadds/honeycomb_gaiasteel, conditions not met
[18:59:38] [INFO] Skipping recipe bibliowoods:color/lime/wood/deep_aether_sunroot/tall_seat_back, conditions not met
[18:59:38] [INFO] Skipping recipe bibliobiomes:color/cyan/wood/biomesoplenty_pine/small_seat_back, conditions not met
[18:59:38] [INFO] Skipping recipe theurgy:liquefaction/alchemical_sulfur_canopy_tree_from_logs_canopy_tree, conditions not met
[18:59:38] [INFO] Skipping recipe theurgy:fermentation/alchemical_niter_mobs_rare_using_planks, conditions not met
[18:59:38] [INFO] Skipping recipe farmingforblockheads:market/tropicraft/bromeliad, conditions not met
[18:59:38] [INFO] Skipping recipe farmingforblockheads:market/simplefarming/plum_sapling, conditions not met
[18:59:38] [INFO] Skipping recipe bibliowoods:color/pink/wood/werewolves_magic/flat_seat_back, conditions not met
[18:59:38] [INFO] Skipping recipe bibliobiomes:color/light_gray/wood/biomesoplenty_jacaranda/flat_seat_back, conditions not met
[18:59:38] [INFO] Skipping recipe megacells:cells/standard/experience_storage_cell_16m_with_housing, conditions not met
[18:59:38] [INFO] Skipping recipe bibliowoods:color/white/wood/mynethersdelight_powdery/tall_seat_back, conditions not met
[18:59:38] [INFO] Skipping recipe create:milling/compat/botania/lime_petal, conditions not met
[18:59:38] [INFO] Skipping recipe bibliowoods:color/light_blue/wood/gtceu_treated_wood/small_seat_back, conditions not met
[18:59:38] [INFO] Skipping recipe mekmm:compat/evolvedmekanism/factory/quantum/lathing, conditions not met
[18:59:38] [INFO] Skipping recipe mysticalagriculture:seed/crafting/iridium, conditions not met
[18:59:38] [INFO] Skipping recipe bibliobiomes:wood/biomesoplenty_hellbark/bookcase, conditions not met
[18:59:38] [INFO] Skipping recipe farmingforblockheads:market/extradelight/hazelnut_sapling, conditions not met
[18:59:38] [INFO] Skipping recipe farmingforblockheads:market/betterendforge/lucernia_sapling, conditions not met
[18:59:38] [INFO] Skipping recipe bibliowoods:color/yellow/wood/butchercraft_barn_wood/flat_seat_back, conditions not met
[18:59:38] [INFO] Skipping recipe productivemetalworks:casting/nuggets/ftbmaterials/netherite, conditions not met
[18:59:38] [INFO] Skipping recipe bibliobiomes:color/cyan/wood/biomesoplenty_jacaranda/raised_seat_back, conditions not met
[18:59:38] [INFO] Skipping recipe theurgy:reformation/alchemical_sulfur_coffee_beans_from_alchemical_sulfurs_crops_abundant, conditions not met
[18:59:38] [INFO] Skipping recipe mysticalagriculture:seed/infusion/blitz, conditions not met
[18:59:38] [INFO] Skipping recipe bibliobiomes:color/purple/wood/biomesoplenty_palm/raised_seat_back, conditions not met
[18:59:38] [INFO] Skipping recipe productivebees:bee_conversion/byg/emeraldite_bee, conditions not met
[18:59:38] [INFO] Skipping recipe dyenamics:thermal/centrifuge/bubblegum_rockwool, conditions not met
[18:59:38] [INFO] Skipping recipe bibliobiomes:color/lime/wood/biomesoplenty_hellbark/tall_seat_back, conditions not met
[18:59:38] [INFO] Skipping recipe bibliowoods:color/white/wood/extradelight_cinnamon/display_case, conditions not met
[18:59:38] [INFO] Skipping recipe productivebees:bee_breeding/chemlib/dysprosium_bee, conditions not met
[18:59:38] [INFO] Skipping recipe bibliobiomes:color/light_gray/wood/biomesoplenty_dead/tall_seat_back, conditions not met
[18:59:38] [INFO] Skipping recipe bibliobiomes:color/pink/wood/biomesoplenty_willow/flat_seat_back, conditions not met
[18:59:38] [INFO] Skipping recipe allthemodium:melting/allthemodium_from_raw_block, conditions not met
[18:59:38] [INFO] Skipping recipe bibliobiomes:color/blue/wood/biomesoplenty_palm/small_seat_back, conditions not met
[18:59:38] [INFO] Skipping recipe bibliobiomes:color/white/wood/biomesoplenty_empyreal/raised_seat_back, conditions not met
[18:59:38] [INFO] Skipping recipe productivebees:bee_breeding/alloys/brass_bee, conditions not met
[18:59:38] [INFO] Skipping recipe theurgy:liquefaction/alchemical_sulfur_yam_from_crops_yam, conditions not met
[18:59:38] [INFO] Skipping recipe productivebees:bee_produce/thermalendergy/melodium_bee, conditions not met
[18:59:38] [INFO] Skipping recipe productivebees:hives/advanced_atmospheric_grimwood_beehive_clear, conditions not met
[18:59:38] [INFO] Skipping recipe productivemetalworks:casting/rods/ftbmaterials/aluminum, conditions not met
[18:59:38] [INFO] Skipping recipe bibliowoods:color/lime/wood/deep_aether_conberry/small_seat_back, conditions not met
[18:59:38] [INFO] Skipping recipe create_aquatic_ambitions:channeling/upgrade_aquatic/chrome_coral_fan, conditions not met
[18:59:38] [INFO] Skipping recipe bibliobiomes:wood/biomesoplenty_pine/table, conditions not met
[18:59:38] [INFO] Skipping recipe bibliobiomes:color/light_gray/wood/biomesoplenty_empyreal/small_seat_back, conditions not met
[18:59:38] [INFO] Skipping recipe bibliowoods:color/lime/wood/werewolves_magic/fancy_seat_back, conditions not met
[18:59:38] [INFO] Skipping recipe theurgy:reformation/alchemical_sulfur_menril_from_alchemical_sulfurs_logs_abundant, conditions not met
[18:59:38] [INFO] Skipping recipe cataclysm:stonecutting/chiseled_purpur_block_from_stonecutting, no type defined
[18:59:38] [INFO] Skipping recipe supplementaries:candle_holders/candle_holder_spectacle, conditions not met
[18:59:38] [INFO] Skipping recipe bibliobiomes:wood/biomesoplenty_fir/fancy_crafter, conditions not met
[18:59:38] [INFO] Skipping recipe bibliobiomes:color/black/wood/biomesoplenty_palm/small_seat_back, conditions not met
[18:59:38] [INFO] Skipping recipe bibliowoods:color/yellow/wood/deep_aether_yagroot/display_case, conditions not met
[18:59:38] [INFO] Skipping recipe bibliowoods:color/red/wood/werewolves_magic/tall_seat_back, conditions not met
[18:59:38] [INFO] Skipping recipe farmingforblockheads:market/byg/kovan_flower, conditions not met
[18:59:38] [INFO] Skipping recipe productivebees:mythicbotany/terrasteel_bee, conditions not met
[18:59:38] [INFO] Skipping recipe bibliobiomes:color/pink/wood/biomesoplenty_jacaranda/display_case, conditions not met
[18:59:38] [INFO] Skipping recipe bibliowoods:color/pink/wood/mynethersdelight_powdery/fancy_seat_back, conditions not met
[18:59:38] [INFO] Skipping recipe bibliobiomes:color/brown/wood/biomesoplenty_umbran/small_seat_back, conditions not met
[18:59:38] [INFO] Skipping recipe bibliobiomes:color/lime/wood/biomesoplenty_dead/fancy_seat_back, conditions not met
[18:59:38] [INFO] Skipping recipe productivebees:quartz_dust_to_quartz, conditions not met
[18:59:38] [INFO] Skipping recipe productivebees:bee_produce/chemlib/mendelevium_bee, conditions not met
[18:59:38] [INFO] Skipping recipe bibliobiomes:color/pink/wood/biomesoplenty_fir/tall_seat_back, conditions not met
[18:59:38] [INFO] Skipping recipe occultism:crystallize/amber_from_dust, conditions not met
[18:59:38] [INFO] Skipping recipe bibliowoods:wood/gtceu_treated_wood/grandfather_clock, conditions not met
[18:59:38] [INFO] Skipping recipe productivebees:bee_conversion/pokecube/cosmic_dust_bee, conditions not met
[18:59:38] [INFO] Skipping recipe bibliobiomes:color/magenta/wood/biomesoplenty_redwood/tall_seat_back, conditions not met
[18:59:38] [INFO] Skipping recipe productivemetalworks:casting/plates/ftbmaterials/silver, conditions not met
[18:59:38] [INFO] Skipping recipe farmingforblockheads:market/betterendforge/chorus_mushroom_raw, conditions not met
[18:59:38] [INFO] Skipping recipe bibliowoods:color/red/wood/mynethersdelight_powdery/display_case, conditions not met
[18:59:38] [INFO] Skipping recipe enderdrives:ender_storage_component_16k_vanilla, conditions not met
[18:59:38] [INFO] Skipping recipe bibliobiomes:wood/biomesoplenty_redwood/potion_shelf, conditions not met
[18:59:38] [INFO] Skipping recipe productivemetalworks:casting/rods/ftbmaterials/silver, conditions not met
[18:59:38] [INFO] Skipping recipe bibliobiomes:wood/biomesoplenty_mahogany/bookcase, conditions not met
[18:59:38] [INFO] Skipping recipe bibliowoods:color/green/wood/deep_aether_yagroot/seat, conditions not met
[18:59:38] [INFO] Skipping recipe supplementaries:way_sign_oak/productivetrees/nectarine, conditions not met
[18:59:38] [INFO] Skipping recipe mekmm:compat/kaleidoscope_cookery/planting/rice_panicle, conditions not met
[18:59:38] [INFO] Skipping recipe bibliobiomes:color/white/wood/biomesoplenty_redwood/display_case, conditions not met
[18:59:38] [INFO] Skipping recipe bibliobiomes:color/lime/wood/biomesoplenty_fir/seat, conditions not met
[18:59:38] [INFO] Skipping recipe bibliobiomes:color/brown/wood/biomesoplenty_empyreal/raised_seat_back, conditions not met
[18:59:38] [INFO] Skipping recipe bibliowoods:color/red/wood/deep_aether_cruderoot/small_seat_back, conditions not met
[18:59:38] [INFO] Skipping recipe bibliowoods:color/light_gray/wood/deep_aether_sunroot/seat, conditions not met
[18:59:38] [INFO] Skipping recipe mekmm:compat/evolvedmekanism/factory/creative/pressurised_reacting, conditions not met
[18:59:38] [INFO] Skipping recipe productivebees:bee_breeding/alloys/bronze_bee, conditions not met
[18:59:38] [INFO] Skipping recipe productivebees:bee_conversion/elementalcraft/air_crystal_bee, conditions not met
[18:59:38] [INFO] Skipping recipe bibliowoods:color/brown/wood/gtceu_treated_wood/seat, conditions not met
[18:59:38] [INFO] Skipping recipe mekmm:compat/evolvedmekanism/factory/quantum/liquifying, conditions not met
[18:59:38] [INFO] Skipping recipe bibliobiomes:color/light_blue/wood/biomesoplenty_willow/display_case, conditions not met
[18:59:38] [INFO] Skipping recipe create:crushing/compat/silentgems/ruby_nether_ore, conditions not met
[18:59:38] [INFO] Skipping recipe productivemetalworks:melting/geore/diamond_shard, conditions not met
[18:59:38] [INFO] Skipping recipe bibliobiomes:color/lime/wood/biomesoplenty_pine/flat_seat_back, conditions not met
[18:59:38] [INFO] Skipping recipe bibliobiomes:color/purple/wood/biomesoplenty_redwood/small_seat_back, conditions not met
[18:59:38] [INFO] Skipping recipe mekanism:compat/biomeswevegone/dye/yellow, conditions not met
[18:59:38] [INFO] Skipping recipe bibliowoods:color/light_blue/wood/mynethersdelight_powdery/flat_seat_back, conditions not met
[18:59:38] [INFO] Skipping recipe productivebees:alchemistry/combiner/curium_bee, conditions not met
[18:59:38] [INFO] Skipping recipe bibliobiomes:color/black/wood/biomesoplenty_hellbark/display_case, conditions not met
[18:59:38] [INFO] Skipping recipe farmingforblockheads:market/corn_delight/corn_seeds, conditions not met
[18:59:38] [INFO] Skipping recipe productivebees:bee_breeding/alloys/steel_bee, conditions not met
[18:59:38] [INFO] Skipping recipe bibliobiomes:color/orange/wood/biomesoplenty_pine/tall_seat_back, conditions not met
[18:59:38] [INFO] Skipping recipe bibliowoods:color/light_blue/wood/extradelight_cinnamon/display_case, conditions not met
[18:59:38] [INFO] Skipping recipe merrymaking:weathered_pine_mantel, conditions not met
[18:59:38] [INFO] Skipping recipe mekanism:compat/biomeswevegone/dye/large_light_gray, conditions not met
[18:59:38] [INFO] Skipping recipe bibliobiomes:color/purple/wood/biomesoplenty_redwood/raised_seat_back, conditions not met
[18:59:38] [INFO] Skipping recipe bibliowoods:color/blue/wood/vampirism_dark_spruce/tall_seat_back, conditions not met
[18:59:38] [INFO] Skipping recipe farmingforblockheads:market/biomeswevegone/lament_sapling, conditions not met
[18:59:38] [INFO] Skipping recipe mysticalagradditions:tconstruct/melting/prudentium/block, conditions not met
[18:59:38] [INFO] Skipping recipe bibliobiomes:color/light_gray/wood/biomesoplenty_pine/flat_seat_back, conditions not met
[18:59:38] [INFO] Skipping recipe occultism:miner/ores/cobalt_ore, conditions not met
[18:59:38] [INFO] Skipping recipe farmingforblockheads:market/croptopia/plum_sapling, conditions not met
[18:59:38] [INFO] Skipping recipe productivebees:centrifuge/bloodmagic/honeycomb_hellfire, conditions not met
[18:59:38] [INFO] Skipping recipe mekanism:compat/biomesoplenty/sawing/log/fir, conditions not met
[18:59:38] [INFO] Skipping recipe bibliowoods:color/black/wood/extradelight_cinnamon/small_seat_back, conditions not met
[18:59:38] [INFO] Skipping recipe theurgy:liquefaction/alchemical_sulfur_sulfur_from_gems_sulfur, conditions not met
[18:59:38] [INFO] Skipping recipe bibliobiomes:wood/biomesoplenty_mahogany/fancy_armor_stand, conditions not met
[18:59:38] [INFO] Skipping recipe generatorgalore:64x/copper_generator_64x, conditions not met
[18:59:38] [INFO] Skipping recipe farmingforblockheads:market/croptopia/cashew_sapling, conditions not met
[18:59:38] [INFO] Skipping recipe mekanism:compat/biomesoplenty/sawing/boat/pine, conditions not met
[18:59:38] [INFO] Skipping recipe bibliowoods:wood/werewolves_jacaranda/potion_shelf, conditions not met
[18:59:38] [INFO] Skipping recipe megacells:cells/standard/experience_storage_cell_64m, conditions not met
[18:59:38] [INFO] Skipping recipe bibliobiomes:color/lime/wood/biomesoplenty_empyreal/fancy_seat_back, conditions not met
[18:59:38] [INFO] Skipping recipe productivebees:centrifuge/dusts/honeycomb_platinum, conditions not met
[18:59:38] [INFO] Skipping recipe bibliowoods:color/cyan/wood/vampirism_dark_spruce/raised_seat_back, conditions not met
[18:59:38] [INFO] Skipping recipe bibliowoods:color/magenta/wood/werewolves_magic/small_seat_back, conditions not met
[18:59:38] [INFO] Skipping recipe bibliowoods:color/red/wood/extradelight_cinnamon/seat, conditions not met
[18:59:38] [INFO] Skipping recipe bibliowoods:color/light_gray/wood/deep_aether_conberry/seat, conditions not met
[18:59:38] [INFO] Skipping recipe bibliowoods:color/light_gray/wood/butchercraft_barn_wood/display_case, conditions not met
[18:59:38] [INFO] Skipping recipe bibliowoods:color/orange/wood/vampirism_cursed_spruce/tall_seat_back, conditions not met
[18:59:38] [INFO] Skipping recipe cataclysm:stonecutting/obsidian_brick_wall_from_stonecutting, no type defined
[18:59:38] [INFO] Skipping recipe bibliowoods:color/yellow/wood/werewolves_jacaranda/fancy_seat_back, conditions not met
[18:59:38] [INFO] Skipping recipe bibliowoods:color/light_gray/wood/deep_aether_conberry/display_case, conditions not met
[18:59:38] [INFO] Skipping recipe bibliowoods:color/magenta/wood/mynethersdelight_powdery/fancy_seat_back, conditions not met
[18:59:38] [INFO] Skipping recipe bibliobiomes:color/cyan/wood/biomesoplenty_magic/seat, conditions not met
[18:59:38] [INFO] Skipping recipe bibliowoods:color/blue/wood/cobblemon_apricorn/small_seat_back, conditions not met
[18:59:38] [INFO] Skipping recipe bibliobiomes:color/gray/wood/biomesoplenty_willow/raised_seat_back, conditions not met
[18:59:38] [INFO] Skipping recipe bibliowoods:color/yellow/wood/vampirism_cursed_spruce/small_seat_back, conditions not met
[18:59:38] [INFO] Skipping recipe farmingforblockheads:market/betternether/swampland_grass, conditions not met
[18:59:38] [INFO] Skipping recipe bibliowoods:color/orange/wood/extradelight_fruit/raised_seat_back, conditions not met
[18:59:38] [INFO] Skipping recipe productivemetalworks:melting/storage_blocks/raw_steel, conditions not met
[18:59:38] [INFO] Skipping recipe mekanism:compat/biomeswevegone/pigment_extracting/large_pink, conditions not met
[18:59:38] [INFO] Skipping recipe productivemetalworks:melting/geore/zinc_shard, conditions not met
[18:59:38] [INFO] Skipping recipe bibliowoods:color/orange/wood/mynethersdelight_powdery/small_seat_back, conditions not met
[18:59:38] [INFO] Skipping recipe occultism:miner/ores/indicolite_ore, conditions not met
[18:59:38] [INFO] Skipping recipe productivebees:bee_produce/chemlib/europium_bee, conditions not met
[18:59:38] [INFO] Skipping recipe bibliowoods:color/black/wood/vampirism_dark_spruce/seat, conditions not met
[18:59:38] [INFO] Skipping recipe farmingforblockheads:market/biomeswevegone/thereal_bellflower, conditions not met
[18:59:38] [INFO] Skipping recipe bibliobiomes:color/magenta/wood/biomesoplenty_empyreal/flat_seat_back, conditions not met
[18:59:38] [INFO] Skipping recipe farmingforblockheads:market/byg/bistort, conditions not met
[18:59:38] [INFO] Skipping recipe bibliobiomes:color/brown/wood/biomesoplenty_umbran/display_case, conditions not met
[18:59:38] [INFO] Skipping recipe bibliowoods:color/purple/wood/deep_aether_sunroot/raised_seat_back, conditions not met
[18:59:38] [INFO] Skipping recipe productivebees:bee_produce/chemlib/chlorine_bee, conditions not met
[18:59:38] [INFO] Skipping recipe occultism:crushing/mithril_dust_from_ingot, conditions not met
[18:59:38] [INFO] Skipping recipe immersiveengineering:crusher/ingot_rose_gold, conditions not met
[18:59:38] [INFO] Skipping recipe bibliowoods:color/green/wood/extradelight_fruit/small_seat_back, conditions not met
[18:59:38] [INFO] Skipping recipe bibliowoods:color/white/wood/extradelight_fruit/small_seat_back, conditions not met
[18:59:38] [INFO] Skipping recipe bibliowoods:color/blue/wood/gtceu_rubber/flat_seat_back, conditions not met
[18:59:38] [INFO] Skipping recipe mekanism:compat/biomesoplenty/sawing/log/umbran, conditions not met
[18:59:38] [INFO] Skipping recipe theurgy:fermentation/alchemical_niter_mobs_rare_using_sugars, conditions not met
[18:59:38] [INFO] Skipping recipe bibliowoods:wood/extradelight_fruit/fancy_crafter, conditions not met
[18:59:38] [INFO] Skipping recipe mekmm:compat/ae2omnicells/stamper/complex_link_circuit_print, conditions not met
[18:59:38] [INFO] Skipping recipe supplementaries:way_sign_oak/productivetrees/alder, conditions not met
[18:59:38] [INFO] Skipping recipe bibliowoods:color/light_blue/wood/deep_aether_yagroot/tall_seat_back, conditions not met
[18:59:38] [INFO] Skipping recipe bibliowoods:color/gray/wood/deep_aether_roseroot/flat_seat_back, conditions not met
[18:59:38] [INFO] Skipping recipe mekmm:compat/evolvedmekanism/factory/overclocked/oxidizing, conditions not met
[18:59:38] [INFO] Skipping recipe bibliowoods:color/light_gray/wood/vampirism_dark_spruce/small_seat_back, conditions not met
[18:59:38] [INFO] Skipping recipe farmingforblockheads:market/byg/lazarus_bellflower, conditions not met
[18:59:38] [INFO] Skipping recipe megacells:cells/standard/experience_storage_cell_64m_with_housing, conditions not met
[18:59:38] [INFO] Skipping recipe theurgy:reformation/alchemical_sulfur_hops_from_alchemical_sulfurs_crops_abundant, conditions not met
[18:59:38] [INFO] Skipping recipe theurgy:reformation/alchemical_sulfur_saguaro_from_alchemical_sulfurs_crops_abundant, conditions not met
[18:59:38] [INFO] Skipping recipe bibliowoods:color/lime/wood/vampirism_cursed_spruce/flat_seat_back, conditions not met
[18:59:38] [INFO] Skipping recipe productivebees:centrifuge/tconstruct/honeycomb_ichor_slimy, conditions not met
[18:59:38] [INFO] Skipping recipe farmingforblockheads:market/croptopia/kumquat_sapling, conditions not met
[18:59:38] [INFO] Skipping recipe productivebees:centrifuge/dusts/honeycomb_saltpeter, conditions not met
[18:59:38] [INFO] Skipping recipe supplementaries:way_sign_oak/biomeswevegone/cypress, conditions not met
[18:59:38] [INFO] Skipping recipe productivemetalworks:melting/geore/sapphire_shard, conditions not met
[18:59:38] [INFO] Skipping recipe farmingforblockheads:market/byg/purple_amaranth, conditions not met
[18:59:38] [INFO] Skipping recipe bibliowoods:wood/deep_aether_conberry/tool_rack, conditions not met
[18:59:38] [INFO] Skipping recipe bibliowoods:color/yellow/wood/vampirism_cursed_spruce/tall_seat_back, conditions not met
[18:59:38] [INFO] Skipping recipe productivemetalworks:melting/ores/netherite, conditions not met
[18:59:38] [INFO] Skipping recipe farmingforblockheads:market/biomeswevegone/nightshade_sapling, conditions not met
[18:59:38] [INFO] Skipping recipe bibliobiomes:color/lime/wood/biomesoplenty_maple/raised_seat_back, conditions not met
[18:59:38] [INFO] Skipping recipe bibliobiomes:color/light_blue/wood/biomesoplenty_dead/seat, conditions not met
[18:59:38] [INFO] Skipping recipe bibliowoods:color/lime/wood/deep_aether_conberry/display_case, conditions not met
[18:59:38] [INFO] Skipping recipe mekanism:compat/biomeswevegone/dye/black, conditions not met
[18:59:38] [INFO] Skipping recipe bibliowoods:color/white/wood/deep_aether_sunroot/seat, conditions not met
[18:59:38] [INFO] Skipping recipe bibliowoods:color/yellow/wood/deep_aether_conberry/seat, conditions not met
[18:59:38] [INFO] Skipping recipe supplementaries:way_sign_oak/productivetrees/golden_delicious_apple, conditions not met
[18:59:38] [INFO] Skipping recipe bibliowoods:color/green/wood/deep_aether_yagroot/tall_seat_back, conditions not met
[18:59:38] [INFO] Skipping recipe bibliowoods:color/orange/wood/expandeddelight_cinnamon/raised_seat_back, conditions not met
[18:59:38] [INFO] Skipping recipe mysticalagradditions:tconstruct/casting/inferium/nugget_gold_cast, conditions not met
[18:59:38] [INFO] Skipping recipe bibliowoods:color/black/wood/deep_aether_conberry/tall_seat_back, conditions not met
[18:59:38] [INFO] Skipping recipe ars_elemental:jeed/watery_grave, conditions not met
[18:59:38] [INFO] Skipping recipe bibliowoods:color/lime/wood/cobblemon_apricorn/raised_seat_back, conditions not met
[18:59:38] [INFO] Skipping recipe bibliowoods:color/yellow/wood/werewolves_magic/small_seat_back, conditions not met
[18:59:38] [INFO] Skipping recipe supplementaries:way_sign_oak/productivetrees/key_lime, conditions not met
[18:59:38] [INFO] Skipping recipe mekmm:compat/evolvedmekanism/factory/quantum/chemical_infusing, conditions not met
[18:59:38] [INFO] Skipping recipe productivebees:block_conversion/botania/blaze_block_to_obsidian, conditions not met
[18:59:38] [INFO] Skipping recipe bibliobiomes:color/lime/wood/biomesoplenty_jacaranda/fancy_seat_back, conditions not met
[18:59:38] [INFO] Skipping recipe theurgy:incubation/logs_rubberwood_from_alchemical_sulfur_rubberwood, conditions not met
[18:59:38] [INFO] Skipping recipe supplementaries:way_sign_oak/biomeswevegone/sakura, conditions not met
[18:59:38] [INFO] Skipping recipe occultism:miner/ores/gemenyte_ore, conditions not met
[18:59:38] [INFO] Skipping recipe cataclysm:stonecutting/polished_end_stone_stairs_from_stonecutting, no type defined
[18:59:38] [INFO] Skipping recipe bibliowoods:color/purple/wood/deep_aether_sunroot/tall_seat_back, conditions not met
[18:59:38] [INFO] Skipping recipe bibliobiomes:color/red/wood/biomesoplenty_mahogany/seat, conditions not met
[18:59:38] [INFO] Skipping recipe bibliowoods:color/cyan/wood/extradelight_cinnamon/small_seat_back, conditions not met
[18:59:38] [INFO] Skipping recipe bibliowoods:color/brown/wood/deep_aether_yagroot/fancy_seat_back, conditions not met
[18:59:38] [INFO] Skipping recipe bibliobiomes:color/brown/wood/biomesoplenty_pine/seat, conditions not met
[18:59:38] [INFO] Skipping recipe bibliobiomes:color/light_blue/wood/biomesoplenty_mahogany/fancy_seat_back, conditions not met
[18:59:38] [INFO] Skipping recipe theurgy:reformation/alchemical_sulfur_calorite_from_alchemical_niter_metals_precious, conditions not met
[18:59:38] [INFO] Skipping recipe bibliobiomes:color/yellow/wood/biomesoplenty_pine/fancy_seat_back, conditions not met
[18:59:38] [INFO] Skipping recipe bibliowoods:color/light_blue/wood/vampirism_cursed_spruce/seat, conditions not met
[18:59:38] [INFO] Skipping recipe create:crushing/compat/silentgems/ammolite_end_ore, conditions not met
[18:59:38] [INFO] Skipping recipe bibliowoods:color/magenta/wood/deep_aether_roseroot/seat, conditions not met
[18:59:38] [INFO] Skipping recipe productivemetalworks:casting/plates/ftbmaterials/refined_glowstone, conditions not met
[18:59:38] [INFO] Skipping recipe bibliobiomes:color/red/wood/biomesoplenty_palm/raised_seat_back, conditions not met
[18:59:38] [INFO] Skipping recipe productivebees:hives/advanced_atmospheric_aspen_beehive_clear, conditions not met
[18:59:38] [INFO] Skipping recipe supplementaries:way_sign_oak/productivetrees/purple_blackthorn, conditions not met
[18:59:38] [INFO] Skipping recipe theurgy:incubation/logs_dreamwood_from_alchemical_sulfur_dreamwood, conditions not met
[18:59:38] [INFO] Skipping recipe bibliowoods:color/purple/wood/butchercraft_barn_wood/tall_seat_back, conditions not met
[18:59:38] [INFO] Skipping recipe bibliowoods:color/lime/wood/cobblemon_apricorn/fancy_seat_back, conditions not met
[18:59:38] [INFO] Skipping recipe productivebees:bee_breeding/chemlib/promethium_bee, conditions not met
[18:59:38] [INFO] Skipping recipe bibliobiomes:color/gray/wood/biomesoplenty_pine/seat, conditions not met
[18:59:38] [INFO] Skipping recipe bibliobiomes:color/light_blue/wood/biomesoplenty_redwood/display_case, conditions not met
[18:59:38] [INFO] Skipping recipe bibliowoods:color/light_blue/wood/extradelight_fruit/small_seat_back, conditions not met
[18:59:38] [INFO] Skipping recipe bibliowoods:color/light_gray/wood/werewolves_magic/seat, conditions not met
[18:59:38] [INFO] Skipping recipe bibliowoods:color/cyan/wood/extradelight_fruit/raised_seat_back, conditions not met
[18:59:38] [INFO] Skipping recipe mekanism:compat/biomesoplenty/sawing/log/maple, conditions not met
[18:59:38] [INFO] Skipping recipe mysticalagradditions:tconstruct/tools/casting/prudentium, conditions not met
[18:59:38] [INFO] Skipping recipe productivebees:centrifuge/gems/honeycomb_coral, conditions not met
[18:59:38] [INFO] Skipping recipe bibliobiomes:color/black/wood/biomesoplenty_mahogany/display_case, conditions not met
[18:59:38] [INFO] Skipping recipe bibliowoods:color/pink/wood/deep_aether_sunroot/flat_seat_back, conditions not met
[18:59:38] [INFO] Skipping recipe bibliobiomes:color/red/wood/biomesoplenty_fir/small_seat_back, conditions not met
[18:59:38] [INFO] Skipping recipe bibliowoods:color/light_blue/wood/gtceu_treated_wood/tall_seat_back, conditions not met
[18:59:38] [INFO] Skipping recipe bibliowoods:color/brown/wood/werewolves_jacaranda/raised_seat_back, conditions not met
[18:59:38] [INFO] Skipping recipe bibliowoods:color/white/wood/deep_aether_yagroot/tall_seat_back, conditions not met
[18:59:38] [INFO] Skipping recipe farmingforblockheads:market/betternether/wall_mushroom_brown, conditions not met
[18:59:38] [INFO] Skipping recipe bibliobiomes:color/brown/wood/biomesoplenty_magic/raised_seat_back, conditions not met
[18:59:38] [INFO] Skipping recipe bibliowoods:color/cyan/wood/deep_aether_cruderoot/seat, conditions not met
[18:59:38] [INFO] Skipping recipe bibliowoods:color/cyan/wood/gtceu_treated_wood/seat, conditions not met
[18:59:38] [INFO] Skipping recipe bibliowoods:color/brown/wood/vampirism_cursed_spruce/small_seat_back, conditions not met
[18:59:38] [INFO] Skipping recipe productivebees:bee_produce/chemlib/silicium_bee, conditions not met
[18:59:38] [INFO] Skipping recipe bibliowoods:color/white/wood/extradelight_cinnamon/seat, conditions not met
[18:59:38] [INFO] Skipping recipe farmingforblockheads:market/simplefarming/cantaloupe_seeds, conditions not met
[18:59:38] [INFO] Skipping recipe mysticalagriculture:seed/infusion/mystical_flower, conditions not met
[18:59:38] [INFO] Skipping recipe productivebees:bee_produce/chemlib/erbium_bee, conditions not met
[18:59:38] [INFO] Skipping recipe bibliobiomes:color/green/wood/biomesoplenty_magic/small_seat_back, conditions not met
[18:59:38] [INFO] Skipping recipe supplementaries:way_sign_oak/productivetrees/copper_beech, conditions not met
[18:59:38] [INFO] Skipping recipe oritech:compat/energizedpower/assemblingmachine/platingnickel, conditions not met
[18:59:38] [INFO] Skipping recipe bibliobiomes:wood/biomesoplenty_palm/fancy_crafter, conditions not met
[18:59:38] [INFO] Skipping recipe bibliowoods:color/light_gray/wood/mynethersdelight_powdery/display_case, conditions not met
[18:59:38] [INFO] Skipping recipe bibliowoods:color/light_gray/wood/vampirism_cursed_spruce/raised_seat_back, conditions not met
[18:59:38] [INFO] Skipping recipe farmingforblockheads:market/croptopia/barley_seed, conditions not met
[18:59:38] [INFO] Skipping recipe farmingforblockheads:market/croptopia/pecan_sapling, conditions not met
[18:59:38] [INFO] Skipping recipe bibliobiomes:color/white/wood/biomesoplenty_empyreal/small_seat_back, conditions not met
[18:59:38] [INFO] Skipping recipe bibliobiomes:color/brown/wood/biomesoplenty_empyreal/seat, conditions not met
[18:59:38] [INFO] Skipping recipe bibliowoods:color/blue/wood/werewolves_jacaranda/raised_seat_back, conditions not met
[18:59:38] [INFO] Skipping recipe productivebees:bee_produce/gems/euclase_bee, conditions not met
[18:59:38] [INFO] Skipping recipe bibliowoods:color/light_blue/wood/werewolves_magic/raised_seat_back, conditions not met
[18:59:38] [INFO] Skipping recipe bibliobiomes:wood/biomesoplenty_mahogany/fancy_sign, conditions not met
[18:59:38] [INFO] Skipping recipe productivemetalworks:melting/ores/signalum, conditions not met
[18:59:38] [INFO] Skipping recipe bibliowoods:color/purple/wood/gtceu_rubber/seat, conditions not met
[18:59:38] [INFO] Skipping recipe bibliobiomes:wood/biomesoplenty_empyreal/grandfather_clock, conditions not met
[18:59:38] [INFO] Skipping recipe bibliobiomes:color/gray/wood/biomesoplenty_jacaranda/flat_seat_back, conditions not met
[18:59:38] [INFO] Skipping recipe bibliowoods:color/black/wood/deep_aether_sunroot/flat_seat_back, conditions not met
[18:59:38] [INFO] Skipping recipe bibliobiomes:color/magenta/wood/biomesoplenty_palm/flat_seat_back, conditions not met
[18:59:38] [INFO] Skipping recipe bibliowoods:color/light_blue/wood/deep_aether_cruderoot/flat_seat_back, conditions not met
[18:59:38] [INFO] Skipping recipe bibliowoods:color/light_gray/wood/extradelight_fruit/fancy_seat_back, conditions not met
[18:59:38] [INFO] Skipping recipe bibliobiomes:color/black/wood/biomesoplenty_willow/tall_seat_back, conditions not met
[18:59:38] [INFO] Skipping recipe mysticalagradditions:tconstruct/tools/materials/supremium/nugget, conditions not met
[18:59:38] [INFO] Skipping recipe supplementaries:way_sign_oak/minecraft/jungle, conditions not met
[18:59:38] [INFO] Skipping recipe theurgy:incubation/logs_netherwood_from_alchemical_sulfur_netherwood, conditions not met
[18:59:38] [INFO] Skipping recipe mysticalagriculture:essence/tconstruct/manyullyn_ingot, conditions not met
[18:59:38] [INFO] Skipping recipe bibliowoods:color/magenta/wood/werewolves_jacaranda/tall_seat_back, conditions not met
[18:59:38] [INFO] Skipping recipe productivebees:bee_produce/elementalcraft/air_crystal_bee, conditions not met
[18:59:38] [INFO] Skipping recipe bibliobiomes:color/green/wood/biomesoplenty_empyreal/flat_seat_back, conditions not met
[18:59:38] [INFO] Skipping recipe bibliowoods:color/lime/wood/deep_aether_yagroot/flat_seat_back, conditions not met
[18:59:38] [INFO] Skipping recipe productivemetalworks:casting/magistuarmory/steel_nugget, conditions not met
[18:59:38] [INFO] Skipping recipe createaddition:compat/tconstruct/rose_gold, conditions not met
[18:59:38] [INFO] Skipping recipe allthecompressed:compress/crushed_netherrack_8x, conditions not met
[18:59:38] [INFO] Skipping recipe bibliowoods:color/blue/wood/gtceu_treated_wood/flat_seat_back, conditions not met
[18:59:38] [INFO] Skipping recipe mekanism:compat/biomesoplenty/pigment_extracting/orange, conditions not met
[18:59:38] [INFO] Skipping recipe allthecompressed:compress/crushed_netherrack_7x, conditions not met
[18:59:38] [INFO] Skipping recipe supplementaries:way_sign_oak/biomeswevegone/ebony, conditions not met
[18:59:38] [INFO] Skipping recipe allthecompressed:compress/crushed_netherrack_6x, conditions not met
[18:59:38] [INFO] Skipping recipe bibliowoods:color/purple/wood/deep_aether_roseroot/tall_seat_back, conditions not met
[18:59:38] [INFO] Skipping recipe bibliowoods:color/brown/wood/cobblemon_apricorn/flat_seat_back, conditions not met
[18:59:38] [INFO] Skipping recipe farmingforblockheads:market/thermal/barley_seeds, conditions not met
[18:59:38] [INFO] Skipping recipe allthecompressed:compress/crushed_netherrack_5x, conditions not met
[18:59:38] [INFO] Skipping recipe bibliobiomes:color/white/wood/biomesoplenty_jacaranda/raised_seat_back, conditions not met
[18:59:38] [INFO] Skipping recipe bibliowoods:color/green/wood/vampirism_dark_spruce/small_seat_back, conditions not met
[18:59:38] [INFO] Skipping recipe allthecompressed:compress/crushed_netherrack_4x, conditions not met
[18:59:38] [INFO] Skipping recipe allthecompressed:compress/crushed_netherrack_3x, conditions not met
[18:59:38] [INFO] Skipping recipe create_aquatic_ambitions:channeling/upgrade_aquatic/pillow_star_block, conditions not met
[18:59:38] [INFO] Skipping recipe allthecompressed:compress/crushed_netherrack_2x, conditions not met
[18:59:38] [INFO] Skipping recipe reliquary:alkahestry/crafting/steel_ingot, conditions not met
[18:59:38] [INFO] Skipping recipe bibliobiomes:color/cyan/wood/biomesoplenty_willow/fancy_seat_back, conditions not met
[18:59:38] [INFO] Skipping recipe bibliobiomes:color/light_gray/wood/biomesoplenty_mahogany/flat_seat_back, conditions not met
[18:59:38] [INFO] Skipping recipe mekanism:compat/biomesoplenty/sawing/fence_gate/redwood, conditions not met
[18:59:38] [INFO] Skipping recipe allthecompressed:compress/crushed_netherrack_1x, conditions not met
[18:59:38] [INFO] Skipping recipe oritech:grinder/compat/energizedpowerdust/tin, conditions not met
[18:59:38] [INFO] Skipping recipe theurgy:reformation/alchemical_sulfur_azalea_from_alchemical_sulfurs_logs_abundant, conditions not met
[18:59:38] [INFO] Skipping recipe mekanism:compat/biomeswevegone/dye/lime, conditions not met
[18:59:38] [INFO] Skipping recipe bibliowoods:color/green/wood/cobblemon_apricorn/seat, conditions not met
[18:59:38] [INFO] Skipping recipe productivebees:alchemistry/dissolver/ruthenium_bee, conditions not met
[18:59:38] [INFO] Skipping recipe mysticalagriculture:seed/crafting/yellorium, conditions not met
[18:59:38] [INFO] Skipping recipe productivebees:tconstruct/slimesteel_bee, conditions not met
[18:59:38] [INFO] Skipping recipe bibliowoods:color/magenta/wood/deep_aether_conberry/fancy_seat_back, conditions not met
[18:59:38] [INFO] Skipping recipe bibliobiomes:color/pink/wood/biomesoplenty_redwood/small_seat_back, conditions not met
[18:59:38] [INFO] Skipping recipe bibliobiomes:color/cyan/wood/biomesoplenty_mahogany/flat_seat_back, conditions not met
[18:59:38] [INFO] Skipping recipe farmingforblockheads:market/byg/silver_vase_flower, conditions not met
[18:59:38] [INFO] Skipping recipe farmingforblockheads:market/byg/fairy_slipper, conditions not met
[18:59:38] [INFO] Skipping recipe supplementaries:way_sign_oak/productivetrees/kapok, conditions not met
[18:59:38] [INFO] Skipping recipe supplementaries:way_sign_oak/productivetrees/hornbeam, conditions not met
[18:59:38] [INFO] Skipping recipe supplementaries:way_sign_oak/productivetrees/water_wonder, conditions not met
[18:59:38] [INFO] Skipping recipe bibliowoods:color/red/wood/mynethersdelight_powdery/fancy_seat_back, conditions not met
[18:59:38] [INFO] Skipping recipe megacells:cells/standard/experience_storage_cell_64m_disassembly, conditions not met
[18:59:38] [INFO] Skipping recipe bibliowoods:color/light_blue/wood/gtceu_rubber/small_seat_back, conditions not met
[18:59:38] [INFO] Skipping recipe mysticalagriculture:seed/reprocessor/blizz, conditions not met
[18:59:38] [INFO] Skipping recipe occultism:crushing/quicksilver_dust_from_ore, conditions not met
[18:59:38] [INFO] Skipping recipe bibliowoods:color/orange/wood/deep_aether_roseroot/display_case, conditions not met
[18:59:38] [INFO] Skipping recipe dyenamics:thermal/centrifuge/rose_rockwool, conditions not met
[18:59:38] [INFO] Skipping recipe createaddition:compat/tconstruct/manyullyn, conditions not met
[18:59:38] [INFO] Skipping recipe create_aquatic_ambitions:channeling/upgrade_aquatic/acan_coral, conditions not met
[18:59:38] [INFO] Skipping recipe megacells:cells/portable/portable_mana_cell_1m_disassembly, conditions not met
[18:59:38] [INFO] Skipping recipe bibliowoods:color/red/wood/deep_aether_roseroot/seat, conditions not met
[18:59:38] [INFO] Skipping recipe industrialforegoing:laser_drill_ore/raw_materials/galena, conditions not met
[18:59:38] [INFO] Skipping recipe bibliowoods:color/green/wood/expandeddelight_cinnamon/raised_seat_back, conditions not met
[18:59:38] [INFO] Skipping recipe create:milling/compat/botania/white_petal, conditions not met
[18:59:38] [INFO] Skipping recipe productivemetalworks:casting/rods/ftbmaterials/netherite, conditions not met
[18:59:38] [INFO] Skipping recipe allthemodium:melting/unobtainium_from_dust, conditions not met
[18:59:38] [INFO] Skipping recipe allthemodium:melting/salvage/unobtainium/unobtainium_from_helmet, conditions not met
[18:59:38] [INFO] Skipping recipe bibliowoods:color/light_gray/wood/extradelight_cinnamon/fancy_seat_back, conditions not met
[18:59:38] [INFO] Skipping recipe productivebees:centrifuge/gems/honeycomb_cinnabar, conditions not met
[18:59:38] [INFO] Skipping recipe farmingforblockheads:market/byg/red_spruce_sapling, conditions not met
[18:59:38] [INFO] Skipping recipe pneumaticcraft:block_heat_properties/betterendforge/emerald_ice, conditions not met
[18:59:38] [INFO] Skipping recipe productivemetalworks:melting/storage_blocks/raw_refined_obsidian, conditions not met
[18:59:38] [INFO] Skipping recipe theurgy:incubation/crops_saguaro_from_alchemical_sulfur_saguaro, conditions not met
[18:59:38] [INFO] Skipping recipe farmingforblockheads:market/biomesoplenty/snowblossom_sapling, conditions not met
[18:59:38] [INFO] Skipping recipe bibliowoods:color/gray/wood/cobblemon_apricorn/small_seat_back, conditions not met
[18:59:38] [INFO] Skipping recipe mysticalagriculture:essence/botania/green_mystical_flower, conditions not met
[18:59:38] [INFO] Skipping recipe reliquary:slime_pearl, conditions not met
[18:59:38] [INFO] Skipping recipe occultism:crushing/topaz_dust_from_ore, conditions not met
[18:59:38] [INFO] Skipping recipe bibliobiomes:color/yellow/wood/biomesoplenty_maple/small_seat_back, conditions not met
[18:59:38] [INFO] Skipping recipe bibliowoods:color/light_gray/wood/deep_aether_roseroot/fancy_seat_back, conditions not met
[18:59:38] [INFO] Skipping recipe create:crushing/compat/biomeswevegone/blue_nether_gold_ore, conditions not met
[18:59:38] [INFO] Skipping recipe bibliowoods:color/green/wood/gtceu_rubber/display_case, conditions not met
[18:59:38] [INFO] Skipping recipe bibliowoods:color/magenta/wood/werewolves_magic/display_case, conditions not met
[18:59:38] [INFO] Skipping recipe mysticalagriculture:seed/crafting/copper, conditions not met
[18:59:38] [INFO] Skipping recipe productivebees:bee_produce/elementalcraft/earth_crystal_bee, conditions not met
[18:59:38] [INFO] Skipping recipe bibliowoods:color/lime/wood/werewolves_jacaranda/seat, conditions not met
[18:59:38] [INFO] Skipping recipe bibliobiomes:color/black/wood/biomesoplenty_palm/flat_seat_back, conditions not met
[18:59:38] [INFO] Skipping recipe productivemetalworks:casting/storage_blocks/ftbmaterials/steel, conditions not met
[18:59:38] [INFO] Skipping recipe bibliowoods:color/light_gray/wood/werewolves_jacaranda/flat_seat_back, conditions not met
[18:59:38] [INFO] Skipping recipe bibliowoods:color/yellow/wood/deep_aether_sunroot/flat_seat_back, conditions not met
[18:59:38] [INFO] Skipping recipe bibliobiomes:color/light_blue/wood/biomesoplenty_jacaranda/fancy_seat_back, conditions not met
[18:59:38] [INFO] Skipping recipe supplementaries:way_sign_oak/productivetrees/butternut, conditions not met
[18:59:38] [INFO] Skipping recipe bibliobiomes:color/red/wood/biomesoplenty_pine/raised_seat_back, conditions not met
[18:59:38] [INFO] Skipping recipe occultism:crushing/iesnium_dirty_dust_from_clump, conditions not met
[18:59:38] [INFO] Skipping recipe theurgy:liquefaction/alchemical_sulfur_livingwood_from_logs_livingwood, conditions not met
[18:59:38] [INFO] Skipping recipe productivebees:alchemistry/combiner/rhenium_bee, conditions not met
[18:59:38] [INFO] Skipping recipe bibliowoods:color/magenta/wood/gtceu_rubber/seat, conditions not met
[18:59:38] [INFO] Skipping recipe productivebees:bee_produce/chemlib/rutherfordium_bee, conditions not met
[18:59:38] [INFO] Skipping recipe bibliobiomes:color/purple/wood/biomesoplenty_fir/small_seat_back, conditions not met
[18:59:38] [INFO] Skipping recipe bibliobiomes:color/white/wood/biomesoplenty_magic/display_case, conditions not met
[18:59:38] [INFO] Skipping recipe bibliobiomes:color/lime/wood/biomesoplenty_fir/raised_seat_back, conditions not met
[18:59:38] [INFO] Skipping recipe productivebees:thermal/shapeless/twinite_bee, conditions not met
[18:59:38] [INFO] Skipping recipe bibliowoods:color/yellow/wood/expandeddelight_cinnamon/raised_seat_back, conditions not met
[18:59:38] [INFO] Skipping recipe farmingforblockheads:market/byg/red_maple_sapling, conditions not met
[18:59:38] [INFO] Skipping recipe farmingforblockheads:market/fruitsdelight/mango_sapling, conditions not met
[18:59:38] [INFO] Skipping recipe occultism:crushing/graphite_dirty_dust_from_clump, conditions not met
[18:59:38] [INFO] Skipping recipe bibliowoods:color/green/wood/deep_aether_cruderoot/fancy_seat_back, conditions not met
[18:59:38] [INFO] Skipping recipe allthecompressed:compress/crushed_netherrack_9x, conditions not met
[18:59:38] [INFO] Skipping recipe bibliobiomes:color/pink/wood/biomesoplenty_pine/fancy_seat_back, conditions not met
[18:59:38] [INFO] Skipping recipe mekanism:compat/biomesoplenty/sawing/hanging_sign/dead, conditions not met
[18:59:38] [INFO] Skipping recipe bibliowoods:color/red/wood/werewolves_magic/small_seat_back, conditions not met
[18:59:38] [INFO] Skipping recipe bibliowoods:color/green/wood/butchercraft_barn_wood/fancy_seat_back, conditions not met
[18:59:38] [INFO] Skipping recipe bibliobiomes:color/magenta/wood/biomesoplenty_magic/raised_seat_back, conditions not met
[18:59:38] [INFO] Skipping recipe bibliobiomes:color/light_blue/wood/biomesoplenty_umbran/fancy_seat_back, conditions not met
[18:59:38] [INFO] Skipping recipe bibliowoods:color/cyan/wood/gtceu_treated_wood/flat_seat_back, conditions not met
[18:59:38] [INFO] Skipping recipe bibliobiomes:color/purple/wood/biomesoplenty_jacaranda/seat, conditions not met
[18:59:38] [INFO] Skipping recipe bibliowoods:color/light_gray/wood/werewolves_magic/tall_seat_back, conditions not met
[18:59:38] [INFO] Skipping recipe create:crushing/quicksilver_ore, conditions not met
[18:59:38] [INFO] Skipping recipe bibliowoods:color/white/wood/deep_aether_conberry/tall_seat_back, conditions not met
[18:59:38] [INFO] Skipping recipe bibliowoods:color/white/wood/expandeddelight_cinnamon/fancy_seat_back, conditions not met
[18:59:38] [INFO] Skipping recipe productivemetalworks:melting/raw_materials/electrum, conditions not met
[18:59:38] [INFO] Skipping recipe farmingforblockheads:market/croptopia/raspberry_seed, conditions not met
[18:59:38] [INFO] Skipping recipe bibliobiomes:wood/biomesoplenty_magic/fancy_clock, conditions not met
[18:59:38] [INFO] Skipping recipe farmingforblockheads:market/youkaishomecoming/soybean, conditions not met
[18:59:38] [INFO] Skipping recipe bibliowoods:color/light_gray/wood/deep_aether_cruderoot/small_seat_back, conditions not met
[18:59:38] [INFO] Skipping recipe mekmm:compat/evolvedmekanism/factory/quantum/replicating, conditions not met
[18:59:38] [INFO] Skipping recipe create:milling/compat/botania/light_blue_petal, conditions not met
[18:59:38] [INFO] Skipping recipe bibliobiomes:wood/biomesoplenty_maple/bookcase, conditions not met
[18:59:38] [INFO] Skipping recipe mysticalagriculture:souls/blitz_rod, conditions not met
[18:59:38] [INFO] Skipping recipe farmingforblockheads:market/simplefarming/soybean_seeds, conditions not met
[18:59:38] [INFO] Skipping recipe supplementaries:awnings/awning_lime_2, conditions not met
[18:59:38] [INFO] Skipping recipe bibliobiomes:color/yellow/wood/biomesoplenty_palm/raised_seat_back, conditions not met
[18:59:38] [INFO] Skipping recipe supplementaries:way_sign_oak/productivetrees/papaya, conditions not met
[18:59:38] [INFO] Skipping recipe bibliowoods:color/purple/wood/deep_aether_roseroot/fancy_seat_back, conditions not met
[18:59:38] [INFO] Skipping recipe bibliowoods:color/cyan/wood/mynethersdelight_powdery/fancy_seat_back, conditions not met
[18:59:38] [INFO] Skipping recipe productivebees:centrifuge/mmorpg/honeycomb_common_salvage, conditions not met
[18:59:38] [INFO] Skipping recipe supplementaries:awnings/awning_purple_2, conditions not met
[18:59:38] [INFO] Skipping recipe bibliobiomes:color/lime/wood/biomesoplenty_palm/flat_seat_back, conditions not met
[18:59:38] [INFO] Skipping recipe theurgy:reformation/alchemical_sulfur_smogstem_from_alchemical_sulfurs_logs_abundant, conditions not met
[18:59:38] [INFO] Skipping recipe mysticalagriculture:seed/crafting/terrasteel, conditions not met
[18:59:38] [INFO] Skipping recipe bibliobiomes:color/orange/wood/biomesoplenty_willow/flat_seat_back, conditions not met
[18:59:38] [INFO] Skipping recipe bibliowoods:color/orange/wood/mynethersdelight_powdery/flat_seat_back, conditions not met
[18:59:38] [INFO] Skipping recipe supplementaries:sconce_glow, conditions not met
[18:59:38] [INFO] Skipping recipe bibliobiomes:color/purple/wood/biomesoplenty_pine/small_seat_back, conditions not met
[18:59:38] [INFO] Skipping recipe productivebees:bee_conversion/chemlib/mercury_bee, conditions not met
[18:59:38] [INFO] Skipping recipe bibliobiomes:color/purple/wood/biomesoplenty_palm/display_case, conditions not met
[18:59:38] [INFO] Skipping recipe occultism:crushing/quicksilver_dust_from_raw, conditions not met
[18:59:38] [INFO] Skipping recipe bibliobiomes:color/orange/wood/biomesoplenty_fir/fancy_seat_back, conditions not met
[18:59:38] [INFO] Skipping recipe bibliowoods:color/red/wood/deep_aether_sunroot/fancy_seat_back, conditions not met
[18:59:38] [INFO] Skipping recipe dyenamics:thermal/centrifuge/ultramarine_rockwool, conditions not met
[18:59:38] [INFO] Skipping recipe create:crushing/compat/elementaryores/ore_ender_end, conditions not met
[18:59:38] [INFO] Skipping recipe allthemodium:melting/salvage/allthemodium/allthemodium_from_chestplate, conditions not met
[18:59:38] [INFO] Skipping recipe oritech:compat/energizedpower/assemblingmachine/slime, conditions not met
[18:59:38] [INFO] Skipping recipe bibliowoods:color/green/wood/expandeddelight_cinnamon/fancy_seat_back, conditions not met
[18:59:38] [INFO] Skipping recipe bibliowoods:color/purple/wood/cobblemon_apricorn/display_case, conditions not met
[18:59:38] [INFO] Skipping recipe mekmm:compat/evolvedmekanism/factory/multiversal/washing, conditions not met
[18:59:38] [INFO] Skipping recipe farmingforblockheads:market/byg/lollipop_flower, conditions not met
[18:59:38] [INFO] Skipping recipe bibliowoods:wood/butchercraft_barn_wood/table, conditions not met
[18:59:38] [INFO] Skipping recipe productivebees:bee_produce/bloodmagic/hellfire_bee, conditions not met
[18:59:38] [INFO] Skipping recipe bibliowoods:color/red/wood/extradelight_cinnamon/fancy_seat_back, conditions not met
[18:59:38] [INFO] Skipping recipe bibliowoods:color/blue/wood/deep_aether_sunroot/flat_seat_back, conditions not met
[18:59:38] [INFO] Skipping recipe bibliowoods:color/pink/wood/deep_aether_conberry/tall_seat_back, conditions not met
[18:59:38] [INFO] Skipping recipe productivebees:bee_produce/chemlib/cesium_bee, conditions not met
[18:59:38] [INFO] Skipping recipe farmingforblockheads:market/simplefarming/rice_seeds, conditions not met
[18:59:38] [INFO] Skipping recipe productivebees:alchemistry/combiner/einsteinium_bee, conditions not met
[18:59:38] [INFO] Skipping recipe bibliowoods:color/yellow/wood/mynethersdelight_powdery/fancy_seat_back, conditions not met
[18:59:38] [INFO] Skipping recipe mysticalagriculture:seed/crafting/nature, conditions not met
[18:59:38] [INFO] Skipping recipe bibliobiomes:color/green/wood/biomesoplenty_willow/display_case, conditions not met
[18:59:38] [INFO] Skipping recipe bibliowoods:color/pink/wood/werewolves_jacaranda/small_seat_back, conditions not met
[18:59:38] [INFO] Skipping recipe bibliobiomes:color/orange/wood/biomesoplenty_palm/raised_seat_back, conditions not met
[18:59:38] [INFO] Skipping recipe create:milling/compat/environmental/cartwheel, conditions not met
[18:59:38] [INFO] Skipping recipe theurgy:incubation/logs_otherworld_from_alchemical_sulfur_otherworld, conditions not met
[18:59:38] [INFO] Skipping recipe bibliobiomes:color/yellow/wood/biomesoplenty_willow/small_seat_back, conditions not met
[18:59:38] [INFO] Skipping recipe bibliowoods:color/gray/wood/cobblemon_apricorn/tall_seat_back, conditions not met
[18:59:38] [INFO] Skipping recipe bibliowoods:color/white/wood/expandeddelight_cinnamon/display_case, conditions not met
[18:59:38] [INFO] Skipping recipe bibliowoods:color/cyan/wood/cobblemon_apricorn/seat, conditions not met
[18:59:38] [INFO] Skipping recipe theurgy:incubation/crops_juniper_from_alchemical_sulfur_juniper, conditions not met
[18:59:38] [INFO] Skipping recipe bibliowoods:color/light_blue/wood/werewolves_magic/fancy_seat_back, conditions not met
[18:59:38] [INFO] Skipping recipe reliquary:alkahestry/charging/redstone, conditions not met
[18:59:38] [INFO] Skipping recipe bibliobiomes:color/blue/wood/biomesoplenty_empyreal/flat_seat_back, conditions not met
[18:59:38] [INFO] Skipping recipe bibliowoods:color/brown/wood/vampirism_cursed_spruce/flat_seat_back, conditions not met
[18:59:38] [INFO] Skipping recipe bibliobiomes:color/red/wood/biomesoplenty_palm/display_case, conditions not met
[18:59:38] [INFO] Skipping recipe productivemetalworks:casting/gears/ftbmaterials/lumium, conditions not met
[18:59:38] [INFO] Skipping recipe gtceu:alloy_smelter/ilmenite_bee, conditions not met
[18:59:38] [INFO] Skipping recipe theurgy:incubation/gems_chimerite_from_alchemical_sulfur_chimerite, conditions not met
[18:59:38] [INFO] Skipping recipe bibliowoods:color/cyan/wood/expandeddelight_cinnamon/raised_seat_back, conditions not met
[18:59:38] [INFO] Skipping recipe farmingforblockheads:market/croptopia/yam_seed, conditions not met
[18:59:38] [INFO] Skipping recipe pneumaticcraft:block_heat_properties/quark/permafrost, conditions not met
[18:59:38] [INFO] Skipping recipe productivebees:hives/advanced_atmospheric_yucca_beehive, conditions not met
[18:59:38] [INFO] Skipping recipe bibliowoods:color/pink/wood/werewolves_jacaranda/seat, conditions not met
[18:59:38] [INFO] Skipping recipe mysticalagriculture:seed/reprocessor/blitz, conditions not met
[18:59:38] [INFO] Skipping recipe bibliowoods:wood/deep_aether_cruderoot/shelf, conditions not met
[18:59:38] [INFO] Skipping recipe bibliobiomes:color/blue/wood/biomesoplenty_umbran/small_seat_back, conditions not met
[18:59:38] [INFO] Skipping recipe bibliobiomes:color/brown/wood/biomesoplenty_redwood/flat_seat_back, conditions not met
[18:59:38] [INFO] Skipping recipe bibliobiomes:color/light_gray/wood/biomesoplenty_jacaranda/fancy_seat_back, conditions not met
[18:59:38] [INFO] Skipping recipe enderdrives:ender_disk_64k_vanilla, conditions not met
[18:59:38] [INFO] Skipping recipe bibliobiomes:color/purple/wood/biomesoplenty_fir/display_case, conditions not met
[18:59:38] [INFO] Skipping recipe create:smelting/ingot_tin_compat_ic2, conditions not met
[18:59:38] [INFO] Skipping recipe supplementaries:way_sign_oak/productivetrees/black_ember, conditions not met
[18:59:38] [INFO] Skipping recipe allthemodium:tools/materials/vibranium/vibranium_from_block, conditions not met
[18:59:38] [INFO] Skipping recipe bibliobiomes:color/yellow/wood/biomesoplenty_dead/tall_seat_back, conditions not met
[18:59:38] [INFO] Skipping recipe productivebees:bee_produce/chemlib/einsteinium_bee, conditions not met
[18:59:38] [INFO] Skipping recipe bibliowoods:wood/vampirism_cursed_spruce/table, conditions not met
[18:59:38] [INFO] Skipping recipe bibliobiomes:color/orange/wood/biomesoplenty_palm/small_seat_back, conditions not met
[18:59:38] [INFO] Skipping recipe productivebees:tconstruct/manyullyn_bee, conditions not met
[18:59:38] [INFO] Skipping recipe allthemodium:melting/salvage/unobtainium/unobtainium_from_leggings, conditions not met
[18:59:38] [INFO] Skipping recipe generatorgalore:64x/gold_generator_64x, conditions not met
[18:59:38] [INFO] Skipping recipe productivebees:centrifuge/gems/honeycomb_agate, conditions not met
[18:59:38] [INFO] Skipping recipe bibliobiomes:color/pink/wood/biomesoplenty_redwood/seat, conditions not met
[18:59:38] [INFO] Skipping recipe productivebees:bee_produce/chemlib/bromine_bee, conditions not met
[18:59:38] [INFO] Skipping recipe ae2:matter_cannon/nuggets/xenon, conditions not met
[18:59:38] [INFO] Skipping recipe farmingforblockheads:market/croptopia/grape_seed, conditions not met
[18:59:38] [INFO] Skipping recipe bibliobiomes:color/purple/wood/biomesoplenty_willow/seat, conditions not met
[18:59:38] [INFO] Skipping recipe bibliowoods:color/light_blue/wood/expandeddelight_cinnamon/display_case, conditions not met
[18:59:38] [INFO] Skipping recipe bibliobiomes:color/magenta/wood/biomesoplenty_willow/raised_seat_back, conditions not met
[18:59:38] [INFO] Skipping recipe bibliobiomes:color/light_gray/wood/biomesoplenty_fir/tall_seat_back, conditions not met
[18:59:38] [INFO] Skipping recipe bibliowoods:color/light_blue/wood/werewolves_jacaranda/tall_seat_back, conditions not met
[18:59:38] [INFO] Skipping recipe bibliobiomes:color/white/wood/biomesoplenty_maple/flat_seat_back, conditions not met
[18:59:38] [INFO] Skipping recipe farmingforblockheads:market/simplefarming/turnip_seeds, conditions not met
[18:59:38] [INFO] Skipping recipe bibliowoods:color/orange/wood/extradelight_fruit/flat_seat_back, conditions not met
[18:59:38] [INFO] Skipping recipe bibliobiomes:color/red/wood/biomesoplenty_maple/display_case, conditions not met
[18:59:38] [INFO] Skipping recipe farmingforblockheads:market/quark/yellow_blossom_sapling, conditions not met
[18:59:38] [INFO] Skipping recipe bibliowoods:color/blue/wood/deep_aether_cruderoot/fancy_seat_back, conditions not met
[18:59:38] [INFO] Skipping recipe bibliowoods:wood/gtceu_rubber/table, conditions not met
[18:59:38] [INFO] Skipping recipe bibliobiomes:color/yellow/wood/biomesoplenty_umbran/raised_seat_back, conditions not met
[18:59:38] [INFO] Skipping recipe mysticalagriculture:seed/crafting/fiery_ingot, conditions not met
[18:59:38] [INFO] Skipping recipe mysticalagradditions:tconstruct/tools/materials/soulium/block, conditions not met
[18:59:38] [INFO] Skipping recipe bibliobiomes:color/yellow/wood/biomesoplenty_hellbark/raised_seat_back, conditions not met
[18:59:38] [INFO] Skipping recipe bibliowoods:color/brown/wood/deep_aether_cruderoot/tall_seat_back, conditions not met
[18:59:38] [INFO] Skipping recipe bibliobiomes:color/cyan/wood/biomesoplenty_umbran/fancy_seat_back, conditions not met
[18:59:38] [INFO] Skipping recipe productivemetalworks:casting/storage_blocks/ftbmaterials/iridium, conditions not met
[18:59:38] [INFO] Skipping recipe bibliowoods:color/pink/wood/vampirism_dark_spruce/seat, conditions not met
[18:59:38] [INFO] Skipping recipe mysticalagriculture:seed/crafting/signalum, conditions not met
[18:59:38] [INFO] Skipping recipe productivemetalworks:melting/gears/azure_silver, conditions not met
[18:59:38] [INFO] Skipping recipe supplementaries:way_sign_oak/productivetrees/pomelo, conditions not met
[18:59:38] [INFO] Skipping recipe bibliowoods:color/brown/wood/deep_aether_cruderoot/fancy_seat_back, conditions not met
[18:59:38] [INFO] Skipping recipe mysticalagradditions:tconstruct/melting/supremium/ingot, conditions not met
[18:59:38] [INFO] Skipping recipe bibliobiomes:wood/biomesoplenty_willow/grandfather_clock, conditions not met
[18:59:38] [INFO] Skipping recipe bibliobiomes:color/yellow/wood/biomesoplenty_palm/seat, conditions not met
[18:59:38] [INFO] Skipping recipe megacells:cells/standard/mana_storage_cell_1m_disassembly, conditions not met
[18:59:38] [INFO] Skipping recipe productivemetalworks:casting/ingots/ftbmaterials/zinc, conditions not met
[18:59:38] [INFO] Skipping recipe mekanism:compat/biomeswevegone/pigment_extracting/large_gray, conditions not met
[18:59:38] [INFO] Skipping recipe dyenamics:thermal/rockwool/icy_blue_rockwool, conditions not met
[18:59:38] [INFO] Skipping recipe theurgy:reformation/alchemical_sulfur_calorite_from_alchemical_sulfurs_metals_precious, conditions not met
[18:59:38] [INFO] Skipping recipe supplementaries:way_sign_oak/productivetrees/silver_fir, conditions not met
[18:59:38] [INFO] Recipe silentgear:grip_blueprint[minecraft:crafting_shapeless] failed to parse due to an error on component: Invalid component ingredients: ingredient[] - Component 'ingredient' is not allowed to be empty!
[18:59:38] [INFO] Skipping recipe productivebees:bee_produce/gtceu/neodymium_bee, conditions not met
[18:59:38] [INFO] Skipping recipe bibliobiomes:color/lime/wood/biomesoplenty_redwood/fancy_seat_back, conditions not met
[18:59:38] [INFO] Skipping recipe bibliobiomes:color/cyan/wood/biomesoplenty_redwood/flat_seat_back, conditions not met
[18:59:38] [INFO] Skipping recipe bibliobiomes:color/orange/wood/biomesoplenty_umbran/fancy_seat_back, conditions not met
[18:59:38] [INFO] Skipping recipe productivemetalworks:melting/geore/coal_shard, conditions not met
[18:59:38] [INFO] Skipping recipe create:blasting/silver_ingot_compat_thermal, conditions not met
[18:59:38] [INFO] Skipping recipe bibliobiomes:color/yellow/wood/biomesoplenty_dead/display_case, conditions not met
[18:59:38] [INFO] Skipping recipe bibliowoods:color/yellow/wood/deep_aether_conberry/flat_seat_back, conditions not met
[18:59:38] [INFO] Skipping recipe bibliowoods:color/light_gray/wood/deep_aether_yagroot/display_case, conditions not met
[18:59:38] [INFO] Skipping recipe bibliobiomes:color/magenta/wood/biomesoplenty_dead/tall_seat_back, conditions not met
[18:59:38] [INFO] Skipping recipe productivebees:bee_produce/beyond_earth/ostrum_bee, conditions not met
[18:59:38] [INFO] Skipping recipe bibliowoods:color/pink/wood/extradelight_fruit/display_case, conditions not met
[18:59:38] [INFO] Skipping recipe bibliobiomes:color/black/wood/biomesoplenty_dead/fancy_seat_back, conditions not met
[18:59:38] [INFO] Skipping recipe mysticalagriculture:seed/crafting/brass, conditions not met
[18:59:38] [INFO] Skipping recipe bibliobiomes:color/black/wood/biomesoplenty_redwood/small_seat_back, conditions not met
[18:59:38] [INFO] Skipping recipe bibliowoods:color/purple/wood/cobblemon_apricorn/fancy_seat_back, conditions not met
[18:59:38] [INFO] Skipping recipe bibliowoods:color/light_blue/wood/vampirism_dark_spruce/flat_seat_back, conditions not met
[18:59:38] [INFO] Skipping recipe bibliobiomes:color/gray/wood/biomesoplenty_pine/small_seat_back, conditions not met
[18:59:38] [INFO] Skipping recipe farmingforblockheads:market/betterendforge/pink_moss, conditions not met
[18:59:38] [INFO] Skipping recipe bibliobiomes:color/orange/wood/biomesoplenty_umbran/small_seat_back, conditions not met
[18:59:38] [INFO] Skipping recipe farmingforblockheads:market/byg/maple_sapling, conditions not met
[18:59:38] [INFO] Skipping recipe bibliowoods:color/purple/wood/expandeddelight_cinnamon/fancy_seat_back, conditions not met
[18:59:38] [INFO] Skipping recipe theurgy:liquefaction/alchemical_sulfur_dusk_from_logs_dusk, conditions not met
[18:59:38] [INFO] Skipping recipe bibliobiomes:color/magenta/wood/biomesoplenty_empyreal/raised_seat_back, conditions not met
[18:59:38] [INFO] Skipping recipe mekanism:compat/biomesoplenty/sawing/door/redwood, conditions not met
[18:59:38] [INFO] Skipping recipe bibliowoods:color/gray/wood/deep_aether_yagroot/flat_seat_back, conditions not met
[18:59:38] [INFO] Skipping recipe bibliobiomes:color/red/wood/biomesoplenty_willow/seat, conditions not met
[18:59:38] [INFO] Skipping recipe bibliobiomes:color/cyan/wood/biomesoplenty_fir/display_case, conditions not met
[18:59:38] [INFO] Skipping recipe bibliowoods:color/cyan/wood/extradelight_fruit/flat_seat_back, conditions not met
[18:59:38] [INFO] Skipping recipe occultism:miner/ores/amethyst_ore, conditions not met
[18:59:38] [INFO] Skipping recipe occultism:miner/ores/purple_gemstone_ore, conditions not met
[18:59:38] [INFO] Skipping recipe bibliowoods:color/purple/wood/expandeddelight_cinnamon/small_seat_back, conditions not met
[18:59:38] [INFO] Skipping recipe bibliobiomes:color/black/wood/biomesoplenty_dead/small_seat_back, conditions not met
[18:59:38] [INFO] Skipping recipe mysticalagriculture:essence/botania/manasteel_ingot, conditions not met
[18:59:38] [INFO] Skipping recipe bibliobiomes:color/yellow/wood/biomesoplenty_umbran/flat_seat_back, conditions not met
[18:59:38] [INFO] Skipping recipe bibliowoods:color/brown/wood/vampirism_dark_spruce/small_seat_back, conditions not met
[18:59:38] [INFO] Skipping recipe create:crushing/compat/silentgems/rose_quartz_end_ore, conditions not met
[18:59:38] [INFO] Skipping recipe bibliowoods:color/blue/wood/deep_aether_sunroot/display_case, conditions not met
[18:59:38] [INFO] Skipping recipe bibliowoods:color/green/wood/vampirism_dark_spruce/display_case, conditions not met
[18:59:38] [INFO] Skipping recipe enderdrives:ender_disk_64k_mega, conditions not met
[18:59:38] [INFO] Skipping recipe bibliobiomes:color/black/wood/biomesoplenty_mahogany/tall_seat_back, conditions not met
[18:59:38] [INFO] Skipping recipe mysticalagriculture:seed/crafting/coal, conditions not met
[18:59:38] [INFO] Skipping recipe ae2:matter_cannon/nuggets/niobium, conditions not met
[18:59:38] [INFO] Skipping recipe bibliobiomes:color/lime/wood/biomesoplenty_redwood/small_seat_back, conditions not met
[18:59:38] [INFO] Skipping recipe bibliobiomes:color/orange/wood/biomesoplenty_empyreal/raised_seat_back, conditions not met
[18:59:38] [INFO] Skipping recipe productivebees:bee_produce/chemlib/neon_bee, conditions not met
[18:59:38] [INFO] Skipping recipe farmingforblockheads:market/thermal/spinach_seeds, conditions not met
[18:59:38] [INFO] Skipping recipe bibliowoods:color/yellow/wood/deep_aether_conberry/tall_seat_back, conditions not met
[18:59:38] [INFO] Skipping recipe bibliowoods:color/red/wood/deep_aether_yagroot/fancy_seat_back, conditions not met
[18:59:38] [INFO] Skipping recipe ars_elemental:jeed/hellfire_burn, conditions not met
[18:59:38] [INFO] Skipping recipe mysticalagriculture:seed/crafting/energetic_alloy, conditions not met
[18:59:38] [INFO] Skipping recipe productivebees:centrifuge/gems/honeycomb_cats_eye, conditions not met
[18:59:38] [INFO] Skipping recipe bibliobiomes:wood/biomesoplenty_mahogany/potion_shelf, conditions not met
[18:59:38] [INFO] Skipping recipe bibliobiomes:color/cyan/wood/biomesoplenty_redwood/tall_seat_back, conditions not met
[18:59:38] [INFO] Skipping recipe bibliowoods:color/white/wood/gtceu_treated_wood/flat_seat_back, conditions not met
[18:59:38] [INFO] Skipping recipe productivebees:bee_breeding/chemlib/niobium_bee, conditions not met
[18:59:38] [INFO] Skipping recipe bibliowoods:color/light_gray/wood/expandeddelight_cinnamon/raised_seat_back, conditions not met
[18:59:38] [INFO] Skipping recipe supplementaries:way_sign_oak/regions_unexplored/willow, conditions not met
[18:59:38] [INFO] Skipping recipe bibliowoods:color/gray/wood/deep_aether_yagroot/tall_seat_back, conditions not met
[18:59:38] [INFO] Skipping recipe supplementaries:way_sign_oak/productivetrees/balsam_fir, conditions not met
[18:59:38] [INFO] Skipping recipe bibliowoods:color/white/wood/werewolves_jacaranda/fancy_seat_back, conditions not met
[18:59:38] [INFO] Skipping recipe bibliowoods:color/green/wood/deep_aether_conberry/fancy_seat_back, conditions not met
[18:59:38] [INFO] Skipping recipe supplementaries:way_sign_oak/productivetrees/grapefruit, conditions not met
[18:59:38] [INFO] Skipping recipe bibliowoods:color/blue/wood/extradelight_fruit/display_case, conditions not met
[18:59:38] [INFO] Skipping recipe bibliowoods:color/blue/wood/vampirism_dark_spruce/small_seat_back, conditions not met
[18:59:38] [INFO] Skipping recipe bibliobiomes:wood/biomesoplenty_maple/fancy_clock, conditions not met
[18:59:38] [INFO] Skipping recipe bibliobiomes:color/red/wood/biomesoplenty_jacaranda/small_seat_back, conditions not met
[18:59:38] [INFO] Skipping recipe megacells:cells/portable/portable_mana_cell_64m_disassembly, conditions not met
[18:59:38] [INFO] Skipping recipe bibliowoods:color/light_gray/wood/mynethersdelight_powdery/seat, conditions not met
[18:59:38] [INFO] Skipping recipe productivebees:bee_conversion/gems/tektite_bee, conditions not met
[18:59:38] [INFO] Skipping recipe supplementaries:way_sign_oak/productivetrees/lawson_cypress, conditions not met
[18:59:38] [INFO] Skipping recipe bibliobiomes:color/green/wood/biomesoplenty_maple/raised_seat_back, conditions not met
[18:59:38] [INFO] Skipping recipe bibliobiomes:wood/biomesoplenty_dead/fancy_clock, conditions not met
[18:59:38] [INFO] Skipping recipe bibliowoods:wood/extradelight_cinnamon/fancy_crafter, conditions not met
[18:59:38] [INFO] Skipping recipe farmingforblockheads:market/biomeswevegone/sythian_fungus, conditions not met
[18:59:38] [INFO] Skipping recipe bibliowoods:color/brown/wood/extradelight_cinnamon/raised_seat_back, conditions not met
[18:59:38] [INFO] Skipping recipe create:milling/compat/biomeswevegone/compat/biomeswevegone/white_sage, conditions not met
[18:59:38] [INFO] Skipping recipe bibliobiomes:wood/biomesoplenty_magic/table, conditions not met
[18:59:38] [INFO] Skipping recipe bibliowoods:color/light_blue/wood/werewolves_magic/display_case, conditions not met
[18:59:38] [INFO] Skipping recipe farmingforblockheads:market/byg/purple_bulbis_oddity, conditions not met
[18:59:38] [INFO] Skipping recipe supplementaries:way_sign_oak/productivetrees/orange, conditions not met
[18:59:38] [INFO] Skipping recipe create:crushing/compat/silentgems/sapphire_end_ore, conditions not met
[18:59:38] [INFO] Skipping recipe bibliowoods:wood/cobblemon_apricorn/fancy_clock, conditions not met
[18:59:38] [INFO] Skipping recipe bibliowoods:color/green/wood/deep_aether_roseroot/raised_seat_back, conditions not met
[18:59:38] [INFO] Skipping recipe productivebees:bee_produce/gtceu/graphite_bee, conditions not met
[18:59:38] [INFO] Skipping recipe bibliowoods:color/red/wood/butchercraft_barn_wood/tall_seat_back, conditions not met
[18:59:38] [INFO] Skipping recipe bibliowoods:color/brown/wood/vampirism_dark_spruce/fancy_seat_back, conditions not met
[18:59:38] [INFO] Skipping recipe bibliowoods:color/gray/wood/werewolves_jacaranda/small_seat_back, conditions not met
[18:59:38] [INFO] Skipping recipe mekanism:compat/biomeswevegone/pigment_extracting/large_light_gray, conditions not met
[18:59:38] [INFO] Skipping recipe farmingforblockheads:market/fruitsdelight/peach_sapling, conditions not met
[18:59:38] [INFO] Skipping recipe sgearmetalworks:casting/uru/bee_spawn_egg_from_netherite, conditions not met
[18:59:38] [INFO] Skipping recipe bibliowoods:color/gray/wood/werewolves_jacaranda/fancy_seat_back, conditions not met
[18:59:38] [INFO] Skipping recipe productivemetalworks:casting/ingots/ftbmaterials/steel, conditions not met
[18:59:38] [INFO] Skipping recipe mekanism:compat/biomesoplenty/sawing/trapdoor/dead, conditions not met
[18:59:38] [INFO] Skipping recipe bibliobiomes:color/pink/wood/biomesoplenty_hellbark/flat_seat_back, conditions not met
[18:59:38] [INFO] Skipping recipe bibliobiomes:color/red/wood/biomesoplenty_jacaranda/fancy_seat_back, conditions not met
[18:59:38] [INFO] Skipping recipe bibliowoods:color/red/wood/butchercraft_barn_wood/flat_seat_back, conditions not met
[18:59:38] [INFO] Skipping recipe bibliowoods:color/black/wood/deep_aether_sunroot/seat, conditions not met
[18:59:38] [INFO] Skipping recipe farmingforblockheads:market/simplefarming/lettuce_seeds, conditions not met
[18:59:38] [INFO] Skipping recipe bibliowoods:color/blue/wood/vampirism_dark_spruce/fancy_seat_back, conditions not met
[18:59:38] [INFO] Skipping recipe bibliowoods:color/white/wood/werewolves_jacaranda/small_seat_back, conditions not met
[18:59:38] [INFO] Skipping recipe mysticalagriculture:seed/crafting/knightmetal, conditions not met
[18:59:38] [INFO] Skipping recipe bibliowoods:color/green/wood/deep_aether_conberry/small_seat_back, conditions not met
[18:59:38] [INFO] Skipping recipe productivebees:centrifuge/gems/honeycomb_black_opal, conditions not met
[18:59:38] [INFO] Skipping recipe mysticalagradditions:tconstruct/casting/supremium/nugget_gold_cast, conditions not met
[18:59:38] [INFO] Skipping recipe bibliobiomes:color/light_gray/wood/biomesoplenty_maple/flat_seat_back, conditions not met
[18:59:38] [INFO] Skipping recipe bibliowoods:color/white/wood/gtceu_treated_wood/tall_seat_back, conditions not met
[18:59:38] [INFO] Skipping recipe mysticalagriculture:seed/crafting/glowstone, conditions not met
[18:59:38] [INFO] Skipping recipe bibliobiomes:color/white/wood/biomesoplenty_dead/display_case, conditions not met
[18:59:38] [INFO] Skipping recipe bibliobiomes:color/orange/wood/biomesoplenty_maple/fancy_seat_back, conditions not met
[18:59:38] [INFO] Skipping recipe bibliowoods:color/green/wood/werewolves_jacaranda/raised_seat_back, conditions not met
[18:59:38] [INFO] Skipping recipe create:crushing/compat/biomeswevegone/blue_nether_quartz_ore, conditions not met
[18:59:38] [INFO] Skipping recipe mekanism:compat/biomesoplenty/dye/light_gray, conditions not met
[18:59:38] [INFO] Skipping recipe bibliobiomes:color/orange/wood/biomesoplenty_maple/small_seat_back, conditions not met
[18:59:38] [INFO] Skipping recipe create:blasting/ingot_uranium_compat_ic2, conditions not met
[18:59:38] [INFO] Skipping recipe bibliobiomes:wood/biomesoplenty_umbran/tool_rack, conditions not met
[18:59:38] [INFO] Skipping recipe farmingforblockheads:market/croptopia/cranberry_seed, conditions not met
[18:59:38] [INFO] Skipping recipe productivebees:elementalcraft/binding/springaline_bee, conditions not met
[18:59:38] [INFO] Skipping recipe immersiveengineering:crusher/raw_ore_ardite, conditions not met
[18:59:38] [INFO] Skipping recipe bibliowoods:color/purple/wood/vampirism_cursed_spruce/small_seat_back, conditions not met
[18:59:38] [INFO] Skipping recipe bibliowoods:color/lime/wood/werewolves_magic/raised_seat_back, conditions not met
[18:59:38] [INFO] Skipping recipe bibliowoods:color/yellow/wood/deep_aether_cruderoot/raised_seat_back, conditions not met
[18:59:38] [INFO] Skipping recipe productivebees:centrifuge/elementalcraft/honeycomb_swift_alloy, conditions not met
[18:59:38] [INFO] Skipping recipe bibliobiomes:color/yellow/wood/biomesoplenty_mahogany/display_case, conditions not met
[18:59:38] [INFO] Skipping recipe productivebees:tconstruct/honeycomb/rose_gold, conditions not met
[18:59:38] [INFO] Skipping recipe bibliowoods:color/orange/wood/deep_aether_sunroot/seat, conditions not met
[18:59:38] [INFO] Skipping recipe productivebees:bee_produce/thermal_extra/twinite_bee, conditions not met
[18:59:38] [INFO] Skipping recipe bibliobiomes:color/light_blue/wood/biomesoplenty_umbran/display_case, conditions not met
[18:59:38] [INFO] Skipping recipe bibliowoods:color/gray/wood/extradelight_cinnamon/fancy_seat_back, conditions not met
[18:59:38] [INFO] Skipping recipe bibliobiomes:color/blue/wood/biomesoplenty_hellbark/tall_seat_back, conditions not met
[18:59:38] [INFO] Skipping recipe bibliobiomes:wood/biomesoplenty_willow/fancy_clock, conditions not met
[18:59:38] [INFO] Skipping recipe theurgy:reformation/alchemical_sulfur_livingwood_from_alchemical_sulfurs_logs_abundant, conditions not met
[18:59:38] [INFO] Skipping recipe create:pressing/compat/betterendforge/jungle_moss_path, conditions not met
[18:59:38] [INFO] Skipping recipe productivebees:bee_breeding/alloys/signalum_bee, conditions not met
[18:59:38] [INFO] Skipping recipe bibliowoods:color/yellow/wood/butchercraft_barn_wood/raised_seat_back, conditions not met
[18:59:38] [INFO] Skipping recipe bibliowoods:color/yellow/wood/gtceu_treated_wood/flat_seat_back, conditions not met
[18:59:38] [INFO] Skipping recipe bibliowoods:color/brown/wood/vampirism_dark_spruce/raised_seat_back, conditions not met
[18:59:38] [INFO] Skipping recipe oritech:compat/energizedpower/assemblingmachine/magnet, conditions not met
[18:59:38] [INFO] Skipping recipe bibliobiomes:wood/biomesoplenty_umbran/grandfather_clock, conditions not met
[18:59:38] [INFO] Skipping recipe ae2:matter_cannon/nuggets/fish, conditions not met
[18:59:38] [INFO] Skipping recipe theurgy:liquefaction/alchemical_sulfur_glimmering_dreamwood_from_logs_glimmering_dreamwood, conditions not met
[18:59:38] [INFO] Skipping recipe bibliobiomes:color/blue/wood/biomesoplenty_pine/seat, conditions not met
[18:59:38] [INFO] Skipping recipe bibliowoods:color/black/wood/extradelight_cinnamon/flat_seat_back, conditions not met
[18:59:38] [INFO] Skipping recipe twilightforest:jeed/frosted, conditions not met
[18:59:38] [INFO] Skipping recipe mekanism:compat/biomesoplenty/dye/red, conditions not met
[18:59:38] [INFO] Skipping recipe theurgy:liquefaction/alchemical_sulfur_desh_from_ingots_desh, conditions not met
[18:59:38] [INFO] Skipping recipe bibliowoods:wood/deep_aether_sunroot/bookcase, conditions not met
[18:59:38] [INFO] Skipping recipe bibliowoods:color/orange/wood/extradelight_fruit/tall_seat_back, conditions not met
[18:59:38] [INFO] Skipping recipe bibliowoods:color/blue/wood/werewolves_jacaranda/seat, conditions not met
[18:59:38] [INFO] Skipping recipe mysticalagriculture:seed/crafting/turtle, conditions not met
[18:59:38] [INFO] Skipping recipe theurgy:reformation/alchemical_sulfur_vanilla_from_alchemical_niter_crops_abundant, conditions not met
[18:59:38] [INFO] Skipping recipe bibliobiomes:color/magenta/wood/biomesoplenty_fir/seat, conditions not met
[18:59:38] [INFO] Skipping recipe productivemetalworks:melting/ores/bronze, conditions not met
[18:59:38] [INFO] Skipping recipe bibliobiomes:color/cyan/wood/biomesoplenty_umbran/flat_seat_back, conditions not met
[18:59:38] [INFO] Skipping recipe bibliowoods:color/gray/wood/extradelight_cinnamon/small_seat_back, conditions not met
[18:59:38] [INFO] Skipping recipe bibliobiomes:color/pink/wood/biomesoplenty_hellbark/tall_seat_back, conditions not met
[18:59:38] [INFO] Skipping recipe bibliowoods:wood/cobblemon_apricorn/grandfather_clock, conditions not met
[18:59:38] [INFO] Skipping recipe bibliowoods:color/cyan/wood/deep_aether_cruderoot/tall_seat_back, conditions not met
[18:59:38] [INFO] Skipping recipe bibliobiomes:color/green/wood/biomesoplenty_maple/tall_seat_back, conditions not met
[18:59:38] [INFO] Skipping recipe bibliobiomes:color/lime/wood/biomesoplenty_jacaranda/seat, conditions not met
[18:59:38] [INFO] Skipping recipe bibliowoods:color/gray/wood/werewolves_magic/small_seat_back, conditions not met
[18:59:38] [INFO] Skipping recipe productivebees:bee_produce/tetra/scrapped_bee, conditions not met
[18:59:38] [INFO] Skipping recipe bibliowoods:color/lime/wood/deep_aether_conberry/seat, conditions not met
[18:59:38] [INFO] Skipping recipe productivebees:bee_breeding/chemlib/chlorine_bee, conditions not met
[18:59:38] [INFO] Skipping recipe farmingforblockheads:market/biomesoplenty/burning_blossom, conditions not met
[18:59:38] [INFO] Skipping recipe bibliobiomes:color/red/wood/biomesoplenty_hellbark/small_seat_back, conditions not met
[18:59:38] [INFO] Skipping recipe farmingforblockheads:market/biomesoplenty/empyreal_sapling, conditions not met
[18:59:38] [INFO] Skipping recipe bibliobiomes:color/red/wood/biomesoplenty_hellbark/fancy_seat_back, conditions not met
[18:59:38] [INFO] Skipping recipe mekanism:compat/biomesoplenty/sawing/chest_boat/mahogany, conditions not met
[18:59:38] [INFO] Skipping recipe bibliobiomes:color/black/wood/biomesoplenty_maple/seat, conditions not met
[18:59:38] [INFO] Skipping recipe theurgy:liquefaction/alchemical_sulfur_fir_from_logs_fir, conditions not met
[18:59:38] [INFO] Skipping recipe bibliowoods:color/red/wood/werewolves_jacaranda/display_case, conditions not met
[18:59:38] [INFO] Skipping recipe bibliowoods:color/light_gray/wood/vampirism_cursed_spruce/fancy_seat_back, conditions not met
[18:59:38] [INFO] Skipping recipe bibliowoods:color/green/wood/butchercraft_barn_wood/flat_seat_back, conditions not met
[18:59:38] [INFO] Skipping recipe farmingforblockheads:market/quark/blue_blossom_sapling, conditions not met
[18:59:38] [INFO] Skipping recipe immersiveengineering:arcfurnace/dust_manyullyn, conditions not met
[18:59:38] [INFO] Skipping recipe bibliobiomes:wood/biomesoplenty_maple/fancy_armor_stand, conditions not met
[18:59:38] [INFO] Skipping recipe bibliowoods:color/light_gray/wood/vampirism_cursed_spruce/small_seat_back, conditions not met
[18:59:38] [INFO] Skipping recipe mysticalagradditions:tconstruct/tools/melting/tertium, conditions not met
[18:59:38] [INFO] Skipping recipe productivebees:alchemistry/combiner/livermorium_bee, conditions not met
[18:59:38] [INFO] Skipping recipe immersiveengineering:crusher/ingot_cobalt, conditions not met
[18:59:38] [INFO] Skipping recipe bibliowoods:color/cyan/wood/werewolves_magic/raised_seat_back, conditions not met
[18:59:38] [INFO] Skipping recipe bibliowoods:wood/vampirism_dark_spruce/fancy_clock, conditions not met
[18:59:38] [INFO] Skipping recipe mekanism:compat/biomesoplenty/sawing/door/willow, conditions not met
[18:59:38] [INFO] Skipping recipe actuallyadditions:mininglens/elementsofpower/ruby_ore, conditions not met
[18:59:38] [INFO] Skipping recipe mekanism:compat/biomesoplenty/sawing/hanging_sign/pine, conditions not met
[18:59:38] [INFO] Skipping recipe bibliobiomes:color/lime/wood/biomesoplenty_magic/seat, conditions not met
[18:59:38] [INFO] Skipping recipe bibliowoods:color/red/wood/deep_aether_yagroot/raised_seat_back, conditions not met
[18:59:38] [INFO] Skipping recipe immersiveengineering:arcfurnace/dust_cobalt, conditions not met
[18:59:38] [INFO] Skipping recipe bibliowoods:color/light_gray/wood/gtceu_treated_wood/small_seat_back, conditions not met
[18:59:38] [INFO] Skipping recipe gtceu:centrifuge/sheldonite_bee, conditions not met
[18:59:38] [INFO] Skipping recipe productivebees:centrifuge/dusts/honeycomb_zinc, conditions not met
[18:59:38] [INFO] Skipping recipe gtceu:assembly_line/gregstar_bee, conditions not met
[18:59:38] [INFO] Skipping recipe bibliobiomes:color/magenta/wood/biomesoplenty_dead/flat_seat_back, conditions not met
[18:59:38] [INFO] Skipping recipe bibliowoods:color/light_gray/wood/gtceu_treated_wood/fancy_seat_back, conditions not met
[18:59:38] [INFO] Skipping recipe theurgy:fermentation/alchemical_niter_mobs_precious_using_flowers, conditions not met
[18:59:38] [INFO] Skipping recipe bibliowoods:color/green/wood/cobblemon_apricorn/raised_seat_back, conditions not met
[18:59:38] [INFO] Skipping recipe botany_pots:ars_elemental/flashing_archwood, conditions not met
[18:59:38] [INFO] Skipping recipe bibliowoods:color/yellow/wood/extradelight_fruit/flat_seat_back, conditions not met
[18:59:38] [INFO] Skipping recipe bibliowoods:wood/deep_aether_yagroot/shelf, conditions not met
[18:59:38] [INFO] Skipping recipe create:crushing/compat/silentgems/rose_quartz_nether_ore, conditions not met
[18:59:38] [INFO] Skipping recipe theurgy:reformation/alchemical_sulfur_jacaranda_from_alchemical_sulfurs_logs_abundant, conditions not met
[18:59:38] [INFO] Skipping recipe bibliowoods:color/brown/wood/deep_aether_sunroot/seat, conditions not met
[18:59:38] [INFO] Skipping recipe allthearcanistgear:base_chest_to_allthemodium_robes_smithing, conditions not met
[18:59:38] [INFO] Skipping recipe bibliobiomes:color/black/wood/biomesoplenty_redwood/fancy_seat_back, conditions not met
[18:59:38] [INFO] Skipping recipe mysticalagriculture:seed/crafting/experience, conditions not met
[18:59:38] [INFO] Skipping recipe create:crushing/compat/silentgems/heliodor_end_ore, conditions not met
[18:59:38] [INFO] Skipping recipe bibliobiomes:color/cyan/wood/biomesoplenty_mahogany/tall_seat_back, conditions not met
[18:59:38] [INFO] Skipping recipe bibliowoods:color/white/wood/extradelight_cinnamon/fancy_seat_back, conditions not met
[18:59:38] [INFO] Skipping recipe bibliobiomes:color/black/wood/biomesoplenty_mahogany/flat_seat_back, conditions not met
[18:59:38] [INFO] Skipping recipe bibliobiomes:color/yellow/wood/biomesoplenty_umbran/tall_seat_back, conditions not met
[18:59:38] [INFO] Skipping recipe bibliowoods:color/brown/wood/expandeddelight_cinnamon/fancy_seat_back, conditions not met
[18:59:38] [INFO] Skipping recipe bibliowoods:color/white/wood/extradelight_cinnamon/small_seat_back, conditions not met
[18:59:38] [INFO] Skipping recipe bibliowoods:color/cyan/wood/extradelight_fruit/tall_seat_back, conditions not met
[18:59:38] [INFO] Skipping recipe bibliowoods:color/blue/wood/deep_aether_roseroot/seat, conditions not met
[18:59:38] [INFO] Skipping recipe supplementaries:way_sign_oak/eternal_starlight/northland, conditions not met
[18:59:38] [INFO] Skipping recipe theurgy:reformation/alchemical_sulfur_niter_from_alchemical_niter_gems_common, conditions not met
[18:59:38] [INFO] Skipping recipe bibliowoods:color/light_blue/wood/expandeddelight_cinnamon/seat, conditions not met
[18:59:38] [INFO] Skipping recipe bibliowoods:color/brown/wood/expandeddelight_cinnamon/small_seat_back, conditions not met
[18:59:38] [INFO] Skipping recipe create:crushing/compat/elementaryores/ore_coal_end, conditions not met
[18:59:38] [INFO] Skipping recipe create:pressing/compat/betterendforge/cave_moss_path, conditions not met
[18:59:38] [INFO] Skipping recipe bibliowoods:color/orange/wood/vampirism_cursed_spruce/fancy_seat_back, conditions not met
[18:59:38] [INFO] Skipping recipe mysticalagradditions:tconstruct/tools/materials/tertium/nugget, conditions not met
[18:59:38] [INFO] Skipping recipe bibliobiomes:color/white/wood/biomesoplenty_umbran/flat_seat_back, conditions not met
[18:59:38] [INFO] Skipping recipe mekanism:compat/biomesoplenty/sawing/trapdoor/mahogany, conditions not met
[18:59:38] [INFO] Skipping recipe reliquary:alkahestry/crafting/gunpowder, conditions not met
[18:59:38] [INFO] Skipping recipe create_aquatic_ambitions:channeling/upgrade_aquatic/petal_coral_block, conditions not met
[18:59:38] [INFO] Skipping recipe bibliobiomes:wood/biomesoplenty_dead/bookcase, conditions not met
[18:59:38] [INFO] Skipping recipe bibliowoods:color/yellow/wood/gtceu_rubber/flat_seat_back, conditions not met
[18:59:38] [INFO] Skipping recipe bibliobiomes:color/purple/wood/biomesoplenty_willow/tall_seat_back, conditions not met
[18:59:38] [INFO] Skipping recipe bibliobiomes:color/lime/wood/biomesoplenty_fir/display_case, conditions not met
[18:59:38] [INFO] Skipping recipe bibliobiomes:color/light_blue/wood/biomesoplenty_pine/flat_seat_back, conditions not met
[18:59:38] [INFO] Skipping recipe bibliowoods:color/green/wood/deep_aether_cruderoot/display_case, conditions not met
[18:59:38] [INFO] Skipping recipe bibliowoods:color/orange/wood/vampirism_cursed_spruce/small_seat_back, conditions not met
[18:59:38] [INFO] Skipping recipe mekmm:compat/evolvedmekanism/factory/dense/planting, conditions not met
[18:59:38] [INFO] Skipping recipe mysticalagradditions:tconstruct/tools/materials/supremium/ingot, conditions not met
[18:59:38] [INFO] Skipping recipe bibliowoods:color/purple/wood/expandeddelight_cinnamon/raised_seat_back, conditions not met
[18:59:38] [INFO] Skipping recipe oritech:compat/energizedpower/assemblingmachine/fireball, conditions not met
[18:59:38] [INFO] Skipping recipe bibliowoods:color/lime/wood/gtceu_treated_wood/tall_seat_back, conditions not met
[18:59:38] [INFO] Skipping recipe bibliowoods:color/gray/wood/deep_aether_cruderoot/small_seat_back, conditions not met
[18:59:38] [INFO] Skipping recipe bibliowoods:color/orange/wood/vampirism_dark_spruce/tall_seat_back, conditions not met
[18:59:38] [INFO] Skipping recipe productivebees:botania/elementium_bee, conditions not met
[18:59:38] [INFO] Skipping recipe bibliobiomes:color/gray/wood/biomesoplenty_palm/small_seat_back, conditions not met
[18:59:38] [INFO] Skipping recipe bibliowoods:color/black/wood/deep_aether_yagroot/flat_seat_back, conditions not met
[18:59:38] [INFO] Skipping recipe reliquary:alkahestry/crafting/silver_ingot, conditions not met
[18:59:38] [INFO] Skipping recipe bibliowoods:color/red/wood/vampirism_cursed_spruce/small_seat_back, conditions not met
[18:59:38] [INFO] Skipping recipe bibliowoods:color/blue/wood/gtceu_treated_wood/seat, conditions not met
[18:59:38] [INFO] Skipping recipe bibliobiomes:color/magenta/wood/biomesoplenty_willow/tall_seat_back, conditions not met
[18:59:38] [INFO] Skipping recipe supplementaries:way_sign_oak/productivetrees/hazel, conditions not met
[18:59:38] [INFO] Skipping recipe allthemodium:alloys/molten_vibunob, conditions not met
[18:59:38] [INFO] Skipping recipe bibliobiomes:color/black/wood/biomesoplenty_pine/seat, conditions not met
[18:59:38] [INFO] Skipping recipe theurgy:liquefaction/alchemical_sulfur_niter_from_ores_niter, conditions not met
[18:59:38] [INFO] Skipping recipe bibliowoods:color/pink/wood/vampirism_dark_spruce/raised_seat_back, conditions not met
[18:59:38] [INFO] Skipping recipe occultism:crystallize/topaz_from_dust, conditions not met
[18:59:38] [INFO] Skipping recipe productivebees:alchemistry/combiner/fermium_bee, conditions not met
[18:59:38] [INFO] Skipping recipe supplementaries:way_sign_oak/productivetrees/lemon, conditions not met
[18:59:38] [INFO] Skipping recipe bibliobiomes:color/magenta/wood/biomesoplenty_hellbark/flat_seat_back, conditions not met
[18:59:38] [INFO] Skipping recipe mysticalagriculture:seed/crafting/lead, conditions not met
[18:59:38] [INFO] Skipping recipe integrateddynamics:squeezer/ore/raw_ardite, conditions not met
[18:59:38] [INFO] Skipping recipe bibliobiomes:color/black/wood/biomesoplenty_pine/flat_seat_back, conditions not met
[18:59:38] [INFO] Skipping recipe bibliobiomes:color/magenta/wood/biomesoplenty_pine/tall_seat_back, conditions not met
[18:59:38] [INFO] Skipping recipe farmingforblockheads:market/croptopia/kale_seed, conditions not met
[18:59:38] [INFO] Skipping recipe bibliowoods:color/gray/wood/vampirism_dark_spruce/flat_seat_back, conditions not met
[18:59:38] [INFO] Skipping recipe supplementaries:fire_pit_2, conditions not met
[18:59:38] [INFO] Skipping recipe mysticalagriculture:seed/crafting/refined_glowstone, conditions not met
[18:59:38] [INFO] Skipping recipe bibliowoods:color/yellow/wood/extradelight_fruit/tall_seat_back, conditions not met
[18:59:38] [INFO] Skipping recipe allthemodium:alloys/molten_atmvib, conditions not met
[18:59:38] [INFO] Skipping recipe bibliowoods:color/yellow/wood/butchercraft_barn_wood/small_seat_back, conditions not met
[18:59:38] [INFO] Skipping recipe productivebees:bee_produce/elementalcraft/firerite_bee, conditions not met
[18:59:38] [INFO] Skipping recipe farmingforblockheads:market/byg/blue_spruce_sapling, conditions not met
[18:59:38] [INFO] Skipping recipe productivemetalworks:casting/nuggets/ftbmaterials/iridium, conditions not met
[18:59:38] [INFO] Skipping recipe industrialforegoing:laser_drill_ore/ores/niter, conditions not met
[18:59:38] [INFO] Skipping recipe mekmm:compat/evolvedmekanism/factory/multiversal/chemical_infusing, conditions not met
[18:59:38] [INFO] Skipping recipe productivebees:thermal/shapeless/melodium_bee, conditions not met
[18:59:38] [INFO] Skipping recipe productivemetalworks:casting/rods/ftbmaterials/nickel, conditions not met
[18:59:38] [INFO] Skipping recipe megacells:cells/portable/portable_mana_cell_16m, conditions not met
[18:59:38] [INFO] Skipping recipe bibliowoods:color/magenta/wood/deep_aether_yagroot/display_case, conditions not met
[18:59:38] [INFO] Skipping recipe productivemetalworks:melting/ores/constantan, conditions not met
[18:59:38] [INFO] Skipping recipe bibliobiomes:color/gray/wood/biomesoplenty_dead/small_seat_back, conditions not met
[18:59:38] [INFO] Skipping recipe productivebees:alchemistry/dissolver/astatine_bee, conditions not met
[18:59:38] [INFO] Skipping recipe farmingforblockheads:market/croptopia/oat_seed, conditions not met
[18:59:38] [INFO] Skipping recipe farmingforblockheads:market/byg/withering_oak_sapling, conditions not met
[18:59:38] [INFO] Skipping recipe productivebees:bee_produce/chemlib/flerovium_bee, conditions not met
[18:59:38] [INFO] Skipping recipe bibliobiomes:color/purple/wood/biomesoplenty_dead/display_case, conditions not met
[18:59:38] [INFO] Skipping recipe bibliobiomes:color/gray/wood/biomesoplenty_palm/fancy_seat_back, conditions not met
[18:59:38] [INFO] Skipping recipe mekanism:compat/biomesoplenty/sawing/fence_gate/jacaranda, conditions not met
[18:59:38] [INFO] Skipping recipe bibliobiomes:color/white/wood/biomesoplenty_willow/seat, conditions not met
[18:59:38] [INFO] Skipping recipe bibliobiomes:wood/biomesoplenty_maple/table, conditions not met
[18:59:38] [INFO] Skipping recipe bibliobiomes:color/black/wood/biomesoplenty_dead/seat, conditions not met
[18:59:38] [INFO] Skipping recipe bibliowoods:color/red/wood/vampirism_cursed_spruce/fancy_seat_back, conditions not met
[18:59:38] [INFO] Skipping recipe mekanism:compat/biomeswevegone/pigment_extracting/magenta, conditions not met
[18:59:38] [INFO] Skipping recipe bibliowoods:color/orange/wood/deep_aether_conberry/flat_seat_back, conditions not met
[18:59:38] [INFO] Skipping recipe mysticalagriculture:seed/crafting/fluix, conditions not met
[18:59:38] [INFO] Skipping recipe bibliobiomes:color/light_blue/wood/biomesoplenty_magic/display_case, conditions not met
[18:59:38] [INFO] Skipping recipe ae2:matter_cannon/nuggets/barium, conditions not met
[18:59:38] [INFO] Skipping recipe pneumaticcraft:block_heat_properties/betterendforge/ancient_emerald_ice, conditions not met
[18:59:38] [INFO] Skipping recipe bibliobiomes:color/white/wood/biomesoplenty_umbran/tall_seat_back, conditions not met
[18:59:38] [INFO] Skipping recipe bibliobiomes:color/gray/wood/biomesoplenty_dead/fancy_seat_back, conditions not met
[18:59:38] [INFO] Skipping recipe bibliowoods:color/light_blue/wood/deep_aether_sunroot/display_case, conditions not met
[18:59:38] [INFO] Skipping recipe mysticalagriculture:seed/reprocessor/lumium, conditions not met
[18:59:38] [INFO] Skipping recipe mysticalagriculture:seed/crafting/deepslate, conditions not met
[18:59:38] [INFO] Skipping recipe farmingforblockheads:market/croptopia/mustard_seed, conditions not met
[18:59:38] [INFO] Skipping recipe bibliowoods:color/cyan/wood/gtceu_treated_wood/tall_seat_back, conditions not met
[18:59:38] [INFO] Skipping recipe bibliobiomes:color/black/wood/biomesoplenty_umbran/flat_seat_back, conditions not met
[18:59:38] [INFO] Skipping recipe productivebees:centrifuge/thermal/honeycomb_basalz, conditions not met
[18:59:38] [INFO] Skipping recipe productivemetalworks:alloying/molten_uru_metal, conditions not met
[18:59:38] [INFO] Skipping recipe productivebees:botania/pure_bee, conditions not met
[18:59:38] [INFO] Skipping recipe bibliobiomes:color/orange/wood/biomesoplenty_maple/raised_seat_back, conditions not met
[18:59:38] [INFO] Skipping recipe bibliobiomes:color/orange/wood/biomesoplenty_empyreal/small_seat_back, conditions not met
[18:59:38] [INFO] Skipping recipe dyenamics:thermal/rockwool/amber_rockwool, conditions not met
[18:59:38] [INFO] Skipping recipe productivebees:hives/advanced_autumnity_maple_beehive, conditions not met
[18:59:38] [INFO] Skipping recipe create:milling/compat/biomesoplenty/burning_blossom, conditions not met
[18:59:38] [INFO] Skipping recipe productivemetalworks:melting/geore/redstone_shard, conditions not met
[18:59:38] [INFO] Skipping recipe supplementaries:awnings/awning_blue_2, conditions not met
[18:59:38] [INFO] Skipping recipe occultism:miner/ores/electrotine_ore, conditions not met
[18:59:38] [INFO] Skipping recipe bibliowoods:color/brown/wood/gtceu_rubber/tall_seat_back, conditions not met
[18:59:38] [INFO] Skipping recipe bibliowoods:wood/werewolves_magic/fancy_crafter, conditions not met
[18:59:38] [INFO] Skipping recipe bibliowoods:color/light_gray/wood/deep_aether_yagroot/small_seat_back, conditions not met
[18:59:38] [INFO] Skipping recipe bibliowoods:color/orange/wood/deep_aether_conberry/fancy_seat_back, conditions not met
[18:59:38] [INFO] Skipping recipe productivebees:bee_produce/gems/pyrope_bee, conditions not met
[18:59:38] [INFO] Skipping recipe bibliowoods:wood/deep_aether_sunroot/shelf, conditions not met
[18:59:38] [INFO] Skipping recipe bibliowoods:color/gray/wood/gtceu_treated_wood/seat, conditions not met
[18:59:38] [INFO] Skipping recipe supplementaries:way_sign_oak/productivetrees/coconut, conditions not met
[18:59:38] [INFO] Skipping recipe mekanism:compat/biomesoplenty/sawing/boat/hellbark, conditions not met
[18:59:38] [INFO] Skipping recipe supplementaries:way_sign_oak/productivetrees/nutmeg, conditions not met
[18:59:38] [INFO] Skipping recipe mekanism:compat/biomesoplenty/sawing/trapdoor/maple, conditions not met
[18:59:38] [INFO] Skipping recipe supplementaries:way_sign_oak/productivetrees/cashew, conditions not met
[18:59:38] [INFO] Skipping recipe bibliowoods:color/black/wood/werewolves_magic/flat_seat_back, conditions not met
[18:59:38] [INFO] Skipping recipe productivebees:centrifuge/gems/honeycomb_phosphophyllite, conditions not met
[18:59:38] [INFO] Skipping recipe bibliowoods:color/yellow/wood/cobblemon_apricorn/seat, conditions not met
[18:59:38] [INFO] Skipping recipe bibliowoods:color/magenta/wood/deep_aether_cruderoot/seat, conditions not met
[18:59:38] [INFO] Skipping recipe farmingforblockheads:market/outer_end/azure_berries, conditions not met
[18:59:38] [INFO] Skipping recipe mysticalagradditions:tconstruct/casting/tertium/block, conditions not met
[18:59:38] [INFO] Skipping recipe productivebees:bee_produce/gobber/nether_gobber_bee, conditions not met
[18:59:38] [INFO] Skipping recipe farmingforblockheads:market/croptopia/apricot_sapling, conditions not met
[18:59:38] [INFO] Skipping recipe productivemetalworks:melting/geore/sapphire_block, conditions not met
[18:59:38] [INFO] Skipping recipe silentgear:woodcutting/netherwood_fence, conditions not met
[18:59:38] [INFO] Skipping recipe allthemodium:melting/allthemodium_from_ore, conditions not met
[18:59:38] [INFO] Skipping recipe theurgy:incubation/logs_walnut_from_alchemical_sulfur_walnut, conditions not met
[18:59:38] [INFO] Skipping recipe bibliobiomes:color/orange/wood/biomesoplenty_empyreal/fancy_seat_back, conditions not met
[18:59:38] [INFO] Skipping recipe bibliobiomes:color/light_gray/wood/biomesoplenty_willow/flat_seat_back, conditions not met
[18:59:38] [INFO] Skipping recipe productivemetalworks:casting/plates/ftbmaterials/gold, conditions not met
[18:59:38] [INFO] Skipping recipe pneumaticcraft:block_heat_properties/betterendforge/dense_emerald_ice, conditions not met
[18:59:38] [INFO] Skipping recipe bibliowoods:color/green/wood/gtceu_rubber/raised_seat_back, conditions not met
[18:59:38] [INFO] Skipping recipe bibliowoods:color/brown/wood/mynethersdelight_powdery/tall_seat_back, conditions not met
[18:59:38] [INFO] Skipping recipe bibliowoods:color/magenta/wood/deep_aether_yagroot/small_seat_back, conditions not met
[18:59:38] [INFO] Skipping recipe productivemetalworks:melting/geore/uranium_block, conditions not met
[18:59:38] [INFO] Skipping recipe bibliowoods:color/white/wood/extradelight_fruit/raised_seat_back, conditions not met
[18:59:38] [INFO] Skipping recipe bibliowoods:color/orange/wood/deep_aether_conberry/tall_seat_back, conditions not met
[18:59:38] [INFO] Skipping recipe farmingforblockheads:market/byg/blue_sage, conditions not met
[18:59:38] [INFO] Skipping recipe productivebees:bee_produce/thermal_extra/soul_infused_bee, conditions not met
[18:59:38] [INFO] Skipping recipe occultism:miner/eldritch/jade, conditions not met
[18:59:38] [INFO] Skipping recipe bibliowoods:color/light_gray/wood/deep_aether_yagroot/fancy_seat_back, conditions not met
[18:59:38] [INFO] Skipping recipe bibliobiomes:color/green/wood/biomesoplenty_jacaranda/raised_seat_back, conditions not met
[18:59:38] [INFO] Skipping recipe theurgy:liquefaction/alchemical_sulfur_niter_from_gems_niter, conditions not met
[18:59:38] [INFO] Skipping recipe bibliobiomes:color/light_blue/wood/biomesoplenty_magic/tall_seat_back, conditions not met
[18:59:38] [INFO] Skipping recipe farmingforblockheads:market/simplefarming/rye_seeds, conditions not met
[18:59:38] [INFO] Skipping recipe bibliowoods:color/cyan/wood/mynethersdelight_powdery/display_case, conditions not met
[18:59:38] [INFO] Skipping recipe bibliobiomes:color/black/wood/biomesoplenty_redwood/raised_seat_back, conditions not met
[18:59:38] [INFO] Skipping recipe bibliobiomes:color/white/wood/biomesoplenty_hellbark/display_case, conditions not met
[18:59:38] [INFO] Skipping recipe bibliowoods:color/light_gray/wood/deep_aether_sunroot/raised_seat_back, conditions not met
[18:59:38] [INFO] Skipping recipe productivemetalworks:casting/plates/ftbmaterials/invar, conditions not met
[18:59:38] [INFO] Skipping recipe bibliobiomes:color/pink/wood/biomesoplenty_jacaranda/fancy_seat_back, conditions not met
[18:59:38] [INFO] Skipping recipe bibliobiomes:color/black/wood/biomesoplenty_pine/small_seat_back, conditions not met
[18:59:38] [INFO] Skipping recipe productivemetalworks:casting/rods/ftbmaterials/brass, conditions not met
[18:59:38] [INFO] Skipping recipe bibliobiomes:color/black/wood/biomesoplenty_pine/fancy_seat_back, conditions not met
[18:59:38] [INFO] Skipping recipe theurgy:liquefaction/alchemical_sulfur_smogstem_from_logs_smogstem, conditions not met
[18:59:38] [INFO] Skipping recipe bibliobiomes:color/red/wood/biomesoplenty_empyreal/display_case, conditions not met
[18:59:38] [INFO] Skipping recipe bibliowoods:color/brown/wood/extradelight_cinnamon/display_case, conditions not met
[18:59:38] [INFO] Skipping recipe bibliowoods:color/light_blue/wood/deep_aether_yagroot/fancy_seat_back, conditions not met
[18:59:38] [INFO] Skipping recipe productivebees:centrifuge/dusts/honeycomb_osmium, conditions not met
[18:59:38] [INFO] Skipping recipe megacells:cells/portable/portable_experience_cell_16m_disassembly, conditions not met
[18:59:38] [INFO] Skipping recipe occultism:miner/ores/blazium_ore, conditions not met
[18:59:38] [INFO] Skipping recipe productivetrees:pollen_sifter, conditions not met
[18:59:38] [INFO] Skipping recipe dyenamics:thermal/rockwool/ultramarine_rockwool, conditions not met
[18:59:38] [INFO] Skipping recipe toolbelt:belt_upgrade_5_via_sewing, conditions not met
[18:59:38] [INFO] Skipping recipe theurgy:liquefaction/alchemical_sulfur_willow_from_logs_willow, conditions not met
[18:59:38] [INFO] Skipping recipe mysticalagradditions:tconstruct/melting/inferium/ingot, conditions not met
[18:59:38] [INFO] Skipping recipe mekmm:compat/evolvedmekanism/factory/quantum/washing, conditions not met
[18:59:38] [INFO] Skipping recipe farmingforblockheads:market/croptopia/soybean_seed, conditions not met
[18:59:38] [INFO] Skipping recipe bibliowoods:color/brown/wood/mynethersdelight_powdery/flat_seat_back, conditions not met
[18:59:38] [INFO] Skipping recipe bibliobiomes:color/magenta/wood/biomesoplenty_pine/small_seat_back, conditions not met
[18:59:38] [INFO] Skipping recipe bibliobiomes:color/pink/wood/biomesoplenty_maple/fancy_seat_back, conditions not met
[18:59:38] [INFO] Skipping recipe bibliowoods:wood/gtceu_rubber/bookcase, conditions not met
[18:59:38] [INFO] Skipping recipe productivebees:tconstruct/honeycomb/brass, conditions not met
[18:59:38] [INFO] Skipping recipe productivebees:bee_conversion/gems/green_sapphire_bee, conditions not met
[18:59:38] [INFO] Skipping recipe productivebees:bee_produce/chemlib/cadmium_bee, conditions not met
[18:59:38] [INFO] Skipping recipe productivebees:centrifuge/gobber/honeycomb_end_gobber, conditions not met
[18:59:38] [INFO] Skipping recipe farmingforblockheads:market/croptopia/walnut_sapling, conditions not met
[18:59:38] [INFO] Skipping recipe productivebees:centrifuge/elementalcraft/honeycomb_pure_crystal, conditions not met
[18:59:38] [INFO] Skipping recipe bibliobiomes:wood/biomesoplenty_redwood/fancy_armor_stand, conditions not met
[18:59:38] [INFO] Skipping recipe mekanism:compat/biomesoplenty/sawing/fence_gate/hellbark, conditions not met
[18:59:38] [INFO] Skipping recipe bibliowoods:color/yellow/wood/deep_aether_sunroot/raised_seat_back, conditions not met
[18:59:38] [INFO] Skipping recipe bibliowoods:color/light_gray/wood/werewolves_magic/small_seat_back, conditions not met
[18:59:38] [INFO] Skipping recipe bibliowoods:color/red/wood/deep_aether_roseroot/raised_seat_back, conditions not met
[18:59:38] [INFO] Skipping recipe theurgy:liquefaction/alchemical_sulfur_demonite_from_raw_materials_demonite, conditions not met
[18:59:38] [INFO] Skipping recipe bibliowoods:color/black/wood/deep_aether_conberry/display_case, conditions not met
[18:59:38] [INFO] Skipping recipe supplementaries:way_sign_oak/productivetrees/black_cherry, conditions not met
[18:59:38] [INFO] Skipping recipe bibliobiomes:color/orange/wood/biomesoplenty_jacaranda/small_seat_back, conditions not met
[18:59:38] [INFO] Skipping recipe productivebees:centrifuge/tconstruct/honeycomb_knightslime, conditions not met
[18:59:38] [INFO] Skipping recipe supplementaries:way_sign_oak/minecraft/birch, conditions not met
[18:59:38] [INFO] Skipping recipe bibliowoods:color/brown/wood/butchercraft_barn_wood/flat_seat_back, conditions not met
[18:59:38] [INFO] Skipping recipe bibliobiomes:color/magenta/wood/biomesoplenty_pine/fancy_seat_back, conditions not met
[18:59:38] [INFO] Skipping recipe bibliowoods:color/blue/wood/deep_aether_conberry/seat, conditions not met
[18:59:38] [INFO] Skipping recipe bibliowoods:color/purple/wood/extradelight_fruit/display_case, conditions not met
[18:59:38] [INFO] Skipping recipe bibliowoods:color/lime/wood/gtceu_rubber/fancy_seat_back, conditions not met
[18:59:38] [INFO] Skipping recipe mekanism:compat/biomeswevegone/pigment_extracting/large_yellow, conditions not met
[18:59:38] [INFO] Skipping recipe bibliowoods:color/blue/wood/expandeddelight_cinnamon/display_case, conditions not met
[18:59:38] [INFO] Skipping recipe mysticalagriculture:seed/infusion/manasteel, conditions not met
[18:59:38] [INFO] Skipping recipe bibliobiomes:color/light_blue/wood/biomesoplenty_magic/flat_seat_back, conditions not met
[18:59:38] [INFO] Skipping recipe farmingforblockheads:market/simplefarming/pepper_seeds, conditions not met
[18:59:38] [INFO] Skipping recipe bibliowoods:color/orange/wood/deep_aether_conberry/small_seat_back, conditions not met
[18:59:38] [INFO] Skipping recipe bibliowoods:color/lime/wood/gtceu_rubber/small_seat_back, conditions not met
[18:59:38] [INFO] Skipping recipe bibliobiomes:color/orange/wood/biomesoplenty_jacaranda/fancy_seat_back, conditions not met
[18:59:38] [INFO] Skipping recipe mekanism:compat/biomeswevegone/pigment_extracting/brown, conditions not met
[18:59:38] [INFO] Skipping recipe bibliowoods:color/red/wood/deep_aether_yagroot/display_case, conditions not met
[18:59:38] [INFO] Skipping recipe bibliobiomes:color/purple/wood/biomesoplenty_willow/flat_seat_back, conditions not met
[18:59:38] [INFO] Skipping recipe bibliobiomes:color/pink/wood/biomesoplenty_mahogany/display_case, conditions not met
[18:59:38] [INFO] Skipping recipe productivebees:tconstruct/honeycomb/manyullyn, conditions not met
[18:59:38] [INFO] Skipping recipe productivebees:centrifuge/tconstruct/honeycomb_amethyst_bronze, conditions not met
[18:59:38] [INFO] Skipping recipe mysticalagriculture:seed/infusion/apatite, conditions not met
[18:59:38] [INFO] Skipping recipe farmingforblockheads:market/byg/nightshade_sapling, conditions not met
[18:59:38] [INFO] Skipping recipe farmingforblockheads:market/betterendforge/jungle_moss, conditions not met
[18:59:38] [INFO] Skipping recipe bibliowoods:color/light_gray/wood/werewolves_magic/fancy_seat_back, conditions not met
[18:59:38] [INFO] Skipping recipe bibliowoods:color/light_blue/wood/deep_aether_yagroot/small_seat_back, conditions not met
[18:59:38] [INFO] Skipping recipe productivebees:bee_produce/chemlib/hafnium_bee, conditions not met
[18:59:38] [INFO] Skipping recipe bibliowoods:color/orange/wood/gtceu_rubber/small_seat_back, conditions not met
[18:59:38] [INFO] Skipping recipe bibliobiomes:color/blue/wood/biomesoplenty_magic/raised_seat_back, conditions not met
[18:59:38] [INFO] Skipping recipe productivemetalworks:melting/ores/brass, conditions not met
[18:59:38] [INFO] Skipping recipe farmingforblockheads:market/extradelight/corn_seeds, conditions not met
[18:59:38] [INFO] Skipping recipe mekanism:compat/biomesoplenty/sawing/boat/mahogany, conditions not met
[18:59:38] [INFO] Skipping recipe theurgy:liquefaction/alchemical_sulfur_illwood_from_logs_illwood, conditions not met
[18:59:38] [INFO] Skipping recipe bibliobiomes:color/cyan/wood/biomesoplenty_hellbark/display_case, conditions not met
[18:59:38] [INFO] Skipping recipe productivebees:centrifuge/gems/honeycomb_tourmaline, conditions not met
[18:59:38] [INFO] Skipping recipe bibliowoods:wood/extradelight_cinnamon/fancy_sign, conditions not met
[18:59:38] [INFO] Skipping recipe bibliowoods:color/orange/wood/vampirism_dark_spruce/flat_seat_back, conditions not met
[18:59:38] [INFO] Skipping recipe bibliobiomes:color/magenta/wood/biomesoplenty_fir/raised_seat_back, conditions not met
[18:59:38] [INFO] Skipping recipe bibliowoods:wood/deep_aether_cruderoot/fancy_armor_stand, conditions not met
[18:59:38] [INFO] Skipping recipe bibliobiomes:color/magenta/wood/biomesoplenty_pine/flat_seat_back, conditions not met
[18:59:38] [INFO] Skipping recipe bibliowoods:color/yellow/wood/gtceu_treated_wood/tall_seat_back, conditions not met
[18:59:38] [INFO] Skipping recipe theurgy:reformation/alchemical_sulfur_livingwood_from_alchemical_niter_logs_abundant, conditions not met
[18:59:38] [INFO] Skipping recipe productivebees:bee_breeding/chemlib/gadolinium_bee, conditions not met
[18:59:38] [INFO] Skipping recipe bibliowoods:color/black/wood/gtceu_rubber/display_case, conditions not met
[18:59:38] [INFO] Skipping recipe bibliobiomes:color/blue/wood/biomesoplenty_dead/display_case, conditions not met
[18:59:38] [INFO] Skipping recipe bibliowoods:color/black/wood/werewolves_magic/display_case, conditions not met
[18:59:38] [INFO] Skipping recipe farmingforblockheads:market/tropicraft/pineapple, conditions not met
[18:59:38] [INFO] Skipping recipe bibliowoods:color/orange/wood/gtceu_rubber/fancy_seat_back, conditions not met
[18:59:38] [INFO] Skipping recipe theurgy:reformation/alchemical_sulfur_bluebright_from_alchemical_sulfurs_logs_abundant, conditions not met
[18:59:38] [INFO] Skipping recipe bibliowoods:color/brown/wood/expandeddelight_cinnamon/display_case, conditions not met
[18:59:38] [INFO] Skipping recipe bibliobiomes:color/purple/wood/biomesoplenty_hellbark/flat_seat_back, conditions not met
[18:59:38] [INFO] Skipping recipe bibliobiomes:color/pink/wood/biomesoplenty_palm/raised_seat_back, conditions not met
[18:59:38] [INFO] Skipping recipe bibliowoods:wood/deep_aether_sunroot/grandfather_clock, conditions not met
[18:59:38] [INFO] Skipping recipe megacells:network/mega_emc_interface, conditions not met
[18:59:38] [INFO] Skipping recipe bibliobiomes:color/pink/wood/biomesoplenty_maple/small_seat_back, conditions not met
[18:59:38] [INFO] Skipping recipe theurgy:reformation/alchemical_sulfur_chile_pepper_from_alchemical_sulfurs_crops_abundant, conditions not met
[18:59:38] [INFO] Skipping recipe bibliobiomes:color/cyan/wood/biomesoplenty_umbran/tall_seat_back, conditions not met
[18:59:38] [INFO] Recipe deeperdarker:resonarium_chestplate_smithing[minecraft:smithing_transform] failed to parse due to an error on component: Failed to read required component 'template: ingredient' - java.lang.IllegalStateException: Failed to parse either. First: Item array cannot be empty, at least one item must be defined; Second: Not a JSON object: []
[18:59:38] [INFO] Skipping recipe bibliobiomes:color/purple/wood/biomesoplenty_pine/tall_seat_back, conditions not met
[18:59:38] [INFO] Skipping recipe productivebees:centrifuge/gems/honeycomb_moonstone, conditions not met
[18:59:38] [INFO] Skipping recipe create:crushing/compat/exnihilosequentia/granite, conditions not met
[18:59:38] [INFO] Skipping recipe productivemetalworks:melting/raw_materials/brass, conditions not met
[18:59:38] [INFO] Skipping recipe bibliobiomes:color/white/wood/biomesoplenty_empyreal/flat_seat_back, conditions not met
[18:59:38] [INFO] Skipping recipe bibliowoods:color/green/wood/extradelight_cinnamon/display_case, conditions not met
[18:59:38] [INFO] Skipping recipe bibliowoods:color/purple/wood/cobblemon_apricorn/small_seat_back, conditions not met
[18:59:38] [INFO] Skipping recipe theurgy:liquefaction/alchemical_sulfur_lunar_from_logs_lunar, conditions not met
[18:59:38] [INFO] Skipping recipe mekmm:compat/kaleidoscope_cookery/planting/chili, conditions not met
[18:59:38] [INFO] Skipping recipe bibliowoods:color/white/wood/mynethersdelight_powdery/fancy_seat_back, conditions not met
[18:59:38] [INFO] Skipping recipe mysticalagriculture:seed/crafting/ghast, conditions not met
[18:59:38] [INFO] Skipping recipe bibliowoods:color/white/wood/deep_aether_roseroot/small_seat_back, conditions not met
[18:59:38] [INFO] Skipping recipe bibliowoods:color/light_blue/wood/butchercraft_barn_wood/display_case, conditions not met
[18:59:38] [INFO] Skipping recipe ae2:matter_cannon/nuggets/strontium, conditions not met
[18:59:38] [INFO] Skipping recipe bibliowoods:color/light_blue/wood/deep_aether_yagroot/raised_seat_back, conditions not met
[18:59:38] [INFO] Skipping recipe bibliowoods:color/black/wood/expandeddelight_cinnamon/fancy_seat_back, conditions not met
[18:59:38] [INFO] Skipping recipe bibliowoods:color/orange/wood/deep_aether_cruderoot/seat, conditions not met
[18:59:38] [INFO] Skipping recipe bibliowoods:wood/cobblemon_apricorn/table, conditions not met
[18:59:38] [INFO] Skipping recipe mysticalagradditions:tconstruct/tools/materials/soulium/nugget, conditions not met
[18:59:38] [INFO] Skipping recipe bibliowoods:color/magenta/wood/deep_aether_conberry/display_case, conditions not met
[18:59:38] [INFO] Skipping recipe bibliowoods:color/brown/wood/deep_aether_yagroot/seat, conditions not met
[18:59:38] [INFO] Skipping recipe productivebees:item_conversion/ad_astra/cheese_bee, conditions not met
[18:59:38] [INFO] Skipping recipe bibliowoods:wood/deep_aether_conberry/fancy_armor_stand, conditions not met
[18:59:38] [INFO] Skipping recipe bibliowoods:color/white/wood/deep_aether_roseroot/fancy_seat_back, conditions not met
[18:59:38] [INFO] Skipping recipe bibliobiomes:color/light_gray/wood/biomesoplenty_empyreal/raised_seat_back, conditions not met
[18:59:38] [INFO] Skipping recipe ae2:matter_cannon/nuggets/potassium, conditions not met
[18:59:38] [INFO] Skipping recipe productivebees:bee_produce/chemlib/strontium_bee, conditions not met
[18:59:38] [INFO] Skipping recipe bibliowoods:color/gray/wood/deep_aether_cruderoot/flat_seat_back, conditions not met
[18:59:38] [INFO] Skipping recipe bibliobiomes:color/light_gray/wood/biomesoplenty_maple/seat, conditions not met
[18:59:38] [INFO] Skipping recipe farmingforblockheads:market/byg/black_rose, conditions not met
[18:59:38] [INFO] Skipping recipe bibliowoods:color/green/wood/vampirism_dark_spruce/tall_seat_back, conditions not met
[18:59:38] [INFO] Skipping recipe theurgy:reformation/alchemical_sulfur_skyroot_from_alchemical_sulfurs_logs_abundant, conditions not met
[18:59:38] [INFO] Skipping recipe bibliobiomes:color/black/wood/biomesoplenty_dead/flat_seat_back, conditions not met
[18:59:38] [INFO] Skipping recipe bibliobiomes:color/lime/wood/biomesoplenty_willow/fancy_seat_back, conditions not met
[18:59:38] [INFO] Skipping recipe bibliobiomes:color/light_blue/wood/biomesoplenty_maple/seat, conditions not met
[18:59:38] [INFO] Skipping recipe farmingforblockheads:market/byg/cypress_sapling, conditions not met
[18:59:38] [INFO] Skipping recipe bibliowoods:color/red/wood/extradelight_cinnamon/display_case, conditions not met
[18:59:38] [INFO] Skipping recipe bibliobiomes:color/cyan/wood/biomesoplenty_umbran/seat, conditions not met
[18:59:38] [INFO] Skipping recipe allthecompressed:decompress/dust_2x, conditions not met
[18:59:38] [INFO] Skipping recipe supplementaries:way_sign_oak/regions_unexplored/yellow_bioshroom, conditions not met
[18:59:38] [INFO] Skipping recipe allthecompressed:decompress/dust_1x, conditions not met
[18:59:38] [INFO] Skipping recipe bibliowoods:color/yellow/wood/deep_aether_roseroot/seat, conditions not met
[18:59:38] [INFO] Skipping recipe bibliobiomes:color/light_blue/wood/biomesoplenty_jacaranda/tall_seat_back, conditions not met
[18:59:38] [INFO] Skipping recipe productivebees:bee_conversion/gtceu/realgar_bee, conditions not met
[18:59:38] [INFO] Skipping recipe allthecompressed:decompress/dust_6x, conditions not met
[18:59:38] [INFO] Skipping recipe bibliowoods:color/pink/wood/extradelight_fruit/flat_seat_back, conditions not met
[18:59:38] [INFO] Skipping recipe reliquary:molten_core, conditions not met
[18:59:38] [INFO] Skipping recipe allthemodium:melting/salvage/vibranium/vibranium_from_hoe, conditions not met
[18:59:38] [INFO] Skipping recipe bibliowoods:color/magenta/wood/cobblemon_apricorn/fancy_seat_back, conditions not met
[18:59:38] [INFO] Skipping recipe bibliobiomes:color/green/wood/biomesoplenty_fir/small_seat_back, conditions not met
[18:59:38] [INFO] Skipping recipe allthecompressed:decompress/dust_5x, conditions not met
[18:59:38] [INFO] Skipping recipe productivemetalworks:melting/raw_materials/crimson_steel, conditions not met
[18:59:38] [INFO] Skipping recipe bibliowoods:color/pink/wood/mynethersdelight_powdery/flat_seat_back, conditions not met
[18:59:38] [INFO] Skipping recipe bibliobiomes:color/white/wood/biomesoplenty_palm/tall_seat_back, conditions not met
[18:59:38] [INFO] Skipping recipe allthecompressed:decompress/dust_4x, conditions not met
[18:59:38] [INFO] Skipping recipe bibliowoods:color/magenta/wood/cobblemon_apricorn/small_seat_back, conditions not met
[18:59:38] [INFO] Skipping recipe bibliowoods:color/yellow/wood/gtceu_rubber/display_case, conditions not met
[18:59:38] [INFO] Skipping recipe allthecompressed:decompress/dust_3x, conditions not met
[18:59:38] [INFO] Skipping recipe farmingforblockheads:market/extradelight/cinnamon_sapling, conditions not met
[18:59:38] [INFO] Skipping recipe bibliowoods:color/brown/wood/werewolves_magic/tall_seat_back, conditions not met
[18:59:38] [INFO] Skipping recipe bibliobiomes:color/light_blue/wood/biomesoplenty_dead/tall_seat_back, conditions not met
[18:59:38] [INFO] Skipping recipe farmingforblockheads:market/theabyss/tantra_grass, conditions not met
[18:59:38] [INFO] Skipping recipe productivebees:bee_produce/ad_astra/cheese_bee, conditions not met
[18:59:38] [INFO] Skipping recipe bibliobiomes:color/red/wood/biomesoplenty_magic/seat, conditions not met
[18:59:38] [INFO] Skipping recipe productivebees:centrifuge/gtceu/honeycomb_neutronium, conditions not met
[18:59:38] [INFO] Skipping recipe bibliowoods:color/lime/wood/gtceu_treated_wood/display_case, conditions not met
[18:59:38] [INFO] Skipping recipe pneumaticcraft:block_heat_properties/natura/nether_heat_sand, conditions not met
[18:59:38] [INFO] Skipping recipe supplementaries:way_sign_oak/productivetrees/thunder_bolt, conditions not met
[18:59:38] [INFO] Skipping recipe bibliobiomes:color/yellow/wood/biomesoplenty_empyreal/seat, conditions not met
[18:59:38] [INFO] Skipping recipe bibliowoods:color/blue/wood/deep_aether_roseroot/fancy_seat_back, conditions not met
[18:59:38] [INFO] Skipping recipe productivemetalworks:melting/raw_materials/bronze, conditions not met
[18:59:38] [INFO] Skipping recipe silentgear:woodcutting/netherwood_stairs, conditions not met
[18:59:38] [INFO] Skipping recipe mekmm:compat/evolvedmekanism/factory/overclocked/dissolving, conditions not met
[18:59:38] [INFO] Skipping recipe farmingforblockheads:market/byg/silver_maple_sapling, conditions not met
[18:59:38] [INFO] Skipping recipe bibliobiomes:color/pink/wood/biomesoplenty_fir/flat_seat_back, conditions not met
[18:59:38] [INFO] Skipping recipe mysticalagradditions:tconstruct/melting/soulium/block, conditions not met
[18:59:38] [INFO] Skipping recipe theurgy:incubation/logs_echo_from_alchemical_sulfur_echo, conditions not met
[18:59:38] [INFO] Skipping recipe bibliowoods:color/gray/wood/vampirism_cursed_spruce/small_seat_back, conditions not met
[18:59:38] [INFO] Skipping recipe bibliowoods:color/light_gray/wood/werewolves_jacaranda/fancy_seat_back, conditions not met
[18:59:38] [INFO] Skipping recipe bibliobiomes:color/gray/wood/biomesoplenty_umbran/fancy_seat_back, conditions not met
[18:59:38] [INFO] Skipping recipe bibliowoods:color/lime/wood/deep_aether_sunroot/display_case, conditions not met
[18:59:38] [INFO] Skipping recipe bibliowoods:color/blue/wood/butchercraft_barn_wood/flat_seat_back, conditions not met
[18:59:38] [INFO] Skipping recipe bibliowoods:color/light_gray/wood/werewolves_jacaranda/small_seat_back, conditions not met
[18:59:38] [INFO] Skipping recipe bibliobiomes:color/black/wood/biomesoplenty_mahogany/fancy_seat_back, conditions not met
[18:59:38] [INFO] Skipping recipe bibliowoods:color/light_blue/wood/werewolves_jacaranda/raised_seat_back, conditions not met
[18:59:38] [INFO] Skipping recipe bibliowoods:color/pink/wood/deep_aether_cruderoot/seat, conditions not met
[18:59:38] [INFO] Skipping recipe bibliobiomes:color/gray/wood/biomesoplenty_redwood/flat_seat_back, conditions not met
[18:59:38] [INFO] Skipping recipe supplementaries:way_sign_oak/biomeswevegone/jacaranda, conditions not met
[18:59:38] [INFO] Skipping recipe bibliobiomes:color/black/wood/biomesoplenty_mahogany/small_seat_back, conditions not met
[18:59:38] [INFO] Skipping recipe productivebees:centrifuge/tconstruct/honeycomb_slimesteel, conditions not met
[18:59:38] [INFO] Skipping recipe farmingforblockheads:market/mynethersdelight/resurgent_soil, conditions not met
[18:59:38] [INFO] Skipping recipe theurgy:liquefaction/alchemical_sulfur_hops_from_crops_hops, conditions not met
[18:59:38] [INFO] Skipping recipe bibliobiomes:color/brown/wood/biomesoplenty_magic/display_case, conditions not met
[18:59:38] [INFO] Skipping recipe bibliowoods:color/pink/wood/extradelight_fruit/tall_seat_back, conditions not met
[18:59:38] [INFO] Skipping recipe supplementaries:way_sign_oak/productivetrees/tangerine, conditions not met
[18:59:38] [INFO] Skipping recipe bibliowoods:wood/extradelight_fruit/grandfather_clock, conditions not met
[18:59:38] [INFO] Skipping recipe bibliowoods:color/pink/wood/gtceu_rubber/display_case, conditions not met
[18:59:38] [INFO] Skipping recipe productivemetalworks:melting/raw_materials/signalum, conditions not met
[18:59:38] [INFO] Skipping recipe allthecompressed:decompress/crushed_deepslate_9x, conditions not met
[18:59:38] [INFO] Skipping recipe bibliobiomes:color/lime/wood/biomesoplenty_hellbark/fancy_seat_back, conditions not met
[18:59:38] [INFO] Skipping recipe bibliowoods:color/red/wood/gtceu_rubber/raised_seat_back, conditions not met
[18:59:38] [INFO] Skipping recipe bibliobiomes:color/black/wood/biomesoplenty_dead/tall_seat_back, conditions not met
[18:59:38] [INFO] Skipping recipe bibliobiomes:color/orange/wood/biomesoplenty_fir/seat, conditions not met
[18:59:38] [INFO] Skipping recipe mekanism:compat/biomeswevegone/dye/pink, conditions not met
[18:59:38] [INFO] Skipping recipe bibliowoods:color/white/wood/werewolves_magic/raised_seat_back, conditions not met
[18:59:38] [INFO] Skipping recipe industrialforegoing:laser_drill_ore/ores/arcane, conditions not met
[18:59:38] [INFO] Skipping recipe allthecompressed:decompress/crushed_deepslate_7x, conditions not met
[18:59:38] [INFO] Skipping recipe productivemetalworks:melting/raw_materials/tyrian_steel, conditions not met
[18:59:38] [INFO] Skipping recipe bibliobiomes:color/lime/wood/biomesoplenty_hellbark/small_seat_back, conditions not met
[18:59:38] [INFO] Skipping recipe allthecompressed:decompress/crushed_deepslate_8x, conditions not met
[18:59:38] [INFO] Skipping recipe bibliowoods:color/pink/wood/mynethersdelight_powdery/tall_seat_back, conditions not met
[18:59:38] [INFO] Skipping recipe allthecompressed:decompress/crushed_deepslate_5x, conditions not met
[18:59:38] [INFO] Skipping recipe allthecompressed:decompress/crushed_deepslate_6x, conditions not met
[18:59:38] [INFO] Skipping recipe bibliowoods:color/green/wood/vampirism_dark_spruce/flat_seat_back, conditions not met
[18:59:38] [INFO] Skipping recipe farmingforblockheads:market/biomesoplenty/orange_autumn_sapling, conditions not met
[18:59:38] [INFO] Skipping recipe allthecompressed:decompress/crushed_deepslate_3x, conditions not met
[18:59:38] [INFO] Skipping recipe dyenamics:thermal/centrifuge/icy_blue_rockwool, conditions not met
[18:59:38] [INFO] Skipping recipe farmingforblockheads:market/byg/jacaranda_sapling, conditions not met
[18:59:38] [INFO] Skipping recipe allthecompressed:decompress/crushed_deepslate_4x, conditions not met
[18:59:38] [INFO] Skipping recipe allthecompressed:decompress/crushed_deepslate_1x, conditions not met
[18:59:38] [INFO] Skipping recipe bibliobiomes:color/light_blue/wood/biomesoplenty_jacaranda/flat_seat_back, conditions not met
[18:59:38] [INFO] Skipping recipe allthecompressed:decompress/crushed_deepslate_2x, conditions not met
[18:59:38] [INFO] Skipping recipe bibliobiomes:wood/biomesoplenty_empyreal/potion_shelf, conditions not met
[18:59:38] [INFO] Skipping recipe bibliobiomes:color/purple/wood/biomesoplenty_fir/raised_seat_back, conditions not met
[18:59:38] [INFO] Skipping recipe bibliowoods:color/gray/wood/deep_aether_cruderoot/tall_seat_back, conditions not met
[18:59:38] [INFO] Recipe silentgear:binding_blueprint[minecraft:crafting_shapeless] failed to parse due to an error on component: Invalid component ingredients: ingredient[] - Component 'ingredient' is not allowed to be empty!
[18:59:38] [INFO] Skipping recipe bibliowoods:color/blue/wood/extradelight_cinnamon/seat, conditions not met
[18:59:38] [INFO] Skipping recipe productivebees:bee_breeding/chemlib/holmium_bee, conditions not met
[18:59:38] [INFO] Skipping recipe productivebees:bee_produce/chemlib/selenium_bee, conditions not met
[18:59:38] [INFO] Skipping recipe bibliowoods:wood/extradelight_fruit/tool_rack, conditions not met
[18:59:38] [INFO] Skipping recipe productivebees:alchemistry/combiner/arsenic_bee, conditions not met
[18:59:38] [INFO] Skipping recipe bibliobiomes:color/red/wood/biomesoplenty_fir/seat, conditions not met
[18:59:38] [INFO] Skipping recipe productivebees:bee_produce/chemlib/oganesson_bee, conditions not met
[18:59:38] [INFO] Skipping recipe productivebees:bee_produce/chemlib/tennessine_bee, conditions not met
[18:59:38] [INFO] Skipping recipe create:pressing/compat/atmospheric/crustose_path, conditions not met
[18:59:38] [INFO] Skipping recipe bibliowoods:color/light_blue/wood/mynethersdelight_powdery/seat, conditions not met
[18:59:38] [INFO] Skipping recipe bibliobiomes:color/red/wood/biomesoplenty_umbran/tall_seat_back, conditions not met
[18:59:38] [INFO] Skipping recipe farmingforblockheads:market/byg/yellow_birch_sapling, conditions not met
[18:59:38] [INFO] Skipping recipe bibliobiomes:color/gray/wood/biomesoplenty_maple/seat, conditions not met
[18:59:38] [INFO] Skipping recipe bibliowoods:color/pink/wood/vampirism_cursed_spruce/seat, conditions not met
[18:59:38] [INFO] Skipping recipe industrialforegoing:laser_drill_ore/raw_materials/pyrite, conditions not met
[18:59:38] [INFO] Skipping recipe bibliobiomes:color/cyan/wood/biomesoplenty_fir/raised_seat_back, conditions not met
[18:59:38] [INFO] Skipping recipe bibliobiomes:color/cyan/wood/biomesoplenty_maple/raised_seat_back, conditions not met
[18:59:38] [INFO] Skipping recipe bibliowoods:color/green/wood/vampirism_cursed_spruce/seat, conditions not met
[18:59:38] [INFO] Skipping recipe bibliobiomes:color/blue/wood/biomesoplenty_dead/tall_seat_back, conditions not met
[18:59:38] [INFO] Skipping recipe theurgy:reformation/alchemical_sulfur_trumpet_from_alchemical_sulfurs_logs_abundant, conditions not met
[18:59:38] [INFO] Skipping recipe bibliobiomes:color/yellow/wood/biomesoplenty_palm/tall_seat_back, conditions not met
[18:59:38] [INFO] Skipping recipe ae2:matter_cannon/nuggets/beef, conditions not met
[18:59:38] [INFO] Skipping recipe reliquary:alkahestry/crafting/sand, conditions not met
[18:59:38] [INFO] Skipping recipe ae2:matter_cannon/nuggets/meatraw, conditions not met
[18:59:38] [INFO] Skipping recipe bibliowoods:color/purple/wood/vampirism_cursed_spruce/seat, conditions not met
[18:59:38] [INFO] Skipping recipe theurgy:reformation/alchemical_sulfur_menril_from_alchemical_niter_logs_abundant, conditions not met
[18:59:38] [INFO] Skipping recipe bibliowoods:color/pink/wood/cobblemon_apricorn/fancy_seat_back, conditions not met
[18:59:38] [INFO] Skipping recipe productivebees:bee_produce/gtceu/oilsands_bee, conditions not met
[18:59:38] [INFO] Skipping recipe bibliowoods:color/black/wood/deep_aether_yagroot/raised_seat_back, conditions not met
[18:59:38] [INFO] Skipping recipe supplementaries:way_sign_oak/productivetrees/candlenut, conditions not met
[18:59:38] [INFO] Skipping recipe bibliowoods:color/lime/wood/extradelight_fruit/seat, conditions not met
[18:59:38] [INFO] Skipping recipe bibliobiomes:color/blue/wood/biomesoplenty_jacaranda/raised_seat_back, conditions not met
[18:59:38] [INFO] Skipping recipe bibliowoods:color/gray/wood/expandeddelight_cinnamon/raised_seat_back, conditions not met
[18:59:38] [INFO] Skipping recipe bibliobiomes:wood/biomesoplenty_mahogany/fancy_clock, conditions not met
[18:59:38] [INFO] Skipping recipe bibliowoods:color/light_blue/wood/vampirism_dark_spruce/raised_seat_back, conditions not met
[18:59:38] [INFO] Skipping recipe productivemetalworks:melting/raw_materials/netherite, conditions not met
[18:59:38] [INFO] Skipping recipe supplementaries:way_sign_oak/productivetrees/breadfruit, conditions not met
[18:59:38] [INFO] Skipping recipe bibliowoods:color/light_gray/wood/expandeddelight_cinnamon/small_seat_back, conditions not met
[18:59:38] [INFO] Skipping recipe bibliowoods:color/pink/wood/cobblemon_apricorn/small_seat_back, conditions not met
[18:59:38] [INFO] Skipping recipe create:milling/compat/botania/purple_petal, conditions not met
[18:59:38] [INFO] Skipping recipe productivebees:centrifuge/gems/honeycomb_euclase, conditions not met
[18:59:38] [INFO] Skipping recipe bibliowoods:color/light_blue/wood/butchercraft_barn_wood/fancy_seat_back, conditions not met
[18:59:38] [INFO] Skipping recipe mysticalagradditions:tconstruct/tools/materials/imperium/block, conditions not met
[18:59:38] [INFO] Skipping recipe productivebees:bee_produce/gtceu/palladium_bee, conditions not met
[18:59:38] [INFO] Skipping recipe bibliowoods:color/light_blue/wood/butchercraft_barn_wood/small_seat_back, conditions not met
[18:59:38] [INFO] Skipping recipe occultism:miner/ores/magnesium_ore, conditions not met
[18:59:38] [INFO] Skipping recipe create:milling/compat/botania/green_petal, conditions not met
[18:59:38] [INFO] Skipping recipe mysticalagriculture:essence/botania/yellow_mystical_flower, conditions not met
[18:59:38] [INFO] Skipping recipe supplementaries:way_sign_oak/productivetrees/european_larch, conditions not met
[18:59:38] [INFO] Skipping recipe farmingforblockheads:market/betternether/magma_flower, conditions not met
[18:59:38] [INFO] Skipping recipe supplementaries:way_sign_oak/productivetrees/mandarin, conditions not met
[18:59:38] [INFO] Skipping recipe reliquary:alkahestry/charging/glowstone_dust, conditions not met
[18:59:38] [INFO] Skipping recipe bibliowoods:color/green/wood/expandeddelight_cinnamon/display_case, conditions not met
[18:59:38] [INFO] Skipping recipe bibliowoods:color/light_gray/wood/werewolves_magic/display_case, conditions not met
[18:59:38] [INFO] Skipping recipe allthemodium:melting/vibranium_from_block, conditions not met
[18:59:38] [INFO] Skipping recipe bibliowoods:wood/werewolves_magic/bookcase, conditions not met
[18:59:38] [INFO] Skipping recipe occultism:crystallize/sulfur_from_dust, conditions not met
[18:59:38] [INFO] Skipping recipe mekmm:compat/evolvedmekanism/factory/dense/chemical_infusing, conditions not met
[18:59:38] [INFO] Skipping recipe bibliowoods:color/black/wood/deep_aether_cruderoot/small_seat_back, conditions not met
[18:59:38] [INFO] Skipping recipe bibliowoods:color/pink/wood/werewolves_magic/raised_seat_back, conditions not met
[18:59:38] [INFO] Skipping recipe bibliowoods:color/pink/wood/gtceu_rubber/raised_seat_back, conditions not met
[18:59:38] [INFO] Skipping recipe bibliobiomes:color/blue/wood/biomesoplenty_dead/flat_seat_back, conditions not met
[18:59:38] [INFO] Skipping recipe mekanism:compat/biomesoplenty/dye/yellow, conditions not met
[18:59:38] [INFO] Skipping recipe cataclysm:stonecutting/obsidian_brick_stairs_from_stonecutting, no type defined
[18:59:38] [INFO] Skipping recipe productivemetalworks:casting/rods/ftbmaterials/refined_glowstone, conditions not met
[18:59:38] [INFO] Skipping recipe bibliowoods:color/black/wood/gtceu_treated_wood/seat, conditions not met
[18:59:38] [INFO] Skipping recipe bibliobiomes:color/brown/wood/biomesoplenty_willow/seat, conditions not met
[18:59:38] [INFO] Skipping recipe bibliowoods:color/black/wood/gtceu_treated_wood/flat_seat_back, conditions not met
[18:59:38] [INFO] Skipping recipe bibliowoods:color/light_gray/wood/cobblemon_apricorn/seat, conditions not met
[18:59:38] [INFO] Skipping recipe bibliowoods:wood/deep_aether_cruderoot/fancy_sign, conditions not met
[18:59:38] [INFO] Skipping recipe bibliowoods:color/magenta/wood/deep_aether_sunroot/display_case, conditions not met
[18:59:38] [INFO] Skipping recipe bibliowoods:color/white/wood/extradelight_fruit/tall_seat_back, conditions not met
[18:59:38] [INFO] Skipping recipe bibliobiomes:color/yellow/wood/biomesoplenty_palm/flat_seat_back, conditions not met
[18:59:38] [INFO] Skipping recipe farmingforblockheads:market/byg/orange_daisy, conditions not met
[18:59:38] [INFO] Skipping recipe create:splashing/endergetic/petrified_overworld_corrock_block, conditions not met
[18:59:38] [INFO] Skipping recipe bibliowoods:color/lime/wood/werewolves_jacaranda/tall_seat_back, conditions not met
[18:59:38] [INFO] Skipping recipe mysticalagradditions:tconstruct/melting/soulium/nugget, conditions not met
[18:59:38] [INFO] Skipping recipe bibliowoods:color/gray/wood/butchercraft_barn_wood/tall_seat_back, conditions not met
[18:59:38] [INFO] Skipping recipe bibliobiomes:color/blue/wood/biomesoplenty_maple/seat, conditions not met
[18:59:38] [INFO] Skipping recipe bibliowoods:color/cyan/wood/expandeddelight_cinnamon/small_seat_back, conditions not met
[18:59:38] [INFO] Skipping recipe bibliobiomes:color/orange/wood/biomesoplenty_umbran/tall_seat_back, conditions not met
[18:59:38] [INFO] Skipping recipe productivebees:bee_produce/chemlib/ytterbium_bee, conditions not met
[18:59:38] [INFO] Skipping recipe supplementaries:way_sign_oak/productivetrees/time_traveller, conditions not met
[18:59:38] [INFO] Skipping recipe bibliowoods:color/light_gray/wood/expandeddelight_cinnamon/seat, conditions not met
[18:59:38] [INFO] Skipping recipe productivebees:centrifuge/honeycomb_ender, conditions not met
[18:59:38] [INFO] Skipping recipe bibliobiomes:color/purple/wood/biomesoplenty_magic/display_case, conditions not met
[18:59:38] [INFO] Skipping recipe bibliobiomes:color/white/wood/biomesoplenty_willow/raised_seat_back, conditions not met
[18:59:38] [INFO] Skipping recipe bibliobiomes:color/black/wood/biomesoplenty_pine/tall_seat_back, conditions not met
[18:59:38] [INFO] Skipping recipe productivebees:alchemistry/combiner/americium_bee, conditions not met
[18:59:38] [INFO] Skipping recipe bibliobiomes:color/light_blue/wood/biomesoplenty_willow/seat, conditions not met
[18:59:38] [INFO] Skipping recipe bibliowoods:color/white/wood/deep_aether_sunroot/raised_seat_back, conditions not met
[18:59:38] [INFO] Skipping recipe bibliobiomes:color/green/wood/biomesoplenty_redwood/flat_seat_back, conditions not met
[18:59:38] [INFO] Skipping recipe dyenamics:thermal/rockwool/rose_rockwool, conditions not met
[18:59:38] [INFO] Skipping recipe productivebees:centrifuge/dusts/honeycomb_silver, conditions not met
[18:59:38] [INFO] Skipping recipe productivebees:hives/advanced_biomesoplenty_fir_beehive_clear, conditions not met
[18:59:38] [INFO] Skipping recipe bibliowoods:color/magenta/wood/vampirism_dark_spruce/seat, conditions not met
[18:59:38] [INFO] Skipping recipe bibliowoods:color/yellow/wood/deep_aether_roseroot/small_seat_back, conditions not met
[18:59:38] [INFO] Skipping recipe productivebees:bee_produce/byg/pendorite_bee, conditions not met
[18:59:38] [INFO] Skipping recipe bibliobiomes:color/magenta/wood/biomesoplenty_willow/flat_seat_back, conditions not met
[18:59:38] [INFO] Skipping recipe bibliowoods:wood/expandeddelight_cinnamon/bookcase, conditions not met
[18:59:38] [INFO] Skipping recipe create:crushing/compat/silentgems/topaz_nether_ore, conditions not met
[18:59:38] [INFO] Skipping recipe bibliobiomes:color/orange/wood/biomesoplenty_mahogany/seat, conditions not met
[18:59:38] [INFO] Skipping recipe bibliobiomes:color/magenta/wood/biomesoplenty_empyreal/seat, conditions not met
[18:59:38] [INFO] Skipping recipe bibliowoods:color/orange/wood/werewolves_jacaranda/raised_seat_back, conditions not met
[18:59:38] [INFO] Skipping recipe bibliowoods:wood/extradelight_fruit/bookcase, conditions not met
[18:59:38] [INFO] Skipping recipe mekanism:compat/biomeswevegone/dye/gray, conditions not met
[18:59:38] [INFO] Skipping recipe bibliowoods:wood/butchercraft_barn_wood/bookcase, conditions not met
[18:59:38] [INFO] Skipping recipe bibliobiomes:color/cyan/wood/biomesoplenty_palm/display_case, conditions not met
[18:59:38] [INFO] Skipping recipe bibliowoods:color/magenta/wood/vampirism_cursed_spruce/seat, conditions not met
[18:59:38] [INFO] Skipping recipe productivebees:hives/advanced_atmospheric_morado_beehive_clear, conditions not met
[18:59:38] [INFO] Skipping recipe bibliowoods:color/brown/wood/werewolves_magic/flat_seat_back, conditions not met
[18:59:38] [INFO] Skipping recipe bibliobiomes:color/lime/wood/biomesoplenty_maple/fancy_seat_back, conditions not met
[18:59:38] [INFO] Skipping recipe farmingforblockheads:market/betterendforge/lumecorn_seed, conditions not met
[18:59:38] [INFO] Skipping recipe productivebees:centrifuge/gems/honeycomb_jasper, conditions not met
[18:59:38] [INFO] Skipping recipe bibliowoods:wood/expandeddelight_cinnamon/label, conditions not met
[18:59:38] [INFO] Skipping recipe bibliobiomes:color/purple/wood/biomesoplenty_mahogany/raised_seat_back, conditions not met
[18:59:38] [INFO] Skipping recipe bibliowoods:color/yellow/wood/deep_aether_roseroot/fancy_seat_back, conditions not met
[18:59:38] [INFO] Skipping recipe productivemetalworks:melting/rods/tyrian_steel, conditions not met
[18:59:38] [INFO] Skipping recipe bibliobiomes:color/cyan/wood/biomesoplenty_jacaranda/flat_seat_back, conditions not met
[18:59:38] [INFO] Skipping recipe dyenamics:thermal/centrifuge/honey_rockwool, conditions not met
[18:59:38] [INFO] Skipping recipe bibliobiomes:wood/biomesoplenty_palm/tool_rack, conditions not met
[18:59:38] [INFO] Skipping recipe mekanism:compat/biomesoplenty/sawing/pressure_plate/hellbark, conditions not met
[18:59:38] [INFO] Skipping recipe reliquary:nebulous_heart, conditions not met
[18:59:38] [INFO] Skipping recipe productivebees:bee_produce/elementalcraft/swift_alloy_bee, conditions not met
[18:59:38] [INFO] Skipping recipe bibliowoods:color/orange/wood/deep_aether_sunroot/display_case, conditions not met
[18:59:38] [INFO] Skipping recipe mysticalagriculture:essence/botania/light_blue_mystical_flower, conditions not met
[18:59:38] [INFO] Skipping recipe bibliowoods:color/cyan/wood/expandeddelight_cinnamon/fancy_seat_back, conditions not met
[18:59:38] [INFO] Skipping recipe bibliowoods:color/orange/wood/deep_aether_roseroot/raised_seat_back, conditions not met
[18:59:38] [INFO] Skipping recipe bibliowoods:color/blue/wood/butchercraft_barn_wood/seat, conditions not met
[18:59:38] [INFO] Skipping recipe productivebees:bee_produce/gtceu/tricalcium_phosphate_bee, conditions not met
[18:59:38] [INFO] Skipping recipe occultism:crystallize/sulfur_from_ore, conditions not met
[18:59:38] [INFO] Skipping recipe bibliobiomes:color/white/wood/biomesoplenty_jacaranda/flat_seat_back, conditions not met
[18:59:38] [INFO] Skipping recipe create_aquatic_ambitions:channeling/upgrade_aquatic/pillow_coral_block, conditions not met
[18:59:38] [INFO] Skipping recipe bibliobiomes:color/black/wood/biomesoplenty_umbran/tall_seat_back, conditions not met
[18:59:38] [INFO] Skipping recipe farmingforblockheads:market/betterendforge/small_jellyshroom, conditions not met
[18:59:38] [INFO] Skipping recipe farmingforblockheads:market/outer_end/azure_bud, conditions not met
[18:59:38] [INFO] Skipping recipe bibliobiomes:color/pink/wood/biomesoplenty_empyreal/seat, conditions not met
[18:59:38] [INFO] Skipping recipe mysticalagriculture:seed/crafting/chicken, conditions not met
[18:59:38] [INFO] Skipping recipe create:pressing/cursed_earth_path_from_grass, conditions not met
[18:59:38] [INFO] Skipping recipe bibliobiomes:color/green/wood/biomesoplenty_umbran/small_seat_back, conditions not met
[18:59:38] [INFO] Skipping recipe bibliowoods:color/lime/wood/mynethersdelight_powdery/raised_seat_back, conditions not met
[18:59:38] [INFO] Skipping recipe bibliowoods:color/lime/wood/mynethersdelight_powdery/display_case, conditions not met
[18:59:38] [INFO] Skipping recipe bibliowoods:color/brown/wood/mynethersdelight_powdery/raised_seat_back, conditions not met
[18:59:38] [INFO] Skipping recipe productivemetalworks:melting/plates/azure_electrum, conditions not met
[18:59:38] [INFO] Skipping recipe productivebees:bee_breeding/atm/unobtainium_bee, conditions not met
[18:59:38] [INFO] Skipping recipe farmingforblockheads:market/byg/thereal_bellflower, conditions not met
[18:59:38] [INFO] Skipping recipe mekanism:compat/biomesoplenty/sawing/door/umbran, conditions not met
[18:59:38] [INFO] Skipping recipe mysticalagriculture:seed/infusion/aquamarine, conditions not met
[18:59:38] [INFO] Skipping recipe productivebees:bee_produce/chemlib/germanium_bee, conditions not met
[18:59:38] [INFO] Skipping recipe farmingforblockheads:market/betternether/stalagnate_seed, conditions not met
[18:59:38] [INFO] Skipping recipe create:cutting/compat/autumnity/sappy_maple_wood, conditions not met
[18:59:38] [INFO] Skipping recipe productivebees:centrifuge/elementalcraft/honeycomb_drenched_iron, conditions not met
[18:59:38] [INFO] Skipping recipe bibliobiomes:color/green/wood/biomesoplenty_mahogany/seat, conditions not met
[18:59:38] [INFO] Skipping recipe mysticalagriculture:seed/crafting/gold, conditions not met
[18:59:38] [INFO] Skipping recipe gtceu:macerator/pyrolusite_bee, conditions not met
[18:59:38] [INFO] Skipping recipe farmingforblockheads:market/theabyss/tall_glow_shroom, conditions not met
[18:59:38] [INFO] Skipping recipe mysticalagriculture:seed/crafting/sulfur, conditions not met
[18:59:38] [INFO] Skipping recipe bibliowoods:wood/deep_aether_sunroot/label, conditions not met
[18:59:38] [INFO] Skipping recipe allthemodium:melting/vibranium_from_ore, conditions not met
[18:59:38] [INFO] Skipping recipe bibliowoods:color/magenta/wood/expandeddelight_cinnamon/display_case, conditions not met
[18:59:38] [INFO] Skipping recipe bibliowoods:wood/werewolves_jacaranda/fancy_clock, conditions not met
[18:59:38] [INFO] Skipping recipe bibliowoods:color/brown/wood/butchercraft_barn_wood/display_case, conditions not met
[18:59:38] [INFO] Skipping recipe bibliowoods:color/lime/wood/deep_aether_conberry/flat_seat_back, conditions not met
[18:59:38] [INFO] Skipping recipe mekanism:compat/biomesoplenty/sawing/trapdoor/magic, conditions not met
[18:59:38] [INFO] Skipping recipe productivebees:bee_produce/chemlib/thulium_bee, conditions not met
[18:59:38] [INFO] Skipping recipe bibliowoods:color/green/wood/deep_aether_cruderoot/tall_seat_back, conditions not met
[18:59:38] [INFO] Skipping recipe theurgy:liquefaction/alchemical_sulfur_calorite_from_ingots_calorite, conditions not met
[18:59:38] [INFO] Skipping recipe bibliowoods:color/white/wood/vampirism_cursed_spruce/raised_seat_back, conditions not met
[18:59:38] [INFO] Skipping recipe bibliobiomes:color/green/wood/biomesoplenty_umbran/fancy_seat_back, conditions not met
[18:59:38] [INFO] Skipping recipe productivebees:centrifuge/gems/honeycomb_onyx, conditions not met
[18:59:38] [INFO] Skipping recipe bibliobiomes:color/brown/wood/biomesoplenty_hellbark/display_case, conditions not met
[18:59:38] [INFO] Skipping recipe productivebees:thermal/shaped/blaze_bee_to_basaltz_bee, conditions not met
[18:59:38] [INFO] Skipping recipe bibliobiomes:color/cyan/wood/biomesoplenty_jacaranda/seat, conditions not met
[18:59:38] [INFO] Skipping recipe bibliobiomes:color/light_blue/wood/biomesoplenty_pine/tall_seat_back, conditions not met
[18:59:38] [INFO] Skipping recipe supplementaries:way_sign_oak/regions_unexplored/palm, conditions not met
[18:59:38] [INFO] Skipping recipe mysticalagradditions:tconstruct/casting/tertium/nugget_gold_cast, conditions not met
[18:59:38] [INFO] Skipping recipe theurgy:reformation/alchemical_sulfur_currant_from_alchemical_niter_crops_abundant, conditions not met
[18:59:38] [INFO] Skipping recipe productivemetalworks:casting/ingots/ftbmaterials/aluminum, conditions not met
[18:59:38] [INFO] Skipping recipe bibliowoods:color/orange/wood/vampirism_dark_spruce/fancy_seat_back, conditions not met
[18:59:38] [INFO] Skipping recipe bibliobiomes:color/blue/wood/biomesoplenty_redwood/raised_seat_back, conditions not met
[18:59:38] [INFO] Skipping recipe bibliowoods:color/orange/wood/vampirism_dark_spruce/small_seat_back, conditions not met
[18:59:38] [INFO] Skipping recipe mekmm:compat/evolvedmekanism/factory/dense/washing, conditions not met
[18:59:38] [INFO] Skipping recipe bibliowoods:color/gray/wood/gtceu_rubber/small_seat_back, conditions not met
[18:59:38] [INFO] Skipping recipe bibliowoods:wood/vampirism_cursed_spruce/potion_shelf, conditions not met
[18:59:38] [INFO] Skipping recipe theurgy:reformation/alchemical_sulfur_juniper_from_alchemical_sulfurs_crops_abundant, conditions not met
[18:59:38] [INFO] Skipping recipe create:blasting/tin_ingot_compat_thermal, conditions not met
[18:59:38] [INFO] Skipping recipe theurgy:incubation/logs_cinnamon_from_alchemical_sulfur_cinnamon, conditions not met
[18:59:38] [INFO] Skipping recipe bibliowoods:color/gray/wood/gtceu_rubber/fancy_seat_back, conditions not met
[18:59:38] [INFO] Skipping recipe supplementaries:way_sign_oak/productivetrees/ceylon_ebony, conditions not met
[18:59:38] [INFO] Skipping recipe theurgy:reformation/alchemical_sulfur_lunar_from_alchemical_sulfurs_logs_abundant, conditions not met
[18:59:38] [INFO] Skipping recipe mysticalagriculture:seed/crafting/breeze, conditions not met
[18:59:38] [INFO] Skipping recipe bibliobiomes:color/pink/wood/biomesoplenty_fir/raised_seat_back, conditions not met
[18:59:38] [INFO] Skipping recipe bibliowoods:color/light_gray/wood/gtceu_rubber/display_case, conditions not met
[18:59:38] [INFO] Skipping recipe farmingforblockheads:market/byg/pink_cherry_sapling, conditions not met
[18:59:38] [INFO] Skipping recipe mysticalagradditions:tconstruct/casting/prudentium/nugget_sand_cast, conditions not met
[18:59:38] [INFO] Skipping recipe mysticalagradditions:tconstruct/casting/supremium/block, conditions not met
[18:59:38] [INFO] Skipping recipe farmingforblockheads:market/betternether/mushroom_fir_sapling, conditions not met
[18:59:38] [INFO] Skipping recipe theurgy:reformation/alchemical_sulfur_glimmering_livingwood_from_alchemical_niter_logs_abundant, conditions not met
[18:59:38] [INFO] Skipping recipe bibliowoods:color/lime/wood/gtceu_treated_wood/flat_seat_back, conditions not met
[18:59:38] [INFO] Skipping recipe bibliobiomes:color/magenta/wood/biomesoplenty_hellbark/tall_seat_back, conditions not met
[18:59:38] [INFO] Skipping recipe bibliobiomes:color/blue/wood/biomesoplenty_umbran/display_case, conditions not met
[18:59:38] [INFO] Skipping recipe bibliowoods:color/black/wood/cobblemon_apricorn/seat, conditions not met
[18:59:38] [INFO] Skipping recipe productivebees:bee_conversion/l2hostility/miracle_bee, conditions not met
[18:59:38] [INFO] Skipping recipe productivebees:bee_produce/gems/sodalite_bee, conditions not met
[18:59:38] [INFO] Skipping recipe pylons:harvesting/vinery/savanna_grape_bush_red, conditions not met
[18:59:38] [INFO] Skipping recipe allthemodium:tools/materials/unobtainium/unobtainium_from_nugget, conditions not met
[18:59:38] [INFO] Skipping recipe mekanism:compat/biomesoplenty/dye/green, conditions not met
[18:59:38] [INFO] Skipping recipe bibliobiomes:wood/biomesoplenty_jacaranda/fancy_sign, conditions not met
[18:59:38] [INFO] Skipping recipe bibliobiomes:color/brown/wood/biomesoplenty_hellbark/tall_seat_back, conditions not met
[18:59:38] [INFO] Skipping recipe bibliobiomes:color/yellow/wood/biomesoplenty_empyreal/fancy_seat_back, conditions not met
[18:59:38] [INFO] Skipping recipe bibliowoods:color/gray/wood/deep_aether_conberry/seat, conditions not met
[18:59:38] [INFO] Skipping recipe productivebees:bee_produce/gtceu/chromite_bee, conditions not met
[18:59:38] [INFO] Skipping recipe bibliowoods:color/purple/wood/extradelight_fruit/raised_seat_back, conditions not met
[18:59:38] [INFO] Skipping recipe productivebees:bee_breeding/atm/vibranium_bee, conditions not met
[18:59:38] [INFO] Skipping recipe reliquary:alkahestry/crafting/tin_ingot, conditions not met
[18:59:38] [INFO] Skipping recipe mekmm:compat/evolvedmekanism/factory/creative/rolling_mill, conditions not met
[18:59:38] [INFO] Skipping recipe theurgy:incubation/logs_illwood_from_alchemical_sulfur_illwood, conditions not met
[18:59:38] [INFO] Skipping recipe theurgy:liquefaction/alchemical_sulfur_walnut_from_logs_walnut, conditions not met
[18:59:38] [INFO] Skipping recipe create:milling/compat/biomeswevegone/lolipop_flower, conditions not met
[18:59:38] [INFO] Skipping recipe create:crushing/compat/elementaryores/ore_coal_nether, conditions not met
[18:59:38] [INFO] Skipping recipe theurgy:reformation/alchemical_sulfur_blackbean_from_alchemical_sulfurs_crops_abundant, conditions not met
[18:59:38] [INFO] Skipping recipe supplementaries:way_sign_oak/productivetrees/myrtle_ebony, conditions not met
[18:59:38] [INFO] Skipping recipe bibliowoods:color/red/wood/extradelight_fruit/seat, conditions not met
[18:59:38] [INFO] Skipping recipe bibliowoods:color/lime/wood/vampirism_cursed_spruce/fancy_seat_back, conditions not met
[18:59:38] [INFO] Skipping recipe bibliowoods:color/green/wood/vampirism_cursed_spruce/raised_seat_back, conditions not met
[18:59:38] [INFO] Skipping recipe bibliobiomes:color/black/wood/biomesoplenty_willow/fancy_seat_back, conditions not met
[18:59:38] [INFO] Skipping recipe bibliobiomes:color/cyan/wood/biomesoplenty_palm/tall_seat_back, conditions not met
[18:59:38] [INFO] Skipping recipe bibliowoods:color/white/wood/werewolves_magic/seat, conditions not met
[18:59:38] [INFO] Skipping recipe farmingforblockheads:market/betterendforge/blossom_berry_seed, conditions not met
[18:59:38] [INFO] Skipping recipe productivemetalworks:melting/gears/refined_obsidian, conditions not met
[18:59:38] [INFO] Skipping recipe bibliowoods:color/pink/wood/cobblemon_apricorn/raised_seat_back, conditions not met
[18:59:38] [INFO] Skipping recipe bibliobiomes:color/gray/wood/biomesoplenty_mahogany/raised_seat_back, conditions not met
[18:59:38] [INFO] Skipping recipe bibliowoods:color/gray/wood/deep_aether_yagroot/display_case, conditions not met
[18:59:38] [INFO] Skipping recipe farmingforblockheads:market/tropicraft/grapefruit_sapling, conditions not met
[18:59:38] [INFO] Skipping recipe supplementaries:way_sign_oak/productivetrees/soul_tree, conditions not met
[18:59:38] [INFO] Skipping recipe bibliowoods:color/white/wood/extradelight_fruit/flat_seat_back, conditions not met
[18:59:38] [INFO] Skipping recipe theurgy:reformation/alchemical_sulfur_umbran_from_alchemical_niter_logs_abundant, conditions not met
[18:59:38] [INFO] Skipping recipe pneumaticcraft:block_heat_properties/botania/blaze_block, conditions not met
[18:59:38] [INFO] Skipping recipe farmingforblockheads:market/croptopia/rutabaga_seed, conditions not met
[18:59:38] [INFO] Skipping recipe mysticalagradditions:tconstruct/casting/soulium/nugget_gold_cast, conditions not met
[18:59:38] [INFO] Skipping recipe bigreactors:reactor/reinforced/fuelrod_alt_ingots_yellorium, conditions not met
[18:59:38] [INFO] Skipping recipe bibliobiomes:color/cyan/wood/biomesoplenty_redwood/small_seat_back, conditions not met
[18:59:38] [INFO] Skipping recipe bibliobiomes:color/gray/wood/biomesoplenty_mahogany/fancy_seat_back, conditions not met
[18:59:38] [INFO] Skipping recipe productivebees:centrifuge/feywild/honeycomb_feywild, conditions not met
[18:59:38] [INFO] Skipping recipe bibliowoods:color/lime/wood/werewolves_jacaranda/flat_seat_back, conditions not met
[18:59:38] [INFO] Skipping recipe bibliowoods:color/orange/wood/extradelight_cinnamon/raised_seat_back, conditions not met
[18:59:38] [INFO] Skipping recipe theurgy:liquefaction/alchemical_sulfur_calorite_from_ores_calorite, conditions not met
[18:59:38] [INFO] Skipping recipe theurgy:reformation/alchemical_sulfur_skyroot_from_alchemical_niter_logs_abundant, conditions not met
[18:59:38] [INFO] Skipping recipe mekanism:compat/biomesoplenty/sawing/pressure_plate/palm, conditions not met
[18:59:38] [INFO] Skipping recipe bibliowoods:color/white/wood/deep_aether_sunroot/tall_seat_back, conditions not met
[18:59:38] [INFO] Skipping recipe mysticalagriculture:seed/crafting/saltpeter, conditions not met
[18:59:38] [INFO] Skipping recipe bibliobiomes:color/cyan/wood/biomesoplenty_redwood/fancy_seat_back, conditions not met
[18:59:38] [INFO] Skipping recipe bibliowoods:color/lime/wood/extradelight_cinnamon/flat_seat_back, conditions not met
[18:59:38] [INFO] Skipping recipe productivebees:alchemistry/combiner/krypton_bee, conditions not met
[18:59:38] [INFO] Skipping recipe bibliobiomes:color/brown/wood/biomesoplenty_palm/seat, conditions not met
[18:59:38] [INFO] Skipping recipe bibliobiomes:color/yellow/wood/biomesoplenty_jacaranda/small_seat_back, conditions not met
[18:59:38] [INFO] Skipping recipe bibliobiomes:color/blue/wood/biomesoplenty_pine/flat_seat_back, conditions not met
[18:59:38] [INFO] Skipping recipe farmingforblockheads:market/byg/redwood_sapling, conditions not met
[18:59:38] [INFO] Skipping recipe bibliobiomes:color/gray/wood/biomesoplenty_redwood/display_case, conditions not met
[18:59:38] [INFO] Skipping recipe mekmm:compat/evolvedmekanism/factory/dense/crystallizing, conditions not met
[18:59:38] [INFO] Skipping recipe bibliowoods:wood/werewolves_jacaranda/table, conditions not met
[18:59:38] [INFO] Skipping recipe bibliowoods:color/cyan/wood/mynethersdelight_powdery/seat, conditions not met
[18:59:38] [INFO] Skipping recipe bibliowoods:wood/werewolves_magic/grandfather_clock, conditions not met
[18:59:38] [INFO] Skipping recipe allthemodium:melting/salvage/vibranium/vibranium_from_boots, conditions not met
[18:59:38] [INFO] Skipping recipe megacells:cells/standard/experience_storage_cell_4m_disassembly, conditions not met
[18:59:38] [INFO] Skipping recipe farmingforblockheads:market/croptopia/saguaro_seed, conditions not met
[18:59:38] [INFO] Skipping recipe bibliobiomes:color/cyan/wood/biomesoplenty_palm/flat_seat_back, conditions not met
[18:59:38] [INFO] Skipping recipe productivebees:expansion_boxes/expansion_box_biomesoplenty_fir, conditions not met
[18:59:38] [INFO] Skipping recipe farmingforblockheads:market/thermal/rice_seeds, conditions not met
[18:59:38] [INFO] Skipping recipe bibliowoods:color/light_blue/wood/mynethersdelight_powdery/small_seat_back, conditions not met
[18:59:38] [INFO] Skipping recipe bibliobiomes:color/brown/wood/biomesoplenty_jacaranda/small_seat_back, conditions not met
[18:59:38] [INFO] Skipping recipe productivebees:bee_breeding/atm/allthemodium_bee, conditions not met
[18:59:38] [INFO] Skipping recipe bibliobiomes:color/green/wood/biomesoplenty_pine/tall_seat_back, conditions not met
[18:59:38] [INFO] Skipping recipe mysticalagriculture:seed/reprocessor/neutronium, conditions not met
[18:59:38] [INFO] Skipping recipe farmingforblockheads:market/tropicraft/orchid, conditions not met
[18:59:38] [INFO] Skipping recipe bibliobiomes:color/brown/wood/biomesoplenty_jacaranda/fancy_seat_back, conditions not met
[18:59:38] [INFO] Skipping recipe bibliowoods:wood/extradelight_cinnamon/bookcase, conditions not met
[18:59:38] [INFO] Skipping recipe bibliowoods:color/light_blue/wood/mynethersdelight_powdery/fancy_seat_back, conditions not met
[18:59:38] [INFO] Skipping recipe bibliobiomes:color/pink/wood/biomesoplenty_maple/display_case, conditions not met
[18:59:38] [INFO] Skipping recipe mysticalagriculture:seed/crafting/lapis_lazuli, conditions not met
[18:59:38] [INFO] Skipping recipe create:pressing/compat/betterendforge/chorus_nylium_path, conditions not met
[18:59:38] [INFO] Skipping recipe farmingforblockheads:market/byg/brown_birch_sapling, conditions not met
[18:59:38] [INFO] Skipping recipe farmingforblockheads:market/byg/prairie_grass, conditions not met
[18:59:38] [INFO] Skipping recipe bibliobiomes:color/black/wood/biomesoplenty_willow/raised_seat_back, conditions not met
[18:59:38] [INFO] Skipping recipe bibliobiomes:color/green/wood/biomesoplenty_hellbark/tall_seat_back, conditions not met
[18:59:38] [INFO] Skipping recipe reliquary:chelicerae, conditions not met
[18:59:38] [INFO] Skipping recipe bibliowoods:color/blue/wood/extradelight_fruit/raised_seat_back, conditions not met
[18:59:38] [INFO] Skipping recipe farmingforblockheads:market/theabyss/rub_shroom, conditions not met
[18:59:38] [INFO] Skipping recipe bibliowoods:color/yellow/wood/werewolves_magic/raised_seat_back, conditions not met
[18:59:38] [INFO] Skipping recipe pneumaticcraft:block_heat_properties/quark/blaze_lantern, conditions not met
[18:59:38] [INFO] Skipping recipe productivebees:tconstruct/cobalt_bee_no_tinker, conditions not met
[18:59:38] [INFO] Skipping recipe bibliowoods:color/cyan/wood/cobblemon_apricorn/fancy_seat_back, conditions not met
[18:59:38] [INFO] Skipping recipe bibliowoods:wood/vampirism_dark_spruce/table, conditions not met
[18:59:38] [INFO] Skipping recipe farmingforblockheads:market/buzzier_bees/buttercup, conditions not met
[18:59:38] [INFO] Skipping recipe bibliobiomes:wood/biomesoplenty_redwood/label, conditions not met
[18:59:38] [INFO] Skipping recipe mekanism:compat/biomesoplenty/sawing/fence_gate/dead, conditions not met
[18:59:38] [INFO] Skipping recipe farmingforblockheads:market/biomeswevegone/pink_cherry_sapling, conditions not met
[18:59:38] [INFO] Skipping recipe bibliobiomes:color/white/wood/biomesoplenty_palm/flat_seat_back, conditions not met
[18:59:38] [INFO] Skipping recipe bibliobiomes:color/light_blue/wood/biomesoplenty_dead/flat_seat_back, conditions not met
[18:59:38] [INFO] Skipping recipe productivebees:centrifuge/gems/honeycomb_chrysoprase, conditions not met
[18:59:38] [INFO] Skipping recipe bibliobiomes:color/white/wood/biomesoplenty_maple/seat, conditions not met
[18:59:38] [INFO] Skipping recipe mekmm:compat/evolvedmekanism/factory/creative/chemical_infusing, conditions not met
[18:59:38] [INFO] Skipping recipe mysticalagriculture:seed/infusion/manyullyn, conditions not met
[18:59:38] [INFO] Skipping recipe mekmm:compat/evolvedmekanism/factory/quantum/crystallizing, conditions not met
[18:59:38] [INFO] Skipping recipe farmingforblockheads:market/byg/pink_allium_flower_bush, conditions not met
[18:59:38] [INFO] Skipping recipe bibliobiomes:color/white/wood/biomesoplenty_jacaranda/fancy_seat_back, conditions not met
[18:59:38] [INFO] Skipping recipe advanced_ae:quantummultithreader, conditions not met
[18:59:38] [INFO] Skipping recipe generatorgalore:64x/iron_generator_64x, conditions not met
[18:59:38] [INFO] Skipping recipe productivebees:bee_produce/l2hostility/miracle_bee, conditions not met
[18:59:38] [INFO] Skipping recipe bibliobiomes:color/orange/wood/biomesoplenty_redwood/flat_seat_back, conditions not met
[18:59:38] [INFO] Skipping recipe bibliowoods:color/green/wood/deep_aether_cruderoot/flat_seat_back, conditions not met
[18:59:38] [INFO] Skipping recipe bibliobiomes:color/cyan/wood/biomesoplenty_redwood/seat, conditions not met
[18:59:38] [INFO] Skipping recipe cataclysm:stonecutting/stone_tile_slab_from_stonecutting, no type defined
[18:59:38] [INFO] Skipping recipe bibliobiomes:color/red/wood/biomesoplenty_mahogany/small_seat_back, conditions not met
[18:59:38] [INFO] Skipping recipe supplementaries:way_sign_oak/eternal_starlight/jinglestem, conditions not met
[18:59:38] [INFO] Skipping recipe bibliobiomes:color/pink/wood/biomesoplenty_palm/tall_seat_back, conditions not met
[18:59:38] [INFO] Skipping recipe bibliobiomes:color/gray/wood/biomesoplenty_willow/tall_seat_back, conditions not met
[18:59:38] [INFO] Skipping recipe farmingforblockheads:market/simplefarming/radish_seeds, conditions not met
[18:59:38] [INFO] Skipping recipe bibliobiomes:color/pink/wood/biomesoplenty_jacaranda/flat_seat_back, conditions not met
[18:59:38] [INFO] Skipping recipe mysticalagriculture:seed/infusion/neutronium, conditions not met
[18:59:38] [INFO] Skipping recipe bibliobiomes:color/orange/wood/biomesoplenty_umbran/flat_seat_back, conditions not met
[18:59:38] [INFO] Skipping recipe bibliowoods:color/gray/wood/butchercraft_barn_wood/flat_seat_back, conditions not met
[18:59:38] [INFO] Skipping recipe theurgy:reformation/alchemical_sulfur_dusk_from_alchemical_sulfurs_logs_abundant, conditions not met
[18:59:38] [INFO] Skipping recipe create:milling/compat/atmospheric/forsythia, conditions not met
[18:59:38] [INFO] Skipping recipe mysticalagriculture:seed/crafting/tin, conditions not met
[18:59:38] [INFO] Skipping recipe productivebees:bee_conversion/tetra/geode_bee_from_pristine_emerald, conditions not met
[18:59:38] [INFO] Skipping recipe supplementaries:way_sign_oak/biomeswevegone/white_mangrove, conditions not met
[18:59:38] [INFO] Skipping recipe supplementaries:sconce_nether_brass, conditions not met
[18:59:38] [INFO] Skipping recipe reliquary:squid_beak, conditions not met
[18:59:38] [INFO] Skipping recipe productivebees:expansion_boxes/expansion_box_atmospheric_kousa, conditions not met
[18:59:38] [INFO] Skipping recipe productivebees:bee_produce/gems/black_opal_bee, conditions not met
[18:59:38] [INFO] Skipping recipe bibliowoods:color/brown/wood/deep_aether_cruderoot/raised_seat_back, conditions not met
[18:59:38] [INFO] Skipping recipe bibliowoods:color/pink/wood/deep_aether_sunroot/small_seat_back, conditions not met
[18:59:38] [INFO] Skipping recipe bibliowoods:color/blue/wood/deep_aether_cruderoot/small_seat_back, conditions not met
[18:59:38] [INFO] Skipping recipe farmingforblockheads:market/thermal/onion_seeds, conditions not met
[18:59:38] [INFO] Skipping recipe bibliowoods:color/blue/wood/mynethersdelight_powdery/tall_seat_back, conditions not met
[18:59:38] [INFO] Skipping recipe bibliobiomes:color/white/wood/biomesoplenty_hellbark/seat, conditions not met
[18:59:38] [INFO] Skipping recipe bibliobiomes:color/light_gray/wood/biomesoplenty_umbran/small_seat_back, conditions not met
[18:59:38] [INFO] Skipping recipe productivebees:bee_produce/chemlib/berkelium_bee, conditions not met
[18:59:38] [INFO] Skipping recipe bibliobiomes:color/yellow/wood/biomesoplenty_dead/flat_seat_back, conditions not met
[18:59:38] [INFO] Skipping recipe allthemodium:melting/allthemodium_from_raw_ore, conditions not met
[18:59:38] [INFO] Skipping recipe productivebees:bee_produce/chemlib/promethium_bee, conditions not met
[18:59:38] [INFO] Skipping recipe bibliowoods:color/yellow/wood/vampirism_dark_spruce/raised_seat_back, conditions not met
[18:59:38] [INFO] Skipping recipe bibliowoods:color/brown/wood/extradelight_fruit/display_case, conditions not met
[18:59:38] [INFO] Skipping recipe productivebees:hives/advanced_biomesoplenty_magic_beehive_clear, conditions not met
[18:59:38] [INFO] Skipping recipe supplementaries:way_sign_oak/productivetrees/blue_yonder, conditions not met
[18:59:38] [INFO] Skipping recipe bibliobiomes:color/green/wood/biomesoplenty_redwood/fancy_seat_back, conditions not met
[18:59:38] [INFO] Skipping recipe productivebees:tconstruct/honeycomb/cobalt, conditions not met
[18:59:38] [INFO] Skipping recipe bibliowoods:color/brown/wood/gtceu_rubber/raised_seat_back, conditions not met
[18:59:38] [INFO] Skipping recipe bibliobiomes:color/pink/wood/biomesoplenty_empyreal/tall_seat_back, conditions not met
[18:59:38] [INFO] Skipping recipe ae2:matter_cannon/nuggets/bismuth, conditions not met
[18:59:38] [INFO] Skipping recipe bibliobiomes:color/brown/wood/biomesoplenty_jacaranda/flat_seat_back, conditions not met
[18:59:38] [INFO] Skipping recipe theurgy:reformation/alchemical_sulfur_glimmering_dreamwood_from_alchemical_sulfurs_logs_abundant, conditions not met
[18:59:38] [INFO] Skipping recipe supplementaries:way_sign_oak/productivetrees/cave_dweller, conditions not met
[18:59:38] [INFO] Skipping recipe bibliobiomes:color/gray/wood/biomesoplenty_hellbark/small_seat_back, conditions not met
[18:59:38] [INFO] Skipping recipe bibliowoods:color/lime/wood/extradelight_fruit/small_seat_back, conditions not met
[18:59:38] [INFO] Skipping recipe productivebees:bee_produce/chemlib/barium_bee, conditions not met
[18:59:38] [INFO] Skipping recipe bibliobiomes:wood/biomesoplenty_fir/fancy_clock, conditions not met
[18:59:38] [INFO] Skipping recipe bibliowoods:color/orange/wood/cobblemon_apricorn/flat_seat_back, conditions not met
[18:59:38] [INFO] Skipping recipe bibliowoods:color/cyan/wood/vampirism_dark_spruce/display_case, conditions not met
[18:59:38] [INFO] Skipping recipe bibliowoods:color/pink/wood/mynethersdelight_powdery/display_case, conditions not met
[18:59:38] [INFO] Skipping recipe farmingforblockheads:market/betterendforge/small_amaranita_mushroom, conditions not met
[18:59:38] [INFO] Skipping recipe bibliowoods:wood/werewolves_jacaranda/fancy_armor_stand, conditions not met
[18:59:38] [INFO] Skipping recipe bibliobiomes:color/cyan/wood/biomesoplenty_maple/flat_seat_back, conditions not met
[18:59:38] [INFO] Skipping recipe supplementaries:way_sign_oak/productivetrees/banana, conditions not met
[18:59:38] [INFO] Skipping recipe productivebees:bee_breeding/chemlib/boron_bee, conditions not met
[18:59:38] [INFO] Skipping recipe immersiveengineering:metalpress/rod_tungsten, conditions not met
[18:59:38] [INFO] Skipping recipe bibliobiomes:color/brown/wood/biomesoplenty_willow/display_case, conditions not met
[18:59:38] [INFO] Skipping recipe productivebees:centrifuge/thermal/honeycomb_resonant_ender, conditions not met
[18:59:38] [INFO] Skipping recipe bibliobiomes:color/light_blue/wood/biomesoplenty_mahogany/display_case, conditions not met
[18:59:38] [INFO] Skipping recipe bibliowoods:color/light_blue/wood/expandeddelight_cinnamon/fancy_seat_back, conditions not met
[18:59:38] [INFO] Skipping recipe productivebees:bee_conversion/gems/moonstone_bee, conditions not met
[18:59:38] [INFO] Skipping recipe productivebees:bee_produce/spirit/spirit_bee, conditions not met
[18:59:38] [INFO] Skipping recipe allthemodium:casting/vibranium_ingot, conditions not met
[18:59:38] [INFO] Skipping recipe farmingforblockheads:market/biomesoplenty/hellbark_sapling, conditions not met
[18:59:38] [INFO] Skipping recipe theurgy:reformation/alchemical_sulfur_mustard_from_alchemical_niter_crops_abundant, conditions not met
[18:59:38] [INFO] Skipping recipe bibliowoods:color/orange/wood/gtceu_treated_wood/display_case, conditions not met
[18:59:38] [INFO] Skipping recipe bibliowoods:color/pink/wood/deep_aether_cruderoot/small_seat_back, conditions not met
[18:59:38] [INFO] Skipping recipe bibliobiomes:color/light_gray/wood/biomesoplenty_willow/seat, conditions not met
[18:59:38] [INFO] Skipping recipe supplementaries:way_sign_oak/undergarden/smogstem, conditions not met
[18:59:38] [INFO] Skipping recipe productivebees:block_conversion/thermal/ice_to_blue_ice, conditions not met
[18:59:38] [INFO] Skipping recipe bibliobiomes:color/cyan/wood/biomesoplenty_hellbark/fancy_seat_back, conditions not met
[18:59:38] [INFO] Skipping recipe mysticalagradditions:essence/neutron_nugget, conditions not met
[18:59:38] [INFO] Skipping recipe bibliowoods:color/lime/wood/deep_aether_roseroot/raised_seat_back, conditions not met
[18:59:38] [INFO] Skipping recipe bibliobiomes:color/green/wood/biomesoplenty_umbran/display_case, conditions not met
[18:59:38] [INFO] Skipping recipe productivebees:bee_produce/chemlib/seaborgium_bee, conditions not met
[18:59:38] [INFO] Skipping recipe bibliobiomes:color/pink/wood/biomesoplenty_pine/flat_seat_back, conditions not met
[18:59:38] [INFO] Skipping recipe create_aquatic_ambitions:channeling/upgrade_aquatic/silk_coral, conditions not met
[18:59:38] [INFO] Skipping recipe megacells:cells/standard/mana_storage_cell_256m_with_housing, conditions not met
[18:59:38] [INFO] Skipping recipe dyenamics:thermal/centrifuge/mint_rockwool, conditions not met
[18:59:38] [INFO] Skipping recipe create:milling/compat/botania/light_gray_petal, conditions not met
[18:59:38] [INFO] Skipping recipe productivemetalworks:melting/geore/topaz_block, conditions not met
[18:59:38] [INFO] Skipping recipe bibliobiomes:color/magenta/wood/biomesoplenty_umbran/seat, conditions not met
[18:59:38] [INFO] Skipping recipe bibliowoods:color/cyan/wood/deep_aether_cruderoot/display_case, conditions not met
[18:59:38] [INFO] Skipping recipe bibliowoods:color/white/wood/cobblemon_apricorn/fancy_seat_back, conditions not met
[18:59:38] [INFO] Skipping recipe bibliowoods:color/black/wood/cobblemon_apricorn/tall_seat_back, conditions not met
[18:59:38] [INFO] Skipping recipe bibliowoods:color/light_gray/wood/deep_aether_cruderoot/seat, conditions not met
[18:59:38] [INFO] Skipping recipe bibliobiomes:color/magenta/wood/biomesoplenty_redwood/raised_seat_back, conditions not met
[18:59:38] [INFO] Skipping recipe mekanism:compat/biomesoplenty/sawing/chest_boat/fir, conditions not met
[18:59:38] [INFO] Skipping recipe reliquary:alkahestry/crafting/clay, conditions not met
[18:59:38] [INFO] Skipping recipe supplementaries:way_sign_oak/productivetrees/ipe, conditions not met
[18:59:38] [INFO] Skipping recipe bibliowoods:color/cyan/wood/gtceu_treated_wood/small_seat_back, conditions not met
[18:59:38] [INFO] Skipping recipe farmingforblockheads:market/byg/magenta_tulip, conditions not met
[18:59:38] [INFO] Skipping recipe farmingforblockheads:market/croptopia/kiwi_seed, conditions not met
[18:59:38] [INFO] Skipping recipe productivemetalworks:casting/nuggets/ftbmaterials/bronze, conditions not met
[18:59:38] [INFO] Skipping recipe bibliowoods:color/light_blue/wood/mynethersdelight_powdery/raised_seat_back, conditions not met
[18:59:38] [INFO] Skipping recipe supplementaries:way_sign_oak/regions_unexplored/socotra, conditions not met
[18:59:38] [INFO] Skipping recipe productivemetalworks:casting/ingots/ftbmaterials/refined_glowstone, conditions not met
[18:59:38] [INFO] Skipping recipe bibliobiomes:color/yellow/wood/biomesoplenty_willow/raised_seat_back, conditions not met
[18:59:38] [INFO] Skipping recipe createaddition:compat/tconstruct/hepatizon, conditions not met
[18:59:38] [INFO] Skipping recipe reliquary:alkahestry/crafting/nether_star, conditions not met
[18:59:38] [INFO] Skipping recipe supplementaries:way_sign_oak/twilightforest/twilight_oak, conditions not met
[18:59:38] [INFO] Skipping recipe theurgy:incubation/logs_timewood_from_alchemical_sulfur_timewood, conditions not met
[18:59:38] [INFO] Skipping recipe productivebees:centrifuge/gems/honeycomb_tektite, conditions not met
[18:59:38] [INFO] Skipping recipe bibliowoods:color/black/wood/deep_aether_roseroot/raised_seat_back, conditions not met
[18:59:38] [INFO] Skipping recipe productivebees:bee_produce/chemlib/holmium_bee, conditions not met
[18:59:38] [INFO] Skipping recipe bibliowoods:color/brown/wood/mynethersdelight_powdery/display_case, conditions not met
[18:59:38] [INFO] Skipping recipe farmingforblockheads:market/croptopia/strawberry_seed, conditions not met
[18:59:38] [INFO] Skipping recipe bibliowoods:color/orange/wood/deep_aether_sunroot/tall_seat_back, conditions not met
[18:59:38] [INFO] Skipping recipe productivebees:astralsorcery/rock_crystal_bee, conditions not met
[18:59:38] [INFO] Skipping recipe productivebees:bee_conversion/chemlib/iodine_bee, conditions not met
[18:59:38] [INFO] Recipe deeperdarker:resonarium_hoe_smithing[minecraft:smithing_transform] failed to parse due to an error on component: Failed to read required component 'template: ingredient' - java.lang.IllegalStateException: Failed to parse either. First: Item array cannot be empty, at least one item must be defined; Second: Not a JSON object: []
[18:59:38] [INFO] Skipping recipe bibliobiomes:wood/biomesoplenty_hellbark/label, conditions not met
[18:59:38] [INFO] Skipping recipe productivebees:bee_conversion/elementalcraft/inert_crystal_bee, conditions not met
[18:59:38] [INFO] Skipping recipe bibliowoods:color/red/wood/werewolves_magic/seat, conditions not met
[18:59:38] [INFO] Skipping recipe bibliowoods:color/orange/wood/butchercraft_barn_wood/display_case, conditions not met
[18:59:38] [INFO] Skipping recipe bibliowoods:color/purple/wood/werewolves_jacaranda/flat_seat_back, conditions not met
[18:59:38] [INFO] Skipping recipe farmingforblockheads:market/croptopia/leek_seed, conditions not met
[18:59:38] [INFO] Skipping recipe bibliobiomes:color/yellow/wood/biomesoplenty_umbran/fancy_seat_back, conditions not met
[18:59:38] [INFO] Skipping recipe create:crushing/compat/biomeswevegone/anthracite_ore, conditions not met
[18:59:38] [INFO] Skipping recipe farmingforblockheads:market/thermal/peanut_seeds, conditions not met
[18:59:38] [INFO] Skipping recipe productivebees:alchemistry/combiner/tennessine_bee, conditions not met
[18:59:38] [INFO] Skipping recipe advanced_ae:largeappupgrade, conditions not met
[18:59:38] [INFO] Skipping recipe productivebees:thermal/machine/smelter/dragonsteel_bee, conditions not met
[18:59:38] [INFO] Skipping recipe bibliowoods:color/blue/wood/mynethersdelight_powdery/display_case, conditions not met
[18:59:38] [INFO] Skipping recipe bibliowoods:color/light_gray/wood/extradelight_fruit/raised_seat_back, conditions not met
[18:59:38] [INFO] Skipping recipe bibliobiomes:color/green/wood/biomesoplenty_willow/small_seat_back, conditions not met
[18:59:38] [INFO] Skipping recipe productivebees:alchemistry/combiner/terbium_bee, conditions not met
[18:59:38] [INFO] Skipping recipe bibliobiomes:color/white/wood/biomesoplenty_fir/display_case, conditions not met
[18:59:38] [INFO] Skipping recipe bibliowoods:color/orange/wood/deep_aether_yagroot/flat_seat_back, conditions not met
[18:59:38] [INFO] Skipping recipe bibliowoods:color/light_gray/wood/gtceu_rubber/flat_seat_back, conditions not met
[18:59:38] [INFO] Skipping recipe bibliobiomes:color/red/wood/biomesoplenty_mahogany/raised_seat_back, conditions not met
[18:59:38] [INFO] Skipping recipe bibliowoods:color/magenta/wood/werewolves_jacaranda/small_seat_back, conditions not met
[18:59:38] [INFO] Skipping recipe bibliowoods:color/red/wood/butchercraft_barn_wood/display_case, conditions not met
[18:59:38] [INFO] Skipping recipe theurgy:liquefaction/alchemical_sulfur_minewood_from_logs_minewood, conditions not met
[18:59:38] [INFO] Skipping recipe bibliowoods:wood/deep_aether_cruderoot/fancy_crafter, conditions not met
[18:59:38] [INFO] Skipping recipe supplementaries:way_sign_oak/minecraft/mangrove, conditions not met
[18:59:38] [INFO] Skipping recipe bibliowoods:color/blue/wood/extradelight_cinnamon/fancy_seat_back, conditions not met
[18:59:38] [INFO] Skipping recipe bibliobiomes:color/pink/wood/biomesoplenty_hellbark/small_seat_back, conditions not met
[18:59:38] [INFO] Skipping recipe bibliobiomes:color/blue/wood/biomesoplenty_willow/flat_seat_back, conditions not met
[18:59:38] [INFO] Skipping recipe farmingforblockheads:market/byg/weeping_milkcap, conditions not met
[18:59:38] [INFO] Skipping recipe farmingforblockheads:market/byg/holly_sapling, conditions not met
[18:59:38] [INFO] Skipping recipe bibliowoods:wood/expandeddelight_cinnamon/tool_rack, conditions not met
[18:59:38] [INFO] Skipping recipe bibliowoods:color/orange/wood/extradelight_cinnamon/fancy_seat_back, conditions not met
[18:59:38] [INFO] Skipping recipe bibliowoods:color/black/wood/werewolves_jacaranda/fancy_seat_back, conditions not met
[18:59:38] [INFO] Skipping recipe bibliowoods:color/blue/wood/cobblemon_apricorn/raised_seat_back, conditions not met
[18:59:38] [INFO] Skipping recipe bibliowoods:color/light_gray/wood/butchercraft_barn_wood/seat, conditions not met
[18:59:38] [INFO] Skipping recipe productivebees:bee_conversion/gems/agate_bee, conditions not met
[18:59:38] [INFO] Skipping recipe bibliobiomes:color/pink/wood/biomesoplenty_pine/display_case, conditions not met
[18:59:38] [INFO] Skipping recipe mysticalagriculture:seed/reprocessor/pig_iron, conditions not met
[18:59:38] [INFO] Skipping recipe productivebees:block_conversion/astralsorcery/stone_to_rock_crystal_ore, conditions not met
[18:59:38] [INFO] Skipping recipe bibliobiomes:color/light_blue/wood/biomesoplenty_redwood/seat, conditions not met
[18:59:38] [INFO] Skipping recipe bibliowoods:color/blue/wood/expandeddelight_cinnamon/seat, conditions not met
[18:59:38] [INFO] Skipping recipe theurgy:reformation/alchemical_sulfur_crystallized_from_alchemical_niter_logs_abundant, conditions not met
[18:59:38] [INFO] Skipping recipe bibliowoods:color/cyan/wood/vampirism_dark_spruce/small_seat_back, conditions not met
[18:59:38] [INFO] Skipping recipe theurgy:reformation/alchemical_sulfur_vanilla_from_alchemical_sulfurs_crops_abundant, conditions not met
[18:59:38] [INFO] Skipping recipe bibliobiomes:color/orange/wood/biomesoplenty_umbran/seat, conditions not met
[18:59:38] [INFO] Skipping recipe mekanism:compat/biomesoplenty/sawing/pressure_plate/redwood, conditions not met
[18:59:38] [INFO] Skipping recipe productivebees:bee_produce/chemlib/phosphorus_bee, conditions not met
[18:59:38] [INFO] Skipping recipe farmingforblockheads:market/byg/ether_sapling, conditions not met
[18:59:38] [INFO] Skipping recipe bibliowoods:color/blue/wood/extradelight_fruit/fancy_seat_back, conditions not met
[18:59:38] [INFO] Skipping recipe supplementaries:way_sign_oak/biomeswevegone/green_enchanted, conditions not met
[18:59:38] [INFO] Skipping recipe bibliowoods:color/light_blue/wood/gtceu_rubber/raised_seat_back, conditions not met
[18:59:38] [INFO] Skipping recipe bibliobiomes:wood/biomesoplenty_magic/potion_shelf, conditions not met
[18:59:38] [INFO] Skipping recipe mekanism:compat/biomesoplenty/pigment_extracting/red, conditions not met
[18:59:38] [INFO] Skipping recipe supplementaries:way_sign_oak/productivetrees/yellow_meranti, conditions not met
[18:59:38] [INFO] Skipping recipe allthemodium:melting/vibranium_from_dust, conditions not met
[18:59:38] [INFO] Skipping recipe theurgy:reformation/alchemical_sulfur_redwood_from_alchemical_sulfurs_logs_abundant, conditions not met
[18:59:38] [INFO] Skipping recipe bibliobiomes:wood/biomesoplenty_fir/potion_shelf, conditions not met
[18:59:38] [INFO] Skipping recipe bibliobiomes:color/green/wood/biomesoplenty_maple/small_seat_back, conditions not met
[18:59:38] [INFO] Skipping recipe bibliobiomes:color/gray/wood/biomesoplenty_magic/flat_seat_back, conditions not met
[18:59:38] [INFO] Skipping recipe bibliowoods:color/light_blue/wood/deep_aether_yagroot/display_case, conditions not met
[18:59:38] [INFO] Skipping recipe productivebees:centrifuge/gems/honeycomb_spinel, conditions not met
[18:59:38] [INFO] Skipping recipe bibliowoods:color/magenta/wood/gtceu_treated_wood/raised_seat_back, conditions not met
[18:59:38] [INFO] Skipping recipe productivemetalworks:melting/geore/quartz_block, conditions not met
[18:59:38] [INFO] Skipping recipe productivebees:bee_conversion/tetra/geode_bee_from_pristine_amethyst, conditions not met
[18:59:38] [INFO] Skipping recipe bibliowoods:color/brown/wood/extradelight_cinnamon/tall_seat_back, conditions not met
[18:59:38] [INFO] Skipping recipe create:filling/compat/vampirism/cursed_grass, conditions not met
[18:59:38] [INFO] Skipping recipe farmingforblockheads:market/simplefarming/spinach_seeds, conditions not met
[18:59:38] [INFO] Skipping recipe bibliobiomes:color/lime/wood/biomesoplenty_dead/seat, conditions not met
[18:59:38] [INFO] Skipping recipe bibliobiomes:color/red/wood/biomesoplenty_jacaranda/seat, conditions not met
[18:59:38] [INFO] Skipping recipe productivebees:alchemistry/combiner/protactinium_bee, conditions not met
[18:59:38] [INFO] Skipping recipe theurgy:reformation/alchemical_sulfur_aurum_from_alchemical_sulfurs_logs_abundant, conditions not met
[18:59:38] [INFO] Skipping recipe bigreactors:reactor/reinforced/casing_upgrade_alt, conditions not met
[18:59:38] [INFO] Skipping recipe theurgy:reformation/alchemical_sulfur_netherwood_from_alchemical_niter_logs_abundant, conditions not met
[18:59:38] [INFO] Skipping recipe bibliobiomes:color/white/wood/biomesoplenty_maple/tall_seat_back, conditions not met
[18:59:38] [INFO] Skipping recipe productivebees:alchemistry/combiner/actinium_bee, conditions not met
[18:59:38] [INFO] Skipping recipe bibliowoods:color/light_gray/wood/gtceu_rubber/small_seat_back, conditions not met
[18:59:38] [INFO] Skipping recipe productivebees:bee_produce/elementalcraft/pure_crystal_bee, conditions not met
[18:59:38] [INFO] Skipping recipe bibliowoods:color/gray/wood/cobblemon_apricorn/seat, conditions not met
[18:59:38] [INFO] Skipping recipe create:smelting/lead_ingot_compat_oreganized, conditions not met
[18:59:38] [INFO] Skipping recipe theurgy:incubation/logs_starlit_from_alchemical_sulfur_starlit, conditions not met
[18:59:38] [INFO] Skipping recipe bibliowoods:color/lime/wood/butchercraft_barn_wood/flat_seat_back, conditions not met
[18:59:38] [INFO] Skipping recipe productivebees:tconstruct/hepatizon_bee, conditions not met
[18:59:38] [INFO] Skipping recipe occultism:crushing/tungsten_dirty_dust_from_clump, conditions not met
[18:59:38] [INFO] Skipping recipe bibliobiomes:wood/biomesoplenty_dead/potion_shelf, conditions not met
[18:59:38] [INFO] Skipping recipe productivebees:hives/advanced_upgrade_aquatic_river_beehive_clear, conditions not met
[18:59:38] [INFO] Skipping recipe bibliowoods:color/gray/wood/vampirism_cursed_spruce/flat_seat_back, conditions not met
[18:59:38] [INFO] Skipping recipe productivemetalworks:casting/gears/ftbmaterials/bronze, conditions not met
[18:59:38] [INFO] Skipping recipe theurgy:reformation/alchemical_sulfur_mahogany_from_alchemical_sulfurs_logs_abundant, conditions not met
[18:59:38] [INFO] Skipping recipe bibliobiomes:color/brown/wood/biomesoplenty_maple/small_seat_back, conditions not met
[18:59:38] [INFO] Skipping recipe bibliobiomes:color/lime/wood/biomesoplenty_umbran/tall_seat_back, conditions not met
[18:59:38] [INFO] Skipping recipe bibliowoods:color/brown/wood/deep_aether_conberry/tall_seat_back, conditions not met
[18:59:38] [INFO] Skipping recipe bibliowoods:wood/deep_aether_conberry/grandfather_clock, conditions not met
[18:59:38] [INFO] Skipping recipe create:crushing/compat/simplefarming/oat, conditions not met
[18:59:38] [INFO] Skipping recipe bibliowoods:color/magenta/wood/deep_aether_roseroot/fancy_seat_back, conditions not met
[18:59:38] [INFO] Skipping recipe bibliowoods:color/orange/wood/deep_aether_cruderoot/flat_seat_back, conditions not met
[18:59:38] [INFO] Skipping recipe farmingforblockheads:market/croptopia/chile_pepper_seed, conditions not met
[18:59:38] [INFO] Skipping recipe pylons:harvesting/vinery/taiga_grape_bush_white, conditions not met
[18:59:38] [INFO] Skipping recipe bibliowoods:color/gray/wood/expandeddelight_cinnamon/small_seat_back, conditions not met
[18:59:38] [INFO] Skipping recipe bibliowoods:wood/deep_aether_yagroot/fancy_clock, conditions not met
[18:59:38] [INFO] Skipping recipe farmingforblockheads:market/simplefarming/yam_seeds, conditions not met
[18:59:38] [INFO] Skipping recipe bibliowoods:color/green/wood/deep_aether_conberry/tall_seat_back, conditions not met
[18:59:38] [INFO] Skipping recipe bibliowoods:color/cyan/wood/deep_aether_roseroot/raised_seat_back, conditions not met
[18:59:38] [INFO] Skipping recipe allthemodium:tools/materials/vibranium/vibranium_from_ingot, conditions not met
[18:59:38] [INFO] Skipping recipe bibliobiomes:color/lime/wood/biomesoplenty_umbran/raised_seat_back, conditions not met
[18:59:38] [INFO] Skipping recipe bibliobiomes:color/blue/wood/biomesoplenty_empyreal/fancy_seat_back, conditions not met
[18:59:38] [INFO] Skipping recipe productivemetalworks:melting/gears/blaze_gold, conditions not met
[18:59:38] [INFO] Skipping recipe ae2:matter_cannon/nuggets/boron, conditions not met
[18:59:38] [INFO] Skipping recipe productivebees:bee_produce/gems/apatite_bee, conditions not met
[18:59:38] [INFO] Skipping recipe bibliowoods:color/cyan/wood/butchercraft_barn_wood/small_seat_back, conditions not met
[18:59:38] [INFO] Skipping recipe create:milling/compat/botania/gray_petal, conditions not met
[18:59:38] [INFO] Skipping recipe supplementaries:way_sign_oak/twilightforest/transformation, conditions not met
[18:59:38] [INFO] Skipping recipe productivebees:hives/advanced_biomesoplenty_hellbark_beehive_clear, conditions not met
[18:59:38] [INFO] Skipping recipe bibliowoods:color/light_blue/wood/extradelight_fruit/seat, conditions not met
[18:59:38] [INFO] Skipping recipe bibliobiomes:color/lime/wood/biomesoplenty_magic/fancy_seat_back, conditions not met
[18:59:38] [INFO] Skipping recipe bibliowoods:color/blue/wood/werewolves_magic/display_case, conditions not met
[18:59:38] [INFO] Skipping recipe allthemodium:casting/allthemodium_block, conditions not met
[18:59:38] [INFO] Skipping recipe allthemodium:melting/salvage/vibranium/vibranium_from_sword, conditions not met
[18:59:38] [INFO] Skipping recipe ae2:matter_cannon/nuggets/cesium, conditions not met
[18:59:38] [INFO] Skipping recipe bibliobiomes:color/blue/wood/biomesoplenty_magic/seat, conditions not met
[18:59:38] [INFO] Skipping recipe bibliowoods:color/brown/wood/extradelight_cinnamon/fancy_seat_back, conditions not met
[18:59:38] [INFO] Skipping recipe occultism:miner/ores/xpetrified_ore, conditions not met
[18:59:38] [INFO] Skipping recipe bibliowoods:wood/deep_aether_sunroot/fancy_crafter, conditions not met
[18:59:38] [INFO] Skipping recipe bibliowoods:color/cyan/wood/vampirism_cursed_spruce/tall_seat_back, conditions not met
[18:59:38] [INFO] Skipping recipe bibliobiomes:color/brown/wood/biomesoplenty_mahogany/display_case, conditions not met
[18:59:38] [INFO] Skipping recipe bibliobiomes:color/green/wood/biomesoplenty_umbran/tall_seat_back, conditions not met
[18:59:38] [INFO] Skipping recipe bibliowoods:color/lime/wood/deep_aether_conberry/tall_seat_back, conditions not met
[18:59:38] [INFO] Skipping recipe mysticalagradditions:tconstruct/casting/inferium/nugget_sand_cast, conditions not met
[18:59:38] [INFO] Skipping recipe farmingforblockheads:market/simplefarming/eggplant_seeds, conditions not met
[18:59:38] [INFO] Skipping recipe mekanism:compat/biomesoplenty/dye/large_purple, conditions not met
[18:59:38] [INFO] Skipping recipe bibliowoods:color/light_gray/wood/vampirism_dark_spruce/tall_seat_back, conditions not met
[18:59:38] [INFO] Skipping recipe mekanism:compat/biomeswevegone/dye/large_yellow, conditions not met
[18:59:38] [INFO] Skipping recipe mysticalagriculture:seed/crafting/soulium, conditions not met
[18:59:38] [INFO] Skipping recipe create:crushing/compat/silentgems/turquoise_nether_ore, conditions not met
[18:59:38] [INFO] Skipping recipe mysticalagriculture:seed/crafting/pig, conditions not met
[18:59:38] [INFO] Skipping recipe productivebees:bee_conversion/pokecube/spectrum_bee, conditions not met
[18:59:38] [INFO] Skipping recipe productivebees:bee_conversion/gems/sodalite_bee, conditions not met
[18:59:38] [INFO] Skipping recipe bibliobiomes:color/brown/wood/biomesoplenty_umbran/tall_seat_back, conditions not met
[18:59:38] [INFO] Skipping recipe bibliowoods:color/yellow/wood/mynethersdelight_powdery/flat_seat_back, conditions not met
[18:59:38] [INFO] Skipping recipe bibliowoods:wood/deep_aether_sunroot/fancy_armor_stand, conditions not met
[18:59:38] [INFO] Skipping recipe farmingforblockheads:market/byg/amaranth, conditions not met
[18:59:38] [INFO] Skipping recipe farmingforblockheads:market/simplefarming/peanut_seeds, conditions not met
[18:59:38] [INFO] Skipping recipe bibliowoods:color/black/wood/werewolves_jacaranda/display_case, conditions not met
[18:59:38] [INFO] Skipping recipe factory_blocks:mason_table_old, conditions not met
[18:59:38] [INFO] Skipping recipe supplementaries:way_sign_oak/productivetrees/apricot, conditions not met
[18:59:38] [INFO] Skipping recipe farmingforblockheads:market/fruitsdelight/persimmon_sapling, conditions not met
[18:59:38] [INFO] Skipping recipe bibliowoods:color/light_gray/wood/expandeddelight_cinnamon/tall_seat_back, conditions not met
[18:59:38] [INFO] Skipping recipe bibliowoods:color/light_gray/wood/werewolves_jacaranda/raised_seat_back, conditions not met
[18:59:38] [INFO] Skipping recipe gtceu:alloy_smelter/bauxite_bee, conditions not met
[18:59:38] [INFO] Skipping recipe bibliowoods:color/pink/wood/mynethersdelight_powdery/seat, conditions not met
[18:59:38] [INFO] Skipping recipe bibliowoods:color/lime/wood/vampirism_dark_spruce/small_seat_back, conditions not met
[18:59:38] [INFO] Skipping recipe theurgy:liquefaction/alchemical_sulfur_crystallized_from_logs_crystallized, conditions not met
[18:59:38] [INFO] Skipping recipe farmingforblockheads:market/nethers_delight/rich_soul_soil, conditions not met
[18:59:38] [INFO] Skipping recipe bibliowoods:wood/extradelight_cinnamon/tool_rack, conditions not met
[18:59:38] [INFO] Skipping recipe bibliowoods:wood/gtceu_rubber/tool_rack, conditions not met
[18:59:38] [INFO] Skipping recipe bibliobiomes:color/yellow/wood/biomesoplenty_maple/raised_seat_back, conditions not met
[18:59:38] [INFO] Skipping recipe bibliobiomes:color/purple/wood/biomesoplenty_magic/flat_seat_back, conditions not met
[18:59:38] [INFO] Skipping recipe productivebees:thermal/machine/smelter/twinite_bee, conditions not met
[18:59:38] [INFO] Skipping recipe bibliowoods:color/cyan/wood/deep_aether_roseroot/seat, conditions not met
[18:59:38] [INFO] Skipping recipe theurgy:liquefaction/alchemical_sulfur_cinnamon_from_logs_cinnamon, conditions not met
[18:59:38] [INFO] Skipping recipe bibliobiomes:color/purple/wood/biomesoplenty_hellbark/display_case, conditions not met
[18:59:38] [INFO] Skipping recipe bibliobiomes:color/purple/wood/biomesoplenty_umbran/raised_seat_back, conditions not met
[18:59:38] [INFO] Skipping recipe bibliobiomes:color/black/wood/biomesoplenty_willow/seat, conditions not met
[18:59:38] [INFO] Skipping recipe productivebees:expansion_boxes/expansion_box_biomesoplenty_redwood, conditions not met
[18:59:38] [INFO] Skipping recipe bibliobiomes:color/cyan/wood/biomesoplenty_fir/tall_seat_back, conditions not met
[18:59:38] [INFO] Skipping recipe farmingforblockheads:market/byg/torch_ginger, conditions not met
[18:59:38] [INFO] Skipping recipe bibliobiomes:color/purple/wood/biomesoplenty_hellbark/small_seat_back, conditions not met
[18:59:38] [INFO] Skipping recipe bibliowoods:color/orange/wood/butchercraft_barn_wood/flat_seat_back, conditions not met
[18:59:38] [INFO] Skipping recipe bibliobiomes:color/lime/wood/biomesoplenty_hellbark/seat, conditions not met
[18:59:38] [INFO] Skipping recipe mekanism:compat/biomeswevegone/pigment_extracting/large_blue, conditions not met
[18:59:38] [INFO] Skipping recipe bibliowoods:color/green/wood/gtceu_treated_wood/raised_seat_back, conditions not met
[18:59:38] [INFO] Skipping recipe supplementaries:way_sign_oak/regions_unexplored/pine, conditions not met
[18:59:38] [INFO] Skipping recipe pneumaticcraft:block_heat_properties/byg/cryptic_campfire, conditions not met
[18:59:38] [INFO] Skipping recipe productivebees:centrifuge/materials/honeycomb_plastic, conditions not met
[18:59:38] [INFO] Skipping recipe mekanism:compat/biomesoplenty/sawing/door/jacaranda, conditions not met
[18:59:38] [INFO] Skipping recipe create:filling/compat/neapolitan/milk_bottle, conditions not met
[18:59:38] [INFO] Skipping recipe productivebees:bee_breeding/chemlib/samarium_bee, conditions not met
[18:59:38] [INFO] Skipping recipe bibliobiomes:color/light_blue/wood/biomesoplenty_dead/fancy_seat_back, conditions not met
[18:59:38] [INFO] Skipping recipe occultism:crushing/amber_dust_from_gem, conditions not met
[18:59:38] [INFO] Skipping recipe bibliobiomes:color/magenta/wood/biomesoplenty_willow/fancy_seat_back, conditions not met
[18:59:38] [INFO] Skipping recipe bibliobiomes:color/light_gray/wood/biomesoplenty_magic/raised_seat_back, conditions not met
[18:59:38] [INFO] Skipping recipe productivebees:centrifuge/dusts/honeycomb_bismuth, conditions not met
[18:59:38] [INFO] Skipping recipe theurgy:reformation/alchemical_sulfur_dusk_from_alchemical_niter_logs_abundant, conditions not met
[18:59:38] [INFO] Skipping recipe bibliowoods:color/cyan/wood/werewolves_jacaranda/display_case, conditions not met
[18:59:38] [INFO] Skipping recipe bibliowoods:color/green/wood/werewolves_jacaranda/fancy_seat_back, conditions not met
[18:59:38] [INFO] Skipping recipe productivemetalworks:casting/gears/ftbmaterials/osmium, conditions not met
[18:59:38] [INFO] Skipping recipe bibliowoods:color/yellow/wood/butchercraft_barn_wood/tall_seat_back, conditions not met
[18:59:38] [INFO] Skipping recipe bibliobiomes:color/brown/wood/biomesoplenty_pine/tall_seat_back, conditions not met
[18:59:38] [INFO] Skipping recipe bibliowoods:color/pink/wood/vampirism_cursed_spruce/flat_seat_back, conditions not met
[18:59:38] [INFO] Skipping recipe supplementaries:way_sign_oak/productivetrees/buddhas_hand, conditions not met
[18:59:38] [INFO] Skipping recipe productivebees:bee_conversion/elementalcraft/water_crystal_bee, conditions not met
[18:59:38] [INFO] Skipping recipe mekanism:compat/biomesoplenty/sandstone_to_sand/black, conditions not met
[18:59:38] [INFO] Skipping recipe bibliowoods:color/cyan/wood/deep_aether_roseroot/small_seat_back, conditions not met
[18:59:38] [INFO] Skipping recipe bibliowoods:color/brown/wood/deep_aether_roseroot/flat_seat_back, conditions not met
[18:59:38] [INFO] Skipping recipe bibliowoods:color/cyan/wood/butchercraft_barn_wood/display_case, conditions not met
[18:59:38] [INFO] Skipping recipe productivebees:bee_produce/thermal/blitz_bee, conditions not met
[18:59:38] [INFO] Skipping recipe supplementaries:way_sign_oak/productivetrees/great_sallow, conditions not met
[18:59:38] [INFO] Skipping recipe bibliowoods:color/green/wood/deep_aether_roseroot/seat, conditions not met
[18:59:38] [INFO] Skipping recipe create:milling/compat/botania/black_petal, conditions not met
[18:59:38] [INFO] Skipping recipe bibliowoods:color/cyan/wood/butchercraft_barn_wood/flat_seat_back, conditions not met
[18:59:38] [INFO] Skipping recipe bibliowoods:color/orange/wood/extradelight_fruit/fancy_seat_back, conditions not met
[18:59:38] [INFO] Skipping recipe bibliobiomes:color/lime/wood/biomesoplenty_redwood/raised_seat_back, conditions not met
[18:59:38] [INFO] Skipping recipe bibliowoods:color/black/wood/deep_aether_roseroot/small_seat_back, conditions not met
[18:59:38] [INFO] Skipping recipe supplementaries:way_sign_oak/productivetrees/avocado, conditions not met
[18:59:38] [INFO] Skipping recipe supplementaries:way_sign_oak/regions_unexplored/mauve, conditions not met
[18:59:38] [INFO] Skipping recipe ae2:matter_cannon/nuggets/rhodium, conditions not met
[18:59:38] [INFO] Skipping recipe bibliowoods:color/light_gray/wood/werewolves_jacaranda/display_case, conditions not met
[18:59:38] [INFO] Skipping recipe productivemetalworks:melting/plates/crimson_steel, conditions not met
[18:59:38] [INFO] Skipping recipe theurgy:reformation/alchemical_sulfur_jacaranda_from_alchemical_niter_logs_abundant, conditions not met
[18:59:38] [INFO] Skipping recipe create:milling/compat/biomesoplenty/white_petals, conditions not met
[18:59:38] [INFO] Skipping recipe oritech:compat/energizedpower/assemblingmachine/batterybetter, conditions not met
[18:59:38] [INFO] Skipping recipe productivemetalworks:casting/gears/ftbmaterials/gold, conditions not met
[18:59:38] [INFO] Skipping recipe mekanism:compat/biomeswevegone/dye/large_magenta, conditions not met
[18:59:38] [INFO] Skipping recipe actuallyadditions:mininglens/elementsofpower/rubellite_ore, conditions not met
[18:59:38] [INFO] Skipping recipe farmingforblockheads:market/biomeswevegone/purple_bulbis_oddity, conditions not met
[18:59:38] [INFO] Skipping recipe bibliowoods:color/light_blue/wood/butchercraft_barn_wood/raised_seat_back, conditions not met
[18:59:38] [INFO] Skipping recipe productivebees:bee_breeding/eidolon/pewter_bee, conditions not met
[18:59:38] [INFO] Skipping recipe bibliowoods:color/black/wood/werewolves_magic/fancy_seat_back, conditions not met
[18:59:38] [INFO] Skipping recipe bibliobiomes:color/light_gray/wood/biomesoplenty_palm/small_seat_back, conditions not met
[18:59:38] [INFO] Skipping recipe bibliowoods:color/brown/wood/expandeddelight_cinnamon/flat_seat_back, conditions not met
[18:59:38] [INFO] Skipping recipe bibliowoods:color/gray/wood/deep_aether_sunroot/display_case, conditions not met
[18:59:38] [INFO] Skipping recipe farmingforblockheads:market/betterendforge/umbrella_tree_sapling, conditions not met
[18:59:38] [INFO] Skipping recipe bibliowoods:color/white/wood/deep_aether_sunroot/fancy_seat_back, conditions not met
[18:59:38] [INFO] Skipping recipe create:milling/compat/atmospheric/arid_sandstone, conditions not met
[18:59:38] [INFO] Skipping recipe bibliowoods:color/magenta/wood/werewolves_jacaranda/flat_seat_back, conditions not met
[18:59:38] [INFO] Skipping recipe bibliowoods:color/magenta/wood/extradelight_fruit/seat, conditions not met
[18:59:38] [INFO] Skipping recipe bibliobiomes:color/white/wood/biomesoplenty_dead/fancy_seat_back, conditions not met
[18:59:38] [INFO] Skipping recipe bibliowoods:color/white/wood/vampirism_dark_spruce/small_seat_back, conditions not met
[18:59:38] [INFO] Skipping recipe bibliowoods:color/cyan/wood/deep_aether_cruderoot/raised_seat_back, conditions not met
[18:59:38] [INFO] Skipping recipe bibliobiomes:color/magenta/wood/biomesoplenty_umbran/raised_seat_back, conditions not met
[18:59:38] [INFO] Skipping recipe create:pressing/compat/vampirism/cursed_earth_path, conditions not met
[18:59:38] [INFO] Skipping recipe bibliowoods:color/light_blue/wood/vampirism_cursed_spruce/tall_seat_back, conditions not met
[18:59:38] [INFO] Skipping recipe ae2:matter_cannon/nuggets/calcium, conditions not met
[18:59:38] [INFO] Skipping recipe bibliowoods:wood/vampirism_cursed_spruce/fancy_armor_stand, conditions not met
[18:59:38] [INFO] Skipping recipe supplementaries:way_sign_oak/productivetrees/flowering_crabapple, conditions not met
[18:59:38] [INFO] Skipping recipe bibliobiomes:color/orange/wood/biomesoplenty_hellbark/raised_seat_back, conditions not met
[18:59:38] [INFO] Skipping recipe bibliowoods:color/orange/wood/mynethersdelight_powdery/display_case, conditions not met
[18:59:38] [INFO] Skipping recipe cataclysm:stonecutting/purpur_wall_from_stonecutting, no type defined
[18:59:38] [INFO] Skipping recipe bibliowoods:color/orange/wood/butchercraft_barn_wood/seat, conditions not met
[18:59:38] [INFO] Skipping recipe farmingforblockheads:market/croptopia/greenbean_seed, conditions not met
[18:59:38] [INFO] Skipping recipe supplementaries:way_sign_oak/biomeswevegone/willow, conditions not met
[18:59:38] [INFO] Skipping recipe bibliowoods:wood/butchercraft_barn_wood/tool_rack, conditions not met
[18:59:38] [INFO] Skipping recipe theurgy:reformation/alchemical_sulfur_chile_pepper_from_alchemical_niter_crops_abundant, conditions not met
[18:59:38] [INFO] Skipping recipe bibliowoods:color/white/wood/gtceu_rubber/fancy_seat_back, conditions not met
[18:59:38] [INFO] Skipping recipe farmingforblockheads:market/fruitsdelight/fig_sapling, conditions not met
[18:59:38] [INFO] Skipping recipe bibliowoods:color/green/wood/werewolves_magic/fancy_seat_back, conditions not met
[18:59:38] [INFO] Skipping recipe createaddition:compat/tconstruct/blaze_blood, conditions not met
[18:59:38] [INFO] Skipping recipe mekanism:compat/biomeswevegone/pigment_extracting/light_blue, conditions not met
[18:59:38] [INFO] Skipping recipe create:splashing/endergetic/petrified_overworld_corrock, conditions not met
[18:59:38] [INFO] Skipping recipe bibliowoods:color/orange/wood/werewolves_jacaranda/seat, conditions not met
[18:59:38] [INFO] Skipping recipe create:crushing/compat/exnihilosequentia/dust, conditions not met
[18:59:38] [INFO] Skipping recipe bibliobiomes:color/black/wood/biomesoplenty_umbran/raised_seat_back, conditions not met
[18:59:38] [INFO] Skipping recipe bibliowoods:color/purple/wood/vampirism_dark_spruce/tall_seat_back, conditions not met
[18:59:38] [INFO] Skipping recipe bibliobiomes:color/magenta/wood/biomesoplenty_magic/fancy_seat_back, conditions not met
[18:59:38] [INFO] Skipping recipe bibliowoods:color/black/wood/butchercraft_barn_wood/raised_seat_back, conditions not met
[18:59:38] [INFO] Skipping recipe productivebees:bee_produce/chemlib/mercury_bee, conditions not met
[18:59:38] [INFO] Skipping recipe bibliowoods:color/gray/wood/deep_aether_conberry/fancy_seat_back, conditions not met
[18:59:38] [INFO] Skipping recipe farmingforblockheads:market/byg/cyan_tulip, conditions not met
[18:59:38] [INFO] Skipping recipe bibliowoods:color/cyan/wood/gtceu_treated_wood/display_case, conditions not met
[18:59:38] [INFO] Skipping recipe bibliowoods:color/magenta/wood/expandeddelight_cinnamon/flat_seat_back, conditions not met
[18:59:38] [INFO] Skipping recipe bibliobiomes:color/orange/wood/biomesoplenty_palm/seat, conditions not met
[18:59:38] [INFO] Skipping recipe createaddition:compat/jeed/shocking, conditions not met
[18:59:38] [INFO] Skipping recipe farmingforblockheads:market/tropicraft/dracaena, conditions not met
[18:59:38] [INFO] Skipping recipe bibliowoods:color/light_blue/wood/cobblemon_apricorn/fancy_seat_back, conditions not met
[18:59:38] [INFO] Skipping recipe productivebees:bee_breeding/alloys/enderium_bee, conditions not met
[18:59:38] [INFO] Skipping recipe productivebees:hives/advanced_biomesoplenty_umbran_beehive, conditions not met
[18:59:38] [INFO] Skipping recipe create:splashing/thermal/crushed_raw_tin, conditions not met
[18:59:38] [INFO] Skipping recipe create:splashing/oreganized/crushed_raw_lead, conditions not met
[18:59:38] [INFO] Skipping recipe bibliobiomes:color/green/wood/biomesoplenty_empyreal/small_seat_back, conditions not met
[18:59:38] [INFO] Skipping recipe productivebees:bee_produce/gtceu/realgar_bee, conditions not met
[18:59:38] [INFO] Skipping recipe bibliobiomes:color/white/wood/biomesoplenty_dead/flat_seat_back, conditions not met
[18:59:38] [INFO] Skipping recipe bibliowoods:color/yellow/wood/gtceu_treated_wood/seat, conditions not met
[18:59:38] [INFO] Skipping recipe create:milling/compat/botania/magenta_petal, conditions not met
[18:59:38] [INFO] Skipping recipe bigreactors:turbine/reinforced/casing_alt, conditions not met
[18:59:38] [INFO] Skipping recipe bibliobiomes:color/light_blue/wood/biomesoplenty_maple/small_seat_back, conditions not met
[18:59:38] [INFO] Skipping recipe enderdrives:ender_disk_16k_vanilla, conditions not met
[18:59:38] [INFO] Skipping recipe bibliowoods:color/yellow/wood/vampirism_dark_spruce/flat_seat_back, conditions not met
[18:59:38] [INFO] Skipping recipe bibliowoods:color/yellow/wood/deep_aether_conberry/small_seat_back, conditions not met
[18:59:38] [INFO] Skipping recipe productivebees:tconstruct/knightslime_bee, conditions not met
[18:59:38] [INFO] Skipping recipe farmingforblockheads:market/tropicraft/croton, conditions not met
[18:59:38] [INFO] Skipping recipe supplementaries:way_sign_oak/productivetrees/blue_mahoe, conditions not met
[18:59:38] [INFO] Skipping recipe bibliowoods:color/brown/wood/gtceu_treated_wood/raised_seat_back, conditions not met
[18:59:38] [INFO] Skipping recipe bibliobiomes:color/pink/wood/biomesoplenty_dead/tall_seat_back, conditions not met
[18:59:38] [INFO] Skipping recipe farmingforblockheads:market/biomesoplenty/lavender, conditions not met
[18:59:38] [INFO] Skipping recipe create:crushing/raw_quicksilver, conditions not met
[18:59:38] [INFO] Skipping recipe farmingforblockheads:market/theabyss/srala_shroom, conditions not met
[18:59:38] [INFO] Skipping recipe bibliobiomes:color/magenta/wood/biomesoplenty_fir/flat_seat_back, conditions not met
[18:59:38] [INFO] Skipping recipe bibliobiomes:color/light_blue/wood/biomesoplenty_umbran/tall_seat_back, conditions not met
[18:59:38] [INFO] Skipping recipe mysticalagriculture:seed/crafting/refined_obsidian, conditions not met
[18:59:38] [INFO] Skipping recipe bibliobiomes:color/orange/wood/biomesoplenty_jacaranda/tall_seat_back, conditions not met
[18:59:38] [INFO] Skipping recipe allthemodium:melting/salvage/allthemodium/allthemodium_from_boots, conditions not met
[18:59:38] [INFO] Skipping recipe bibliobiomes:color/light_gray/wood/biomesoplenty_willow/raised_seat_back, conditions not met
[18:59:38] [INFO] Skipping recipe theurgy:incubation/logs_smogstem_from_alchemical_sulfur_smogstem, conditions not met
[18:59:38] [INFO] Skipping recipe mysticalagriculture:seed/crafting/compressed_iron, conditions not met
[18:59:38] [INFO] Skipping recipe bibliobiomes:color/yellow/wood/biomesoplenty_fir/flat_seat_back, conditions not met
[18:59:38] [INFO] Skipping recipe bibliowoods:color/cyan/wood/deep_aether_yagroot/tall_seat_back, conditions not met
[18:59:38] [INFO] Skipping recipe mekanism:compat/biomesoplenty/sawing/pressure_plate/pine, conditions not met
[18:59:38] [INFO] Skipping recipe productivemetalworks:casting/nuggets/ftbmaterials/platinum, conditions not met
[18:59:38] [INFO] Skipping recipe ae2:matter_cannon/nuggets/lithium, conditions not met
[18:59:38] [INFO] Skipping recipe bibliowoods:color/green/wood/gtceu_rubber/flat_seat_back, conditions not met
[18:59:38] [INFO] Skipping recipe bibliowoods:color/green/wood/deep_aether_roseroot/flat_seat_back, conditions not met
[18:59:38] [INFO] Skipping recipe bibliobiomes:color/black/wood/biomesoplenty_magic/tall_seat_back, conditions not met
[18:59:38] [INFO] Skipping recipe bibliobiomes:color/light_gray/wood/biomesoplenty_palm/raised_seat_back, conditions not met
[18:59:38] [INFO] Skipping recipe farmingforblockheads:market/byg/blue_enchanted_sapling, conditions not met
[18:59:38] [INFO] Skipping recipe bibliobiomes:color/lime/wood/biomesoplenty_jacaranda/flat_seat_back, conditions not met
[18:59:38] [INFO] Skipping recipe theurgy:reformation/alchemical_sulfur_magic_from_alchemical_sulfurs_logs_abundant, conditions not met
[18:59:38] [INFO] Skipping recipe farmingforblockheads:market/tropicraft/coffee_berry, conditions not met
[18:59:38] [INFO] Skipping recipe mekmm:compat/evolvedmekanism/factory/multiversal/stamping, conditions not met
[18:59:38] [INFO] Skipping recipe bibliowoods:color/orange/wood/deep_aether_sunroot/small_seat_back, conditions not met
[18:59:38] [INFO] Skipping recipe bibliobiomes:color/light_gray/wood/biomesoplenty_empyreal/seat, conditions not met
[18:59:38] [INFO] Skipping recipe bibliowoods:color/red/wood/werewolves_magic/raised_seat_back, conditions not met
[18:59:38] [INFO] Skipping recipe farmingforblockheads:market/croptopia/cauliflower_seed, conditions not met
[18:59:38] [INFO] Skipping recipe farmingforblockheads:market/croptopia/fig_sapling, conditions not met
[18:59:38] [INFO] Skipping recipe farmingforblockheads:market/byg/california_poppy, conditions not met
[18:59:38] [INFO] Skipping recipe bibliowoods:color/pink/wood/deep_aether_yagroot/fancy_seat_back, conditions not met
[18:59:38] [INFO] Skipping recipe supplementaries:awnings/awning_orange_2, conditions not met
[18:59:38] [INFO] Skipping recipe supplementaries:way_sign_oak/biomeswevegone/spirit, conditions not met
[18:59:38] [INFO] Skipping recipe occultism:crushing/pewter_dust_from_raw, conditions not met
[18:59:38] [INFO] Skipping recipe bibliowoods:wood/vampirism_dark_spruce/shelf, conditions not met
[18:59:38] [INFO] Skipping recipe supplementaries:way_sign_oak/biomeswevegone/witch_hazel, conditions not met
[18:59:38] [INFO] Skipping recipe bibliowoods:wood/gtceu_treated_wood/shelf, conditions not met
[18:59:38] [INFO] Skipping recipe productivemetalworks:melting/geore/tin_shard, conditions not met
[18:59:38] [INFO] Skipping recipe create:crushing/compat/exnihilosequentia/netherrack, conditions not met
[18:59:38] [INFO] Skipping recipe mysticalagriculture:seed/crafting/aluminum, conditions not met
[18:59:38] [INFO] Skipping recipe bibliobiomes:wood/biomesoplenty_redwood/shelf, conditions not met
[18:59:38] [INFO] Skipping recipe supplementaries:candle_holders/candle_holder_ender, conditions not met
[18:59:38] [INFO] Skipping recipe create:milling/compat/biomesoplenty/tiny_cactus, conditions not met
[18:59:38] [INFO] Skipping recipe bibliowoods:wood/werewolves_jacaranda/fancy_sign, conditions not met
[18:59:38] [INFO] Skipping recipe pylons:harvesting/vinery/jungle_grape_bush_red, conditions not met
[18:59:38] [INFO] Skipping recipe reliquary:zombie_heart, conditions not met
[18:59:38] [INFO] Skipping recipe farmingforblockheads:market/croptopia/almond_sapling, conditions not met
[18:59:38] [INFO] Skipping recipe theurgy:reformation/alchemical_sulfur_apatite_from_alchemical_niter_gems_abundant, conditions not met
[18:59:38] [INFO] Skipping recipe create:crushing/compat/silentgems/iolite_end_ore, conditions not met
[18:59:38] [INFO] Skipping recipe bibliowoods:color/lime/wood/butchercraft_barn_wood/raised_seat_back, conditions not met
[18:59:38] [INFO] Skipping recipe mysticalagriculture:seed/crafting/rock_crystal, conditions not met
[18:59:38] [INFO] Skipping recipe theurgy:incubation/logs_hellbark_from_alchemical_sulfur_hellbark, conditions not met
[18:59:38] [INFO] Skipping recipe farmingforblockheads:market/tropicraft/palm_sapling, conditions not met
[18:59:38] [INFO] Skipping recipe bibliowoods:color/lime/wood/expandeddelight_cinnamon/tall_seat_back, conditions not met
[18:59:38] [INFO] Skipping recipe reliquary:alkahestry/crafting/lapis_lazuli, conditions not met
[18:59:38] [INFO] Skipping recipe bibliowoods:color/lime/wood/werewolves_jacaranda/display_case, conditions not met
[18:59:38] [INFO] Skipping recipe bibliobiomes:color/brown/wood/biomesoplenty_magic/seat, conditions not met
[18:59:38] [INFO] Skipping recipe bibliowoods:color/pink/wood/deep_aether_sunroot/seat, conditions not met
[18:59:38] [INFO] Skipping recipe bibliowoods:color/pink/wood/extradelight_fruit/seat, conditions not met
[18:59:38] [INFO] Skipping recipe bibliobiomes:color/cyan/wood/biomesoplenty_dead/flat_seat_back, conditions not met
[18:59:38] [INFO] Skipping recipe bibliobiomes:color/lime/wood/biomesoplenty_dead/raised_seat_back, conditions not met
[18:59:38] [INFO] Skipping recipe mekanism:compat/biomesoplenty/sawing/fence_gate/magic, conditions not met
[18:59:38] [INFO] Skipping recipe theurgy:fermentation/alchemical_niter_mobs_precious_using_fermentation_starters, conditions not met
[18:59:38] [INFO] Skipping recipe farmingforblockheads:market/simplefarming/zucchini_seeds, conditions not met
[18:59:38] [INFO] Skipping recipe productivebees:eidolon/soul_shard_bee_alchemy, conditions not met
[18:59:38] [INFO] Skipping recipe productivebees:powered_centrifuge/silents_mechanisms, conditions not met
[18:59:38] [INFO] Skipping recipe bibliowoods:color/yellow/wood/deep_aether_sunroot/small_seat_back, conditions not met
[18:59:38] [INFO] Skipping recipe mysticalagriculture:seed/crafting/aquamarine, conditions not met
[18:59:38] [INFO] Skipping recipe bibliobiomes:color/gray/wood/biomesoplenty_redwood/seat, conditions not met
[18:59:38] [INFO] Skipping recipe bibliobiomes:color/lime/wood/biomesoplenty_dead/flat_seat_back, conditions not met
[18:59:38] [INFO] Skipping recipe theurgy:incubation/logs_glimmering_livingwood_from_alchemical_sulfur_glimmering_livingwood, conditions not met
[18:59:38] [INFO] Skipping recipe bibliowoods:color/blue/wood/deep_aether_sunroot/raised_seat_back, conditions not met
[18:59:38] [INFO] Skipping recipe bibliowoods:color/lime/wood/deep_aether_sunroot/seat, conditions not met
[18:59:38] [INFO] Skipping recipe bibliowoods:color/black/wood/butchercraft_barn_wood/seat, conditions not met
[18:59:38] [INFO] Skipping recipe bibliobiomes:color/light_blue/wood/biomesoplenty_fir/small_seat_back, conditions not met
[18:59:38] [INFO] Skipping recipe mekanism:compat/biomesoplenty/sawing/log/hellbark, conditions not met
[18:59:38] [INFO] Skipping recipe bibliobiomes:wood/biomesoplenty_pine/label, conditions not met
[18:59:38] [INFO] Skipping recipe bibliobiomes:color/light_blue/wood/biomesoplenty_hellbark/display_case, conditions not met
[18:59:38] [INFO] Skipping recipe bibliowoods:color/lime/wood/deep_aether_roseroot/small_seat_back, conditions not met
[18:59:38] [INFO] Skipping recipe bibliobiomes:color/brown/wood/biomesoplenty_palm/display_case, conditions not met
[18:59:38] [INFO] Skipping recipe farmingforblockheads:market/tropicraft/tropical_fertilizer, conditions not met
[18:59:38] [INFO] Skipping recipe productivebees:alchemistry/combiner/neon_bee, conditions not met
[18:59:38] [INFO] Skipping recipe bibliowoods:color/red/wood/cobblemon_apricorn/small_seat_back, conditions not met
[18:59:38] [INFO] Skipping recipe productivemetalworks:melting/raw_materials/blaze_gold, conditions not met
[18:59:38] [INFO] Skipping recipe bibliowoods:color/green/wood/gtceu_rubber/fancy_seat_back, conditions not met
[18:59:38] [INFO] Skipping recipe farmingforblockheads:market/youkaishomecoming/redbean, conditions not met
[18:59:38] [INFO] Skipping recipe mysticalagriculture:seed/crafting/manyullyn, conditions not met
[18:59:38] [INFO] Skipping recipe create:crushing/compat/simplefarming/rye, conditions not met
[18:59:38] [INFO] Skipping recipe create:pressing/compat/infernalexp/warped_nylium_path, conditions not met
[18:59:38] [INFO] Skipping recipe bibliowoods:color/gray/wood/extradelight_cinnamon/flat_seat_back, conditions not met
[18:59:38] [INFO] Skipping recipe bibliowoods:color/light_gray/wood/deep_aether_conberry/fancy_seat_back, conditions not met
[18:59:38] [INFO] Skipping recipe theurgy:reformation/alchemical_sulfur_redwood_from_alchemical_niter_logs_abundant, conditions not met
[18:59:38] [INFO] Skipping recipe farmingforblockheads:market/byg/cika_sapling, conditions not met
[18:59:38] [INFO] Skipping recipe cataclysm:stonecutting/chiseled_stone_brick_pillar_from_stonecutting, no type defined
[18:59:38] [INFO] Skipping recipe bibliobiomes:color/green/wood/biomesoplenty_palm/fancy_seat_back, conditions not met
[18:59:38] [INFO] Skipping recipe bibliowoods:color/yellow/wood/deep_aether_yagroot/flat_seat_back, conditions not met
[18:59:38] [INFO] Skipping recipe bibliobiomes:color/brown/wood/biomesoplenty_dead/small_seat_back, conditions not met
[18:59:38] [INFO] Skipping recipe productivebees:bee_breeding/gobber/nether_gobber_bee, conditions not met
[18:59:38] [INFO] Skipping recipe productivebees:bee_produce/chemlib/xenon_bee, conditions not met
[18:59:38] [INFO] Skipping recipe mekanism:compat/biomeswevegone/dye/large_orange, conditions not met
[18:59:38] [INFO] Skipping recipe supplementaries:way_sign_mod_template, conditions not met
[18:59:38] [INFO] Skipping recipe bibliowoods:color/pink/wood/extradelight_fruit/fancy_seat_back, conditions not met
[18:59:38] [INFO] Skipping recipe bibliowoods:color/cyan/wood/deep_aether_conberry/seat, conditions not met
[18:59:38] [INFO] Skipping recipe bibliowoods:color/green/wood/mynethersdelight_powdery/display_case, conditions not met
[18:59:38] [INFO] Skipping recipe productivebees:centrifuge/honeycomb_experience, conditions not met
[18:59:38] [INFO] Skipping recipe bibliobiomes:color/light_blue/wood/biomesoplenty_hellbark/fancy_seat_back, conditions not met
[18:59:38] [INFO] Skipping recipe theurgy:liquefaction/alchemical_sulfur_coffee_beans_from_crops_coffee_beans, conditions not met
[18:59:38] [INFO] Skipping recipe mysticalagriculture:essence/astralsorcery/rock_crystal, conditions not met
[18:59:38] [INFO] Skipping recipe theurgy:reformation/alchemical_sulfur_starlit_from_alchemical_sulfurs_logs_abundant, conditions not met
[18:59:38] [INFO] Skipping recipe bibliobiomes:color/gray/wood/biomesoplenty_empyreal/raised_seat_back, conditions not met
[18:59:38] [INFO] Skipping recipe mekmm:compat/evolvedmekanism/factory/multiversal/replicating, conditions not met
[18:59:38] [INFO] Skipping recipe productivebees:bee_produce/tconstruct/ender_slimy_bee, conditions not met
[18:59:38] [INFO] Skipping recipe bibliowoods:color/black/wood/deep_aether_sunroot/fancy_seat_back, conditions not met
[18:59:38] [INFO] Skipping recipe immersiveengineering:crafting/hammercrushing_cobalt, conditions not met
[18:59:38] [INFO] Skipping recipe bibliowoods:color/pink/wood/butchercraft_barn_wood/display_case, conditions not met
[18:59:38] [INFO] Skipping recipe mekanism:compat/biomesoplenty/dye/gray, conditions not met
[18:59:38] [INFO] Skipping recipe bibliobiomes:color/pink/wood/biomesoplenty_redwood/flat_seat_back, conditions not met
[18:59:38] [INFO] Skipping recipe productivebees:hives/advanced_biomesoplenty_jacaranda_beehive_clear, conditions not met
[18:59:38] [INFO] Skipping recipe create:pressing/compat/environmental/podzol_path, conditions not met
[18:59:38] [INFO] Skipping recipe bibliowoods:color/orange/wood/werewolves_jacaranda/fancy_seat_back, conditions not met
[18:59:38] [INFO] Skipping recipe mysticalagradditions:tconstruct/tools/materials/prudentium/ingot, conditions not met
[18:59:38] [INFO] Skipping recipe mysticalagriculture:seed/crafting/fluorite, conditions not met
[18:59:38] [INFO] Skipping recipe bibliobiomes:color/cyan/wood/biomesoplenty_magic/fancy_seat_back, conditions not met
[18:59:38] [INFO] Skipping recipe bibliobiomes:color/white/wood/biomesoplenty_fir/raised_seat_back, conditions not met
[18:59:38] [INFO] Skipping recipe bibliobiomes:color/green/wood/biomesoplenty_fir/raised_seat_back, conditions not met
[18:59:38] [INFO] Skipping recipe silentgear:woodcutting/template_board, conditions not met
[18:59:38] [INFO] Skipping recipe create:milling/compat/environmental/pink_delphinium, conditions not met
[18:59:38] [INFO] Skipping recipe bibliowoods:color/black/wood/gtceu_rubber/fancy_seat_back, conditions not met
[18:59:38] [INFO] Skipping recipe supplementaries:way_sign_oak/productivetrees/purple_crepe_myrtle, conditions not met
[18:59:38] [INFO] Skipping recipe farmingforblockheads:market/croptopia/bellpepper_seed, conditions not met
[18:59:38] [INFO] Skipping recipe farmingforblockheads:market/byg/shulkren_fungus, conditions not met
[18:59:38] [INFO] Skipping recipe bibliobiomes:color/light_blue/wood/biomesoplenty_empyreal/display_case, conditions not met
[18:59:38] [INFO] Skipping recipe productivebees:bee_produce/chemlib/magnesium_bee, conditions not met
[18:59:38] [INFO] Skipping recipe create_aquatic_ambitions:channeling/upgrade_aquatic/pillow_coral_fan, conditions not met
[18:59:38] [INFO] Skipping recipe bibliobiomes:color/purple/wood/biomesoplenty_hellbark/seat, conditions not met
[18:59:38] [INFO] Skipping recipe bibliowoods:color/red/wood/vampirism_cursed_spruce/raised_seat_back, conditions not met
[18:59:38] [INFO] Skipping recipe productivebees:alchemistry/combiner/xenon_bee, conditions not met
[18:59:38] [INFO] Skipping recipe productivemetalworks:casting/rods/ftbmaterials/lumium, conditions not met
[18:59:38] [INFO] Skipping recipe bibliowoods:color/blue/wood/deep_aether_yagroot/small_seat_back, conditions not met
[18:59:38] [INFO] Skipping recipe mysticalagradditions:tconstruct/tools/materials/soulium/ingot, conditions not met
[18:59:38] [INFO] Skipping recipe theurgy:liquefaction/alchemical_sulfur_pepper_from_crops_pepper, conditions not met
[18:59:38] [INFO] Skipping recipe create:milling/compat/biomesoplenty/waterlily, conditions not met
[18:59:38] [INFO] Skipping recipe mysticalagriculture:seed/infusion/elementium, conditions not met
[18:59:38] [INFO] Skipping recipe bibliowoods:color/orange/wood/vampirism_cursed_spruce/flat_seat_back, conditions not met
[18:59:38] [INFO] Skipping recipe productivebees:hives/advanced_atmospheric_morado_beehive, conditions not met
[18:59:38] [INFO] Skipping recipe productivebees:bee_produce/chemlib/nihonium_bee, conditions not met
[18:59:38] [INFO] Skipping recipe productivebees:bee_conversion/gems/chrysoprase_bee, conditions not met
[18:59:38] [INFO] Skipping recipe bibliobiomes:color/light_blue/wood/biomesoplenty_willow/fancy_seat_back, conditions not met
[18:59:38] [INFO] Skipping recipe productivemetalworks:melting/geore/copper_shard, conditions not met
[18:59:38] [INFO] Skipping recipe bibliowoods:color/blue/wood/werewolves_magic/tall_seat_back, conditions not met
[18:59:38] [INFO] Skipping recipe immersiveengineering:metalpress/wire_cobalt, conditions not met
[18:59:38] [INFO] Skipping recipe bibliobiomes:color/white/wood/biomesoplenty_hellbark/small_seat_back, conditions not met
[18:59:38] [INFO] Skipping recipe productivebees:bee_produce/chemlib/copernicium_bee, conditions not met
[18:59:38] [INFO] Skipping recipe bibliowoods:color/pink/wood/werewolves_magic/tall_seat_back, conditions not met
[18:59:38] [INFO] Skipping recipe bibliobiomes:color/white/wood/biomesoplenty_pine/raised_seat_back, conditions not met
[18:59:38] [INFO] Skipping recipe create:crushing/compat/thermal/niter_ore, conditions not met
[18:59:38] [INFO] Skipping recipe bibliobiomes:color/red/wood/biomesoplenty_pine/fancy_seat_back, conditions not met
[18:59:38] [INFO] Skipping recipe bibliowoods:wood/werewolves_jacaranda/tool_rack, conditions not met
[18:59:38] [INFO] Skipping recipe mekanism:compat/biomeswevegone/dye/light_gray, conditions not met
[18:59:38] [INFO] Skipping recipe bibliowoods:wood/vampirism_cursed_spruce/bookcase, conditions not met
[18:59:38] [INFO] Skipping recipe bibliowoods:color/brown/wood/gtceu_rubber/small_seat_back, conditions not met
[18:59:38] [INFO] Skipping recipe bibliowoods:color/red/wood/extradelight_fruit/flat_seat_back, conditions not met
[18:59:38] [INFO] Skipping recipe bibliowoods:color/red/wood/deep_aether_conberry/tall_seat_back, conditions not met
[18:59:38] [INFO] Skipping recipe bibliobiomes:color/magenta/wood/biomesoplenty_dead/display_case, conditions not met
[18:59:38] [INFO] Skipping recipe productivebees:bee_breeding/gobber/gobber_bee, conditions not met
[18:59:38] [INFO] Skipping recipe create_aquatic_ambitions:channeling/upgrade_aquatic/finger_coral_block, conditions not met
[18:59:38] [INFO] Skipping recipe bibliobiomes:color/pink/wood/biomesoplenty_magic/tall_seat_back, conditions not met
[18:59:38] [INFO] Skipping recipe productivebees:bee_produce/chemlib/dysprosium_bee, conditions not met
[18:59:38] [INFO] Skipping recipe bibliowoods:color/blue/wood/mynethersdelight_powdery/seat, conditions not met
[18:59:38] [INFO] Skipping recipe bibliowoods:color/yellow/wood/vampirism_dark_spruce/seat, conditions not met
[18:59:38] [INFO] Skipping recipe bibliobiomes:color/red/wood/biomesoplenty_dead/tall_seat_back, conditions not met
[18:59:38] [INFO] Skipping recipe bibliobiomes:wood/biomesoplenty_palm/fancy_clock, conditions not met
[18:59:38] [INFO] Skipping recipe bibliobiomes:color/red/wood/biomesoplenty_mahogany/display_case, conditions not met
[18:59:38] [INFO] Skipping recipe mysticalagriculture:seed/crafting/blizz, conditions not met
[18:59:38] [INFO] Skipping recipe bibliowoods:color/lime/wood/deep_aether_roseroot/flat_seat_back, conditions not met
[18:59:38] [INFO] Skipping recipe bibliobiomes:color/lime/wood/biomesoplenty_empyreal/small_seat_back, conditions not met
[18:59:38] [INFO] Skipping recipe farmingforblockheads:market/minecraft_earth_mod/pink_daisy, conditions not met
[18:59:38] [INFO] Skipping recipe bibliobiomes:wood/biomesoplenty_empyreal/table, conditions not met
[18:59:38] [INFO] Skipping recipe mysticalagriculture:seed/crafting/blitz, conditions not met
[18:59:38] [INFO] Skipping recipe mekanism:compat/biomesoplenty/sawing/chest_boat/dead, conditions not met
[18:59:38] [INFO] Skipping recipe bibliowoods:color/green/wood/extradelight_cinnamon/fancy_seat_back, conditions not met
[18:59:38] [INFO] Skipping recipe bibliowoods:color/light_blue/wood/deep_aether_sunroot/raised_seat_back, conditions not met
[18:59:38] [INFO] Skipping recipe bibliowoods:color/red/wood/deep_aether_sunroot/raised_seat_back, conditions not met
[18:59:38] [INFO] Skipping recipe bibliobiomes:color/blue/wood/biomesoplenty_mahogany/flat_seat_back, conditions not met
[18:59:38] [INFO] Skipping recipe create_aquatic_ambitions:channeling/upgrade_aquatic/petal_coral_fan, conditions not met
[18:59:38] [INFO] Skipping recipe bibliowoods:color/light_blue/wood/deep_aether_yagroot/flat_seat_back, conditions not met
[18:59:38] [INFO] Skipping recipe farmingforblockheads:market/betternether/golden_lumabus_seed, conditions not met
[18:59:38] [INFO] Skipping recipe bibliowoods:color/red/wood/deep_aether_sunroot/flat_seat_back, conditions not met
[18:59:38] [INFO] Skipping recipe sushigocrafting:fermenting_barrel/soy, no type defined
[18:59:38] [INFO] Skipping recipe immersiveengineering:arcfurnace/ore_ardite, conditions not met
[18:59:38] [INFO] Skipping recipe create:crushing/compat/elementaryores/ore_diamond_end, conditions not met
[18:59:38] [INFO] Skipping recipe productivebees:bee_produce/chemlib/cerium_bee, conditions not met
[18:59:38] [INFO] Skipping recipe productivemetalworks:casting/gears/ftbmaterials/netherite, conditions not met
[18:59:38] [INFO] Skipping recipe supplementaries:way_sign_oak/regions_unexplored/green_bioshroom, conditions not met
[18:59:38] [INFO] Skipping recipe productivemetalworks:melting/raw_materials/steel, conditions not met
[18:59:38] [INFO] Skipping recipe mysticalagriculture:seed/crafting/honey, conditions not met
[18:59:38] [INFO] Skipping recipe create:smelting/ingot_aluminium_compat_ic2, conditions not met
[18:59:38] [INFO] Skipping recipe productivebees:centrifuge/thermalendergy/honeycomb_melodium, conditions not met
[18:59:38] [INFO] Skipping recipe bibliobiomes:color/purple/wood/biomesoplenty_dead/raised_seat_back, conditions not met
[18:59:38] [INFO] Skipping recipe advanced_ae:quantumaccel, conditions not met
[18:59:38] [INFO] Skipping recipe productivebees:bee_produce/chemlib/niobium_bee, conditions not met
[18:59:38] [INFO] Skipping recipe bibliobiomes:color/magenta/wood/biomesoplenty_umbran/display_case, conditions not met
[18:59:38] [INFO] Skipping recipe bibliowoods:color/purple/wood/extradelight_cinnamon/seat, conditions not met
[18:59:38] [INFO] Skipping recipe bibliowoods:color/pink/wood/butchercraft_barn_wood/flat_seat_back, conditions not met
[18:59:38] [INFO] Skipping recipe bibliowoods:color/red/wood/vampirism_dark_spruce/small_seat_back, conditions not met
[18:59:38] [INFO] Skipping recipe bibliowoods:color/purple/wood/deep_aether_yagroot/small_seat_back, conditions not met
[18:59:38] [INFO] Skipping recipe farmingforblockheads:market/thermal/radish_seeds, conditions not met
[18:59:38] [INFO] Skipping recipe bibliowoods:color/green/wood/deep_aether_yagroot/flat_seat_back, conditions not met
[18:59:38] [INFO] Skipping recipe bibliobiomes:color/cyan/wood/biomesoplenty_redwood/display_case, conditions not met
[18:59:38] [INFO] Skipping recipe productivebees:bee_conversion/gems/spinel_bee, conditions not met
[18:59:38] [INFO] Skipping recipe farmingforblockheads:market/minecraft_earth_mod/buttercup, conditions not met
[18:59:38] [INFO] Skipping recipe occultism:miner/ores/beryl_ore, conditions not met
[18:59:38] [INFO] Skipping recipe bibliobiomes:color/white/wood/biomesoplenty_redwood/seat, conditions not met
[18:59:38] [INFO] Skipping recipe create:pressing/compat/biomeswevegone/lush_grass_path, conditions not met
[18:59:38] [INFO] Skipping recipe bibliowoods:wood/butchercraft_barn_wood/potion_shelf, conditions not met
[18:59:38] [INFO] Skipping recipe productivemetalworks:melting/storage_blocks/raw_electrum, conditions not met
[18:59:38] [INFO] Skipping recipe theurgy:reformation/alchemical_sulfur_ashen_from_alchemical_niter_logs_abundant, conditions not met
[18:59:38] [INFO] Skipping recipe bibliobiomes:color/orange/wood/biomesoplenty_redwood/fancy_seat_back, conditions not met
[18:59:38] [INFO] Skipping recipe bibliobiomes:color/cyan/wood/biomesoplenty_palm/seat, conditions not met
[18:59:38] [INFO] Skipping recipe productivemetalworks:melting/storage_blocks/raw_crimson_steel, conditions not met
[18:59:38] [INFO] Skipping recipe bibliobiomes:color/pink/wood/biomesoplenty_umbran/raised_seat_back, conditions not met
[18:59:38] [INFO] Skipping recipe bibliobiomes:color/lime/wood/biomesoplenty_mahogany/small_seat_back, conditions not met
[18:59:38] [INFO] Skipping recipe mekmm:compat/evolvedmekanism/factory/multiversal/dissolving, conditions not met
[18:59:38] [INFO] Skipping recipe productivebees:bee_conversion/gems/phosphophyllite_bee, conditions not met
[18:59:38] [INFO] Skipping recipe bibliowoods:color/gray/wood/gtceu_treated_wood/display_case, conditions not met
[18:59:38] [INFO] Skipping recipe bibliobiomes:color/black/wood/biomesoplenty_hellbark/fancy_seat_back, conditions not met
[18:59:38] [INFO] Skipping recipe immersiveengineering:crusher/raw_ore_cobalt, conditions not met
[18:59:38] [INFO] Skipping recipe bibliobiomes:color/yellow/wood/biomesoplenty_magic/seat, conditions not met
[18:59:38] [INFO] Skipping recipe bibliobiomes:color/light_blue/wood/biomesoplenty_redwood/small_seat_back, conditions not met
[18:59:38] [INFO] Skipping recipe supplementaries:way_sign_oak/productivetrees/cork_oak, conditions not met
[18:59:38] [INFO] Skipping recipe productivebees:alchemistry/combiner/copernicium_bee, conditions not met
[18:59:38] [INFO] Skipping recipe allthemodium:casting/allthemodium_nugget, conditions not met
[18:59:38] [INFO] Skipping recipe supplementaries:way_sign_oak/productivetrees/almond, conditions not met
[18:59:38] [INFO] Skipping recipe create:splashing/ic2/crushed_raw_aluminum, conditions not met
[18:59:38] [INFO] Skipping recipe bibliobiomes:color/light_blue/wood/biomesoplenty_empyreal/fancy_seat_back, conditions not met
[18:59:38] [INFO] Skipping recipe bibliowoods:color/cyan/wood/extradelight_fruit/small_seat_back, conditions not met
[18:59:38] [INFO] Skipping recipe theurgy:incubation/logs_transwood_from_alchemical_sulfur_transwood, conditions not met
[18:59:38] [INFO] Skipping recipe productivebees:bee_conversion/gtceu/rose_gold_bee, conditions not met
[18:59:38] [INFO] Skipping recipe bibliowoods:color/purple/wood/werewolves_magic/flat_seat_back, conditions not met
[18:59:38] [INFO] Skipping recipe mysticalagriculture:seed/crafting/cobalt, conditions not met
[18:59:38] [INFO] Skipping recipe supplementaries:pancake, conditions not met
[18:59:38] [INFO] Skipping recipe bibliowoods:color/magenta/wood/werewolves_magic/seat, conditions not met
[18:59:38] [INFO] Skipping recipe bibliowoods:color/gray/wood/deep_aether_conberry/display_case, conditions not met
[18:59:38] [INFO] Skipping recipe bibliowoods:color/green/wood/deep_aether_roseroot/small_seat_back, conditions not met
[18:59:38] [INFO] Skipping recipe productivebees:expansion_boxes/expansion_box_atmospheric_rosewood, conditions not met
[18:59:38] [INFO] Skipping recipe cataclysm:stonecutting/chiseled_end_stone_bricks_from_stonecutting, no type defined
[18:59:38] [INFO] Skipping recipe megacells:cells/standard/experience_storage_cell_256m, conditions not met
[18:59:38] [INFO] Skipping recipe productivebees:centrifuge/elementalcraft/honeycomb_water_crystal, conditions not met
[18:59:38] [INFO] Skipping recipe productivebees:expansion_boxes/expansion_box_upgrade_aquatic_driftwood, conditions not met
[18:59:38] [INFO] Skipping recipe mysticalagriculture:seed/crafting/redstone_alloy, conditions not met
[18:59:38] [INFO] Skipping recipe mekmm:compat/evolvedmekanism/factory/overclocked/recycling, conditions not met
[18:59:38] [INFO] Skipping recipe toolbelt:belt_upgrade_6_via_sewing, conditions not met
[18:59:38] [INFO] Skipping recipe theurgy:fermentation/alchemical_niter_mobs_rare_using_saplings, conditions not met
[18:59:38] [INFO] Skipping recipe productivebees:bee_produce/gems/ametrine_bee, conditions not met
[18:59:38] [INFO] Skipping recipe mysticalagriculture:seed/crafting/zombie, conditions not met
[18:59:38] [INFO] Skipping recipe bibliobiomes:color/purple/wood/biomesoplenty_umbran/display_case, conditions not met
[18:59:38] [INFO] Skipping recipe bibliowoods:color/gray/wood/deep_aether_roseroot/raised_seat_back, conditions not met
[18:59:38] [INFO] Skipping recipe productivemetalworks:casting/rods/ftbmaterials/gold, conditions not met
[18:59:38] [INFO] Skipping recipe productivebees:bee_produce/chemlib/praseodymium_bee, conditions not met
[18:59:38] [INFO] Skipping recipe createaddition:compat/thermal/liquid_burning/refined_fuel, conditions not met
[18:59:38] [INFO] Skipping recipe bibliobiomes:color/light_gray/wood/biomesoplenty_empyreal/flat_seat_back, conditions not met
[18:59:38] [INFO] Skipping recipe bibliobiomes:color/purple/wood/biomesoplenty_fir/seat, conditions not met
[18:59:38] [INFO] Skipping recipe bibliobiomes:color/gray/wood/biomesoplenty_dead/seat, conditions not met
[18:59:38] [INFO] Skipping recipe farmingforblockheads:market/betternether/giant_mold_sapling, conditions not met
[18:59:38] [INFO] Skipping recipe bibliobiomes:color/orange/wood/biomesoplenty_mahogany/fancy_seat_back, conditions not met
[18:59:38] [INFO] Skipping recipe bibliowoods:color/blue/wood/mynethersdelight_powdery/raised_seat_back, conditions not met
[18:59:38] [INFO] Skipping recipe bibliowoods:color/red/wood/extradelight_cinnamon/flat_seat_back, conditions not met
[18:59:38] [INFO] Skipping recipe productivebees:centrifuge/tconstruct/honeycomb_cobalt, conditions not met
[18:59:38] [INFO] Skipping recipe bibliowoods:color/purple/wood/mynethersdelight_powdery/flat_seat_back, conditions not met
[18:59:38] [INFO] Skipping recipe bibliobiomes:wood/biomesoplenty_maple/potion_shelf, conditions not met
[18:59:38] [INFO] Skipping recipe bibliowoods:color/cyan/wood/werewolves_jacaranda/fancy_seat_back, conditions not met
[18:59:38] [INFO] Skipping recipe ae2:matter_cannon/nuggets/zirconium, conditions not met
[18:59:38] [INFO] Skipping recipe bibliobiomes:color/purple/wood/biomesoplenty_pine/flat_seat_back, conditions not met
[18:59:38] [INFO] Skipping recipe bibliobiomes:wood/biomesoplenty_umbran/fancy_crafter, conditions not met
[18:59:38] [INFO] Skipping recipe supplementaries:way_sign_oak/productivetrees/mahogany, conditions not met
[18:59:38] [INFO] Skipping recipe bibliowoods:color/red/wood/expandeddelight_cinnamon/flat_seat_back, conditions not met
[18:59:38] [INFO] Skipping recipe bibliobiomes:color/black/wood/biomesoplenty_magic/seat, conditions not met
[18:59:38] [INFO] Skipping recipe occultism:miner/ores/malachite_ore, conditions not met
[18:59:38] [INFO] Skipping recipe bibliobiomes:color/lime/wood/biomesoplenty_jacaranda/small_seat_back, conditions not met
[18:59:38] [INFO] Skipping recipe bibliobiomes:color/brown/wood/biomesoplenty_pine/fancy_seat_back, conditions not met
[18:59:38] [INFO] Skipping recipe bibliowoods:color/cyan/wood/extradelight_cinnamon/flat_seat_back, conditions not met
[18:59:38] [INFO] Skipping recipe bibliobiomes:color/cyan/wood/biomesoplenty_hellbark/seat, conditions not met
[18:59:38] [INFO] Skipping recipe create:crushing/compat/silentgems/heliodor_nether_ore, conditions not met
[18:59:38] [INFO] Skipping recipe bibliowoods:color/brown/wood/deep_aether_sunroot/flat_seat_back, conditions not met
[18:59:38] [INFO] Skipping recipe bibliobiomes:color/orange/wood/biomesoplenty_magic/fancy_seat_back, conditions not met
[18:59:38] [INFO] Skipping recipe bibliowoods:color/yellow/wood/werewolves_magic/fancy_seat_back, conditions not met
[18:59:38] [INFO] Skipping recipe bibliowoods:color/purple/wood/vampirism_dark_spruce/seat, conditions not met
[18:59:38] [INFO] Skipping recipe bibliobiomes:color/yellow/wood/biomesoplenty_magic/fancy_seat_back, conditions not met
[18:59:38] [INFO] Skipping recipe bibliowoods:color/brown/wood/deep_aether_yagroot/display_case, conditions not met
[18:59:38] [INFO] Skipping recipe bibliowoods:color/blue/wood/werewolves_jacaranda/small_seat_back, conditions not met
[18:59:38] [INFO] Skipping recipe bibliowoods:color/orange/wood/extradelight_fruit/display_case, conditions not met
[18:59:38] [INFO] Skipping recipe bibliobiomes:color/black/wood/biomesoplenty_umbran/seat, conditions not met
[18:59:38] [INFO] Skipping recipe bibliobiomes:color/light_blue/wood/biomesoplenty_fir/raised_seat_back, conditions not met
[18:59:38] [INFO] Skipping recipe bibliowoods:color/magenta/wood/deep_aether_cruderoot/small_seat_back, conditions not met
[18:59:38] [INFO] Skipping recipe farmingforblockheads:market/rusticdelight/cotton_seeds, conditions not met
[18:59:38] [INFO] Skipping recipe mysticalagradditions:tconstruct/tools/casting/imperium, conditions not met
[18:59:38] [INFO] Skipping recipe occultism:crushing/pewter_dust_from_ore, conditions not met
[18:59:38] [INFO] Skipping recipe bibliobiomes:color/lime/wood/biomesoplenty_jacaranda/raised_seat_back, conditions not met
[18:59:38] [INFO] Skipping recipe productivemetalworks:casting/ingots/ftbmaterials/silver, conditions not met
[18:59:38] [INFO] Skipping recipe oritech:compat/energizedpower/assemblingmachine/enderlens, conditions not met
[18:59:38] [INFO] Skipping recipe bibliowoods:color/lime/wood/deep_aether_yagroot/tall_seat_back, conditions not met
[18:59:38] [INFO] Skipping recipe bibliobiomes:color/red/wood/biomesoplenty_hellbark/display_case, conditions not met
[18:59:38] [INFO] Skipping recipe bibliowoods:wood/deep_aether_yagroot/label, conditions not met
[18:59:38] [INFO] Skipping recipe bibliobiomes:color/pink/wood/biomesoplenty_umbran/small_seat_back, conditions not met
[18:59:38] [INFO] Skipping recipe farmingforblockheads:market/byg/red_birch_sapling, conditions not met
[18:59:38] [INFO] Skipping recipe bibliobiomes:color/red/wood/biomesoplenty_fir/fancy_seat_back, conditions not met
[18:59:38] [INFO] Skipping recipe mysticalagradditions:tconstruct/tools/melting/prudentium, conditions not met
[18:59:38] [INFO] Skipping recipe bibliobiomes:color/red/wood/biomesoplenty_hellbark/raised_seat_back, conditions not met
[18:59:38] [INFO] Skipping recipe productivebees:powered_centrifuge/thermal, conditions not met
[18:59:38] [INFO] Skipping recipe bibliobiomes:color/white/wood/biomesoplenty_fir/flat_seat_back, conditions not met
[18:59:38] [INFO] Skipping recipe bibliobiomes:color/brown/wood/biomesoplenty_palm/tall_seat_back, conditions not met
[18:59:38] [INFO] Skipping recipe bibliowoods:color/gray/wood/deep_aether_sunroot/raised_seat_back, conditions not met
[18:59:38] [INFO] Skipping recipe bibliowoods:color/magenta/wood/werewolves_jacaranda/display_case, conditions not met
[18:59:38] [INFO] Skipping recipe immersiveengineering:metalpress/wire_silver, conditions not met
[18:59:38] [INFO] Skipping recipe bibliowoods:wood/deep_aether_conberry/bookcase, conditions not met
[18:59:38] [INFO] Skipping recipe bibliowoods:color/gray/wood/vampirism_dark_spruce/small_seat_back, conditions not met
[18:59:38] [INFO] Skipping recipe bibliowoods:color/light_gray/wood/vampirism_dark_spruce/fancy_seat_back, conditions not met
[18:59:38] [INFO] Skipping recipe theurgy:reformation/alchemical_sulfur_minewood_from_alchemical_sulfurs_logs_abundant, conditions not met
[18:59:38] [INFO] Skipping recipe allthemodium:casting/materials/unobtainium, conditions not met
[18:59:38] [INFO] Skipping recipe bibliowoods:wood/deep_aether_yagroot/bookcase, conditions not met
[18:59:38] [INFO] Skipping recipe productivemetalworks:melting/ores/blaze_gold, conditions not met
[18:59:38] [INFO] Skipping recipe theurgy:reformation/alchemical_sulfur_coffee_beans_from_alchemical_niter_crops_abundant, conditions not met
[18:59:38] [INFO] Skipping recipe mekanism:compat/biomeswevegone/pigment_extracting/green, conditions not met
[18:59:38] [INFO] Skipping recipe bibliowoods:color/light_blue/wood/deep_aether_cruderoot/raised_seat_back, conditions not met
[18:59:38] [INFO] Skipping recipe productivebees:bee_produce/tconstruct/queens_slime_bee, conditions not met
[18:59:38] [INFO] Skipping recipe bibliobiomes:color/green/wood/biomesoplenty_redwood/display_case, conditions not met
[18:59:38] [INFO] Skipping recipe bibliowoods:color/cyan/wood/deep_aether_sunroot/small_seat_back, conditions not met
[18:59:38] [INFO] Skipping recipe bibliobiomes:wood/biomesoplenty_jacaranda/fancy_armor_stand, conditions not met
[18:59:38] [INFO] Skipping recipe bibliobiomes:color/red/wood/biomesoplenty_empyreal/flat_seat_back, conditions not met
[18:59:38] [INFO] Skipping recipe bibliobiomes:color/black/wood/biomesoplenty_magic/small_seat_back, conditions not met
[18:59:38] [INFO] Skipping recipe theurgy:reformation/alchemical_sulfur_saguaro_from_alchemical_niter_crops_abundant, conditions not met
[18:59:38] [INFO] Skipping recipe reliquary:alkahestry/drain/redstone, conditions not met
[18:59:38] [INFO] Skipping recipe bibliobiomes:color/green/wood/biomesoplenty_empyreal/seat, conditions not met
[18:59:38] [INFO] Skipping recipe theurgy:incubation/logs_fig_from_alchemical_sulfur_logs_fig, conditions not met
[18:59:38] [INFO] Skipping recipe bibliobiomes:color/magenta/wood/biomesoplenty_empyreal/small_seat_back, conditions not met
[18:59:38] [INFO] Skipping recipe bibliobiomes:color/yellow/wood/biomesoplenty_redwood/raised_seat_back, conditions not met
[18:59:38] [INFO] Skipping recipe farmingforblockheads:market/croptopia/honeydew_seed, conditions not met
[18:59:38] [INFO] Skipping recipe productivebees:expansion_boxes/expansion_box_atmospheric_grimwood, conditions not met
[18:59:38] [INFO] Skipping recipe mekmm:compat/evolvedmekanism/factory/quantum/planting, conditions not met
[18:59:38] [INFO] Skipping recipe farmingforblockheads:market/biomeswevegone/ether_sapling, conditions not met
[18:59:38] [INFO] Skipping recipe bibliowoods:color/yellow/wood/deep_aether_yagroot/raised_seat_back, conditions not met
[18:59:38] [INFO] Skipping recipe bibliowoods:color/brown/wood/cobblemon_apricorn/small_seat_back, conditions not met
[18:59:38] [INFO] Skipping recipe supplementaries:way_sign_oak/regions_unexplored/maple, conditions not met
[18:59:38] [INFO] Skipping recipe immersiveengineering:metalpress/plate_ardite, conditions not met
[18:59:38] [INFO] Skipping recipe supplementaries:soap/dirty_glass, conditions not met
[18:59:38] [INFO] Skipping recipe create:milling/compat/upgrade_aquatic/pink_searocket, conditions not met
[18:59:38] [INFO] Skipping recipe bibliobiomes:color/light_gray/wood/biomesoplenty_fir/fancy_seat_back, conditions not met
[18:59:38] [INFO] Skipping recipe theurgy:liquefaction/alchemical_sulfur_juniper_from_crops_juniper, conditions not met
[18:59:38] [INFO] Skipping recipe bibliobiomes:color/green/wood/biomesoplenty_mahogany/display_case, conditions not met
[18:59:38] [INFO] Skipping recipe allthecompressed:compress/crushed_end_stone_1x, conditions not met
[18:59:38] [INFO] Skipping recipe supplementaries:way_sign_oak/productivetrees/western_hemlock, conditions not met
[18:59:38] [INFO] Skipping recipe bibliowoods:color/black/wood/werewolves_jacaranda/tall_seat_back, conditions not met
[18:59:38] [INFO] Skipping recipe bibliowoods:color/purple/wood/butchercraft_barn_wood/seat, conditions not met
[18:59:38] [INFO] Skipping recipe productivebees:alchemistry/combiner/rutherfordium_bee, conditions not met
[18:59:38] [INFO] Skipping recipe cataclysm:stonecutting/frosted_stone_brick_wall_from_stonecutting, no type defined
[18:59:38] [INFO] Skipping recipe productivebees:centrifuge/raw_materials/honeycomb_bismuth, conditions not met
[18:59:38] [INFO] Skipping recipe bibliobiomes:color/black/wood/biomesoplenty_fir/flat_seat_back, conditions not met
[18:59:38] [INFO] Skipping recipe allthecompressed:compress/crushed_end_stone_5x, conditions not met
[18:59:38] [INFO] Skipping recipe bibliowoods:color/pink/wood/gtceu_treated_wood/tall_seat_back, conditions not met
[18:59:38] [INFO] Skipping recipe bibliowoods:color/lime/wood/gtceu_treated_wood/small_seat_back, conditions not met
[18:59:38] [INFO] Skipping recipe allthecompressed:compress/crushed_end_stone_4x, conditions not met
[18:59:38] [INFO] Skipping recipe bibliobiomes:color/cyan/wood/biomesoplenty_willow/small_seat_back, conditions not met
[18:59:38] [INFO] Skipping recipe dyenamics:thermal/centrifuge/spring_green_rockwool, conditions not met
[18:59:38] [INFO] Skipping recipe mekmm:compat/evolvedmekanism/factory/overclocked/replicating, conditions not met
[18:59:38] [INFO] Skipping recipe allthecompressed:compress/crushed_end_stone_3x, conditions not met
[18:59:38] [INFO] Skipping recipe create:milling/compat/biomesoplenty/tall_lavender, conditions not met
[18:59:38] [INFO] Skipping recipe bibliobiomes:color/pink/wood/biomesoplenty_redwood/fancy_seat_back, conditions not met
[18:59:38] [INFO] Skipping recipe allthecompressed:compress/crushed_end_stone_2x, conditions not met
[18:59:38] [INFO] Skipping recipe theurgy:reformation/alchemical_sulfur_apatite_from_alchemical_sulfurs_gems_abundant, conditions not met
[18:59:38] [INFO] Skipping recipe bibliowoods:color/white/wood/deep_aether_conberry/fancy_seat_back, conditions not met
[18:59:38] [INFO] Skipping recipe bibliobiomes:wood/biomesoplenty_hellbark/fancy_clock, conditions not met
[18:59:38] [INFO] Skipping recipe bibliowoods:color/orange/wood/gtceu_rubber/flat_seat_back, conditions not met
[18:59:38] [INFO] Skipping recipe allthecompressed:compress/crushed_end_stone_9x, conditions not met
[18:59:38] [INFO] Skipping recipe allthecompressed:compress/crushed_end_stone_7x, conditions not met
[18:59:38] [INFO] Skipping recipe createaddition:compat/thermal/liquid_burning/heavy_oil, conditions not met
[18:59:38] [INFO] Skipping recipe allthecompressed:compress/crushed_end_stone_8x, conditions not met
[18:59:38] [INFO] Skipping recipe bibliowoods:color/pink/wood/cobblemon_apricorn/display_case, conditions not met
[18:59:38] [INFO] Skipping recipe allthecompressed:compress/crushed_end_stone_6x, conditions not met
[18:59:38] [INFO] Skipping recipe bibliowoods:color/light_gray/wood/vampirism_cursed_spruce/flat_seat_back, conditions not met
[18:59:38] [INFO] Skipping recipe farmingforblockheads:market/buzzier_bees/pink_clover, conditions not met
[18:59:38] [INFO] Skipping recipe mysticalagriculture:souls/basalz_rod, conditions not met
[18:59:38] [INFO] Skipping recipe bibliobiomes:color/orange/wood/biomesoplenty_dead/raised_seat_back, conditions not met
[18:59:38] [INFO] Skipping recipe bibliobiomes:color/red/wood/biomesoplenty_maple/small_seat_back, conditions not met
[18:59:38] [INFO] Skipping recipe bibliobiomes:color/gray/wood/biomesoplenty_fir/flat_seat_back, conditions not met
[18:59:38] [INFO] Skipping recipe bibliowoods:color/lime/wood/extradelight_cinnamon/display_case, conditions not met
[18:59:38] [INFO] Skipping recipe dyenamics:thermal/centrifuge/fluorescent_rockwool, conditions not met
[18:59:38] [INFO] Skipping recipe productivebees:alchemistry/combiner/oganesson_bee, conditions not met
[18:59:38] [INFO] Skipping recipe occultism:crushing/quicksilver_dust_from_raw_block, conditions not met
[18:59:38] [INFO] Skipping recipe bibliobiomes:color/brown/wood/biomesoplenty_hellbark/raised_seat_back, conditions not met
[18:59:38] [INFO] Skipping recipe enderdrives:ender_storage_component_256k_mega, conditions not met
[18:59:38] [INFO] Skipping recipe bibliowoods:color/white/wood/butchercraft_barn_wood/flat_seat_back, conditions not met
[18:59:38] [INFO] Skipping recipe productivebees:bee_produce/gems/spinel_bee, conditions not met
[18:59:38] [INFO] Skipping recipe bibliobiomes:color/magenta/wood/biomesoplenty_magic/flat_seat_back, conditions not met
[18:59:38] [INFO] Skipping recipe bibliobiomes:color/magenta/wood/biomesoplenty_mahogany/flat_seat_back, conditions not met
[18:59:38] [INFO] Skipping recipe jeed:remedy, conditions not met
[18:59:38] [INFO] Skipping recipe farmingforblockheads:market/croptopia/lemon_sapling, conditions not met
[18:59:38] [INFO] Skipping recipe bibliowoods:color/lime/wood/cobblemon_apricorn/tall_seat_back, conditions not met
[18:59:38] [INFO] Skipping recipe mekanism:compat/biomeswevegone/dye/blue, conditions not met
[18:59:38] [INFO] Skipping recipe farmingforblockheads:market/biomeswevegone/shulkren_fungus, conditions not met
[18:59:38] [INFO] Skipping recipe bibliowoods:color/light_blue/wood/cobblemon_apricorn/flat_seat_back, conditions not met
[18:59:38] [INFO] Skipping recipe productivebees:bee_produce/tconstruct/knightslime_bee, conditions not met
[18:59:38] [INFO] Skipping recipe create:crushing/compat/silentgems/kyanite_end_ore, conditions not met
[18:59:38] [INFO] Skipping recipe farmingforblockheads:market/betternether/anchor_tree_sapling, conditions not met
[18:59:38] [INFO] Skipping recipe occultism:crushing/amber_dust_from_ore, conditions not met
[18:59:38] [INFO] Skipping recipe theurgy:reformation/alchemical_sulfur_turmeric_from_alchemical_sulfurs_crops_abundant, conditions not met
[18:59:38] [INFO] Skipping recipe bibliowoods:color/magenta/wood/vampirism_cursed_spruce/raised_seat_back, conditions not met
[18:59:38] [INFO] Skipping recipe supplementaries:way_sign_oak/productivetrees/elm, conditions not met
[18:59:38] [INFO] Skipping recipe bibliobiomes:color/white/wood/biomesoplenty_empyreal/display_case, conditions not met
[18:59:38] [INFO] Skipping recipe bibliobiomes:color/gray/wood/biomesoplenty_fir/small_seat_back, conditions not met
[18:59:38] [INFO] Skipping recipe mysticalagriculture:seed/crafting/netherite, conditions not met
[18:59:38] [INFO] Skipping recipe immersiveengineering:alloysmelter/manyullyn, conditions not met
[18:59:38] [INFO] Skipping recipe bibliowoods:color/yellow/wood/butchercraft_barn_wood/display_case, conditions not met
[18:59:38] [INFO] Skipping recipe create:milling/compat/biomesoplenty/pink_hibiscus, conditions not met
[18:59:38] [INFO] Skipping recipe bibliobiomes:color/magenta/wood/biomesoplenty_mahogany/raised_seat_back, conditions not met
[18:59:38] [INFO] Skipping recipe theurgy:liquefaction/alchemical_sulfur_dead_from_logs_dead, conditions not met
[18:59:38] [INFO] Skipping recipe theurgy:incubation/crops_greenonion_from_alchemical_sulfur_greenonion, conditions not met
[18:59:38] [INFO] Skipping recipe bibliobiomes:color/black/wood/biomesoplenty_mahogany/raised_seat_back, conditions not met
[18:59:38] [INFO] Skipping recipe bibliobiomes:color/brown/wood/biomesoplenty_mahogany/flat_seat_back, conditions not met
[18:59:38] [INFO] Skipping recipe bibliowoods:color/green/wood/extradelight_fruit/seat, conditions not met
[18:59:38] [INFO] Skipping recipe productivebees:ftbic/canning/iridium_bee, conditions not met
[18:59:38] [INFO] Skipping recipe bibliowoods:color/orange/wood/butchercraft_barn_wood/fancy_seat_back, conditions not met
[18:59:38] [INFO] Skipping recipe dyenamics:thermal/centrifuge/peach_rockwool, conditions not met
[18:59:38] [INFO] Skipping recipe productivebees:tconstruct/amethyst_bronze_bee, conditions not met
[18:59:38] [INFO] Skipping recipe create:milling/compat/biomesoplenty/black_sandstone, conditions not met
[18:59:38] [INFO] Skipping recipe theurgy:fermentation/alchemical_niter_mobs_precious_using_crops, conditions not met
[18:59:38] [INFO] Skipping recipe mekanism:compat/biomesoplenty/sawing/pressure_plate/magic, conditions not met
[18:59:38] [INFO] Skipping recipe theurgy:reformation/alchemical_sulfur_sulfur_from_alchemical_sulfurs_other_minerals_common, conditions not met
[18:59:38] [INFO] Skipping recipe productivebees:bee_produce/materials/sticky_resin_bee, conditions not met
[18:59:38] [INFO] Skipping recipe bibliowoods:color/black/wood/butchercraft_barn_wood/flat_seat_back, conditions not met
[18:59:38] [INFO] Skipping recipe bibliobiomes:color/gray/wood/biomesoplenty_umbran/seat, conditions not met
[18:59:38] [INFO] Skipping recipe bibliowoods:color/light_blue/wood/deep_aether_cruderoot/seat, conditions not met
[18:59:38] [INFO] Skipping recipe theurgy:reformation/alchemical_sulfur_maple_from_alchemical_niter_logs_abundant, conditions not met
[18:59:38] [INFO] Skipping recipe productivebees:bee_conversion/gems/ametrine_bee, conditions not met
[18:59:38] [INFO] Skipping recipe productivebees:thermal/shaped/blaze_bee_to_blitz_bee, conditions not met
[18:59:38] [INFO] Skipping recipe productivemetalworks:melting/geore/diamond_block, conditions not met
[18:59:38] [INFO] Skipping recipe farmingforblockheads:market/byg/pink_anemone, conditions not met
[18:59:38] [INFO] Skipping recipe allthemodium:casting/unobtainium_ingot, conditions not met
[18:59:38] [INFO] Skipping recipe bibliobiomes:color/light_blue/wood/biomesoplenty_pine/raised_seat_back, conditions not met
[18:59:38] [INFO] Skipping recipe bibliowoods:wood/mynethersdelight_powdery/fancy_crafter, conditions not met
[18:59:38] [INFO] Skipping recipe supplementaries:way_sign_oak/productivetrees/monkey_puzzle, conditions not met
[18:59:38] [INFO] Skipping recipe bibliowoods:wood/deep_aether_roseroot/fancy_sign, conditions not met
[18:59:38] [INFO] Skipping recipe productivemetalworks:casting/plates/ftbmaterials/lead, conditions not met
[18:59:38] [INFO] Skipping recipe bibliowoods:color/pink/wood/vampirism_dark_spruce/tall_seat_back, conditions not met
[18:59:38] [INFO] Skipping recipe bibliobiomes:color/brown/wood/biomesoplenty_empyreal/display_case, conditions not met
[18:59:38] [INFO] Skipping recipe mekanism:compat/biomesoplenty/pigment_extracting/large_purple, conditions not met
[18:59:38] [INFO] Skipping recipe bibliowoods:wood/deep_aether_sunroot/table, conditions not met
[18:59:38] [INFO] Skipping recipe ae2:matter_cannon/nuggets/charcoal, conditions not met
[18:59:38] [INFO] Skipping recipe bibliowoods:color/light_gray/wood/extradelight_cinnamon/small_seat_back, conditions not met
[18:59:38] [INFO] Skipping recipe bibliowoods:color/pink/wood/extradelight_cinnamon/seat, conditions not met
[18:59:38] [INFO] Skipping recipe farmingforblockheads:market/biomesoplenty/origin_sapling, conditions not met
[18:59:38] [INFO] Skipping recipe bibliowoods:color/green/wood/deep_aether_cruderoot/small_seat_back, conditions not met
[18:59:38] [INFO] Skipping recipe bibliowoods:color/magenta/wood/cobblemon_apricorn/tall_seat_back, conditions not met
[18:59:38] [INFO] Skipping recipe create:cutting/compat/netherexp/cerebrage_claret_stem, conditions not met
[18:59:38] [INFO] Skipping recipe bibliobiomes:color/orange/wood/biomesoplenty_umbran/display_case, conditions not met
[18:59:38] [INFO] Skipping recipe bibliowoods:color/lime/wood/gtceu_treated_wood/raised_seat_back, conditions not met
[18:59:38] [INFO] Skipping recipe bibliowoods:color/magenta/wood/vampirism_dark_spruce/small_seat_back, conditions not met
[18:59:38] [INFO] Skipping recipe productivebees:thermal/shapeless/stellarium_bee, conditions not met
[18:59:38] [INFO] Skipping recipe allthemodium:melting/unobtainium_from_ingot, conditions not met
[18:59:38] [INFO] Skipping recipe productivebees:centrifuge/ad_astra/honeycomb_ostrum, conditions not met
[18:59:38] [INFO] Skipping recipe productivebees:hives/advanced_biomesoplenty_mahogany_beehive, conditions not met
[18:59:38] [INFO] Skipping recipe bibliowoods:color/orange/wood/expandeddelight_cinnamon/flat_seat_back, conditions not met
[18:59:38] [INFO] Skipping recipe mekmm:compat/evolvedmekanism/factory/quantum/dissolving, conditions not met
[18:59:38] [INFO] Skipping recipe farmingforblockheads:market/tropicraft/anemone, conditions not met
[18:59:38] [INFO] Skipping recipe bibliowoods:color/gray/wood/mynethersdelight_powdery/tall_seat_back, conditions not met
[18:59:38] [INFO] Skipping recipe productivebees:bee_produce/botania/terrasteel_bee, conditions not met
[18:59:38] [INFO] Skipping recipe bibliobiomes:color/yellow/wood/biomesoplenty_willow/fancy_seat_back, conditions not met
[18:59:38] [INFO] Skipping recipe create:crushing/compat/elementaryores/ore_iron_nether, conditions not met
[18:59:38] [INFO] Skipping recipe bibliobiomes:color/black/wood/biomesoplenty_pine/raised_seat_back, conditions not met
[18:59:38] [INFO] Skipping recipe immersiveengineering:metalpress/wire_tin, conditions not met
[18:59:38] [INFO] Skipping recipe mysticalagriculture:seed/crafting/limestone, conditions not met
[18:59:38] [INFO] Skipping recipe mekanism:compat/biomesoplenty/dye/pink, conditions not met
[18:59:38] [INFO] Skipping recipe theurgy:incubation/logs_dead_from_alchemical_sulfur_dead, conditions not met
[18:59:38] [INFO] Skipping recipe bibliowoods:color/orange/wood/deep_aether_roseroot/small_seat_back, conditions not met
[18:59:38] [INFO] Skipping recipe bibliowoods:color/cyan/wood/butchercraft_barn_wood/seat, conditions not met
[18:59:38] [INFO] Skipping recipe supplementaries:sconce_ender, conditions not met
[18:59:38] [INFO] Skipping recipe bibliowoods:color/black/wood/gtceu_rubber/flat_seat_back, conditions not met
[18:59:38] [INFO] Skipping recipe mysticalagradditions:tconstruct/tools/materials/inferium/block, conditions not met
[18:59:38] [INFO] Skipping recipe bibliowoods:color/light_blue/wood/deep_aether_conberry/tall_seat_back, conditions not met
[18:59:38] [INFO] Skipping recipe productivebees:bee_produce/thermalendergy/prismalium_bee, conditions not met
[18:59:38] [INFO] Skipping recipe bibliowoods:wood/extradelight_fruit/fancy_sign, conditions not met
[18:59:38] [INFO] Skipping recipe mysticalagriculture:essence/botania/cyan_mystical_flower, conditions not met
[18:59:38] [INFO] Skipping recipe bibliowoods:color/red/wood/extradelight_cinnamon/small_seat_back, conditions not met
[18:59:38] [INFO] Skipping recipe supplementaries:way_sign_oak/productivetrees/teak, conditions not met
[18:59:38] [INFO] Skipping recipe create:crushing/compat/silentgems/kyanite_nether_ore, conditions not met
[18:59:38] [INFO] Skipping recipe cataclysm:stonecutting/stone_tile_stairs_from_stonecutting, no type defined
[18:59:38] [INFO] Skipping recipe bibliowoods:color/yellow/wood/vampirism_cursed_spruce/fancy_seat_back, conditions not met
[18:59:38] [INFO] Skipping recipe bibliowoods:color/white/wood/deep_aether_conberry/seat, conditions not met
[18:59:38] [INFO] Skipping recipe bibliobiomes:color/blue/wood/biomesoplenty_empyreal/raised_seat_back, conditions not met
[18:59:38] [INFO] Skipping recipe supplementaries:awnings/awning_magenta_2, conditions not met
[18:59:38] [INFO] Skipping recipe bibliowoods:color/light_blue/wood/extradelight_cinnamon/flat_seat_back, conditions not met
[18:59:38] [INFO] Skipping recipe bibliowoods:color/magenta/wood/gtceu_rubber/flat_seat_back, conditions not met
[18:59:38] [INFO] Skipping recipe mekanism:compat/biomeswevegone/pigment_extracting/purple, conditions not met
[18:59:38] [INFO] Skipping recipe bibliowoods:color/black/wood/deep_aether_cruderoot/raised_seat_back, conditions not met
[18:59:38] [INFO] Skipping recipe bibliowoods:color/yellow/wood/deep_aether_sunroot/tall_seat_back, conditions not met
[18:59:38] [INFO] Skipping recipe mysticalagriculture:seed/crafting/niotic_crystal, conditions not met
[18:59:38] [INFO] Skipping recipe bibliobiomes:color/white/wood/biomesoplenty_magic/seat, conditions not met
[18:59:38] [INFO] Skipping recipe bibliowoods:color/brown/wood/werewolves_jacaranda/seat, conditions not met
[18:59:38] [INFO] Skipping recipe bibliowoods:color/light_gray/wood/vampirism_cursed_spruce/seat, conditions not met
[18:59:38] [INFO] Skipping recipe bibliowoods:color/yellow/wood/mynethersdelight_powdery/small_seat_back, conditions not met
[18:59:38] [INFO] Skipping recipe bibliobiomes:color/green/wood/biomesoplenty_mahogany/flat_seat_back, conditions not met
[18:59:38] [INFO] Skipping recipe bibliobiomes:color/red/wood/biomesoplenty_redwood/raised_seat_back, conditions not met
[18:59:38] [INFO] Skipping recipe create:milling/compat/environmental/orange_hibiscus, conditions not met
[18:59:38] [INFO] Skipping recipe bibliobiomes:wood/biomesoplenty_fir/fancy_armor_stand, conditions not met
[18:59:38] [INFO] Skipping recipe megacells:cells/standard/mana_storage_cell_4m_disassembly, conditions not met
[18:59:38] [INFO] Skipping recipe mysticalagriculture:seed/crafting/blaze, conditions not met
[18:59:38] [INFO] Skipping recipe create:smelting/silver_ingot_compat_galosphere, conditions not met
[18:59:38] [INFO] Skipping recipe bibliowoods:color/yellow/wood/deep_aether_cruderoot/flat_seat_back, conditions not met
[18:59:38] [INFO] Skipping recipe productivebees:bee_produce/tconstruct/slimesteel_bee, conditions not met
[18:59:38] [INFO] Skipping recipe immersiveengineering:crusher/ingot_manyullyn, conditions not met
[18:59:38] [INFO] Skipping recipe bibliowoods:color/brown/wood/gtceu_rubber/seat, conditions not met
[18:59:38] [INFO] Skipping recipe cataclysm:stonecutting/quartz_brick_wall_from_stonecutting, no type defined
[18:59:38] [INFO] Skipping recipe reliquary:guardian_spike, conditions not met
[18:59:38] [INFO] Skipping recipe bibliowoods:color/lime/wood/vampirism_dark_spruce/display_case, conditions not met
[18:59:38] [INFO] Skipping recipe bibliowoods:wood/deep_aether_yagroot/fancy_armor_stand, conditions not met
[18:59:38] [INFO] Skipping recipe cataclysm:stonecutting/obsidian_brick_slab_from_stonecutting, no type defined
[18:59:38] [INFO] Skipping recipe create:haunting/compat/hauntedharvest/rotten_apple, conditions not met
[18:59:38] [INFO] Skipping recipe theurgy:reformation/alchemical_sulfur_chimerite_from_alchemical_niter_gems_precious, conditions not met
[18:59:38] [INFO] Skipping recipe theurgy:reformation/alchemical_sulfur_echo_from_alchemical_sulfurs_logs_abundant, conditions not met
[18:59:38] [INFO] Skipping recipe reliquary:alkahestry/crafting/copper_ingot, conditions not met
[18:59:38] [INFO] Skipping recipe theurgy:reformation/alchemical_sulfur_greenbean_from_alchemical_sulfurs_crops_abundant, conditions not met
[18:59:38] [INFO] Skipping recipe bibliowoods:color/orange/wood/gtceu_treated_wood/fancy_seat_back, conditions not met
[18:59:38] [INFO] Skipping recipe bibliobiomes:color/red/wood/biomesoplenty_pine/flat_seat_back, conditions not met
[18:59:38] [INFO] Skipping recipe megacells:cells/standard/mana_storage_cell_64m_disassembly, conditions not met
[18:59:38] [INFO] Skipping recipe theurgy:liquefaction/alchemical_sulfur_netherwood_from_logs_netherwood, conditions not met
[18:59:38] [INFO] Skipping recipe bibliowoods:wood/vampirism_dark_spruce/label, conditions not met
[18:59:38] [INFO] Skipping recipe theurgy:incubation/logs_maple_from_alchemical_sulfur_maple, conditions not met
[18:59:38] [INFO] Skipping recipe occultism:miner/ores/ghoulish_ore, conditions not met
[18:59:38] [INFO] Skipping recipe bibliowoods:color/magenta/wood/gtceu_rubber/raised_seat_back, conditions not met
[18:59:38] [INFO] Skipping recipe mekmm:compat/evolvedmekanism/factory/multiversal/pressurised_reacting, conditions not met
[18:59:38] [INFO] Skipping recipe mysticalagriculture:essence/tconstruct/cobalt_ingot, conditions not met
[18:59:38] [INFO] Skipping recipe supplementaries:sconce_green, conditions not met
[18:59:38] [INFO] Skipping recipe bibliobiomes:color/magenta/wood/biomesoplenty_empyreal/tall_seat_back, conditions not met
[18:59:38] [INFO] Skipping recipe supplementaries:way_sign_oak/productivetrees/ash, conditions not met
[18:59:38] [INFO] Skipping recipe bibliowoods:color/magenta/wood/deep_aether_roseroot/raised_seat_back, conditions not met
[18:59:38] [INFO] Skipping recipe bibliowoods:color/magenta/wood/extradelight_fruit/small_seat_back, conditions not met
[18:59:38] [INFO] Skipping recipe occultism:miner/ores/varsium_ore, conditions not met
[18:59:38] [INFO] Skipping recipe productivebees:bee_produce/chemlib/potassium_bee, conditions not met
[18:59:38] [INFO] Skipping recipe productivebees:bee_produce/chemlib/nitrogen_bee, conditions not met
[18:59:38] [INFO] Skipping recipe bibliobiomes:color/black/wood/biomesoplenty_dead/display_case, conditions not met
[18:59:38] [INFO] Skipping recipe mekanism:compat/biomeswevegone/pigment_extracting/large_magenta, conditions not met
[18:59:38] [INFO] Skipping recipe occultism:crushing/quicksilver_dirty_dust_from_clump, conditions not met
[18:59:38] [INFO] Skipping recipe bibliowoods:wood/vampirism_dark_spruce/tool_rack, conditions not met
[18:59:38] [INFO] Skipping recipe productivemetalworks:melting/geore/lapis_block, conditions not met
[18:59:38] [INFO] Skipping recipe bigreactors:turbine/reinforced/computerport_alt, conditions not met
[18:59:38] [INFO] Skipping recipe mysticalagriculture:essence/botania/brown_mystical_flower, conditions not met
[18:59:38] [INFO] Skipping recipe mysticalagriculture:seed/crafting/sapphire, conditions not met
[18:59:38] [INFO] Skipping recipe bibliobiomes:color/red/wood/biomesoplenty_jacaranda/flat_seat_back, conditions not met
[18:59:38] [INFO] Skipping recipe bibliowoods:color/light_gray/wood/werewolves_jacaranda/seat, conditions not met
[18:59:38] [INFO] Skipping recipe gtceu:macerator/tetrahedrite_bee, conditions not met
[18:59:38] [INFO] Skipping recipe bibliobiomes:color/yellow/wood/biomesoplenty_jacaranda/tall_seat_back, conditions not met
[18:59:38] [INFO] Skipping recipe bibliowoods:color/red/wood/deep_aether_conberry/display_case, conditions not met
[18:59:38] [INFO] Skipping recipe bibliowoods:color/light_blue/wood/werewolves_magic/small_seat_back, conditions not met
[18:59:38] [INFO] Skipping recipe bibliowoods:color/gray/wood/deep_aether_roseroot/small_seat_back, conditions not met
[18:59:38] [INFO] Skipping recipe bibliobiomes:color/orange/wood/biomesoplenty_fir/small_seat_back, conditions not met
[18:59:38] [INFO] Skipping recipe bibliobiomes:color/brown/wood/biomesoplenty_willow/small_seat_back, conditions not met
[18:59:38] [INFO] Skipping recipe actuallyadditions:mininglens/elementalcraft/inert_crystal_ore, conditions not met
[18:59:38] [INFO] Skipping recipe bibliowoods:color/blue/wood/gtceu_treated_wood/tall_seat_back, conditions not met
[18:59:38] [INFO] Skipping recipe bibliowoods:color/purple/wood/cobblemon_apricorn/tall_seat_back, conditions not met
[18:59:38] [INFO] Skipping recipe bibliowoods:color/blue/wood/werewolves_magic/seat, conditions not met
[18:59:38] [INFO] Skipping recipe supplementaries:way_sign_oak/regions_unexplored/brimwood, conditions not met
[18:59:38] [INFO] Skipping recipe bibliobiomes:color/magenta/wood/biomesoplenty_maple/tall_seat_back, conditions not met
[18:59:38] [INFO] Skipping recipe bibliobiomes:color/magenta/wood/biomesoplenty_hellbark/raised_seat_back, conditions not met
[18:59:38] [INFO] Skipping recipe allthemodium:melting/salvage/vibranium/vibranium_from_helmet, conditions not met
[18:59:38] [INFO] Skipping recipe productivebees:bee_produce/gems/jasper_bee, conditions not met
[18:59:38] [INFO] Skipping recipe farmingforblockheads:market/byg/delphinium, conditions not met
[18:59:38] [INFO] Skipping recipe productivemetalworks:melting/storage_blocks/raw_brass, conditions not met
[18:59:38] [INFO] Skipping recipe farmingforblockheads:market/extradelight/apple_sapling, conditions not met
[18:59:38] [INFO] Skipping recipe supplementaries:way_sign_oak/twilightforest/canopy, conditions not met
[18:59:38] [INFO] Skipping recipe bibliobiomes:color/red/wood/biomesoplenty_redwood/seat, conditions not met
[18:59:38] [INFO] Skipping recipe bibliowoods:color/green/wood/werewolves_jacaranda/display_case, conditions not met
[18:59:38] [INFO] Skipping recipe bibliowoods:wood/werewolves_jacaranda/fancy_crafter, conditions not met
[18:59:38] [INFO] Skipping recipe supplementaries:way_sign_oak/productivetrees/rose_gum, conditions not met
[18:59:38] [INFO] Skipping recipe bibliowoods:color/cyan/wood/deep_aether_cruderoot/flat_seat_back, conditions not met
[18:59:38] [INFO] Skipping recipe supplementaries:way_sign_oak/regions_unexplored/larch, conditions not met
[18:59:38] [INFO] Skipping recipe bibliobiomes:color/yellow/wood/biomesoplenty_dead/raised_seat_back, conditions not met
[18:59:38] [INFO] Skipping recipe bibliocraft:soul_fancy_gold_lantern, conditions not met
[18:59:38] [INFO] Skipping recipe bibliowoods:color/cyan/wood/deep_aether_cruderoot/small_seat_back, conditions not met
[18:59:38] [INFO] Skipping recipe bibliowoods:color/light_blue/wood/butchercraft_barn_wood/flat_seat_back, conditions not met
[18:59:38] [INFO] Skipping recipe bibliowoods:color/purple/wood/vampirism_cursed_spruce/flat_seat_back, conditions not met
[18:59:38] [INFO] Skipping recipe bibliowoods:color/green/wood/vampirism_cursed_spruce/fancy_seat_back, conditions not met
[18:59:38] [INFO] Skipping recipe mekanism:compat/biomesoplenty/sawing/fence_gate/maple, conditions not met
[18:59:38] [INFO] Skipping recipe productivebees:expansion_boxes/expansion_box_biomesoplenty_magic, conditions not met
[18:59:38] [INFO] Skipping recipe bibliobiomes:color/purple/wood/biomesoplenty_palm/seat, conditions not met
[18:59:38] [INFO] Skipping recipe bibliowoods:color/white/wood/deep_aether_sunroot/display_case, conditions not met
[18:59:38] [INFO] Skipping recipe bibliobiomes:color/magenta/wood/biomesoplenty_empyreal/display_case, conditions not met
[18:59:38] [INFO] Skipping recipe create:milling/compat/biomeswevegone/torch_ginger, conditions not met
[18:59:38] [INFO] Skipping recipe productivebees:bee_produce/pokecube/spectrum_bee, conditions not met
[18:59:38] [INFO] Skipping recipe occultism:miner/eldritch/raw_cobalt, conditions not met
[18:59:38] [INFO] Skipping recipe bibliowoods:color/orange/wood/deep_aether_yagroot/seat, conditions not met
[18:59:38] [INFO] Skipping recipe bibliowoods:color/brown/wood/deep_aether_cruderoot/small_seat_back, conditions not met
[18:59:38] [INFO] Skipping recipe mysticalagriculture:seed/crafting/vibrant_alloy, conditions not met
[18:59:38] [INFO] Skipping recipe theurgy:liquefaction/alchemical_sulfur_demonite_from_ingots_demonite, conditions not met
[18:59:38] [INFO] Skipping recipe theurgy:reformation/alchemical_sulfur_illwood_from_alchemical_niter_logs_abundant, conditions not met
[18:59:38] [INFO] Skipping recipe bibliowoods:color/orange/wood/deep_aether_roseroot/tall_seat_back, conditions not met
[18:59:38] [INFO] Skipping recipe bibliowoods:color/magenta/wood/deep_aether_sunroot/fancy_seat_back, conditions not met
[18:59:38] [INFO] Skipping recipe productivemetalworks:casting/plates/ftbmaterials/zinc, conditions not met
[18:59:38] [INFO] Skipping recipe bibliobiomes:color/lime/wood/biomesoplenty_redwood/seat, conditions not met
[18:59:38] [INFO] Skipping recipe bibliobiomes:color/cyan/wood/biomesoplenty_jacaranda/display_case, conditions not met
[18:59:38] [INFO] Skipping recipe bibliowoods:color/green/wood/mynethersdelight_powdery/flat_seat_back, conditions not met
[18:59:38] [INFO] Skipping recipe bibliowoods:color/magenta/wood/deep_aether_sunroot/small_seat_back, conditions not met
[18:59:38] [INFO] Skipping recipe bibliobiomes:color/green/wood/biomesoplenty_hellbark/fancy_seat_back, conditions not met
[18:59:38] [INFO] Skipping recipe bibliobiomes:color/purple/wood/biomesoplenty_willow/display_case, conditions not met
[18:59:38] [INFO] Skipping recipe create:pressing/compat/environmental/mycelium_path, conditions not met
[18:59:38] [INFO] Skipping recipe bibliobiomes:color/red/wood/biomesoplenty_umbran/raised_seat_back, conditions not met
[18:59:38] [INFO] Skipping recipe create_aquatic_ambitions:channeling/upgrade_aquatic/moss_coral_block, conditions not met
[18:59:38] [INFO] Skipping recipe productivemetalworks:melting/geore/lapis_shard, conditions not met
[18:59:38] [INFO] Skipping recipe reliquary:witch_hat, conditions not met
[18:59:38] [INFO] Skipping recipe mekanism:compat/biomesoplenty/sawing/boat/magic, conditions not met
[18:59:38] [INFO] Skipping recipe gtceu:macerator/graphite_bee, conditions not met
[18:59:38] [INFO] Skipping recipe bibliowoods:color/brown/wood/werewolves_jacaranda/small_seat_back, conditions not met
[18:59:38] [INFO] Skipping recipe productivemetalworks:casting/ingots/ftbmaterials/osmium, conditions not met
[18:59:38] [INFO] Skipping recipe bibliowoods:color/yellow/wood/mynethersdelight_powdery/raised_seat_back, conditions not met
[18:59:38] [INFO] Skipping recipe productivebees:bee_produce/gems/chrysoprase_bee, conditions not met
[18:59:38] [INFO] Skipping recipe bibliowoods:color/white/wood/werewolves_jacaranda/flat_seat_back, conditions not met
[18:59:38] [INFO] Skipping recipe bibliowoods:color/light_gray/wood/deep_aether_sunroot/fancy_seat_back, conditions not met
[18:59:38] [INFO] Skipping recipe mysticalagriculture:seed/reprocessor/elementium, conditions not met
[18:59:38] [INFO] Skipping recipe bibliowoods:color/magenta/wood/vampirism_cursed_spruce/small_seat_back, conditions not met
[18:59:38] [INFO] Skipping recipe bibliobiomes:color/gray/wood/biomesoplenty_umbran/tall_seat_back, conditions not met
[18:59:38] [INFO] Skipping recipe bibliobiomes:wood/biomesoplenty_redwood/fancy_clock, conditions not met
[18:59:38] [INFO] Skipping recipe supplementaries:way_sign_oak/productivetrees/cinnamon, conditions not met
[18:59:38] [INFO] Skipping recipe bibliobiomes:color/purple/wood/biomesoplenty_empyreal/seat, conditions not met
[18:59:38] [INFO] Skipping recipe bibliowoods:color/light_blue/wood/deep_aether_cruderoot/fancy_seat_back, conditions not met
[18:59:38] [INFO] Skipping recipe farmingforblockheads:market/byg/palm_sapling, conditions not met
[18:59:38] [INFO] Skipping recipe theurgy:reformation/alchemical_sulfur_juniper_from_alchemical_niter_crops_abundant, conditions not met
[18:59:38] [INFO] Skipping recipe bibliowoods:color/light_gray/wood/deep_aether_sunroot/small_seat_back, conditions not met
[18:59:38] [INFO] Skipping recipe supplementaries:way_sign_oak/productivetrees/yew, conditions not met
[18:59:38] [INFO] Skipping recipe bibliowoods:color/cyan/wood/werewolves_jacaranda/tall_seat_back, conditions not met
[18:59:38] [INFO] Skipping recipe bibliowoods:color/light_blue/wood/deep_aether_sunroot/fancy_seat_back, conditions not met
[18:59:38] [INFO] Skipping recipe bibliobiomes:wood/biomesoplenty_pine/shelf, conditions not met
[18:59:38] [INFO] Skipping recipe bibliobiomes:color/purple/wood/biomesoplenty_fir/flat_seat_back, conditions not met
[18:59:38] [INFO] Skipping recipe bibliowoods:wood/gtceu_rubber/fancy_clock, conditions not met
[18:59:38] [INFO] Skipping recipe mysticalagriculture:essence/botania/orange_mystical_flower, conditions not met
[18:59:38] [INFO] Skipping recipe bibliobiomes:color/green/wood/biomesoplenty_willow/raised_seat_back, conditions not met
[18:59:38] [INFO] Skipping recipe bibliobiomes:color/orange/wood/biomesoplenty_magic/flat_seat_back, conditions not met
[18:59:38] [INFO] Skipping recipe create:crushing/compat/elementaryores/ore_copper_end, conditions not met
[18:59:38] [INFO] Skipping recipe bibliobiomes:color/green/wood/biomesoplenty_hellbark/seat, conditions not met
[18:59:38] [INFO] Skipping recipe bibliowoods:color/white/wood/expandeddelight_cinnamon/flat_seat_back, conditions not met
[18:59:38] [INFO] Skipping recipe bibliowoods:color/gray/wood/extradelight_cinnamon/display_case, conditions not met
[18:59:38] [INFO] Skipping recipe bibliowoods:color/lime/wood/gtceu_rubber/tall_seat_back, conditions not met
[18:59:38] [INFO] Skipping recipe bibliowoods:color/blue/wood/deep_aether_conberry/flat_seat_back, conditions not met
[18:59:38] [INFO] Skipping recipe bibliobiomes:color/green/wood/biomesoplenty_hellbark/small_seat_back, conditions not met
[18:59:38] [INFO] Skipping recipe bibliowoods:color/magenta/wood/extradelight_fruit/fancy_seat_back, conditions not met
[18:59:38] [INFO] Skipping recipe immersiveengineering:arcfurnace/ore_cobalt, conditions not met
[18:59:38] [INFO] Skipping recipe bibliowoods:color/light_blue/wood/deep_aether_cruderoot/small_seat_back, conditions not met
[18:59:38] [INFO] Skipping recipe bibliowoods:color/purple/wood/deep_aether_conberry/raised_seat_back, conditions not met
[18:59:38] [INFO] Skipping recipe farmingforblockheads:market/croptopia/asparagus_seed, conditions not met
[18:59:38] [INFO] Skipping recipe farmingforblockheads:market/betterendforge/mossy_obsidian, conditions not met
[18:59:38] [INFO] Skipping recipe bibliowoods:color/black/wood/deep_aether_roseroot/flat_seat_back, conditions not met
[18:59:38] [INFO] Skipping recipe bibliowoods:color/black/wood/deep_aether_roseroot/seat, conditions not met
[18:59:38] [INFO] Recipe deeperdarker:resonarium_pickaxe_smithing[minecraft:smithing_transform] failed to parse due to an error on component: Failed to read required component 'template: ingredient' - java.lang.IllegalStateException: Failed to parse either. First: Item array cannot be empty, at least one item must be defined; Second: Not a JSON object: []
[18:59:38] [INFO] Skipping recipe theurgy:liquefaction/alchemical_sulfur_glimmering_livingwood_from_logs_glimmering_livingwood, conditions not met
[18:59:38] [INFO] Skipping recipe pylons:harvesting/vinery/taiga_grape_bush_red, conditions not met
[18:59:38] [INFO] Skipping recipe bibliowoods:color/cyan/wood/deep_aether_yagroot/seat, conditions not met
[18:59:38] [INFO] Skipping recipe bibliowoods:color/cyan/wood/expandeddelight_cinnamon/tall_seat_back, conditions not met
[18:59:38] [INFO] Skipping recipe bibliobiomes:color/purple/wood/biomesoplenty_maple/display_case, conditions not met
[18:59:38] [INFO] Skipping recipe bibliowoods:wood/butchercraft_barn_wood/fancy_clock, conditions not met
[18:59:38] [INFO] Skipping recipe megacells:cells/portable/portable_experience_cell_1m_disassembly, conditions not met
[18:59:38] [INFO] Skipping recipe bibliowoods:color/purple/wood/extradelight_cinnamon/raised_seat_back, conditions not met
[18:59:38] [INFO] Skipping recipe bibliowoods:color/black/wood/werewolves_jacaranda/seat, conditions not met
[18:59:38] [INFO] Skipping recipe productivemetalworks:casting/ingots/ftbmaterials/bronze, conditions not met
[18:59:38] [INFO] Skipping recipe bibliowoods:color/green/wood/mynethersdelight_powdery/tall_seat_back, conditions not met
[18:59:38] [INFO] Skipping recipe farmingforblockheads:market/byg/foxglove, conditions not met
[18:59:38] [INFO] Skipping recipe enderdrives:ender_disk_256k_extended, conditions not met
[18:59:38] [INFO] Skipping recipe theurgy:reformation/alchemical_sulfur_wolfberry_from_alchemical_niter_logs_abundant, conditions not met
[18:59:38] [INFO] Skipping recipe bibliowoods:wood/mynethersdelight_powdery/bookcase, conditions not met
[18:59:38] [INFO] Skipping recipe create:blasting/ingot_aluminium_compat_ic2, conditions not met
[18:59:38] [INFO] Skipping recipe mekanism:compat/biomesoplenty/pigment_extracting/magenta, conditions not met
[18:59:38] [INFO] Skipping recipe bibliobiomes:color/light_gray/wood/biomesoplenty_dead/display_case, conditions not met
[18:59:38] [INFO] Skipping recipe farmingforblockheads:market/simplefarming/cherry_sapling, conditions not met
[18:59:38] [INFO] Skipping recipe immersiveengineering:metalpress/wire_constantan, conditions not met
[18:59:38] [INFO] Skipping recipe bibliowoods:color/white/wood/werewolves_jacaranda/tall_seat_back, conditions not met
[18:59:38] [INFO] Skipping recipe bibliobiomes:color/yellow/wood/biomesoplenty_redwood/tall_seat_back, conditions not met
[18:59:38] [INFO] Skipping recipe mysticalagriculture:seed/crafting/enderman, conditions not met
[18:59:38] [INFO] Skipping recipe bibliowoods:color/gray/wood/deep_aether_conberry/flat_seat_back, conditions not met
[18:59:38] [INFO] Skipping recipe theurgy:reformation/alchemical_sulfur_desh_from_alchemical_niter_metals_common, conditions not met
[18:59:38] [INFO] Skipping recipe productivebees:centrifuge/ad_astra/honeycomb_cheese, conditions not met
[18:59:38] [INFO] Skipping recipe toolbelt:belt_upgrade_1_via_sewing, conditions not met
[18:59:38] [INFO] Skipping recipe bibliowoods:color/green/wood/vampirism_cursed_spruce/tall_seat_back, conditions not met
[18:59:38] [INFO] Skipping recipe bibliowoods:wood/deep_aether_conberry/shelf, conditions not met
[18:59:38] [INFO] Skipping recipe bibliobiomes:color/black/wood/biomesoplenty_maple/raised_seat_back, conditions not met
[18:59:38] [INFO] Skipping recipe farmingforblockheads:market/quark/orange_blossom_sapling, conditions not met
[18:59:38] [INFO] Skipping recipe bibliowoods:color/gray/wood/deep_aether_conberry/tall_seat_back, conditions not met
[18:59:38] [INFO] Skipping recipe theurgy:fermentation/alchemical_niter_other_minerals_precious_using_sugars, conditions not met
[18:59:38] [INFO] Skipping recipe mysticalagriculture:seed/crafting/pulsating_alloy, conditions not met
[18:59:38] [INFO] Skipping recipe create:milling/compat/biomesoplenty/wildflower, conditions not met
[18:59:38] [INFO] Skipping recipe productivebees:alchemistry/combiner/flerovium_bee, conditions not met
[18:59:38] [INFO] Skipping recipe bibliowoods:color/yellow/wood/deep_aether_cruderoot/seat, conditions not met
[18:59:38] [INFO] Skipping recipe bibliobiomes:color/orange/wood/biomesoplenty_magic/tall_seat_back, conditions not met
[18:59:38] [INFO] Skipping recipe bibliobiomes:color/brown/wood/biomesoplenty_palm/small_seat_back, conditions not met
[18:59:38] [INFO] Skipping recipe bibliobiomes:color/orange/wood/biomesoplenty_hellbark/seat, conditions not met
[18:59:38] [INFO] Skipping recipe bibliowoods:color/yellow/wood/deep_aether_cruderoot/tall_seat_back, conditions not met
[18:59:38] [INFO] Skipping recipe productivemetalworks:melting/ores/enderium, conditions not met
[18:59:38] [INFO] Skipping recipe farmingforblockheads:market/biomesoplenty/jacaranda_sapling, conditions not met
[18:59:38] [INFO] Skipping recipe mysticalagriculture:seed/crafting/air, conditions not met
[18:59:38] [INFO] Skipping recipe bibliobiomes:color/blue/wood/biomesoplenty_umbran/flat_seat_back, conditions not met
[18:59:38] [INFO] Skipping recipe bibliowoods:color/lime/wood/gtceu_rubber/flat_seat_back, conditions not met
[18:59:38] [INFO] Skipping recipe bibliowoods:color/pink/wood/butchercraft_barn_wood/seat, conditions not met
[18:59:38] [INFO] Skipping recipe mekmm:compat/evolvedmekanism/factory/quantum/oxidizing, conditions not met
[18:59:38] [INFO] Skipping recipe mysticalagriculture:seed/crafting/marble, conditions not met
[18:59:38] [INFO] Skipping recipe bibliobiomes:color/gray/wood/biomesoplenty_mahogany/display_case, conditions not met
[18:59:38] [INFO] Skipping recipe bibliowoods:color/brown/wood/deep_aether_conberry/seat, conditions not met
[18:59:38] [INFO] Skipping recipe bibliobiomes:color/purple/wood/biomesoplenty_maple/flat_seat_back, conditions not met
[18:59:38] [INFO] Skipping recipe mekanism:compat/biomesoplenty/sawing/pressure_plate/willow, conditions not met
[18:59:38] [INFO] Skipping recipe bibliobiomes:wood/biomesoplenty_hellbark/potion_shelf, conditions not met
[18:59:38] [INFO] Skipping recipe productivebees:bee_produce/chemlib/americium_bee, conditions not met
[18:59:38] [INFO] Skipping recipe bibliowoods:color/cyan/wood/werewolves_magic/tall_seat_back, conditions not met
[18:59:38] [INFO] Skipping recipe bibliobiomes:color/magenta/wood/biomesoplenty_jacaranda/raised_seat_back, conditions not met
[18:59:38] [INFO] Skipping recipe bibliobiomes:color/white/wood/biomesoplenty_palm/display_case, conditions not met
[18:59:38] [INFO] Skipping recipe allthemodium:melting/salvage/allthemodium/allthemodium_from_leggings, conditions not met
[18:59:38] [INFO] Skipping recipe productivebees:centrifuge/thermalendergy/honeycomb_stellarium, conditions not met
[18:59:38] [INFO] Skipping recipe mysticalagradditions:tconstruct/melting/imperium/ingot, conditions not met
[18:59:38] [INFO] Skipping recipe bibliobiomes:color/yellow/wood/biomesoplenty_redwood/flat_seat_back, conditions not met
[18:59:38] [INFO] Skipping recipe productivebees:bee_conversion/ad_astra/calorite_bee, conditions not met
[18:59:38] [INFO] Skipping recipe farmingforblockheads:market/byg/green_mushroom, conditions not met
[18:59:38] [INFO] Skipping recipe bibliowoods:color/gray/wood/vampirism_cursed_spruce/raised_seat_back, conditions not met
[18:59:38] [INFO] Skipping recipe productivemetalworks:casting/rods/ftbmaterials/lead, conditions not met
[18:59:38] [INFO] Skipping recipe farmingforblockheads:market/betterendforge/hydralux_sapling, conditions not met
[18:59:38] [INFO] Skipping recipe bibliobiomes:color/lime/wood/biomesoplenty_redwood/display_case, conditions not met
[18:59:38] [INFO] Skipping recipe theurgy:incubation/logs_sortingwood_from_alchemical_sulfur_sortingwood, conditions not met
[18:59:38] [INFO] Skipping recipe bibliowoods:wood/extradelight_fruit/fancy_clock, conditions not met
[18:59:38] [INFO] Skipping recipe allthemodium:melting/vibranium_from_raw_ore, conditions not met
[18:59:38] [INFO] Skipping recipe supplementaries:way_sign_oak/productivetrees/hawthorn, conditions not met
[18:59:38] [INFO] Skipping recipe productivebees:bee_produce/gtceu/vanadium_magnetite_bee, conditions not met
[18:59:38] [INFO] Skipping recipe productivebees:bee_produce/gems/zircon_bee, conditions not met
[18:59:38] [INFO] Skipping recipe create:crushing/compat/silentgems/alexandrite_nether_ore, conditions not met
[18:59:38] [INFO] Skipping recipe theurgy:incubation/ingots_demonite_from_alchemical_sulfur_demonite, conditions not met
[18:59:38] [INFO] Skipping recipe mekanism:compat/biomesoplenty/sawing/pressure_plate/jacaranda, conditions not met
[18:59:38] [INFO] Skipping recipe bibliowoods:color/blue/wood/vampirism_cursed_spruce/tall_seat_back, conditions not met
[18:59:38] [INFO] Skipping recipe gtceu:electromagnetic_separator/vanadium_magnetite_bee, conditions not met
[18:59:38] [INFO] Skipping recipe mekanism:compat/biomesoplenty/sawing/chest_boat/hellbark, conditions not met
[18:59:38] [INFO] Skipping recipe bibliobiomes:color/yellow/wood/biomesoplenty_jacaranda/flat_seat_back, conditions not met
[18:59:38] [INFO] Skipping recipe bibliowoods:color/purple/wood/cobblemon_apricorn/raised_seat_back, conditions not met
[18:59:38] [INFO] Skipping recipe productivebees:alchemistry/combiner/helium_bee, conditions not met
[18:59:38] [INFO] Skipping recipe supplementaries:way_sign_oak/productivetrees/swamp_gum, conditions not met
[18:59:38] [INFO] Skipping recipe bibliobiomes:color/brown/wood/biomesoplenty_fir/fancy_seat_back, conditions not met
[18:59:38] [INFO] Skipping recipe bibliobiomes:color/orange/wood/biomesoplenty_pine/display_case, conditions not met
[18:59:38] [INFO] Skipping recipe silentgear:woodcutting/netherwood_fence_gate, conditions not met
[18:59:38] [INFO] Skipping recipe bibliowoods:color/green/wood/vampirism_cursed_spruce/flat_seat_back, conditions not met
[18:59:38] [INFO] Skipping recipe bibliobiomes:color/black/wood/biomesoplenty_pine/display_case, conditions not met
[18:59:38] [INFO] Skipping recipe bibliobiomes:color/purple/wood/biomesoplenty_empyreal/fancy_seat_back, conditions not met
[18:59:38] [INFO] Skipping recipe mysticalagriculture:seed/crafting/slimesteel, conditions not met
[18:59:38] [INFO] Skipping recipe productivebees:bee_conversion/tetra/geode_bee_from_pristine_lapis, conditions not met
[18:59:38] [INFO] Skipping recipe bibliobiomes:color/yellow/wood/biomesoplenty_mahogany/tall_seat_back, conditions not met
[18:59:38] [INFO] Skipping recipe productivebees:bee_breeding/chemlib/tantalum_bee, conditions not met
[18:59:38] [INFO] Skipping recipe productivebees:centrifuge/pokecube/honeycomb_cosmic_dust, conditions not met
[18:59:38] [INFO] Skipping recipe mekanism:compat/biomesoplenty/sawing/boat/umbran, conditions not met
[18:59:38] [INFO] Skipping recipe farmingforblockheads:market/betternether/soul_lily_sapling, conditions not met
[18:59:38] [INFO] Skipping recipe farmingforblockheads:market/byg/sythian_fungus, conditions not met
[18:59:38] [INFO] Skipping recipe bibliowoods:color/gray/wood/butchercraft_barn_wood/seat, conditions not met
[18:59:38] [INFO] Skipping recipe farmingforblockheads:market/byg/red_oak_sapling, conditions not met
[18:59:38] [INFO] Skipping recipe bibliowoods:color/gray/wood/werewolves_jacaranda/tall_seat_back, conditions not met
[18:59:38] [INFO] Skipping recipe productivemetalworks:casting/nuggets/ftbmaterials/refined_glowstone, conditions not met
[18:59:38] [INFO] Skipping recipe dyenamics:thermal/centrifuge/lavender_rockwool, conditions not met
[18:59:38] [INFO] Skipping recipe farmingforblockheads:market/fruitsdelight/kiwi_sapling, conditions not met
[18:59:38] [INFO] Skipping recipe create:milling/compat/biomesoplenty/lavender, conditions not met
[18:59:38] [INFO] Skipping recipe bibliobiomes:color/red/wood/biomesoplenty_jacaranda/raised_seat_back, conditions not met
[18:59:38] [INFO] Skipping recipe bibliobiomes:color/purple/wood/biomesoplenty_maple/tall_seat_back, conditions not met
[18:59:38] [INFO] Skipping recipe bibliobiomes:color/purple/wood/biomesoplenty_empyreal/small_seat_back, conditions not met
[18:59:38] [INFO] Skipping recipe bibliobiomes:color/yellow/wood/biomesoplenty_palm/display_case, conditions not met
[18:59:38] [INFO] Skipping recipe supplementaries:way_sign_oak/biomeswevegone/zelkova, conditions not met
[18:59:38] [INFO] Skipping recipe create:crushing/compat/silentgems/sapphire_nether_ore, conditions not met
[18:59:38] [INFO] Skipping recipe bibliowoods:wood/mynethersdelight_powdery/label, conditions not met
[18:59:38] [INFO] Skipping recipe bibliowoods:wood/deep_aether_roseroot/grandfather_clock, conditions not met
[18:59:38] [INFO] Skipping recipe productivebees:alchemistry/dissolver/indium_bee, conditions not met
[18:59:38] [INFO] Skipping recipe bibliobiomes:color/brown/wood/biomesoplenty_willow/raised_seat_back, conditions not met
[18:59:38] [INFO] Skipping recipe bibliowoods:color/orange/wood/vampirism_dark_spruce/raised_seat_back, conditions not met
[18:59:38] [INFO] Skipping recipe bibliowoods:color/red/wood/deep_aether_yagroot/seat, conditions not met
[18:59:38] [INFO] Skipping recipe bibliobiomes:wood/biomesoplenty_fir/bookcase, conditions not met
[18:59:38] [INFO] Skipping recipe bibliowoods:color/blue/wood/werewolves_jacaranda/tall_seat_back, conditions not met
[18:59:38] [INFO] Skipping recipe bibliowoods:color/light_blue/wood/extradelight_cinnamon/fancy_seat_back, conditions not met
[18:59:38] [INFO] Skipping recipe dyenamics:thermal/rockwool/aquamarine_rockwool, conditions not met
[18:59:38] [INFO] Skipping recipe bibliowoods:color/purple/wood/gtceu_rubber/fancy_seat_back, conditions not met
[18:59:38] [INFO] Skipping recipe bibliowoods:color/purple/wood/gtceu_rubber/small_seat_back, conditions not met
[18:59:38] [INFO] Skipping recipe supplementaries:awnings/awning_white_2, conditions not met
[18:59:38] [INFO] Skipping recipe bibliowoods:color/black/wood/cobblemon_apricorn/display_case, conditions not met
[18:59:38] [INFO] Skipping recipe theurgy:incubation/logs_mahogany_from_alchemical_sulfur_mahogany, conditions not met
[18:59:38] [INFO] Skipping recipe theurgy:fermentation/alchemical_niter_mobs_precious_using_logs, conditions not met
[18:59:38] [INFO] Skipping recipe bibliobiomes:color/gray/wood/biomesoplenty_umbran/flat_seat_back, conditions not met
[18:59:38] [INFO] Skipping recipe bibliowoods:color/brown/wood/cobblemon_apricorn/display_case, conditions not met
[18:59:38] [INFO] Skipping recipe bibliowoods:color/purple/wood/deep_aether_roseroot/display_case, conditions not met
[18:59:38] [INFO] Skipping recipe bibliowoods:color/blue/wood/expandeddelight_cinnamon/tall_seat_back, conditions not met
[18:59:38] [INFO] Skipping recipe occultism:miner/ores/crystallite_ore, conditions not met
[18:59:38] [INFO] Skipping recipe bibliowoods:color/brown/wood/vampirism_cursed_spruce/seat, conditions not met
[18:59:38] [INFO] Skipping recipe bibliobiomes:color/cyan/wood/biomesoplenty_empyreal/fancy_seat_back, conditions not met
[18:59:38] [INFO] Skipping recipe bibliowoods:color/green/wood/extradelight_cinnamon/flat_seat_back, conditions not met
[18:59:38] [INFO] Skipping recipe theurgy:incubation/logs_bluebright_from_alchemical_sulfur_bluebright, conditions not met
[18:59:38] [INFO] Skipping recipe mekanism:compat/biomesoplenty/sandstone_to_sand/white, conditions not met
[18:59:38] [INFO] Skipping recipe productivebees:centrifuge/elementalcraft/honeycomb_earth_crystal, conditions not met
[18:59:38] [INFO] Skipping recipe bibliowoods:color/white/wood/gtceu_treated_wood/raised_seat_back, conditions not met
[18:59:38] [INFO] Skipping recipe bibliowoods:color/light_gray/wood/cobblemon_apricorn/fancy_seat_back, conditions not met
[18:59:38] [INFO] Skipping recipe mysticalagradditions:tconstruct/tools/melting/soulium, conditions not met
[18:59:38] [INFO] Skipping recipe create:crushing/compat/biomeswevegone/brimstone_nether_quartz_ore, conditions not met
[18:59:38] [INFO] Skipping recipe create:pressing/compat/betterendforge/end_moss_path, conditions not met
[18:59:38] [INFO] Skipping recipe bibliobiomes:color/gray/wood/biomesoplenty_fir/tall_seat_back, conditions not met
[18:59:38] [INFO] Skipping recipe productivemetalworks:melting/storage_blocks/raw_bronze, conditions not met
[18:59:38] [INFO] Skipping recipe bibliowoods:color/light_blue/wood/werewolves_magic/tall_seat_back, conditions not met
[18:59:38] [INFO] Skipping recipe create:crushing/compat/silentgems/black_diamond_end_ore, conditions not met
[18:59:38] [INFO] Skipping recipe bibliowoods:color/pink/wood/werewolves_magic/display_case, conditions not met
[18:59:38] [INFO] Skipping recipe bibliowoods:color/pink/wood/gtceu_treated_wood/small_seat_back, conditions not met
[18:59:38] [INFO] Skipping recipe bibliobiomes:color/purple/wood/biomesoplenty_fir/tall_seat_back, conditions not met
[18:59:38] [INFO] Skipping recipe bibliobiomes:wood/biomesoplenty_umbran/table, conditions not met
[18:59:38] [INFO] Skipping recipe mekmm:compat/evolvedmekanism/factory/dense/recycling, conditions not met
[18:59:38] [INFO] Skipping recipe bibliowoods:color/pink/wood/gtceu_treated_wood/fancy_seat_back, conditions not met
[18:59:38] [INFO] Skipping recipe bibliowoods:color/yellow/wood/deep_aether_roseroot/tall_seat_back, conditions not met
[18:59:38] [INFO] Skipping recipe occultism:miner/eldritch/onyx, conditions not met
[18:59:38] [INFO] Skipping recipe occultism:miner/ores/morganite_ore, conditions not met
[18:59:38] [INFO] Skipping recipe mekanism:compat/biomeswevegone/dye/large_green, conditions not met
[18:59:38] [INFO] Skipping recipe occultism:crystallize/amber_from_ore, conditions not met
[18:59:38] [INFO] Skipping recipe bibliowoods:color/white/wood/expandeddelight_cinnamon/tall_seat_back, conditions not met
[18:59:38] [INFO] Skipping recipe farmingforblockheads:market/youkaishomecoming/green_coffee_bean, conditions not met
[18:59:38] [INFO] Skipping recipe bibliowoods:color/black/wood/deep_aether_roseroot/tall_seat_back, conditions not met
[18:59:38] [INFO] Skipping recipe bibliowoods:color/gray/wood/gtceu_rubber/flat_seat_back, conditions not met
[18:59:38] [INFO] Skipping recipe productivemetalworks:casting/ingots/ftbmaterials/uranium, conditions not met
[18:59:38] [INFO] Skipping recipe bibliobiomes:color/blue/wood/biomesoplenty_maple/fancy_seat_back, conditions not met
[18:59:38] [INFO] Skipping recipe bibliowoods:color/cyan/wood/werewolves_jacaranda/flat_seat_back, conditions not met
[18:59:38] [INFO] Skipping recipe bibliowoods:color/white/wood/deep_aether_roseroot/flat_seat_back, conditions not met
[18:59:38] [INFO] Skipping recipe bibliobiomes:color/orange/wood/biomesoplenty_redwood/display_case, conditions not met
[18:59:38] [INFO] Skipping recipe productivebees:bee_breeding/chemlib/thorium_bee, conditions not met
[18:59:38] [INFO] Skipping recipe theurgy:incubation/logs_aurum_from_alchemical_sulfur_aurum, conditions not met
[18:59:38] [INFO] Skipping recipe bibliowoods:color/lime/wood/werewolves_magic/seat, conditions not met
[18:59:38] [INFO] Skipping recipe bibliowoods:color/white/wood/gtceu_rubber/tall_seat_back, conditions not met
[18:59:38] [INFO] Skipping recipe theurgy:incubation/logs_darkwood_from_alchemical_sulfur_darkwood, conditions not met
[18:59:38] [INFO] Skipping recipe farmingforblockheads:market/thermal/bell_pepper_seeds, conditions not met
[18:59:38] [INFO] Skipping recipe integrateddynamics:squeezer/ore/raw_cobalt, conditions not met
[18:59:38] [INFO] Skipping recipe create:splashing/endergetic/petrified_nether_corrock_block, conditions not met
[18:59:38] [INFO] Skipping recipe bibliobiomes:color/lime/wood/biomesoplenty_maple/tall_seat_back, conditions not met
[18:59:38] [INFO] Skipping recipe mysticalagriculture:seed/reprocessor/basalz, conditions not met
[18:59:38] [INFO] Skipping recipe bibliowoods:wood/mynethersdelight_powdery/grandfather_clock, conditions not met
[18:59:38] [INFO] Skipping recipe farmingforblockheads:market/biomesoplenty/goldenrod, conditions not met
[18:59:38] [INFO] Skipping recipe bibliobiomes:color/blue/wood/biomesoplenty_jacaranda/fancy_seat_back, conditions not met
[18:59:38] [INFO] Skipping recipe bibliobiomes:color/red/wood/biomesoplenty_willow/raised_seat_back, conditions not met
[18:59:38] [INFO] Skipping recipe bibliobiomes:wood/biomesoplenty_hellbark/fancy_sign, conditions not met
[18:59:38] [INFO] Skipping recipe bibliowoods:color/orange/wood/vampirism_cursed_spruce/seat, conditions not met
[18:59:38] [INFO] Skipping recipe ae2:matter_cannon/nuggets/meatcooked, conditions not met
[18:59:38] [INFO] Skipping recipe productivebees:thermal/shapeless/destabilized_redstone_bee, conditions not met
[18:59:38] [INFO] Skipping recipe create:crushing/compat/silentgems/moldavite_end_ore, conditions not met
[18:59:38] [INFO] Skipping recipe bibliowoods:color/black/wood/gtceu_rubber/seat, conditions not met
[18:59:38] [INFO] Skipping recipe bibliobiomes:color/blue/wood/biomesoplenty_magic/tall_seat_back, conditions not met
[18:59:38] [INFO] Skipping recipe productivebees:bee_produce/thermal/destabilized_redstone, conditions not met
[18:59:38] [INFO] Skipping recipe mysticalagriculture:seed/infusion/starmetal, conditions not met
[18:59:38] [INFO] Skipping recipe supplementaries:way_sign_oak/regions_unexplored/kapok, conditions not met
[18:59:38] [INFO] Skipping recipe bibliobiomes:color/pink/wood/biomesoplenty_maple/flat_seat_back, conditions not met
[18:59:38] [INFO] Skipping recipe farmingforblockheads:market/biomesoplenty/tall_lavender, conditions not met
[18:59:38] [INFO] Skipping recipe bibliobiomes:color/magenta/wood/biomesoplenty_hellbark/small_seat_back, conditions not met
[18:59:38] [INFO] Skipping recipe bibliobiomes:color/green/wood/biomesoplenty_palm/seat, conditions not met
[18:59:38] [INFO] Skipping recipe bibliobiomes:color/red/wood/biomesoplenty_palm/fancy_seat_back, conditions not met
[18:59:38] [INFO] Skipping recipe supplementaries:way_sign_oak/productivetrees/juniper, conditions not met
[18:59:38] [INFO] Skipping recipe supplementaries:way_sign_oak/productivetrees/sequoia, conditions not met
[18:59:38] [INFO] Skipping recipe productivebees:bee_conversion/tetra/geode_bee_from_pristine_diamond, conditions not met
[18:59:38] [INFO] Skipping recipe productivebees:bee_produce/chemlib/lawrencium_bee, conditions not met
[18:59:38] [INFO] Skipping recipe bibliowoods:color/black/wood/extradelight_cinnamon/display_case, conditions not met
[18:59:38] [INFO] Skipping recipe create:smelting/ingot_uranium_compat_ic2, conditions not met
[18:59:38] [INFO] Skipping recipe bibliobiomes:color/red/wood/biomesoplenty_palm/small_seat_back, conditions not met
[18:59:38] [INFO] Skipping recipe create:splashing/endergetic/petrified_end_corrock, conditions not met
[18:59:38] [INFO] Skipping recipe bibliobiomes:color/light_gray/wood/biomesoplenty_redwood/seat, conditions not met
[18:59:38] [INFO] Skipping recipe bibliobiomes:color/blue/wood/biomesoplenty_willow/raised_seat_back, conditions not met
[18:59:38] [INFO] Skipping recipe bibliowoods:color/magenta/wood/deep_aether_yagroot/tall_seat_back, conditions not met
[18:59:38] [INFO] Skipping recipe bibliowoods:color/blue/wood/vampirism_cursed_spruce/seat, conditions not met
[18:59:38] [INFO] Skipping recipe create:crushing/compat/silentgems/iolite_nether_ore, conditions not met
[18:59:38] [INFO] Skipping recipe bibliowoods:color/yellow/wood/gtceu_treated_wood/small_seat_back, conditions not met
[18:59:38] [INFO] Skipping recipe bibliobiomes:color/pink/wood/biomesoplenty_maple/tall_seat_back, conditions not met
[18:59:38] [INFO] Skipping recipe bibliowoods:color/pink/wood/vampirism_cursed_spruce/display_case, conditions not met
[18:59:38] [INFO] Skipping recipe theurgy:incubation/crops_coffee_beans_from_alchemical_sulfur_coffee_beans, conditions not met
[18:59:38] [INFO] Skipping recipe ae2:matter_cannon/nuggets/krypton, conditions not met
[18:59:38] [INFO] Skipping recipe bibliobiomes:color/light_blue/wood/biomesoplenty_magic/seat, conditions not met
[18:59:38] [INFO] Skipping recipe bibliowoods:wood/deep_aether_yagroot/tool_rack, conditions not met
[18:59:38] [INFO] Skipping recipe mysticalagriculture:seed/infusion/saltpeter, conditions not met
[18:59:38] [INFO] Skipping recipe mekanism:compat/biomeswevegone/pigment_extracting/large_black, conditions not met
[18:59:38] [INFO] Skipping recipe bibliobiomes:color/light_blue/wood/biomesoplenty_palm/small_seat_back, conditions not met
[18:59:38] [INFO] Skipping recipe pneumaticcraft:block_heat_properties/byg/boric_campfire, conditions not met
[18:59:38] [INFO] Skipping recipe enderdrives:ender_disk_64k_extended, conditions not met
[18:59:38] [INFO] Skipping recipe mysticalagriculture:seed/crafting/steeleaf, conditions not met
[18:59:38] [INFO] Skipping recipe bibliowoods:color/red/wood/werewolves_magic/display_case, conditions not met
[18:59:38] [INFO] Skipping recipe bibliobiomes:color/lime/wood/biomesoplenty_empyreal/tall_seat_back, conditions not met
[18:59:38] [INFO] Skipping recipe farmingforblockheads:market/theabyss/glow_shroom, conditions not met
[18:59:38] [INFO] Skipping recipe bibliowoods:color/blue/wood/expandeddelight_cinnamon/fancy_seat_back, conditions not met
[18:59:38] [INFO] Skipping recipe bibliobiomes:color/blue/wood/biomesoplenty_umbran/seat, conditions not met
[18:59:38] [INFO] Skipping recipe mysticalagriculture:seed/crafting/graphite, conditions not met
[18:59:38] [INFO] Skipping recipe mekanism:compat/biomesoplenty/sawing/pressure_plate/maple, conditions not met
[18:59:38] [INFO] Skipping recipe productivebees:centrifuge/elementalcraft/honeycomb_air_crystal, conditions not met
[18:59:38] [INFO] Skipping recipe bibliowoods:color/orange/wood/extradelight_cinnamon/flat_seat_back, conditions not met
[18:59:38] [INFO] Skipping recipe bibliowoods:color/blue/wood/expandeddelight_cinnamon/small_seat_back, conditions not met
[18:59:38] [INFO] Skipping recipe bibliowoods:color/lime/wood/deep_aether_cruderoot/small_seat_back, conditions not met
[18:59:38] [INFO] Skipping recipe bibliowoods:color/red/wood/gtceu_treated_wood/display_case, conditions not met
[18:59:38] [INFO] Skipping recipe bibliowoods:color/pink/wood/extradelight_cinnamon/raised_seat_back, conditions not met
[18:59:38] [INFO] Skipping recipe supplementaries:way_sign_oak/productivetrees/kumquat, conditions not met
[18:59:38] [INFO] Skipping recipe occultism:miner/master/stella_arcanum, conditions not met
[18:59:38] [INFO] Skipping recipe create:crushing/compat/silentgems/carnelian_nether_ore, conditions not met
[18:59:38] [INFO] Skipping recipe farmingforblockheads:market/croptopia/cinnamon_sapling, conditions not met
[18:59:38] [INFO] Skipping recipe bibliobiomes:color/green/wood/biomesoplenty_dead/small_seat_back, conditions not met
[18:59:38] [INFO] Skipping recipe farmingforblockheads:market/betternether/rubeus_sapling, conditions not met
[18:59:38] [INFO] Skipping recipe bibliobiomes:color/lime/wood/biomesoplenty_maple/flat_seat_back, conditions not met
[18:59:38] [INFO] Skipping recipe bibliowoods:color/yellow/wood/gtceu_treated_wood/fancy_seat_back, conditions not met
[18:59:38] [INFO] Skipping recipe bibliowoods:color/magenta/wood/butchercraft_barn_wood/raised_seat_back, conditions not met
[18:59:38] [INFO] Skipping recipe bibliowoods:color/brown/wood/deep_aether_sunroot/raised_seat_back, conditions not met
[18:59:38] [INFO] Skipping recipe bibliobiomes:color/blue/wood/biomesoplenty_magic/flat_seat_back, conditions not met
[18:59:38] [INFO] Skipping recipe bibliobiomes:color/gray/wood/biomesoplenty_willow/seat, conditions not met
[18:59:38] [INFO] Skipping recipe bibliobiomes:color/black/wood/biomesoplenty_palm/seat, conditions not met
[18:59:38] [INFO] Skipping recipe productivemetalworks:casting/gears/ftbmaterials/electrum, conditions not met
[18:59:38] [INFO] Skipping recipe bibliowoods:color/yellow/wood/deep_aether_cruderoot/display_case, conditions not met
[18:59:38] [INFO] Skipping recipe mysticalagradditions:tconstruct/casting/supremium/ingot_sand_cast, conditions not met
[18:59:38] [INFO] Skipping recipe bibliowoods:color/lime/wood/deep_aether_cruderoot/fancy_seat_back, conditions not met
[18:59:38] [INFO] Skipping recipe supplementaries:way_sign_oak/productivetrees/satsuma, conditions not met
[18:59:38] [INFO] Skipping recipe expandedae:crafting/exp_pattern_provider_upgrade_ae, conditions not met
[18:59:38] [INFO] Skipping recipe productivebees:bee_produce/chemlib/californium_bee, conditions not met
[18:59:38] [INFO] Skipping recipe farmingforblockheads:market/croptopia/turmeric_seed, conditions not met
[18:59:38] [INFO] Skipping recipe productivemetalworks:casting/gears/ftbmaterials/nickel, conditions not met
[18:59:38] [INFO] Skipping recipe reliquary:alkahestry/crafting/charcoal, conditions not met
[18:59:38] [INFO] Skipping recipe productivemetalworks:casting/rods/ftbmaterials/electrum, conditions not met
[18:59:38] [INFO] Skipping recipe immersiveengineering:metalpress/wire_rose_gold, conditions not met
[18:59:38] [INFO] Skipping recipe productivebees:alchemistry/combiner/darmstadtium_bee, conditions not met
[18:59:38] [INFO] Skipping recipe bibliowoods:color/white/wood/extradelight_cinnamon/raised_seat_back, conditions not met
[18:59:38] [INFO] Skipping recipe bibliowoods:color/brown/wood/gtceu_treated_wood/tall_seat_back, conditions not met
[18:59:38] [INFO] Skipping recipe farmingforblockheads:market/croptopia/peach_sapling, conditions not met
[18:59:38] [INFO] Skipping recipe theurgy:reformation/alchemical_sulfur_pepper_from_alchemical_niter_crops_abundant, conditions not met
[18:59:38] [INFO] Skipping recipe productivebees:bee_produce/chemlib/hydrogen_bee, conditions not met
[18:59:38] [INFO] Skipping recipe bibliowoods:wood/deep_aether_sunroot/fancy_sign, conditions not met
[18:59:38] [INFO] Skipping recipe bibliowoods:color/light_blue/wood/expandeddelight_cinnamon/tall_seat_back, conditions not met
[18:59:38] [INFO] Skipping recipe supplementaries:way_sign_oak/minecraft/warped, conditions not met
[18:59:38] [INFO] Skipping recipe bibliobiomes:color/magenta/wood/biomesoplenty_pine/raised_seat_back, conditions not met
[18:59:38] [INFO] Skipping recipe bibliobiomes:color/white/wood/biomesoplenty_magic/raised_seat_back, conditions not met
[18:59:38] [INFO] Skipping recipe supplementaries:way_sign_oak/eternal_starlight/scarlet, conditions not met
[18:59:38] [INFO] Skipping recipe bibliobiomes:color/green/wood/biomesoplenty_dead/fancy_seat_back, conditions not met
[18:59:38] [INFO] Skipping recipe bibliobiomes:color/lime/wood/biomesoplenty_empyreal/flat_seat_back, conditions not met
[18:59:38] [INFO] Skipping recipe supplementaries:way_sign_oak/productivetrees/brazil_nut, conditions not met
[18:59:38] [INFO] Skipping recipe mysticalagriculture:seed/crafting/end, conditions not met
[18:59:38] [INFO] Skipping recipe bibliowoods:color/pink/wood/cobblemon_apricorn/flat_seat_back, conditions not met
[18:59:38] [INFO] Skipping recipe bibliowoods:color/lime/wood/werewolves_magic/tall_seat_back, conditions not met
[18:59:38] [INFO] Skipping recipe bibliobiomes:color/brown/wood/biomesoplenty_palm/fancy_seat_back, conditions not met
[18:59:38] [INFO] Skipping recipe mysticalagriculture:seed/crafting/enderium, conditions not met
[18:59:38] [INFO] Skipping recipe productivebees:bee_produce/chemlib/helium_bee, conditions not met
[18:59:38] [INFO] Skipping recipe farmingforblockheads:market/youkaishomecoming/mandrake_root, conditions not met
[18:59:38] [INFO] Skipping recipe supplementaries:awnings/awning_yellow_2, conditions not met
[18:59:38] [INFO] Skipping recipe productivemetalworks:casting/ingots/ftbmaterials/invar, conditions not met
[18:59:38] [INFO] Skipping recipe bibliowoods:color/cyan/wood/expandeddelight_cinnamon/flat_seat_back, conditions not met
[18:59:38] [INFO] Skipping recipe bibliobiomes:color/brown/wood/biomesoplenty_pine/raised_seat_back, conditions not met
[18:59:38] [INFO] Skipping recipe bibliowoods:color/purple/wood/gtceu_treated_wood/small_seat_back, conditions not met
[18:59:38] [INFO] Skipping recipe dyenamics:thermal/rockwool/lavender_rockwool, conditions not met
[18:59:38] [INFO] Skipping recipe productivemetalworks:melting/ores/steel, conditions not met
[18:59:38] [INFO] Skipping recipe bibliowoods:wood/deep_aether_yagroot/fancy_crafter, conditions not met
[18:59:38] [INFO] Skipping recipe bibliowoods:color/magenta/wood/butchercraft_barn_wood/seat, conditions not met
[18:59:38] [INFO] Skipping recipe bibliowoods:wood/butchercraft_barn_wood/grandfather_clock, conditions not met
[18:59:38] [INFO] Skipping recipe productivebees:bee_produce/chemlib/gadolinium_bee, conditions not met
[18:59:38] [INFO] Skipping recipe bibliobiomes:wood/biomesoplenty_fir/shelf, conditions not met
[18:59:38] [INFO] Skipping recipe bibliowoods:color/gray/wood/vampirism_dark_spruce/display_case, conditions not met
[18:59:38] [INFO] Skipping recipe oritech:compat/energizedpower/assemblingmachine/plating, conditions not met
[18:59:38] [INFO] Skipping recipe bibliobiomes:color/red/wood/biomesoplenty_hellbark/seat, conditions not met
[18:59:38] [INFO] Skipping recipe create:crushing/raw_quicksilver_block, conditions not met
[18:59:38] [INFO] Skipping recipe bibliowoods:color/cyan/wood/gtceu_rubber/flat_seat_back, conditions not met
[18:59:38] [INFO] Skipping recipe bibliowoods:color/cyan/wood/mynethersdelight_powdery/raised_seat_back, conditions not met
[18:59:38] [INFO] Skipping recipe mysticalagriculture:seed/crafting/dye, conditions not met
[18:59:38] [INFO] Skipping recipe farmingforblockheads:market/byg/wood_blewit, conditions not met
[18:59:38] [INFO] Skipping recipe bibliowoods:color/purple/wood/gtceu_treated_wood/fancy_seat_back, conditions not met
[18:59:38] [INFO] Skipping recipe gtceu:centrifuge/oilsands_bee, conditions not met
[18:59:38] [INFO] Skipping recipe theurgy:reformation/alchemical_sulfur_umbran_from_alchemical_sulfurs_logs_abundant, conditions not met
[18:59:38] [INFO] Skipping recipe productivebees:bee_produce/gtceu/scheelite_bee, conditions not met
[18:59:38] [INFO] Skipping recipe bibliowoods:color/blue/wood/gtceu_treated_wood/fancy_seat_back, conditions not met
[18:59:38] [INFO] Skipping recipe bibliowoods:wood/gtceu_rubber/fancy_armor_stand, conditions not met
[18:59:38] [INFO] Skipping recipe bibliowoods:color/blue/wood/gtceu_treated_wood/small_seat_back, conditions not met
[18:59:38] [INFO] Skipping recipe mysticalagriculture:seed/infusion/marble, conditions not met
[18:59:38] [INFO] Skipping recipe bibliowoods:color/light_blue/wood/expandeddelight_cinnamon/flat_seat_back, conditions not met
[18:59:38] [INFO] Skipping recipe createaddition:compat/tconstruct/queens_slime, conditions not met
[18:59:38] [INFO] Skipping recipe bibliobiomes:color/lime/wood/biomesoplenty_mahogany/flat_seat_back, conditions not met
[18:59:38] [INFO] Skipping recipe immersiveengineering:arcfurnace/raw_ore_cobalt, conditions not met
[18:59:38] [INFO] Skipping recipe bibliowoods:color/pink/wood/deep_aether_yagroot/raised_seat_back, conditions not met
[18:59:38] [INFO] Skipping recipe bibliowoods:color/gray/wood/extradelight_cinnamon/raised_seat_back, conditions not met
[18:59:38] [INFO] Skipping recipe bibliowoods:color/gray/wood/gtceu_rubber/tall_seat_back, conditions not met
[18:59:38] [INFO] Skipping recipe supplementaries:way_sign_oak/twilightforest/time, conditions not met
[18:59:38] [INFO] Skipping recipe bibliobiomes:color/light_gray/wood/biomesoplenty_fir/seat, conditions not met
[18:59:38] [INFO] Skipping recipe farmingforblockheads:market/tropicraft/acai_vine, conditions not met
[18:59:38] [INFO] Skipping recipe bibliowoods:wood/expandeddelight_cinnamon/fancy_clock, conditions not met
[18:59:38] [INFO] Skipping recipe twilightforest:jeed/blindness, conditions not met
[18:59:38] [INFO] Skipping recipe productivebees:bee_breeding/eidolon/arcane_gold_bee, conditions not met
[18:59:38] [INFO] Skipping recipe create_aquatic_ambitions:channeling/upgrade_aquatic/chrome_coral_block, conditions not met
[18:59:38] [INFO] Skipping recipe theurgy:incubation/logs_menril_from_alchemical_sulfur_menril, conditions not met
[18:59:38] [INFO] Skipping recipe productivebees:bee_produce/gems/amber_gem_bee, conditions not met
[18:59:38] [INFO] Skipping recipe farmingforblockheads:market/byg/allium_flower_bush, conditions not met
[18:59:38] [INFO] Skipping recipe bibliowoods:wood/deep_aether_cruderoot/tool_rack, conditions not met
[18:59:38] [INFO] Skipping recipe productivebees:alchemistry/dissolver/thulium_bee, conditions not met
[18:59:38] [INFO] Skipping recipe allthemodium:melting/salvage/vibranium/vibranium_from_pick, conditions not met
[18:59:38] [INFO] Skipping recipe productivebees:bee_breeding/chemlib/rubidium_bee, conditions not met
[18:59:38] [INFO] Skipping recipe theurgy:liquefaction/alchemical_sulfur_rowan_from_logs_rowan, conditions not met
[18:59:38] [INFO] Skipping recipe bibliobiomes:color/light_gray/wood/biomesoplenty_mahogany/small_seat_back, conditions not met
[18:59:38] [INFO] Skipping recipe bibliowoods:color/orange/wood/werewolves_magic/display_case, conditions not met
[18:59:38] [INFO] Skipping recipe mysticalagriculture:seed/crafting/squid, conditions not met
[18:59:38] [INFO] Skipping recipe bibliobiomes:color/light_blue/wood/biomesoplenty_palm/fancy_seat_back, conditions not met
[18:59:38] [INFO] Skipping recipe bibliowoods:color/white/wood/gtceu_rubber/flat_seat_back, conditions not met
[18:59:38] [INFO] Skipping recipe theurgy:incubation/crops_yam_from_alchemical_sulfur_yam, conditions not met
[18:59:38] [INFO] Skipping recipe bibliowoods:color/white/wood/deep_aether_yagroot/raised_seat_back, conditions not met
[18:59:38] [INFO] Skipping recipe bibliowoods:color/purple/wood/deep_aether_cruderoot/seat, conditions not met
[18:59:38] [INFO] Skipping recipe mekanism:compat/biomesoplenty/sawing/trapdoor/pine, conditions not met
[18:59:38] [INFO] Skipping recipe productivebees:expansion_boxes/expansion_box_biomesoplenty_mahogany, conditions not met
[18:59:38] [INFO] Skipping recipe productivebees:bee_conversion/gems/black_opal_bee, conditions not met
[18:59:38] [INFO] Skipping recipe bibliowoods:color/purple/wood/mynethersdelight_powdery/tall_seat_back, conditions not met
[18:59:38] [INFO] Skipping recipe dyenamics:thermal/rockwool/fluorescent_rockwool, conditions not met
[18:59:38] [INFO] Skipping recipe bibliowoods:color/blue/wood/werewolves_magic/raised_seat_back, conditions not met
[18:59:38] [INFO] Skipping recipe supplementaries:way_sign_oak/productivetrees/red_banana, conditions not met
[18:59:38] [INFO] Skipping recipe mekanism:compat/biomeswevegone/dye/large_light_blue, conditions not met
[18:59:38] [INFO] Skipping recipe bibliobiomes:color/green/wood/biomesoplenty_pine/raised_seat_back, conditions not met
[18:59:38] [INFO] Skipping recipe bibliowoods:color/cyan/wood/deep_aether_sunroot/raised_seat_back, conditions not met
[18:59:38] [INFO] Skipping recipe sophisticatedstorage:backpack_stack_upgrade_omega_tier_from_storage_stack_upgrade_omega_tier, conditions not met
[18:59:38] [INFO] Skipping recipe bibliowoods:color/green/wood/deep_aether_sunroot/fancy_seat_back, conditions not met
[18:59:38] [INFO] Skipping recipe farmingforblockheads:market/croptopia/spinach_seed, conditions not met
[18:59:38] [INFO] Skipping recipe bibliowoods:color/brown/wood/werewolves_jacaranda/fancy_seat_back, conditions not met
[18:59:38] [INFO] Skipping recipe occultism:miner/ores/runium_ore, conditions not met
[18:59:38] [INFO] Skipping recipe bibliobiomes:wood/biomesoplenty_umbran/fancy_clock, conditions not met
[18:59:38] [INFO] Skipping recipe mysticalagradditions:tconstruct/tools/materials/supremium/block, conditions not met
[18:59:38] [INFO] Skipping recipe bibliobiomes:wood/biomesoplenty_willow/table, conditions not met
[18:59:38] [INFO] Recipe deeperdarker:resonarium_shovel_smithing[minecraft:smithing_transform] failed to parse due to an error on component: Failed to read required component 'template: ingredient' - java.lang.IllegalStateException: Failed to parse either. First: Item array cannot be empty, at least one item must be defined; Second: Not a JSON object: []
[18:59:38] [INFO] Skipping recipe bibliowoods:color/brown/wood/deep_aether_sunroot/fancy_seat_back, conditions not met
[18:59:38] [INFO] Skipping recipe farmingforblockheads:market/croptopia/tea_seed, conditions not met
[18:59:38] [INFO] Skipping recipe bibliowoods:color/lime/wood/expandeddelight_cinnamon/fancy_seat_back, conditions not met
[18:59:38] [INFO] Skipping recipe bibliowoods:color/black/wood/vampirism_dark_spruce/display_case, conditions not met
[18:59:38] [INFO] Skipping recipe bibliobiomes:wood/biomesoplenty_mahogany/fancy_crafter, conditions not met
[18:59:38] [INFO] Skipping recipe mysticalagriculture:seed/crafting/cow, conditions not met
[18:59:38] [INFO] Skipping recipe bibliowoods:color/purple/wood/mynethersdelight_powdery/seat, conditions not met
[18:59:38] [INFO] Skipping recipe bibliowoods:wood/werewolves_magic/table, conditions not met
[18:59:38] [INFO] Skipping recipe bibliobiomes:color/gray/wood/biomesoplenty_umbran/raised_seat_back, conditions not met
[18:59:38] [INFO] Skipping recipe supplementaries:way_sign_oak/productivetrees/socotra_dragon, conditions not met
[18:59:38] [INFO] Skipping recipe bibliowoods:color/lime/wood/expandeddelight_cinnamon/small_seat_back, conditions not met
[18:59:38] [INFO] Skipping recipe bibliobiomes:color/yellow/wood/biomesoplenty_magic/tall_seat_back, conditions not met
[18:59:38] [INFO] Skipping recipe productivemetalworks:melting/plates/azure_silver, conditions not met
[18:59:38] [INFO] Skipping recipe occultism:crystallize/apatite_from_ore, conditions not met
[18:59:38] [INFO] Skipping recipe bibliowoods:color/black/wood/butchercraft_barn_wood/small_seat_back, conditions not met
[18:59:38] [INFO] Skipping recipe bibliowoods:color/light_gray/wood/deep_aether_roseroot/flat_seat_back, conditions not met
[18:59:38] [INFO] Skipping recipe bibliowoods:color/lime/wood/deep_aether_conberry/raised_seat_back, conditions not met
[18:59:38] [INFO] Skipping recipe bibliobiomes:wood/biomesoplenty_palm/fancy_armor_stand, conditions not met
[18:59:38] [INFO] Skipping recipe supplementaries:way_sign_oak/minecraft/dark_oak, conditions not met
[18:59:38] [INFO] Skipping recipe bibliowoods:color/lime/wood/deep_aether_sunroot/raised_seat_back, conditions not met
[18:59:38] [INFO] Skipping recipe productivemetalworks:melting/storage_blocks/raw_constantan, conditions not met
[18:59:38] [INFO] Skipping recipe productivebees:bloodmagic/hematophagous_bee, conditions not met
[18:59:38] [INFO] Skipping recipe farmingforblockheads:market/biomesoplenty/willow_sapling, conditions not met
[18:59:38] [INFO] Skipping recipe bibliobiomes:color/black/wood/biomesoplenty_empyreal/fancy_seat_back, conditions not met
[18:59:38] [INFO] Skipping recipe theurgy:liquefaction/alchemical_sulfur_timewood_from_logs_timewood, conditions not met
[18:59:38] [INFO] Skipping recipe productivebees:centrifuge/botania/honeycomb_elementium, conditions not met
[18:59:38] [INFO] Skipping recipe farmingforblockheads:market/croptopia/turnip_seed, conditions not met
[18:59:38] [INFO] Skipping recipe cataclysm:stonecutting/polished_end_stone_slab_from_stonecutting, no type defined
[18:59:38] [INFO] Skipping recipe bibliobiomes:color/gray/wood/biomesoplenty_fir/display_case, conditions not met
[18:59:38] [INFO] Skipping recipe bibliobiomes:color/light_blue/wood/biomesoplenty_mahogany/flat_seat_back, conditions not met
[18:59:38] [INFO] Skipping recipe oritech:compat/energizedpower/alloyfurance/platinum_gems, conditions not met
[18:59:38] [INFO] Skipping recipe productivebees:bee_produce/gems/tourmaline_bee, conditions not met
[18:59:38] [INFO] Skipping recipe mekanism:compat/biomesoplenty/sawing/trapdoor/redwood, conditions not met
[18:59:38] [INFO] Skipping recipe mekanism:compat/biomeswevegone/dye/white, conditions not met
[18:59:38] [INFO] Skipping recipe bibliobiomes:color/purple/wood/biomesoplenty_redwood/display_case, conditions not met
[18:59:38] [INFO] Skipping recipe bibliowoods:color/white/wood/cobblemon_apricorn/flat_seat_back, conditions not met
[18:59:38] [INFO] Skipping recipe mysticalagriculture:seed/crafting/emerald, conditions not met
[18:59:38] [INFO] Skipping recipe bibliobiomes:color/white/wood/biomesoplenty_magic/small_seat_back, conditions not met
[18:59:38] [INFO] Skipping recipe theurgy:fermentation/alchemical_niter_mobs_rare_using_eggs, conditions not met
[18:59:38] [INFO] Skipping recipe create:milling/compat/autumnity/autumn_crocus, conditions not met
[18:59:38] [INFO] Skipping recipe productivemetalworks:casting/storage_blocks/ftbmaterials/constantan, conditions not met
[18:59:38] [INFO] Skipping recipe bibliowoods:wood/expandeddelight_cinnamon/fancy_crafter, conditions not met
[18:59:38] [INFO] Skipping recipe productivebees:expansion_boxes/expansion_box_biomesoplenty_jacaranda, conditions not met
[18:59:38] [INFO] Skipping recipe bibliobiomes:color/yellow/wood/biomesoplenty_empyreal/raised_seat_back, conditions not met
[18:59:38] [INFO] Skipping recipe bibliowoods:color/blue/wood/extradelight_fruit/flat_seat_back, conditions not met
[18:59:38] [INFO] Skipping recipe bibliobiomes:color/orange/wood/biomesoplenty_willow/raised_seat_back, conditions not met
[18:59:38] [INFO] Skipping recipe bibliowoods:color/light_blue/wood/deep_aether_conberry/small_seat_back, conditions not met
[18:59:38] [INFO] Skipping recipe megacells:cells/standard/mana_storage_cell_256m_disassembly, conditions not met
[18:59:38] [INFO] Skipping recipe mekanism:compat/biomeswevegone/dye/large_red, conditions not met
[18:59:38] [INFO] Skipping recipe productivebees:bee_produce/chemlib/arsenic_bee, conditions not met
[18:59:38] [INFO] Skipping recipe productivebees:centrifuge/gems/honeycomb_apatite, conditions not met
[18:59:38] [INFO] Skipping recipe mekanism:compat/biomesoplenty/sawing/boat/maple, conditions not met
[18:59:38] [INFO] Skipping recipe mysticalagriculture:seed/infusion/flux_infused_gem, conditions not met
[18:59:38] [INFO] Skipping recipe bibliowoods:color/red/wood/expandeddelight_cinnamon/seat, conditions not met
[18:59:38] [INFO] Skipping recipe bibliowoods:color/light_gray/wood/deep_aether_roseroot/tall_seat_back, conditions not met
[18:59:38] [INFO] Skipping recipe bibliobiomes:color/yellow/wood/biomesoplenty_umbran/display_case, conditions not met
[18:59:38] [INFO] Skipping recipe bibliowoods:color/magenta/wood/deep_aether_roseroot/flat_seat_back, conditions not met
[18:59:38] [INFO] Skipping recipe bibliobiomes:color/cyan/wood/biomesoplenty_mahogany/raised_seat_back, conditions not met
[18:59:38] [INFO] Skipping recipe productivebees:centrifuge/gems/honeycomb_green_sapphire, conditions not met
[18:59:38] [INFO] Skipping recipe ars_elemental:glyph_nullify_defense, conditions not met
[18:59:38] [INFO] Skipping recipe supplementaries:way_sign_oak/biomeswevegone/maple, conditions not met
[18:59:38] [INFO] Skipping recipe productivebees:bee_conversion/gems/benitoite_bee, conditions not met
[18:59:38] [INFO] Skipping recipe bibliobiomes:color/light_gray/wood/biomesoplenty_pine/small_seat_back, conditions not met
[18:59:38] [INFO] Skipping recipe supplementaries:way_sign_oak/productivetrees/grandidiers_baobab, conditions not met
[18:59:38] [INFO] Skipping recipe bibliobiomes:wood/biomesoplenty_pine/fancy_armor_stand, conditions not met
[18:59:38] [INFO] Skipping recipe bibliowoods:color/green/wood/gtceu_rubber/seat, conditions not met
[18:59:38] [INFO] Skipping recipe bibliowoods:color/red/wood/deep_aether_conberry/small_seat_back, conditions not met
[18:59:38] [INFO] Skipping recipe bibliowoods:color/black/wood/gtceu_rubber/raised_seat_back, conditions not met
[18:59:38] [INFO] Skipping recipe bibliobiomes:color/blue/wood/biomesoplenty_dead/raised_seat_back, conditions not met
[18:59:38] [INFO] Skipping recipe productivebees:alchemistry/combiner/nobelium_bee, conditions not met
[18:59:38] [INFO] Skipping recipe theurgy:fermentation/alchemical_niter_other_minerals_precious_using_planks, conditions not met
[18:59:38] [INFO] Skipping recipe bibliobiomes:color/white/wood/biomesoplenty_magic/fancy_seat_back, conditions not met
[18:59:38] [INFO] Skipping recipe mysticalagradditions:tconstruct/melting/supremium/nugget, conditions not met
[18:59:38] [INFO] Skipping recipe bibliobiomes:color/orange/wood/biomesoplenty_empyreal/seat, conditions not met
[18:59:38] [INFO] Skipping recipe supplementaries:way_sign_oak/deeperdarker/bloom, conditions not met
[18:59:38] [INFO] Skipping recipe productivebees:bee_produce/chemlib/fluorine_bee, conditions not met
[18:59:38] [INFO] Skipping recipe bibliobiomes:color/light_gray/wood/biomesoplenty_umbran/seat, conditions not met
[18:59:38] [INFO] Skipping recipe theurgy:liquefaction/alchemical_sulfur_bluebright_from_logs_bluebright, conditions not met
[18:59:38] [INFO] Skipping recipe industrialforegoing:laser_drill_ore/ores/bitumen, conditions not met
[18:59:38] [INFO] Skipping recipe theurgy:liquefaction/alchemical_sulfur_trumpet_from_logs_trumpet, conditions not met
[18:59:38] [INFO] Skipping recipe bibliobiomes:color/light_gray/wood/biomesoplenty_pine/fancy_seat_back, conditions not met
[18:59:38] [INFO] Skipping recipe theurgy:reformation/alchemical_sulfur_rubberwood_from_alchemical_sulfurs_logs_abundant, conditions not met
[18:59:38] [INFO] Skipping recipe bibliowoods:wood/deep_aether_conberry/fancy_sign, conditions not met
[18:59:38] [INFO] Skipping recipe allthemodium:melting/salvage/unobtainium/unobtainium_from_sword, conditions not met
[18:59:38] [INFO] Skipping recipe bibliobiomes:wood/biomesoplenty_umbran/fancy_sign, conditions not met
[18:59:38] [INFO] Skipping recipe bibliowoods:color/blue/wood/vampirism_cursed_spruce/fancy_seat_back, conditions not met
[18:59:38] [INFO] Skipping recipe bibliowoods:color/purple/wood/expandeddelight_cinnamon/seat, conditions not met
[18:59:38] [INFO] Skipping recipe bibliobiomes:color/light_blue/wood/biomesoplenty_mahogany/tall_seat_back, conditions not met
[18:59:38] [INFO] Skipping recipe productivemetalworks:casting/nuggets/ftbmaterials/invar, conditions not met
[18:59:38] [INFO] Skipping recipe productivemetalworks:melting/geore/lead_block, conditions not met
[18:59:38] [INFO] Skipping recipe bibliowoods:color/light_blue/wood/deep_aether_roseroot/flat_seat_back, conditions not met
[18:59:38] [INFO] Skipping recipe bibliowoods:wood/deep_aether_conberry/potion_shelf, conditions not met
[18:59:38] [INFO] Skipping recipe productivebees:centrifuge/dusts/honeycomb_leaden, conditions not met
[18:59:38] [INFO] Skipping recipe bibliowoods:color/gray/wood/mynethersdelight_powdery/small_seat_back, conditions not met
[18:59:38] [INFO] Skipping recipe bibliowoods:color/blue/wood/extradelight_fruit/tall_seat_back, conditions not met
[18:59:38] [INFO] Skipping recipe bibliowoods:wood/butchercraft_barn_wood/label, conditions not met
[18:59:38] [INFO] Skipping recipe bibliobiomes:wood/biomesoplenty_empyreal/fancy_clock, conditions not met
[18:59:38] [INFO] Skipping recipe occultism:miner/ores/certus_quartz_ore, conditions not met
[18:59:38] [INFO] Skipping recipe gtceu:electrolyzer/chromite_bee, conditions not met
[18:59:38] [INFO] Skipping recipe bibliowoods:color/white/wood/mynethersdelight_powdery/raised_seat_back, conditions not met
[18:59:38] [INFO] Skipping recipe bibliobiomes:color/black/wood/biomesoplenty_jacaranda/seat, conditions not met
[18:59:38] [INFO] Skipping recipe theurgy:incubation/crops_tea_leaves_from_alchemical_sulfur_tea_leaves, conditions not met
[18:59:38] [INFO] Skipping recipe mekanism:compat/biomesoplenty/sawing/fence_gate/palm, conditions not met
[18:59:38] [INFO] Skipping recipe mekanism:compat/biomeswevegone/pigment_extracting/blue, conditions not met
[18:59:38] [INFO] Skipping recipe bibliobiomes:color/magenta/wood/biomesoplenty_magic/seat, conditions not met
[18:59:38] [INFO] Skipping recipe productivebees:hives/advanced_atmospheric_rosewood_beehive_clear, conditions not met
[18:59:38] [INFO] Skipping recipe theurgy:incubation/logs_frostbright_from_alchemical_sulfur_frostbright, conditions not met
[18:59:38] [INFO] Skipping recipe bibliobiomes:color/purple/wood/biomesoplenty_magic/small_seat_back, conditions not met
[18:59:38] [INFO] Skipping recipe create:crushing/compat/quark/moss_block, conditions not met
[18:59:38] [INFO] Skipping recipe bibliobiomes:color/purple/wood/biomesoplenty_magic/fancy_seat_back, conditions not met
[18:59:38] [INFO] Skipping recipe theurgy:incubation/crops_vanilla_from_alchemical_sulfur_vanilla, conditions not met
[18:59:38] [INFO] Skipping recipe productivebees:bee_produce/chemlib/lanthanum_bee, conditions not met
[18:59:38] [INFO] Skipping recipe productivebees:bee_produce/thermalendergy/stellarium_bee, conditions not met
[18:59:38] [INFO] Skipping recipe farmingforblockheads:market/betterendforge/amber_moss, conditions not met
[18:59:38] [INFO] Skipping recipe theurgy:liquefaction/alchemical_sulfur_undead_from_logs_undead, conditions not met
[18:59:38] [INFO] Skipping recipe bibliowoods:color/magenta/wood/deep_aether_roseroot/tall_seat_back, conditions not met
[18:59:38] [INFO] Skipping recipe megacells:cells/portable/portable_experience_cell_64m, conditions not met
[18:59:38] [INFO] Skipping recipe productivebees:bee_produce/mmorpg/rare_salvage_bee, conditions not met
[18:59:38] [INFO] Skipping recipe mekanism:compat/biomeswevegone/pigment_extracting/large_white, conditions not met
[18:59:38] [INFO] Skipping recipe theurgy:incubation/logs_comet_from_alchemical_sulfur_comet, conditions not met
[18:59:38] [INFO] Skipping recipe supplementaries:way_sign_oak/productivetrees/mango, conditions not met
[18:59:38] [INFO] Skipping recipe bibliowoods:color/pink/wood/expandeddelight_cinnamon/tall_seat_back, conditions not met
[18:59:38] [INFO] Skipping recipe bibliobiomes:color/light_gray/wood/biomesoplenty_hellbark/fancy_seat_back, conditions not met
[18:59:38] [INFO] Skipping recipe bibliobiomes:wood/biomesoplenty_hellbark/shelf, conditions not met
[18:59:38] [INFO] Skipping recipe bibliowoods:color/gray/wood/mynethersdelight_powdery/raised_seat_back, conditions not met
[18:59:38] [INFO] Skipping recipe bibliobiomes:color/yellow/wood/biomesoplenty_magic/display_case, conditions not met
[18:59:38] [INFO] Skipping recipe allthemodium:tools/materials/vibranium/vibranium_from_nugget, conditions not met
[18:59:38] [INFO] Skipping recipe bibliobiomes:color/light_gray/wood/biomesoplenty_hellbark/small_seat_back, conditions not met
[18:59:38] [INFO] Skipping recipe bibliobiomes:color/pink/wood/biomesoplenty_mahogany/flat_seat_back, conditions not met
[18:59:38] [INFO] Skipping recipe bibliowoods:color/magenta/wood/gtceu_treated_wood/small_seat_back, conditions not met
[18:59:38] [INFO] Skipping recipe bibliowoods:color/light_blue/wood/extradelight_fruit/tall_seat_back, conditions not met
[18:59:38] [INFO] Skipping recipe productivebees:centrifuge/eidolon/honeycomb_arcane_gold, conditions not met
[18:59:38] [INFO] Skipping recipe bibliowoods:color/white/wood/deep_aether_roseroot/raised_seat_back, conditions not met
[18:59:38] [INFO] Skipping recipe productivemetalworks:casting/gears/ftbmaterials/refined_glowstone, conditions not met
[18:59:38] [INFO] Skipping recipe bibliowoods:color/yellow/wood/deep_aether_sunroot/display_case, conditions not met
[18:59:38] [INFO] Skipping recipe bibliowoods:color/magenta/wood/mynethersdelight_powdery/display_case, conditions not met
[18:59:38] [INFO] Skipping recipe bibliowoods:color/cyan/wood/gtceu_rubber/tall_seat_back, conditions not met
[18:59:38] [INFO] Skipping recipe bibliowoods:color/gray/wood/mynethersdelight_powdery/fancy_seat_back, conditions not met
[18:59:38] [INFO] Skipping recipe bibliowoods:color/cyan/wood/deep_aether_sunroot/tall_seat_back, conditions not met
[18:59:38] [INFO] Skipping recipe farmingforblockheads:market/simplefarming/kenaf_seeds, conditions not met
[18:59:38] [INFO] Skipping recipe mysticalagriculture:seed/crafting/conductive_alloy, conditions not met
[18:59:38] [INFO] Skipping recipe mysticalagriculture:seed/crafting/ice, conditions not met
[18:59:38] [INFO] Skipping recipe bibliobiomes:color/blue/wood/biomesoplenty_magic/fancy_seat_back, conditions not met
[18:59:38] [INFO] Skipping recipe bibliobiomes:color/blue/wood/biomesoplenty_maple/tall_seat_back, conditions not met
[18:59:38] [INFO] Skipping recipe bibliowoods:color/magenta/wood/gtceu_treated_wood/fancy_seat_back, conditions not met
[18:59:38] [INFO] Skipping recipe theurgy:liquefaction/alchemical_sulfur_palm_from_logs_palm, conditions not met
[18:59:38] [INFO] Skipping recipe bibliobiomes:color/pink/wood/biomesoplenty_magic/raised_seat_back, conditions not met
[18:59:38] [INFO] Skipping recipe mekanism:compat/biomesoplenty/pigment_extracting/light_gray, conditions not met
[18:59:38] [INFO] Skipping recipe bibliowoods:color/purple/wood/werewolves_magic/fancy_seat_back, conditions not met
[18:59:38] [INFO] Skipping recipe bibliowoods:color/orange/wood/extradelight_fruit/seat, conditions not met
[18:59:38] [INFO] Skipping recipe productivebees:bee_breeding/byg/pendorite_bee, conditions not met
[18:59:38] [INFO] Skipping recipe bibliowoods:color/yellow/wood/deep_aether_yagroot/tall_seat_back, conditions not met
[18:59:38] [INFO] Skipping recipe bibliowoods:color/light_blue/wood/deep_aether_sunroot/tall_seat_back, conditions not met
[18:59:38] [INFO] Skipping recipe bibliowoods:color/yellow/wood/cobblemon_apricorn/tall_seat_back, conditions not met
[18:59:38] [INFO] Skipping recipe productivemetalworks:melting/ores/electrum, conditions not met
[18:59:38] [INFO] Skipping recipe productivebees:centrifuge/thermal_extra/honeycomb_shellite, conditions not met
[18:59:38] [INFO] Skipping recipe mysticalagradditions:tconstruct/casting/imperium/ingot_gold_cast, conditions not met
[18:59:38] [INFO] Skipping recipe supplementaries:way_sign_oak/eternal_starlight/torreya, conditions not met
[18:59:38] [INFO] Skipping recipe bibliobiomes:color/brown/wood/biomesoplenty_redwood/seat, conditions not met
[18:59:38] [INFO] Skipping recipe bibliobiomes:color/blue/wood/biomesoplenty_magic/small_seat_back, conditions not met
[18:59:38] [INFO] Skipping recipe productivebees:centrifuge/gems/honeycomb_malachite, conditions not met
[18:59:38] [INFO] Skipping recipe bibliowoods:color/lime/wood/werewolves_magic/flat_seat_back, conditions not met
[18:59:38] [INFO] Skipping recipe create:blasting/silver_ingot_compat_galosphere, conditions not met
[18:59:38] [INFO] Skipping recipe productivemetalworks:melting/geore/nickel_block, conditions not met
[18:59:38] [INFO] Skipping recipe bibliowoods:color/light_blue/wood/vampirism_dark_spruce/seat, conditions not met
[18:59:38] [INFO] Skipping recipe bibliowoods:color/green/wood/deep_aether_roseroot/display_case, conditions not met
[18:59:38] [INFO] Skipping recipe bibliobiomes:color/yellow/wood/biomesoplenty_magic/flat_seat_back, conditions not met
[18:59:38] [INFO] Skipping recipe bibliobiomes:color/orange/wood/biomesoplenty_mahogany/tall_seat_back, conditions not met
[18:59:38] [INFO] Skipping recipe theurgy:reformation/alchemical_sulfur_mahogany_from_alchemical_niter_logs_abundant, conditions not met
[18:59:38] [INFO] Skipping recipe bibliobiomes:color/white/wood/biomesoplenty_dead/raised_seat_back, conditions not met
[18:59:38] [INFO] Skipping recipe mekanism:compat/biomesoplenty/dye/cyan, conditions not met
[18:59:38] [INFO] Skipping recipe bibliobiomes:color/lime/wood/biomesoplenty_magic/flat_seat_back, conditions not met
[18:59:38] [INFO] Skipping recipe bibliobiomes:color/magenta/wood/biomesoplenty_redwood/fancy_seat_back, conditions not met
[18:59:38] [INFO] Skipping recipe bibliobiomes:color/lime/wood/biomesoplenty_umbran/fancy_seat_back, conditions not met
[18:59:38] [INFO] Skipping recipe farmingforblockheads:market/croptopia/cherry_sapling, conditions not met
[18:59:38] [INFO] Skipping recipe theurgy:reformation/alchemical_sulfur_twilight_oak_from_alchemical_niter_logs_abundant, conditions not met
[18:59:38] [INFO] Skipping recipe bibliobiomes:wood/biomesoplenty_dead/table, conditions not met
[18:59:38] [INFO] Skipping recipe create:cutting/compat/atmospheric/crustose_log, conditions not met
[18:59:38] [INFO] Skipping recipe bibliowoods:color/light_gray/wood/extradelight_fruit/display_case, conditions not met
[18:59:38] [INFO] Skipping recipe bibliobiomes:color/red/wood/biomesoplenty_dead/fancy_seat_back, conditions not met
[18:59:38] [INFO] Skipping recipe farmingforblockheads:market/simplefarming/potato_seeds, conditions not met
[18:59:38] [INFO] Skipping recipe productivebees:bee_produce/atm/gregstar_bee, conditions not met
[18:59:38] [INFO] Skipping recipe bibliobiomes:color/white/wood/biomesoplenty_umbran/display_case, conditions not met
[18:59:38] [INFO] Skipping recipe productivebees:alchemistry/combiner/radon_bee, conditions not met
[18:59:38] [INFO] Skipping recipe theurgy:reformation/alchemical_sulfur_undead_from_alchemical_sulfurs_logs_abundant, conditions not met
[18:59:38] [INFO] Skipping recipe productivebees:tconstruct/honeycomb/hepatizon, conditions not met
[18:59:38] [INFO] Skipping recipe megacells:cells/portable/portable_mana_cell_256m_disassembly, conditions not met
[18:59:38] [INFO] Skipping recipe bibliowoods:color/lime/wood/deep_aether_cruderoot/flat_seat_back, conditions not met
[18:59:38] [INFO] Skipping recipe bibliowoods:color/purple/wood/extradelight_fruit/fancy_seat_back, conditions not met
[18:59:38] [INFO] Skipping recipe bibliowoods:color/yellow/wood/extradelight_cinnamon/small_seat_back, conditions not met
[18:59:38] [INFO] Skipping recipe farmingforblockheads:market/quark/pink_blossom_sapling, conditions not met
[18:59:38] [INFO] Skipping recipe create:pressing/compat/betterendforge/shadow_grass_path, conditions not met
[18:59:38] [INFO] Skipping recipe bibliobiomes:color/white/wood/biomesoplenty_pine/small_seat_back, conditions not met
[18:59:38] [INFO] Skipping recipe bibliowoods:color/yellow/wood/extradelight_cinnamon/fancy_seat_back, conditions not met
[18:59:38] [INFO] Skipping recipe bibliowoods:color/purple/wood/extradelight_fruit/small_seat_back, conditions not met
[18:59:38] [INFO] Skipping recipe bibliobiomes:color/red/wood/biomesoplenty_dead/small_seat_back, conditions not met
[18:59:38] [INFO] Skipping recipe productivebees:bee_produce/chemlib/thorium_bee, conditions not met
[18:59:38] [INFO] Skipping recipe bibliobiomes:color/cyan/wood/biomesoplenty_dead/raised_seat_back, conditions not met
[18:59:38] [INFO] Skipping recipe bibliobiomes:color/white/wood/biomesoplenty_pine/fancy_seat_back, conditions not met
[18:59:38] [INFO] Skipping recipe farmingforblockheads:market/simplefarming/pear_sapling, conditions not met
[18:59:38] [INFO] Skipping recipe bibliobiomes:color/blue/wood/biomesoplenty_redwood/seat, conditions not met
[18:59:38] [INFO] Skipping recipe bibliowoods:color/white/wood/werewolves_jacaranda/raised_seat_back, conditions not met
[18:59:38] [INFO] Skipping recipe mekanism:compat/biomesoplenty/pigment_extracting/white, conditions not met
[18:59:38] [INFO] Skipping recipe bibliobiomes:color/blue/wood/biomesoplenty_fir/display_case, conditions not met
[18:59:38] [INFO] Skipping recipe mekanism:compat/biomesoplenty/sawing/hanging_sign/redwood, conditions not met
[18:59:38] [INFO] Skipping recipe bibliowoods:color/lime/wood/deep_aether_yagroot/seat, conditions not met
[18:59:38] [INFO] Skipping recipe supplementaries:way_sign_oak/biomeswevegone/mahogany, conditions not met
[18:59:38] [INFO] Skipping recipe mysticalagriculture:seed/crafting/neutronium, conditions not met
[18:59:38] [INFO] Skipping recipe bibliowoods:color/cyan/wood/deep_aether_yagroot/flat_seat_back, conditions not met
[18:59:38] [INFO] Skipping recipe productivebees:centrifuge/eidolon/honeycomb_soul_shard, conditions not met
[18:59:38] [INFO] Skipping recipe bibliowoods:color/black/wood/expandeddelight_cinnamon/raised_seat_back, conditions not met
[18:59:38] [INFO] Skipping recipe supplementaries:jeed/tipped_spikes_potion_provider, conditions not met
[18:59:38] [INFO] Skipping recipe bibliowoods:color/orange/wood/deep_aether_cruderoot/display_case, conditions not met
[18:59:38] [INFO] Skipping recipe mysticalagriculture:seed/crafting/electrum, conditions not met
[18:59:38] [INFO] Skipping recipe bibliowoods:color/light_gray/wood/butchercraft_barn_wood/raised_seat_back, conditions not met
[18:59:38] [INFO] Skipping recipe theurgy:liquefaction/alchemical_sulfur_squash_from_crops_squash, conditions not met
[18:59:38] [INFO] Skipping recipe productivebees:alchemistry/dissolver/nitrogen_bee, conditions not met
[18:59:38] [INFO] Skipping recipe bibliowoods:wood/mynethersdelight_powdery/shelf, conditions not met
[18:59:38] [INFO] Skipping recipe supplementaries:sack_2, conditions not met
[18:59:38] [INFO] Skipping recipe bibliobiomes:color/lime/wood/biomesoplenty_willow/seat, conditions not met
[18:59:38] [INFO] Skipping recipe bibliobiomes:color/magenta/wood/biomesoplenty_jacaranda/flat_seat_back, conditions not met
[18:59:38] [INFO] Skipping recipe bibliowoods:color/orange/wood/extradelight_cinnamon/tall_seat_back, conditions not met
[18:59:38] [INFO] Skipping recipe bibliowoods:color/gray/wood/deep_aether_cruderoot/seat, conditions not met
[18:59:38] [INFO] Skipping recipe bibliobiomes:wood/biomesoplenty_willow/bookcase, conditions not met
[18:59:38] [INFO] Skipping recipe bibliobiomes:color/red/wood/biomesoplenty_willow/display_case, conditions not met
[18:59:38] [INFO] Skipping recipe mekanism:compat/biomesoplenty/sawing/fence_gate/mahogany, conditions not met
[18:59:38] [INFO] Skipping recipe bibliobiomes:color/purple/wood/biomesoplenty_magic/seat, conditions not met
[18:59:38] [INFO] Skipping recipe bibliowoods:color/red/wood/gtceu_rubber/flat_seat_back, conditions not met
[18:59:38] [INFO] Skipping recipe productivemetalworks:melting/storage_blocks/raw_netherite, conditions not met
[18:59:38] [INFO] Skipping recipe theurgy:fermentation/alchemical_niter_mobs_rare_using_seeds, conditions not met
[18:59:38] [INFO] Skipping recipe create:milling/compat/biomesoplenty/glowflower, conditions not met
[18:59:38] [INFO] Skipping recipe theurgy:fermentation/alchemical_niter_other_minerals_precious_using_crops, conditions not met
[18:59:38] [INFO] Skipping recipe megacells:cells/portable/portable_experience_cell_16m, conditions not met
[18:59:38] [INFO] Skipping recipe theurgy:liquefaction/alchemical_sulfur_umbran_from_logs_umbran, conditions not met
[18:59:38] [INFO] Skipping recipe productivemetalworks:melting/geore/iron_shard, conditions not met
[18:59:38] [INFO] Skipping recipe productivebees:bee_produce/chemlib/gallium_bee, conditions not met
[18:59:38] [INFO] Skipping recipe create:crushing/compat/silentgems/turquoise_end_ore, conditions not met
[18:59:38] [INFO] Skipping recipe pylons:harvesting/vinery/red_grape_bush, conditions not met
[18:59:38] [INFO] Skipping recipe reliquary:alkahestry/crafting/gravel, conditions not met
[18:59:38] [INFO] Skipping recipe bibliobiomes:color/cyan/wood/biomesoplenty_umbran/display_case, conditions not met
[18:59:38] [INFO] Skipping recipe productivebees:mythicbotany/gaiasteel_bee, conditions not met
[18:59:38] [INFO] Skipping recipe bibliobiomes:color/yellow/wood/biomesoplenty_mahogany/fancy_seat_back, conditions not met
[18:59:38] [INFO] Skipping recipe bibliobiomes:color/gray/wood/biomesoplenty_maple/fancy_seat_back, conditions not met
[18:59:38] [INFO] Skipping recipe farmingforblockheads:market/croptopia/sweetpotato_seed, conditions not met
[18:59:38] [INFO] Skipping recipe bibliowoods:color/light_gray/wood/cobblemon_apricorn/small_seat_back, conditions not met
[18:59:38] [INFO] Skipping recipe bibliobiomes:color/yellow/wood/biomesoplenty_maple/flat_seat_back, conditions not met
[18:59:38] [INFO] Skipping recipe productivebees:alchemistry/combiner/neptunium_bee, conditions not met
[18:59:38] [INFO] Skipping recipe productivebees:bee_produce/gtceu/tetrahedrite_bee, conditions not met
[18:59:38] [INFO] Skipping recipe bibliowoods:color/orange/wood/deep_aether_cruderoot/small_seat_back, conditions not met
[18:59:38] [INFO] Skipping recipe productivebees:bee_breeding/chemlib/palladium_bee, conditions not met
[18:59:38] [INFO] Skipping recipe theurgy:fermentation/alchemical_niter_mobs_rare_using_flowers, conditions not met
[18:59:38] [INFO] Skipping recipe bibliowoods:color/black/wood/vampirism_dark_spruce/raised_seat_back, conditions not met
[18:59:38] [INFO] Skipping recipe bibliowoods:color/lime/wood/deep_aether_cruderoot/display_case, conditions not met
[18:59:38] [INFO] Skipping recipe farmingforblockheads:market/betterendforge/mossy_glowshroom_sapling, conditions not met
[18:59:38] [INFO] Skipping recipe bibliowoods:color/pink/wood/deep_aether_yagroot/seat, conditions not met
[18:59:38] [INFO] Skipping recipe bibliowoods:color/pink/wood/deep_aether_conberry/raised_seat_back, conditions not met
[18:59:38] [INFO] Skipping recipe bibliowoods:wood/extradelight_fruit/table, conditions not met
[18:59:38] [INFO] Skipping recipe create:crushing/compat/silentgems/ammolite_nether_ore, conditions not met
[18:59:38] [INFO] Skipping recipe bibliowoods:color/black/wood/vampirism_dark_spruce/small_seat_back, conditions not met
[18:59:38] [INFO] Skipping recipe bibliobiomes:color/yellow/wood/biomesoplenty_mahogany/small_seat_back, conditions not met
[18:59:38] [INFO] Recipe deeperdarker:resonarium_boots_smithing[minecraft:smithing_transform] failed to parse due to an error on component: Failed to read required component 'template: ingredient' - java.lang.IllegalStateException: Failed to parse either. First: Item array cannot be empty, at least one item must be defined; Second: Not a JSON object: []
[18:59:38] [INFO] Skipping recipe bibliobiomes:color/gray/wood/biomesoplenty_maple/small_seat_back, conditions not met
[18:59:38] [INFO] Skipping recipe bibliowoods:color/yellow/wood/deep_aether_cruderoot/small_seat_back, conditions not met
[18:59:38] [INFO] Skipping recipe bibliowoods:color/black/wood/vampirism_cursed_spruce/flat_seat_back, conditions not met
[18:59:38] [INFO] Skipping recipe bibliobiomes:color/red/wood/biomesoplenty_empyreal/small_seat_back, conditions not met
[18:59:38] [INFO] Skipping recipe theurgy:reformation/alchemical_sulfur_netherwood_from_alchemical_sulfurs_logs_abundant, conditions not met
[18:59:38] [INFO] Skipping recipe productivemetalworks:melting/raw_materials/enderium, conditions not met
[18:59:38] [INFO] Skipping recipe industrialforegoing:laser_drill_ore/ores/sodalite, conditions not met
[18:59:38] [INFO] Skipping recipe theurgy:reformation/alchemical_sulfur_dreamwood_from_alchemical_sulfurs_logs_abundant, conditions not met
[18:59:38] [INFO] Skipping recipe enderdrives:ender_disk_256k_vanilla, conditions not met
[18:59:38] [INFO] Skipping recipe immersiveengineering:metalpress/wire_platinum, conditions not met
[18:59:38] [INFO] Skipping recipe supplementaries:sus_gravel, conditions not met
[18:59:38] [INFO] Skipping recipe bibliobiomes:color/blue/wood/biomesoplenty_palm/tall_seat_back, conditions not met
[18:59:38] [INFO] Skipping recipe bibliowoods:color/red/wood/vampirism_cursed_spruce/seat, conditions not met
[18:59:38] [INFO] Skipping recipe bibliowoods:color/cyan/wood/cobblemon_apricorn/tall_seat_back, conditions not met
[18:59:38] [INFO] Skipping recipe bibliobiomes:color/yellow/wood/biomesoplenty_umbran/seat, conditions not met
[18:59:38] [INFO] Skipping recipe bibliowoods:color/purple/wood/deep_aether_yagroot/raised_seat_back, conditions not met
[18:59:38] [INFO] Skipping recipe bibliobiomes:color/green/wood/biomesoplenty_jacaranda/fancy_seat_back, conditions not met
[18:59:38] [INFO] Skipping recipe supplementaries:way_sign_oak/productivetrees/clove, conditions not met
[18:59:38] [INFO] Skipping recipe bibliobiomes:color/purple/wood/biomesoplenty_magic/raised_seat_back, conditions not met
[18:59:38] [INFO] Skipping recipe create:milling/compat/druidcraft/lavender, conditions not met
[18:59:38] [INFO] Skipping recipe bibliowoods:color/cyan/wood/gtceu_rubber/seat, conditions not met
[18:59:38] [INFO] Skipping recipe bibliobiomes:color/yellow/wood/biomesoplenty_mahogany/seat, conditions not met
[18:59:38] [INFO] Skipping recipe supplementaries:way_sign_oak/minecraft/spruce, conditions not met
[18:59:38] [INFO] Skipping recipe bibliobiomes:color/purple/wood/biomesoplenty_empyreal/tall_seat_back, conditions not met
[18:59:38] [INFO] Skipping recipe productivebees:bee_produce/gtceu/sphalerite_bee, conditions not met
[18:59:38] [INFO] Skipping recipe bibliowoods:wood/gtceu_treated_wood/label, conditions not met
[18:59:38] [INFO] Skipping recipe farmingforblockheads:market/theabyss/roma_mud, conditions not met
[18:59:38] [INFO] Skipping recipe productivebees:item_conversion/reactors/blutonium_bee, conditions not met
[18:59:38] [INFO] Skipping recipe farmingforblockheads:market/betternether/sepia_mushroom_grass, conditions not met
[18:59:38] [INFO] Skipping recipe bibliowoods:color/pink/wood/cobblemon_apricorn/tall_seat_back, conditions not met
[18:59:38] [INFO] Skipping recipe bibliowoods:color/light_gray/wood/deep_aether_yagroot/raised_seat_back, conditions not met
[18:59:38] [INFO] Skipping recipe bibliowoods:color/magenta/wood/deep_aether_sunroot/raised_seat_back, conditions not met
[18:59:38] [INFO] Skipping recipe bibliobiomes:color/pink/wood/biomesoplenty_umbran/display_case, conditions not met
[18:59:38] [INFO] Skipping recipe toolbelt:belt_upgrade_7_via_sewing, conditions not met
[18:59:38] [INFO] Skipping recipe farmingforblockheads:market/croptopia/rhubarb_seed, conditions not met
[18:59:38] [INFO] Skipping recipe bibliobiomes:color/pink/wood/biomesoplenty_umbran/seat, conditions not met
[18:59:38] [INFO] Skipping recipe productivemetalworks:casting/plates/ftbmaterials/platinum, conditions not met
[18:59:38] [INFO] Skipping recipe mekanism:compat/biomeswevegone/pigment_extracting/large_light_blue, conditions not met
[18:59:38] [INFO] Skipping recipe toolbelt:belt_via_sewing, conditions not met
[18:59:38] [INFO] Skipping recipe bibliobiomes:color/light_gray/wood/biomesoplenty_hellbark/raised_seat_back, conditions not met
[18:59:38] [INFO] Skipping recipe theurgy:reformation/alchemical_sulfur_undead_from_alchemical_niter_logs_abundant, conditions not met
[18:59:38] [INFO] Skipping recipe farmingforblockheads:market/croptopia/nectarine_sapling, conditions not met
[18:59:38] [INFO] Skipping recipe bibliobiomes:color/green/wood/biomesoplenty_empyreal/display_case, conditions not met
[18:59:38] [INFO] Skipping recipe productivebees:bee_conversion/gems/sunstone_bee, conditions not met
[18:59:38] [INFO] Skipping recipe bibliowoods:color/brown/wood/mynethersdelight_powdery/small_seat_back, conditions not met
[18:59:38] [INFO] Skipping recipe bibliobiomes:color/green/wood/biomesoplenty_jacaranda/display_case, conditions not met
[18:59:38] [INFO] Skipping recipe create:splashing/galosphere/crushed_raw_silver, conditions not met
[18:59:38] [INFO] Skipping recipe bibliowoods:color/green/wood/deep_aether_sunroot/display_case, conditions not met
[18:59:38] [INFO] Skipping recipe farmingforblockheads:market/simplefarming/broccoli_seeds, conditions not met
[18:59:38] [INFO] Skipping recipe bibliowoods:wood/extradelight_cinnamon/potion_shelf, conditions not met
[18:59:38] [INFO] Skipping recipe bibliobiomes:color/gray/wood/biomesoplenty_empyreal/fancy_seat_back, conditions not met
[18:59:38] [INFO] Skipping recipe bibliobiomes:color/lime/wood/biomesoplenty_willow/tall_seat_back, conditions not met
[18:59:38] [INFO] Skipping recipe bibliowoods:color/black/wood/vampirism_dark_spruce/fancy_seat_back, conditions not met
[18:59:38] [INFO] Skipping recipe productivebees:bee_conversion/gems/tourmaline_bee, conditions not met
[18:59:38] [INFO] Skipping recipe bibliobiomes:color/gray/wood/biomesoplenty_magic/raised_seat_back, conditions not met
[18:59:38] [INFO] Skipping recipe mekmm:compat/evolvedmekanism/factory/overclocked/crystallizing, conditions not met
[18:59:38] [INFO] Skipping recipe bibliobiomes:color/purple/wood/biomesoplenty_hellbark/raised_seat_back, conditions not met
[18:59:38] [INFO] Skipping recipe bibliobiomes:color/gray/wood/biomesoplenty_willow/small_seat_back, conditions not met
[18:59:38] [INFO] Skipping recipe bibliobiomes:color/blue/wood/biomesoplenty_redwood/fancy_seat_back, conditions not met
[18:59:38] [INFO] Skipping recipe productivebees:tconstruct/honey_to_block, conditions not met
[18:59:38] [INFO] Skipping recipe bibliobiomes:color/brown/wood/biomesoplenty_redwood/fancy_seat_back, conditions not met
[18:59:38] [INFO] Skipping recipe mekmm:compat/evolvedmekanism/factory/creative/centrifuging, conditions not met
[18:59:38] [INFO] Skipping recipe productivemetalworks:casting/gears/ftbmaterials/lead, conditions not met
[18:59:38] [INFO] Skipping recipe bibliowoods:color/purple/wood/deep_aether_yagroot/tall_seat_back, conditions not met
[18:59:38] [INFO] Skipping recipe bibliobiomes:color/magenta/wood/biomesoplenty_jacaranda/small_seat_back, conditions not met
[18:59:38] [INFO] Skipping recipe supplementaries:way_sign_oak/biomeswevegone/rainbow_eucalyptus, conditions not met
[18:59:38] [INFO] Skipping recipe mysticalagriculture:seed/crafting/queens_slime, conditions not met
[18:59:38] [INFO] Skipping recipe bibliobiomes:color/blue/wood/biomesoplenty_redwood/small_seat_back, conditions not met
[18:59:38] [INFO] Skipping recipe theurgy:reformation/alchemical_sulfur_timewood_from_alchemical_sulfurs_logs_abundant, conditions not met
[18:59:38] [INFO] Skipping recipe occultism:crushing/mithril_dust_from_raw_block, conditions not met
[18:59:38] [INFO] Skipping recipe theurgy:incubation/logs_palm_from_alchemical_sulfur_palm, conditions not met
[18:59:38] [INFO] Skipping recipe occultism:crushing/cobalt_dust_from_ingot, conditions not met
[18:59:38] [INFO] Skipping recipe bibliobiomes:color/orange/wood/biomesoplenty_willow/small_seat_back, conditions not met
[18:59:38] [INFO] Skipping recipe supplementaries:way_sign_oak/biomeswevegone/redwood, conditions not met
[18:59:38] [INFO] Skipping recipe bibliowoods:color/brown/wood/deep_aether_roseroot/small_seat_back, conditions not met
[18:59:38] [INFO] Skipping recipe productivemetalworks:melting/storage_blocks/raw_signalum, conditions not met
[18:59:38] [INFO] Skipping recipe mysticalagradditions:tconstruct/tools/melting/imperium, conditions not met
[18:59:38] [INFO] Skipping recipe bibliowoods:color/brown/wood/gtceu_treated_wood/display_case, conditions not met
[18:59:38] [INFO] Skipping recipe bibliobiomes:color/gray/wood/biomesoplenty_magic/small_seat_back, conditions not met
[18:59:38] [INFO] Skipping recipe bibliobiomes:color/orange/wood/biomesoplenty_mahogany/flat_seat_back, conditions not met
[18:59:38] [INFO] Skipping recipe bibliobiomes:color/magenta/wood/biomesoplenty_dead/raised_seat_back, conditions not met
[18:59:38] [INFO] Skipping recipe bibliobiomes:color/gray/wood/biomesoplenty_willow/fancy_seat_back, conditions not met
[18:59:38] [INFO] Skipping recipe bibliowoods:color/black/wood/mynethersdelight_powdery/fancy_seat_back, conditions not met
[18:59:38] [INFO] Skipping recipe bibliobiomes:color/light_blue/wood/biomesoplenty_mahogany/raised_seat_back, conditions not met
[18:59:38] [INFO] Skipping recipe productivebees:thermal/machine/smelter/blaze_bee_to_blitz_bee, conditions not met
[18:59:38] [INFO] Skipping recipe bibliobiomes:color/yellow/wood/biomesoplenty_redwood/display_case, conditions not met
[18:59:38] [INFO] Skipping recipe bibliobiomes:color/brown/wood/biomesoplenty_redwood/small_seat_back, conditions not met
[18:59:38] [INFO] Skipping recipe bibliobiomes:color/brown/wood/biomesoplenty_mahogany/seat, conditions not met
[18:59:38] [INFO] Skipping recipe bibliowoods:color/brown/wood/deep_aether_roseroot/fancy_seat_back, conditions not met
[18:59:38] [INFO] Skipping recipe create:pressing/compat/betterendforge/end_mycelium_path, conditions not met
[18:59:38] [INFO] Skipping recipe bibliobiomes:color/yellow/wood/biomesoplenty_mahogany/flat_seat_back, conditions not met
[18:59:38] [INFO] Skipping recipe bibliowoods:color/green/wood/deep_aether_sunroot/tall_seat_back, conditions not met
[18:59:38] [INFO] Skipping recipe bibliowoods:color/black/wood/mynethersdelight_powdery/small_seat_back, conditions not met
[18:59:38] [INFO] Skipping recipe bibliowoods:color/cyan/wood/extradelight_cinnamon/raised_seat_back, conditions not met
[18:59:38] [INFO] Skipping recipe productivebees:bee_produce/gtceu/tantalite_bee, conditions not met
[18:59:38] [INFO] Skipping recipe theurgy:reformation/alchemical_sulfur_timewood_from_alchemical_niter_logs_abundant, conditions not met
[18:59:38] [INFO] Skipping recipe mekanism:compat/biomesoplenty/sawing/log/jacaranda, conditions not met
[18:59:38] [INFO] Skipping recipe mekanism:compat/biomesoplenty/sawing/boat/empyreal, conditions not met
[18:59:38] [INFO] Skipping recipe bibliobiomes:wood/biomesoplenty_jacaranda/fancy_crafter, conditions not met
[18:59:38] [INFO] Skipping recipe bibliobiomes:color/brown/wood/biomesoplenty_palm/raised_seat_back, conditions not met
[18:59:38] [INFO] Skipping recipe mekanism:compat/biomesoplenty/sawing/hanging_sign/fir, conditions not met
[18:59:38] [INFO] Skipping recipe bibliowoods:color/purple/wood/deep_aether_sunroot/small_seat_back, conditions not met
[18:59:38] [INFO] Skipping recipe bibliowoods:color/light_gray/wood/gtceu_treated_wood/raised_seat_back, conditions not met
[18:59:38] [INFO] Skipping recipe bibliowoods:color/pink/wood/expandeddelight_cinnamon/seat, conditions not met
[18:59:38] [INFO] Skipping recipe mysticalagriculture:seed/crafting/armadillo, conditions not met
[18:59:38] [INFO] Skipping recipe bibliowoods:color/green/wood/extradelight_cinnamon/tall_seat_back, conditions not met
[18:59:38] [INFO] Skipping recipe productivebees:thermal/machine/chiller/honey_to_honey_block, conditions not met
[18:59:38] [INFO] Skipping recipe farmingforblockheads:market/croptopia/pear_sapling, conditions not met
[18:59:38] [INFO] Skipping recipe productivemetalworks:melting/ores/crimson_steel, conditions not met
[18:59:38] [INFO] Skipping recipe occultism:miner/ores/shyrestone_ore, conditions not met
[18:59:38] [INFO] Skipping recipe bibliowoods:color/blue/wood/werewolves_jacaranda/flat_seat_back, conditions not met
[18:59:38] [INFO] Skipping recipe farmingforblockheads:market/biomesoplenty/flowering_oak_sapling, conditions not met
[18:59:38] [INFO] Skipping recipe productivebees:bee_produce/chemlib/sodium_bee, conditions not met
[18:59:38] [INFO] Skipping recipe reliquary:alkahestry/crafting/emerald, conditions not met
[18:59:38] [INFO] Skipping recipe bibliowoods:color/black/wood/gtceu_treated_wood/raised_seat_back, conditions not met
[18:59:38] [INFO] Skipping recipe productivebees:hives/advanced_atmospheric_kousa_beehive_clear, conditions not met
[18:59:38] [INFO] Skipping recipe farmingforblockheads:market/simplefarming/corn_seeds, conditions not met
[18:59:38] [INFO] Skipping recipe farmingforblockheads:market/byg/orange_birch_sapling, conditions not met
[18:59:38] [INFO] Skipping recipe bibliobiomes:color/light_gray/wood/biomesoplenty_palm/seat, conditions not met
[18:59:38] [INFO] Skipping recipe bibliowoods:color/lime/wood/werewolves_jacaranda/fancy_seat_back, conditions not met
[18:59:38] [INFO] Skipping recipe bibliobiomes:color/gray/wood/biomesoplenty_palm/seat, conditions not met
[18:59:38] [INFO] Skipping recipe allthearcanistgear:base_hat_to_allthemodium_hat_smithing, conditions not met
[18:59:38] [INFO] Skipping recipe mysticalagriculture:seed/crafting/redstone, conditions not met
[18:59:38] [INFO] Skipping recipe create:crushing/compat/druidcraft/fiery_glass_ore, conditions not met
[18:59:38] [INFO] Skipping recipe bibliobiomes:color/light_gray/wood/biomesoplenty_jacaranda/seat, conditions not met
[18:59:38] [INFO] Skipping recipe bibliobiomes:color/black/wood/biomesoplenty_umbran/fancy_seat_back, conditions not met
[18:59:38] [INFO] Skipping recipe theurgy:incubation/logs_umbran_from_alchemical_sulfur_umbran, conditions not met
[18:59:38] [INFO] Skipping recipe bibliowoods:wood/deep_aether_conberry/label, conditions not met
[18:59:38] [INFO] Skipping recipe bibliowoods:color/cyan/wood/extradelight_cinnamon/seat, conditions not met
[18:59:38] [INFO] Skipping recipe create:crushing/compat/thermal/sulfur_ore, conditions not met
[18:59:38] [INFO] Skipping recipe bibliowoods:color/red/wood/gtceu_rubber/tall_seat_back, conditions not met
[18:59:38] [INFO] Skipping recipe theurgy:liquefaction/alchemical_sulfur_menril_from_logs_menril, conditions not met
[18:59:38] [INFO] Skipping recipe bibliobiomes:color/gray/wood/biomesoplenty_empyreal/small_seat_back, conditions not met
[18:59:38] [INFO] Skipping recipe create:crushing/compat/galosphere/allurite, conditions not met
[18:59:38] [INFO] Skipping recipe farmingforblockheads:market/endergetic/eumus_poismoss, conditions not met
[18:59:38] [INFO] Skipping recipe productivemetalworks:melting/plates/blaze_gold, conditions not met
[18:59:38] [INFO] Skipping recipe bibliowoods:color/cyan/wood/gtceu_treated_wood/fancy_seat_back, conditions not met
[18:59:38] [INFO] Skipping recipe oritech:compat/energizedpower/alloyfurance/oritech_electrum, conditions not met
[18:59:38] [INFO] Skipping recipe bibliowoods:color/yellow/wood/extradelight_fruit/fancy_seat_back, conditions not met
[18:59:38] [INFO] Skipping recipe productivebees:block_conversion/botania/stone_to_livingrock, conditions not met
[18:59:38] [INFO] Skipping recipe bibliowoods:color/lime/wood/werewolves_jacaranda/small_seat_back, conditions not met
[18:59:38] [INFO] Skipping recipe theurgy:reformation/alchemical_sulfur_trumpet_from_alchemical_niter_logs_abundant, conditions not met
[18:59:38] [INFO] Skipping recipe theurgy:liquefaction/alchemical_sulfur_frostbright_from_logs_frostbright, conditions not met
[18:59:38] [INFO] Skipping recipe bibliowoods:color/light_blue/wood/gtceu_treated_wood/raised_seat_back, conditions not met
[18:59:38] [INFO] Skipping recipe bibliowoods:color/pink/wood/gtceu_treated_wood/display_case, conditions not met
[18:59:38] [INFO] Skipping recipe bibliobiomes:color/brown/wood/biomesoplenty_maple/tall_seat_back, conditions not met
[18:59:38] [INFO] Skipping recipe farmingforblockheads:market/croptopia/lime_sapling, conditions not met
[18:59:38] [INFO] Skipping recipe farmingforblockheads:market/byg/yellow_tulip, conditions not met
[18:59:38] [INFO] Skipping recipe dyenamics:thermal/centrifuge/persimmon_rockwool, conditions not met
[18:59:38] [INFO] Skipping recipe productivebees:centrifuge/gobber/honeycomb_nether_gobber, conditions not met
[18:59:38] [INFO] Skipping recipe create:crushing/compat/biomesoplenty/rose_quartz, conditions not met
[18:59:38] [INFO] Skipping recipe bibliobiomes:color/orange/wood/biomesoplenty_jacaranda/display_case, conditions not met
[18:59:38] [INFO] Skipping recipe bibliowoods:color/black/wood/werewolves_jacaranda/raised_seat_back, conditions not met
[18:59:38] [INFO] Skipping recipe farmingforblockheads:market/simplefarming/sorghum_seeds, conditions not met
[18:59:38] [INFO] Skipping recipe productivebees:centrifuge/pokecube/honeycomb_spectrum, conditions not met
[18:59:38] [INFO] Skipping recipe mekmm:compat/evolvedmekanism/factory/multiversal/lathing, conditions not met
[18:59:38] [INFO] Skipping recipe create:splashing/thermal/crushed_raw_silver, conditions not met
[18:59:38] [INFO] Skipping recipe bibliobiomes:color/blue/wood/biomesoplenty_hellbark/small_seat_back, conditions not met
[18:59:38] [INFO] Skipping recipe farmingforblockheads:market/mynethersdelight/letios_compost, conditions not met
[18:59:38] [INFO] Skipping recipe mysticalagriculture:seed/crafting/fire, conditions not met
[18:59:38] [INFO] Skipping recipe bibliobiomes:color/light_gray/wood/biomesoplenty_umbran/raised_seat_back, conditions not met
[18:59:38] [INFO] Skipping recipe bibliobiomes:color/magenta/wood/biomesoplenty_dead/seat, conditions not met
[18:59:38] [INFO] Skipping recipe mysticalagriculture:seed/crafting/fish, conditions not met
[18:59:38] [INFO] Skipping recipe bibliowoods:color/white/wood/deep_aether_roseroot/tall_seat_back, conditions not met
[18:59:38] [INFO] Skipping recipe bibliowoods:color/green/wood/deep_aether_sunroot/flat_seat_back, conditions not met
[18:59:38] [INFO] Skipping recipe create_aquatic_ambitions:channeling/upgrade_aquatic/acan_coral_fan, conditions not met
[18:59:38] [INFO] Skipping recipe bibliobiomes:color/blue/wood/biomesoplenty_hellbark/fancy_seat_back, conditions not met
[18:59:38] [INFO] Skipping recipe productivemetalworks:melting/geore/gold_shard, conditions not met
[18:59:38] [INFO] Skipping recipe bibliobiomes:color/green/wood/biomesoplenty_palm/display_case, conditions not met
[18:59:38] [INFO] Skipping recipe bibliowoods:color/pink/wood/expandeddelight_cinnamon/flat_seat_back, conditions not met
[18:59:38] [INFO] Skipping recipe farmingforblockheads:market/byg/rainbow_eucalyptus_sapling, conditions not met
[18:59:38] [INFO] Skipping recipe bibliobiomes:wood/biomesoplenty_redwood/tool_rack, conditions not met
[18:59:38] [INFO] Skipping recipe occultism:miner/ores/jewelyte_ore, conditions not met
[18:59:38] [INFO] Skipping recipe bibliowoods:color/pink/wood/expandeddelight_cinnamon/fancy_seat_back, conditions not met
[18:59:38] [INFO] Skipping recipe productivebees:expansion_boxes/expansion_box_atmospheric_yucca, conditions not met
[18:59:38] [INFO] Skipping recipe bibliobiomes:wood/biomesoplenty_palm/bookcase, conditions not met
[18:59:38] [INFO] Skipping recipe bibliowoods:color/lime/wood/extradelight_fruit/raised_seat_back, conditions not met
[18:59:38] [INFO] Skipping recipe bibliowoods:color/gray/wood/deep_aether_yagroot/raised_seat_back, conditions not met
[18:59:38] [INFO] Skipping recipe mysticalagriculture:essence/thermal/blizz_rod, conditions not met
[18:59:38] [INFO] Skipping recipe bibliobiomes:color/light_gray/wood/biomesoplenty_jacaranda/raised_seat_back, conditions not met
[18:59:38] [INFO] Skipping recipe bibliobiomes:color/gray/wood/biomesoplenty_jacaranda/raised_seat_back, conditions not met
[18:59:38] [INFO] Skipping recipe immersiveengineering:metalpress/rod_ardite, conditions not met
[18:59:38] [INFO] Skipping recipe mysticalagriculture:essence/botania/light_gray_mystical_flower, conditions not met
[18:59:38] [INFO] Skipping recipe theurgy:liquefaction/alchemical_sulfur_maple_from_logs_maple, conditions not met
[18:59:38] [INFO] Skipping recipe mekanism:compat/biomesoplenty/dye/light_blue, conditions not met
[18:59:38] [INFO] Skipping recipe theurgy:reformation/alchemical_sulfur_minewood_from_alchemical_niter_logs_abundant, conditions not met
[18:59:38] [INFO] Skipping recipe dyenamics:thermal/rockwool/bubblegum_rockwool, conditions not met
[18:59:38] [INFO] Skipping recipe farmingforblockheads:market/betterendforge/lanceleaf_seed, conditions not met
[18:59:38] [INFO] Skipping recipe bibliobiomes:color/light_blue/wood/biomesoplenty_palm/seat, conditions not met
[18:59:38] [INFO] Skipping recipe bibliobiomes:color/blue/wood/biomesoplenty_palm/seat, conditions not met
[18:59:38] [INFO] Skipping recipe bibliowoods:color/cyan/wood/deep_aether_roseroot/tall_seat_back, conditions not met
[18:59:38] [INFO] Skipping recipe bibliowoods:color/white/wood/cobblemon_apricorn/tall_seat_back, conditions not met
[18:59:38] [INFO] Skipping recipe create:smelting/lead_ingot_compat_thermal, conditions not met
[18:59:38] [INFO] Skipping recipe mysticalagriculture:essence/thermal/basalz_rod, conditions not met
[18:59:38] [INFO] Skipping recipe bibliowoods:color/black/wood/vampirism_cursed_spruce/tall_seat_back, conditions not met
[18:59:38] [INFO] Skipping recipe industrialforegoing:laser_drill_ore/raw_materials/cobalt, conditions not met
[18:59:38] [INFO] Skipping recipe productivebees:bee_produce/chemlib/indium_bee, conditions not met
[18:59:38] [INFO] Skipping recipe bibliowoods:color/orange/wood/deep_aether_cruderoot/fancy_seat_back, conditions not met
[18:59:38] [INFO] Skipping recipe bibliowoods:color/light_blue/wood/deep_aether_sunroot/flat_seat_back, conditions not met
[18:59:38] [INFO] Skipping recipe productivemetalworks:melting/geore/topaz_shard, conditions not met
[18:59:38] [INFO] Skipping recipe bibliowoods:color/cyan/wood/gtceu_rubber/display_case, conditions not met
[18:59:38] [INFO] Skipping recipe bibliobiomes:color/green/wood/biomesoplenty_redwood/seat, conditions not met
[18:59:38] [INFO] Skipping recipe farmingforblockheads:market/simplefarming/pea_seeds, conditions not met
[18:59:38] [INFO] Skipping recipe allthemodium:melting/unobtainium_from_raw_ore, conditions not met
[18:59:38] [INFO] Skipping recipe productivebees:item_conversion/reactors/inanite_bee, conditions not met
[18:59:38] [INFO] Skipping recipe mekanism:compat/biomesoplenty/sawing/trapdoor/palm, conditions not met
[18:59:38] [INFO] Skipping recipe bibliobiomes:wood/biomesoplenty_jacaranda/table, conditions not met
[18:59:38] [INFO] Skipping recipe bibliowoods:wood/extradelight_cinnamon/fancy_armor_stand, conditions not met
[18:59:38] [INFO] Skipping recipe theurgy:incubation/logs_golden_oak_from_alchemical_sulfur_golden_oak, conditions not met
[18:59:38] [INFO] Skipping recipe bibliowoods:color/black/wood/deep_aether_cruderoot/flat_seat_back, conditions not met
[18:59:38] [INFO] Skipping recipe farmingforblockheads:market/byg/japanese_orchid, conditions not met
[18:59:38] [INFO] Skipping recipe bibliobiomes:color/blue/wood/biomesoplenty_maple/flat_seat_back, conditions not met
[18:59:38] [INFO] Skipping recipe theurgy:liquefaction/alchemical_sulfur_chimerite_from_gems_chimerite, conditions not met
[18:59:38] [INFO] Skipping recipe supplementaries:way_sign_oak/biomeswevegone/fir, conditions not met
[18:59:38] [INFO] Skipping recipe bibliowoods:color/brown/wood/werewolves_magic/small_seat_back, conditions not met
[18:59:38] [INFO] Skipping recipe farmingforblockheads:market/byg/white_sage, conditions not met
[18:59:38] [INFO] Skipping recipe bibliowoods:color/yellow/wood/cobblemon_apricorn/flat_seat_back, conditions not met
[18:59:38] [INFO] Skipping recipe bibliobiomes:color/lime/wood/biomesoplenty_magic/tall_seat_back, conditions not met
[18:59:38] [INFO] Skipping recipe create:milling/compat/environmental/violet, conditions not met
[18:59:38] [INFO] Skipping recipe productivebees:bee_produce/enigmaticlegacy/etherium_ore_bee, conditions not met
[18:59:38] [INFO] Skipping recipe bibliobiomes:color/green/wood/biomesoplenty_magic/seat, conditions not met
[18:59:38] [INFO] Skipping recipe allthemodium:casting/materials/vibranium, conditions not met
[18:59:38] [INFO] Skipping recipe productivebees:alchemistry/combiner/californium_bee, conditions not met
[18:59:38] [INFO] Skipping recipe productivemetalworks:casting/rods/ftbmaterials/obsidian, conditions not met
[18:59:38] [INFO] Skipping recipe bibliowoods:color/gray/wood/vampirism_cursed_spruce/tall_seat_back, conditions not met
[18:59:38] [INFO] Skipping recipe mekanism:compat/biomesoplenty/pigment_extracting/light_blue, conditions not met
[18:59:38] [INFO] Skipping recipe mekmm:compat/evolvedmekanism/factory/multiversal/centrifuging, conditions not met
[18:59:38] [INFO] Skipping recipe oritech:compat/energizedpower/alloyfurance/biosteel, conditions not met
[18:59:38] [INFO] Skipping recipe bibliowoods:color/brown/wood/deep_aether_conberry/flat_seat_back, conditions not met
[18:59:38] [INFO] Skipping recipe immersiveengineering:crafting/hammercrushing_ardite, conditions not met
[18:59:38] [INFO] Skipping recipe bibliowoods:color/purple/wood/deep_aether_cruderoot/raised_seat_back, conditions not met
[18:59:38] [INFO] Skipping recipe mekanism:compat/biomeswevegone/pigment_extracting/gray, conditions not met
[18:59:38] [INFO] Skipping recipe theurgy:incubation/logs_dusk_from_alchemical_sulfur_dusk, conditions not met
[18:59:38] [INFO] Skipping recipe productivebees:hives/advanced_biomesoplenty_dead_beehive, conditions not met
[18:59:38] [INFO] Skipping recipe bibliowoods:color/white/wood/gtceu_rubber/display_case, conditions not met
[18:59:38] [INFO] Skipping recipe bibliowoods:color/gray/wood/mynethersdelight_powdery/seat, conditions not met
[18:59:38] [INFO] Skipping recipe mekanism:compat/biomesoplenty/sawing/door/dead, conditions not met
[18:59:38] [INFO] Skipping recipe theurgy:fermentation/alchemical_niter_mobs_precious_using_eggs, conditions not met
[18:59:38] [INFO] Skipping recipe bibliowoods:color/green/wood/gtceu_rubber/small_seat_back, conditions not met
[18:59:38] [INFO] Skipping recipe bibliowoods:color/purple/wood/deep_aether_conberry/flat_seat_back, conditions not met
[18:59:38] [INFO] Skipping recipe bibliobiomes:color/light_blue/wood/biomesoplenty_umbran/seat, conditions not met
[18:59:38] [INFO] Skipping recipe bibliobiomes:color/blue/wood/biomesoplenty_empyreal/small_seat_back, conditions not met
[18:59:38] [INFO] Skipping recipe theurgy:reformation/alchemical_sulfur_twilight_oak_from_alchemical_sulfurs_logs_abundant, conditions not met
[18:59:38] [INFO] Skipping recipe bibliobiomes:color/green/wood/biomesoplenty_redwood/small_seat_back, conditions not met
[18:59:38] [INFO] Skipping recipe reliquary:alkahestry/crafting/netherrack, conditions not met
[18:59:38] [INFO] Skipping recipe bibliowoods:color/lime/wood/vampirism_dark_spruce/flat_seat_back, conditions not met
[18:59:38] [INFO] Skipping recipe bibliobiomes:color/blue/wood/biomesoplenty_willow/small_seat_back, conditions not met
[18:59:38] [INFO] Skipping recipe create:milling/compat/botania/yellow_petal, conditions not met
[18:59:38] [INFO] Skipping recipe bibliobiomes:color/lime/wood/biomesoplenty_hellbark/raised_seat_back, conditions not met
[18:59:38] [INFO] Skipping recipe bibliowoods:color/cyan/wood/vampirism_cursed_spruce/flat_seat_back, conditions not met
[18:59:38] [INFO] Skipping recipe bibliowoods:color/black/wood/butchercraft_barn_wood/display_case, conditions not met
[18:59:38] [INFO] Skipping recipe bibliowoods:color/orange/wood/deep_aether_conberry/seat, conditions not met
[18:59:38] [INFO] Skipping recipe bibliowoods:color/red/wood/gtceu_rubber/seat, conditions not met
[18:59:38] [INFO] Skipping recipe supplementaries:way_sign_oak/productivetrees/pink_ipe, conditions not met
[18:59:38] [INFO] Skipping recipe bibliobiomes:color/light_gray/wood/biomesoplenty_umbran/fancy_seat_back, conditions not met
[18:59:38] [INFO] Skipping recipe mekmm:compat/evolvedmekanism/factory/multiversal/planting, conditions not met
[18:59:38] [INFO] Skipping recipe bibliowoods:color/green/wood/deep_aether_cruderoot/seat, conditions not met
[18:59:38] [INFO] Skipping recipe bibliobiomes:color/brown/wood/biomesoplenty_umbran/flat_seat_back, conditions not met
[18:59:38] [INFO] Skipping recipe productivebees:expansion_boxes/expansion_box_atmospheric_morado, conditions not met
[18:59:38] [INFO] Skipping recipe bibliowoods:color/lime/wood/extradelight_fruit/fancy_seat_back, conditions not met
[18:59:38] [INFO] Skipping recipe mysticalagradditions:tconstruct/casting/prudentium/ingot_sand_cast, conditions not met
[18:59:38] [INFO] Skipping recipe bibliowoods:color/pink/wood/deep_aether_sunroot/fancy_seat_back, conditions not met
[18:59:38] [INFO] Skipping recipe occultism:crushing/mithril_dust_from_raw, conditions not met
[18:59:38] [INFO] Skipping recipe farmingforblockheads:market/croptopia/pepper_seed, conditions not met
[18:59:38] [INFO] Skipping recipe supplementaries:way_sign_oak/productivetrees/cacao, conditions not met
[18:59:38] [INFO] Skipping recipe allthemodium:melting/salvage/allthemodium/allthemodium_from_axe, conditions not met
[18:59:38] [INFO] Skipping recipe productivemetalworks:casting/storage_blocks/ftbmaterials/refined_glowstone, conditions not met
[18:59:38] [INFO] Skipping recipe bibliowoods:color/black/wood/gtceu_treated_wood/display_case, conditions not met
[18:59:38] [INFO] Skipping recipe ae2:matter_cannon/nuggets/cerium, conditions not met
[18:59:38] [INFO] Skipping recipe bibliowoods:color/pink/wood/deep_aether_cruderoot/fancy_seat_back, conditions not met
[18:59:38] [INFO] Skipping recipe bibliowoods:color/light_blue/wood/expandeddelight_cinnamon/small_seat_back, conditions not met
[18:59:38] [INFO] Skipping recipe bibliowoods:color/purple/wood/werewolves_jacaranda/tall_seat_back, conditions not met
[18:59:38] [INFO] Skipping recipe bibliowoods:color/orange/wood/deep_aether_yagroot/tall_seat_back, conditions not met
[18:59:38] [INFO] Skipping recipe bibliowoods:wood/cobblemon_apricorn/fancy_sign, conditions not met
[18:59:38] [INFO] Skipping recipe mysticalagriculture:essence/tconstruct/slimesteel_ingot, conditions not met
[18:59:38] [INFO] Skipping recipe bibliowoods:color/magenta/wood/werewolves_jacaranda/fancy_seat_back, conditions not met
[18:59:38] [INFO] Skipping recipe bibliobiomes:color/green/wood/biomesoplenty_willow/fancy_seat_back, conditions not met
[18:59:38] [INFO] Skipping recipe productivebees:centrifuge/mmorpg/honeycomb_rare_salvage, conditions not met
[18:59:38] [INFO] Skipping recipe productivebees:bee_conversion/elementalcraft/earth_crystal_bee, conditions not met
[18:59:38] [INFO] Skipping recipe farmingforblockheads:market/byg/winter_cyclamen, conditions not met
[18:59:38] [INFO] Skipping recipe bibliobiomes:color/yellow/wood/biomesoplenty_umbran/small_seat_back, conditions not met
[18:59:38] [INFO] Skipping recipe bibliobiomes:color/orange/wood/biomesoplenty_dead/display_case, conditions not met
[18:59:38] [INFO] Skipping recipe productivebees:bee_produce/gtceu/naquadah_bee, conditions not met
[18:59:38] [INFO] Skipping recipe supplementaries:way_sign_oak/productivetrees/white_willow, conditions not met
[18:59:38] [INFO] Skipping recipe bibliowoods:color/white/wood/deep_aether_conberry/raised_seat_back, conditions not met
[18:59:38] [INFO] Skipping recipe cataclysm:blasting/black_steel_nugget_from_blasting, no type defined
[18:59:38] [INFO] Skipping recipe bibliobiomes:color/gray/wood/biomesoplenty_hellbark/fancy_seat_back, conditions not met
[18:59:38] [INFO] Skipping recipe bibliowoods:color/green/wood/deep_aether_yagroot/display_case, conditions not met
[18:59:38] [INFO] Skipping recipe mysticalagradditions:tconstruct/tools/casting/inferium, conditions not met
[18:59:38] [INFO] Skipping recipe bibliowoods:color/gray/wood/deep_aether_conberry/raised_seat_back, conditions not met
[18:59:38] [INFO] Skipping recipe bibliowoods:color/black/wood/vampirism_cursed_spruce/seat, conditions not met
[18:59:38] [INFO] Skipping recipe bibliowoods:color/lime/wood/gtceu_treated_wood/seat, conditions not met
[18:59:38] [INFO] Skipping recipe productivebees:bee_breeding/chemlib/europium_bee, conditions not met
[18:59:38] [INFO] Skipping recipe bibliobiomes:color/red/wood/biomesoplenty_maple/tall_seat_back, conditions not met
[18:59:38] [INFO] Skipping recipe dyenamics:thermal/rockwool/conifer_rockwool, conditions not met
[18:59:38] [INFO] Skipping recipe bibliowoods:color/white/wood/werewolves_jacaranda/seat, conditions not met
[18:59:38] [INFO] Skipping recipe bibliobiomes:color/green/wood/biomesoplenty_mahogany/tall_seat_back, conditions not met
[18:59:38] [INFO] Skipping recipe bibliowoods:color/orange/wood/cobblemon_apricorn/tall_seat_back, conditions not met
[18:59:38] [INFO] Skipping recipe productivelib:upgrades/time_2, conditions not met
[18:59:38] [INFO] Skipping recipe bibliobiomes:color/red/wood/biomesoplenty_pine/display_case, conditions not met
[18:59:38] [INFO] Skipping recipe mekanism:compat/biomesoplenty/sawing/fence_gate/umbran, conditions not met
[18:59:38] [INFO] Skipping recipe farmingforblockheads:market/simplefarming/honeydew_seeds, conditions not met
[18:59:38] [INFO] Skipping recipe bibliobiomes:color/cyan/wood/biomesoplenty_hellbark/small_seat_back, conditions not met
[18:59:38] [INFO] Skipping recipe productivebees:thermal/machine/smelter/blaze_bee_to_basaltz_bee, conditions not met
[18:59:38] [INFO] Skipping recipe oritech:compat/energizedpower/assemblingmachine/superconductor, conditions not met
[18:59:38] [INFO] Skipping recipe productivebees:bee_produce/chemlib/radon_bee, conditions not met
[18:59:38] [INFO] Skipping recipe bibliobiomes:color/pink/wood/biomesoplenty_jacaranda/seat, conditions not met
[18:59:38] [INFO] Skipping recipe create:splashing/thermal/crushed_raw_nickel, conditions not met
[18:59:38] [INFO] Skipping recipe bibliowoods:wood/butchercraft_barn_wood/shelf, conditions not met
[18:59:38] [INFO] Skipping recipe supplementaries:way_sign_oak/productivetrees/firecracker, conditions not met
[18:59:38] [INFO] Skipping recipe productivemetalworks:casting/plates/ftbmaterials/uranium, conditions not met
[18:59:38] [INFO] Skipping recipe mysticalagriculture:seed/crafting/hepatizon, conditions not met
[18:59:38] [INFO] Skipping recipe productivebees:bee_breeding/raw_materials/bismuth_bee, conditions not met
[18:59:38] [INFO] Skipping recipe theurgy:incubation/crops_hops_from_alchemical_sulfur_hops, conditions not met
[18:59:38] [INFO] Skipping recipe bibliowoods:color/green/wood/werewolves_magic/display_case, conditions not met
[18:59:38] [INFO] Skipping recipe bibliobiomes:color/green/wood/biomesoplenty_umbran/seat, conditions not met
[18:59:38] [INFO] Skipping recipe mysticalagriculture:mystical_flower_agglomeratio, conditions not met
[18:59:38] [INFO] Skipping recipe bibliobiomes:wood/biomesoplenty_mahogany/grandfather_clock, conditions not met
[18:59:38] [INFO] Skipping recipe bibliowoods:color/light_gray/wood/cobblemon_apricorn/display_case, conditions not met
[18:59:38] [INFO] Skipping recipe mekanism:compat/biomesoplenty/sawing/trapdoor/willow, conditions not met
[18:59:38] [INFO] Skipping recipe bibliowoods:color/pink/wood/deep_aether_yagroot/display_case, conditions not met
[18:59:38] [INFO] Skipping recipe productivebees:centrifuge/thermal/honeycomb_blitz, conditions not met
[18:59:38] [INFO] Skipping recipe bibliowoods:wood/vampirism_cursed_spruce/fancy_crafter, conditions not met
[18:59:38] [INFO] Skipping recipe mekmm:compat/evolvedmekanism/factory/creative/planting, conditions not met
[18:59:38] [INFO] Skipping recipe farmingforblockheads:market/byg/osiria_rose, conditions not met
[18:59:38] [INFO] Skipping recipe bibliowoods:color/orange/wood/extradelight_cinnamon/small_seat_back, conditions not met
[18:59:38] [INFO] Skipping recipe mysticalagriculture:seed/crafting/platinum, conditions not met
[18:59:38] [INFO] Skipping recipe megacells:cells/standard/mana_storage_cell_1m_with_housing, conditions not met
[18:59:38] [INFO] Skipping recipe bibliowoods:color/lime/wood/expandeddelight_cinnamon/flat_seat_back, conditions not met
[18:59:38] [INFO] Skipping recipe bibliowoods:color/orange/wood/deep_aether_roseroot/seat, conditions not met
[18:59:38] [INFO] Skipping recipe bibliobiomes:color/brown/wood/biomesoplenty_mahogany/fancy_seat_back, conditions not met
[18:59:38] [INFO] Skipping recipe bibliobiomes:color/yellow/wood/biomesoplenty_maple/display_case, conditions not met
[18:59:38] [INFO] Skipping recipe mekmm:compat/evolvedmekanism/factory/dense/liquifying, conditions not met
[18:59:38] [INFO] Skipping recipe bibliowoods:color/brown/wood/butchercraft_barn_wood/raised_seat_back, conditions not met
[18:59:38] [INFO] Skipping recipe bibliobiomes:color/gray/wood/biomesoplenty_hellbark/tall_seat_back, conditions not met
[18:59:38] [INFO] Skipping recipe bibliowoods:color/purple/wood/werewolves_magic/display_case, conditions not met
[18:59:38] [INFO] Skipping recipe bibliobiomes:color/black/wood/biomesoplenty_magic/flat_seat_back, conditions not met
[18:59:38] [INFO] Skipping recipe bibliobiomes:color/white/wood/biomesoplenty_maple/raised_seat_back, conditions not met
[18:59:38] [INFO] Skipping recipe productivemetalworks:casting/plates/ftbmaterials/obsidian, conditions not met
[18:59:38] [INFO] Skipping recipe bibliobiomes:color/pink/wood/biomesoplenty_hellbark/fancy_seat_back, conditions not met
[18:59:38] [INFO] Skipping recipe bibliowoods:color/orange/wood/deep_aether_sunroot/raised_seat_back, conditions not met
[18:59:38] [INFO] Skipping recipe bibliobiomes:color/gray/wood/biomesoplenty_palm/tall_seat_back, conditions not met
[18:59:38] [INFO] Skipping recipe bibliowoods:color/light_blue/wood/vampirism_cursed_spruce/flat_seat_back, conditions not met
[18:59:38] [INFO] Skipping recipe bibliowoods:color/gray/wood/extradelight_fruit/seat, conditions not met
[18:59:38] [INFO] Skipping recipe mekanism:compat/biomeswevegone/dye/large_blue, conditions not met
[18:59:38] [INFO] Skipping recipe bibliowoods:color/blue/wood/extradelight_fruit/small_seat_back, conditions not met
[18:59:38] [INFO] Skipping recipe farmingforblockheads:market/quark/lavender_blossom_sapling, conditions not met
[18:59:38] [INFO] Skipping recipe bibliowoods:color/red/wood/gtceu_rubber/small_seat_back, conditions not met
[18:59:38] [INFO] Skipping recipe bibliobiomes:color/lime/wood/biomesoplenty_palm/raised_seat_back, conditions not met
[18:59:38] [INFO] Skipping recipe bibliowoods:color/black/wood/werewolves_jacaranda/small_seat_back, conditions not met
[18:59:38] [INFO] Skipping recipe bibliobiomes:color/light_gray/wood/biomesoplenty_mahogany/display_case, conditions not met
[18:59:38] [INFO] Skipping recipe bigreactors:reactor/reinforced/redstoneport_alt, conditions not met
[18:59:38] [INFO] Skipping recipe theurgy:liquefaction/alchemical_sulfur_vanilla_from_crops_vanilla, conditions not met
[18:59:38] [INFO] Skipping recipe bibliowoods:color/gray/wood/extradelight_cinnamon/tall_seat_back, conditions not met
[18:59:38] [INFO] Skipping recipe mysticalagriculture:seed/reprocessor/slimesteel, conditions not met
[18:59:38] [INFO] Skipping recipe actuallyadditions:mininglens/elementsofpower/onyx_ore, conditions not met
[18:59:38] [INFO] Skipping recipe bibliobiomes:color/pink/wood/biomesoplenty_maple/seat, conditions not met
[18:59:38] [INFO] Skipping recipe reliquary:rib_bone, conditions not met
[18:59:38] [INFO] Skipping recipe bibliobiomes:color/pink/wood/biomesoplenty_maple/raised_seat_back, conditions not met
[18:59:38] [INFO] Skipping recipe bibliobiomes:color/gray/wood/biomesoplenty_willow/flat_seat_back, conditions not met
[18:59:38] [INFO] Skipping recipe supplementaries:way_sign_oak/productivetrees/blackthorn, conditions not met
[18:59:38] [INFO] Skipping recipe bibliobiomes:color/brown/wood/biomesoplenty_maple/fancy_seat_back, conditions not met
[18:59:38] [INFO] Skipping recipe bibliowoods:wood/deep_aether_sunroot/tool_rack, conditions not met
[18:59:38] [INFO] Skipping recipe farmingforblockheads:market/buzzier_bees/white_clover, conditions not met
[18:59:38] [INFO] Skipping recipe oritech:compat/energizedpower/filtrationplant/platinum, conditions not met
[18:59:38] [INFO] Skipping recipe bibliobiomes:color/light_gray/wood/biomesoplenty_umbran/tall_seat_back, conditions not met
[18:59:38] [INFO] Skipping recipe productivemetalworks:melting/ores/refined_glowstone, conditions not met
[18:59:38] [INFO] Skipping recipe theurgy:reformation/alchemical_sulfur_comet_from_alchemical_sulfurs_logs_abundant, conditions not met
[18:59:38] [INFO] Skipping recipe theurgy:reformation/alchemical_sulfur_greenonion_from_alchemical_niter_crops_abundant, conditions not met
[18:59:38] [INFO] Skipping recipe bibliobiomes:color/light_gray/wood/biomesoplenty_pine/display_case, conditions not met
[18:59:38] [INFO] Skipping recipe bibliowoods:color/light_gray/wood/gtceu_rubber/tall_seat_back, conditions not met
[18:59:38] [INFO] Skipping recipe create:crushing/compat/galosphere/amethyst, conditions not met
[18:59:38] [INFO] Skipping recipe productivemetalworks:casting/gears/ftbmaterials/obsidian, conditions not met
[18:59:38] [INFO] Skipping recipe productivebees:centrifuge/thermal/honeycomb_blizz, conditions not met
[18:59:38] [INFO] Skipping recipe bibliobiomes:color/purple/wood/biomesoplenty_magic/tall_seat_back, conditions not met
[18:59:38] [INFO] Skipping recipe farmingforblockheads:market/betterendforge/chorus_mushroom_seed, conditions not met
[18:59:38] [INFO] Skipping recipe theurgy:fermentation/alchemical_niter_mobs_precious_using_saplings, conditions not met
[18:59:38] [INFO] Skipping recipe twilightforest:jeed/hunger, conditions not met
[18:59:38] [INFO] Skipping recipe theurgy:reformation/alchemical_sulfur_tea_leaves_from_alchemical_sulfurs_crops_abundant, conditions not met
[18:59:38] [INFO] Skipping recipe bibliowoods:color/gray/wood/expandeddelight_cinnamon/fancy_seat_back, conditions not met
[18:59:38] [INFO] Skipping recipe productivebees:bee_produce/chemlib/scandium_bee, conditions not met
[18:59:38] [INFO] Skipping recipe farmingforblockheads:market/croptopia/cantaloupe_seed, conditions not met
[18:59:38] [INFO] Skipping recipe productivemetalworks:melting/rods/refined_glowstone, conditions not met
[18:59:38] [INFO] Skipping recipe bibliowoods:color/red/wood/cobblemon_apricorn/display_case, conditions not met
[18:59:38] [INFO] Skipping recipe bibliobiomes:color/lime/wood/biomesoplenty_pine/seat, conditions not met
[18:59:38] [INFO] Skipping recipe bibliowoods:color/blue/wood/mynethersdelight_powdery/flat_seat_back, conditions not met
[18:59:38] [INFO] Skipping recipe bibliowoods:color/green/wood/mynethersdelight_powdery/small_seat_back, conditions not met
[18:59:38] [INFO] Skipping recipe bibliowoods:wood/gtceu_treated_wood/potion_shelf, conditions not met
[18:59:38] [INFO] Skipping recipe bibliowoods:color/light_blue/wood/extradelight_fruit/raised_seat_back, conditions not met
[18:59:38] [INFO] Skipping recipe bibliowoods:color/white/wood/expandeddelight_cinnamon/seat, conditions not met
[18:59:38] [INFO] Skipping recipe productivebees:bee_nbt_changer/fill_greater_mana_ring, conditions not met
[18:59:38] [INFO] Skipping recipe supplementaries:way_sign_oak/productivetrees/plum, conditions not met
[18:59:38] [INFO] Skipping recipe productivebees:block_conversion/botania/netherrack_to_cobblestone, conditions not met
[18:59:38] [INFO] Skipping recipe bibliobiomes:wood/biomesoplenty_dead/shelf, conditions not met
[18:59:38] [INFO] Skipping recipe bibliobiomes:color/lime/wood/biomesoplenty_maple/seat, conditions not met
[18:59:38] [INFO] Skipping recipe productivebees:bee_produce/gtceu/stibnite_bee, conditions not met
[18:59:38] [INFO] Skipping recipe bibliobiomes:color/magenta/wood/biomesoplenty_hellbark/seat, conditions not met
[18:59:38] [INFO] Skipping recipe supplementaries:rope_2, conditions not met
[18:59:38] [INFO] Skipping recipe productivebees:alchemistry/combiner/bohrium_bee, conditions not met
[18:59:38] [INFO] Skipping recipe theurgy:reformation/alchemical_sulfur_grongle_from_alchemical_sulfurs_logs_abundant, conditions not met
[18:59:38] [INFO] Skipping recipe productivebees:hives/advanced_biomesoplenty_hellbark_beehive, conditions not met
[18:59:38] [INFO] Skipping recipe bibliobiomes:color/magenta/wood/biomesoplenty_fir/small_seat_back, conditions not met
[18:59:38] [INFO] Skipping recipe bibliowoods:color/green/wood/deep_aether_roseroot/tall_seat_back, conditions not met
[18:59:38] [INFO] Skipping recipe bibliowoods:color/cyan/wood/cobblemon_apricorn/flat_seat_back, conditions not met
[18:59:38] [INFO] Skipping recipe bibliobiomes:color/yellow/wood/biomesoplenty_fir/tall_seat_back, conditions not met
[18:59:38] [INFO] Skipping recipe bibliowoods:color/blue/wood/extradelight_cinnamon/small_seat_back, conditions not met
[18:59:38] [INFO] Skipping recipe bibliowoods:color/magenta/wood/deep_aether_roseroot/small_seat_back, conditions not met
[18:59:38] [INFO] Skipping recipe mekanism:compat/biomesoplenty/sawing/log/dead, conditions not met
[18:59:38] [INFO] Skipping recipe mysticalagradditions:tconstruct/tools/casting/supremium, conditions not met
[18:59:38] [INFO] Skipping recipe supplementaries:way_sign_oak/productivetrees/wild_cherry, conditions not met
[18:59:38] [INFO] Skipping recipe bibliowoods:color/brown/wood/deep_aether_roseroot/tall_seat_back, conditions not met
[18:59:38] [INFO] Skipping recipe bibliowoods:color/lime/wood/cobblemon_apricorn/flat_seat_back, conditions not met
[18:59:38] [INFO] Recipe silentgear:grip_template[minecraft:crafting_shapeless] failed to parse due to an error on component: Invalid component ingredients: ingredient[] - Component 'ingredient' is not allowed to be empty!
[18:59:38] [INFO] Skipping recipe bibliobiomes:color/gray/wood/biomesoplenty_magic/display_case, conditions not met
[18:59:38] [INFO] Skipping recipe bibliobiomes:color/magenta/wood/biomesoplenty_palm/raised_seat_back, conditions not met
[18:59:38] [INFO] Skipping recipe productivebees:tconstruct/honeycomb/ender_slimy, conditions not met
[18:59:38] [INFO] Skipping recipe ae2:matter_cannon/nuggets/sodium, conditions not met
[18:59:38] [INFO] Skipping recipe farmingforblockheads:market/biomeswevegone/withering_oak_sapling, conditions not met
[18:59:38] [INFO] Skipping recipe mekanism:compat/biomeswevegone/dye/large_black, conditions not met
[18:59:38] [INFO] Skipping recipe theurgy:liquefaction/alchemical_sulfur_redwood_from_logs_redwood, conditions not met
[18:59:38] [INFO] Skipping recipe bibliowoods:color/brown/wood/extradelight_cinnamon/small_seat_back, conditions not met
[18:59:38] [INFO] Skipping recipe immersiveengineering:arc_recycling_list, no type defined
[18:59:38] [INFO] Skipping recipe productivebees:centrifuge/astralsorcery/honeycomb_starmetal, conditions not met
[18:59:38] [INFO] Skipping recipe bibliowoods:color/orange/wood/expandeddelight_cinnamon/tall_seat_back, conditions not met
[18:59:38] [INFO] Skipping recipe farmingforblockheads:market/croptopia/greenonion_seed, conditions not met
[18:59:38] [INFO] Skipping recipe bibliowoods:color/brown/wood/extradelight_fruit/raised_seat_back, conditions not met
[18:59:38] [INFO] Skipping recipe bibliowoods:color/magenta/wood/butchercraft_barn_wood/tall_seat_back, conditions not met
[18:59:38] [INFO] Skipping recipe bibliowoods:color/green/wood/expandeddelight_cinnamon/seat, conditions not met
[18:59:38] [INFO] Skipping recipe bibliowoods:wood/vampirism_cursed_spruce/shelf, conditions not met
[18:59:38] [INFO] Skipping recipe bibliowoods:color/green/wood/werewolves_jacaranda/small_seat_back, conditions not met
[18:59:38] [INFO] Skipping recipe supplementaries:way_sign_oak/productivetrees/balsa, conditions not met
[18:59:38] [INFO] Skipping recipe megacells:cells/portable/portable_experience_cell_4m, conditions not met
[18:59:38] [INFO] Skipping recipe productivemetalworks:casting/nuggets/ftbmaterials/tin, conditions not met
[18:59:38] [INFO] Skipping recipe bibliowoods:color/lime/wood/vampirism_cursed_spruce/raised_seat_back, conditions not met
[18:59:38] [INFO] Skipping recipe bibliowoods:color/light_blue/wood/gtceu_rubber/display_case, conditions not met
[18:59:38] [INFO] Skipping recipe supplementaries:way_sign_oak/productivetrees/black_locust, conditions not met
[18:59:38] [INFO] Skipping recipe mekanism:compat/biomesoplenty/pigment_extracting/large_light_blue, conditions not met
[18:59:38] [INFO] Skipping recipe bibliobiomes:color/purple/wood/biomesoplenty_hellbark/fancy_seat_back, conditions not met
[18:59:38] [INFO] Skipping recipe bibliowoods:color/gray/wood/deep_aether_cruderoot/raised_seat_back, conditions not met
[18:59:38] [INFO] Skipping recipe bibliobiomes:color/brown/wood/biomesoplenty_mahogany/tall_seat_back, conditions not met
[18:59:38] [INFO] Skipping recipe allthemodium:melting/allthemodium_from_dust, conditions not met
[18:59:38] [INFO] Skipping recipe theurgy:liquefaction/alchemical_sulfur_mustard_from_crops_mustard, conditions not met
[18:59:38] [INFO] Skipping recipe bibliowoods:color/white/wood/vampirism_dark_spruce/seat, conditions not met
[18:59:38] [INFO] Skipping recipe allthemodium:melting/salvage/unobtainium/unobtainium_from_pick, conditions not met
[18:59:38] [INFO] Skipping recipe bibliobiomes:color/pink/wood/biomesoplenty_mahogany/raised_seat_back, conditions not met
[18:59:38] [INFO] Skipping recipe mysticalagradditions:tconstruct/tools/materials/prudentium/block, conditions not met
[18:59:38] [INFO] Skipping recipe farmingforblockheads:market/biomesoplenty/palm_sapling, conditions not met
[18:59:38] [INFO] Skipping recipe ars_elemental:jeed/life_link, conditions not met
[18:59:38] [INFO] Skipping recipe megacells:cells/portable/portable_experience_cell_1m, conditions not met
[18:59:38] [INFO] Skipping recipe productivemetalworks:melting/ores/refined_obsidian, conditions not met
[18:59:38] [INFO] Skipping recipe bibliowoods:wood/extradelight_fruit/shelf, conditions not met
[18:59:38] [INFO] Skipping recipe cataclysm:stonecutting/frosted_stone_brick_stairs_from_stonecutting, no type defined
[18:59:38] [INFO] Skipping recipe bibliowoods:color/light_gray/wood/vampirism_dark_spruce/flat_seat_back, conditions not met
[18:59:38] [INFO] Skipping recipe bibliowoods:color/light_gray/wood/expandeddelight_cinnamon/flat_seat_back, conditions not met
[18:59:38] [INFO] Skipping recipe bibliobiomes:color/cyan/wood/biomesoplenty_fir/flat_seat_back, conditions not met
[18:59:38] [INFO] Skipping recipe bibliowoods:color/yellow/wood/deep_aether_sunroot/fancy_seat_back, conditions not met
[18:59:38] [INFO] Skipping recipe bibliowoods:color/cyan/wood/deep_aether_roseroot/fancy_seat_back, conditions not met
[18:59:38] [INFO] Skipping recipe bibliowoods:color/cyan/wood/expandeddelight_cinnamon/display_case, conditions not met
[18:59:38] [INFO] Skipping recipe farmingforblockheads:market/youkaishomecoming/tea_seeds, conditions not met
[18:59:38] [INFO] Skipping recipe productivebees:bee_produce/chemlib/curium_bee, conditions not met
[18:59:38] [INFO] Skipping recipe oritech:compat/energizedpower/filtrationplant/nickel, conditions not met
[18:59:38] [INFO] Skipping recipe create:splashing/oreganized/crushed_raw_silver, conditions not met
[18:59:38] [INFO] Skipping recipe reliquary:alkahestry/crafting/dirt, conditions not met
[18:59:38] [INFO] Skipping recipe productivemetalworks:melting/geore/tin_block, conditions not met
[18:59:38] [INFO] Skipping recipe bibliobiomes:color/cyan/wood/biomesoplenty_dead/display_case, conditions not met
[18:59:38] [INFO] Skipping recipe bibliowoods:color/magenta/wood/deep_aether_cruderoot/fancy_seat_back, conditions not met
[18:59:38] [INFO] Skipping recipe industrialforegoing:laser_drill_ore/raw_materials/tetrahedrite, conditions not met
[18:59:38] [INFO] Skipping recipe mysticalagriculture:seed/crafting/silver, conditions not met
[18:59:38] [INFO] Skipping recipe bibliobiomes:color/magenta/wood/biomesoplenty_pine/display_case, conditions not met
[18:59:38] [INFO] Skipping recipe bibliowoods:color/purple/wood/deep_aether_cruderoot/fancy_seat_back, conditions not met
[18:59:38] [INFO] Skipping recipe enderdrives:ender_disk_1k_extended, conditions not met
[18:59:38] [INFO] Skipping recipe bibliobiomes:color/purple/wood/biomesoplenty_maple/fancy_seat_back, conditions not met
[18:59:38] [INFO] Skipping recipe productivebees:bee_produce/chemlib/plutonium_bee, conditions not met
[18:59:38] [INFO] Skipping recipe allthecompressed:decompress/crushed_end_stone_4x, conditions not met
[18:59:38] [INFO] Skipping recipe bibliobiomes:wood/biomesoplenty_empyreal/fancy_sign, conditions not met
[18:59:38] [INFO] Skipping recipe mysticalagradditions:tconstruct/casting/inferium/ingot_gold_cast, conditions not met
[18:59:38] [INFO] Skipping recipe allthecompressed:decompress/crushed_end_stone_3x, conditions not met
[18:59:38] [INFO] Skipping recipe theurgy:reformation/alchemical_sulfur_walnut_from_alchemical_sulfurs_logs_abundant, conditions not met
[18:59:38] [INFO] Skipping recipe bibliobiomes:color/red/wood/biomesoplenty_magic/display_case, conditions not met
[18:59:38] [INFO] Skipping recipe bibliobiomes:color/light_blue/wood/biomesoplenty_dead/small_seat_back, conditions not met
[18:59:38] [INFO] Skipping recipe allthecompressed:decompress/crushed_end_stone_2x, conditions not met
[18:59:38] [INFO] Skipping recipe bibliowoods:color/red/wood/deep_aether_conberry/raised_seat_back, conditions not met
[18:59:38] [INFO] Skipping recipe allthecompressed:decompress/crushed_end_stone_1x, conditions not met
[18:59:38] [INFO] Skipping recipe theurgy:reformation/alchemical_sulfur_basil_from_alchemical_niter_crops_abundant, conditions not met
[18:59:38] [INFO] Skipping recipe theurgy:reformation/alchemical_sulfur_golden_oak_from_alchemical_niter_logs_abundant, conditions not met
[18:59:38] [INFO] Skipping recipe bibliobiomes:color/magenta/wood/biomesoplenty_willow/small_seat_back, conditions not met
[18:59:38] [INFO] Skipping recipe allthecompressed:decompress/crushed_end_stone_9x, conditions not met
[18:59:38] [INFO] Skipping recipe productivebees:tconstruct/block_to_honey, conditions not met
[18:59:38] [INFO] Skipping recipe enderdrives:ender_disk_16k_mega, conditions not met
[18:59:38] [INFO] Skipping recipe allthecompressed:decompress/crushed_end_stone_8x, conditions not met
[18:59:38] [INFO] Skipping recipe ars_additions:ritual/ritual_chunk_loading, conditions not met
[18:59:38] [INFO] Skipping recipe bibliowoods:color/black/wood/vampirism_dark_spruce/flat_seat_back, conditions not met
[18:59:38] [INFO] Skipping recipe allthecompressed:decompress/crushed_end_stone_7x, conditions not met
[18:59:38] [INFO] Skipping recipe bibliobiomes:wood/biomesoplenty_empyreal/fancy_armor_stand, conditions not met
[18:59:38] [INFO] Skipping recipe allthecompressed:decompress/crushed_end_stone_6x, conditions not met
[18:59:38] [INFO] Skipping recipe create:emptying/compat/neapolitan/milk_bottle, conditions not met
[18:59:38] [INFO] Skipping recipe bibliowoods:color/orange/wood/extradelight_fruit/small_seat_back, conditions not met
[18:59:38] [INFO] Skipping recipe allthecompressed:decompress/crushed_end_stone_5x, conditions not met
[18:59:38] [INFO] Skipping recipe create:cutting/compat/endergetic/glowing_poise_stem, conditions not met
[18:59:38] [INFO] Skipping recipe bibliowoods:color/white/wood/deep_aether_sunroot/small_seat_back, conditions not met
[18:59:38] [INFO] Skipping recipe bibliowoods:color/white/wood/butchercraft_barn_wood/display_case, conditions not met
[18:59:38] [INFO] Skipping recipe bibliobiomes:color/light_gray/wood/biomesoplenty_empyreal/tall_seat_back, conditions not met
[18:59:38] [INFO] Skipping recipe bibliowoods:color/magenta/wood/expandeddelight_cinnamon/tall_seat_back, conditions not met
[18:59:38] [INFO] Skipping recipe theurgy:reformation/alchemical_sulfur_willow_from_alchemical_sulfurs_logs_abundant, conditions not met
[18:59:38] [INFO] Skipping recipe mysticalagriculture:seed/reprocessor/manasteel, conditions not met
[18:59:38] [INFO] Skipping recipe bibliowoods:color/cyan/wood/deep_aether_sunroot/display_case, conditions not met
[18:59:38] [INFO] Skipping recipe bibliobiomes:color/white/wood/biomesoplenty_dead/small_seat_back, conditions not met
[18:59:38] [INFO] Skipping recipe create:milling/compat/biomesoplenty/white_sandstone, conditions not met
[18:59:38] [INFO] Skipping recipe bibliobiomes:color/white/wood/biomesoplenty_mahogany/flat_seat_back, conditions not met
[18:59:38] [INFO] Skipping recipe supplementaries:way_sign_oak/regions_unexplored/magnolia, conditions not met
[18:59:38] [INFO] Skipping recipe bibliobiomes:color/magenta/wood/biomesoplenty_palm/seat, conditions not met
[18:59:38] [INFO] Skipping recipe ars_elemental:jeed/entrhalled, conditions not met
[18:59:38] [INFO] Skipping recipe productivebees:bloodmagic/soulforge/hellfire_bee, conditions not met
[18:59:38] [INFO] Skipping recipe productivebees:centrifuge/eidolon/honeycomb_pewter, conditions not met
[18:59:38] [INFO] Skipping recipe bibliowoods:color/yellow/wood/extradelight_cinnamon/display_case, conditions not met
[18:59:38] [INFO] Skipping recipe farmingforblockheads:market/biomesoplenty/red_maple_sapling, conditions not met
[18:59:38] [INFO] Skipping recipe bibliowoods:color/orange/wood/butchercraft_barn_wood/tall_seat_back, conditions not met
[18:59:38] [INFO] Skipping recipe theurgy:incubation/logs_minewood_from_alchemical_sulfur_minewood, conditions not met
[18:59:38] [INFO] Skipping recipe bibliowoods:color/black/wood/werewolves_magic/small_seat_back, conditions not met
[18:59:38] [INFO] Skipping recipe productivebees:bee_conversion/gems/zircon_bee, conditions not met
[18:59:38] [INFO] Skipping recipe bibliowoods:color/light_gray/wood/mynethersdelight_powdery/raised_seat_back, conditions not met
[18:59:38] [INFO] Skipping recipe farmingforblockheads:market/croptopia/elderberry_seed, conditions not met
[18:59:38] [INFO] Skipping recipe productivebees:block_conversion/botania/end_stone_to_cobbled_deepslate, conditions not met
[18:59:38] [INFO] Skipping recipe bibliowoods:wood/vampirism_dark_spruce/grandfather_clock, conditions not met
[18:59:38] [INFO] Skipping recipe bibliobiomes:color/magenta/wood/biomesoplenty_fir/tall_seat_back, conditions not met
[18:59:38] [INFO] Skipping recipe productivemetalworks:casting/ingots/ftbmaterials/platinum, conditions not met
[18:59:38] [INFO] Skipping recipe farmingforblockheads:market/byg/flowering_jacaranda_bush, conditions not met
[18:59:38] [INFO] Skipping recipe mysticalagriculture:essence/astralsorcery/aquamarine, conditions not met
[18:59:38] [INFO] Skipping recipe bibliobiomes:color/light_gray/wood/biomesoplenty_palm/fancy_seat_back, conditions not met
[18:59:38] [INFO] Skipping recipe bibliobiomes:color/light_blue/wood/biomesoplenty_umbran/flat_seat_back, conditions not met
[18:59:38] [INFO] Skipping recipe immersiveengineering:metalpress/wire_nickel, conditions not met
[18:59:38] [INFO] Skipping recipe bibliobiomes:color/pink/wood/biomesoplenty_dead/flat_seat_back, conditions not met
[18:59:38] [INFO] Skipping recipe bibliobiomes:color/orange/wood/biomesoplenty_jacaranda/flat_seat_back, conditions not met
[18:59:38] [INFO] Skipping recipe allthemodium:melting/salvage/vibranium/vibranium_from_leggings, conditions not met
[18:59:38] [INFO] Skipping recipe allthecompressed:compress/dust_2x, conditions not met
[18:59:38] [INFO] Skipping recipe bibliobiomes:color/gray/wood/biomesoplenty_magic/tall_seat_back, conditions not met
[18:59:38] [INFO] Skipping recipe bibliowoods:color/green/wood/gtceu_rubber/tall_seat_back, conditions not met
[18:59:38] [INFO] Skipping recipe gtceu:centrifuge/tricalcium_phosphate_bee, conditions not met
[18:59:38] [INFO] Skipping recipe allthecompressed:compress/dust_1x, conditions not met
[18:59:38] [INFO] Recipe deeperdarker:resonarium_sword_smithing[minecraft:smithing_transform] failed to parse due to an error on component: Failed to read required component 'template: ingredient' - java.lang.IllegalStateException: Failed to parse either. First: Item array cannot be empty, at least one item must be defined; Second: Not a JSON object: []
[18:59:38] [INFO] Skipping recipe bibliobiomes:color/lime/wood/biomesoplenty_jacaranda/tall_seat_back, conditions not met
[18:59:38] [INFO] Skipping recipe bibliobiomes:wood/biomesoplenty_maple/label, conditions not met
[18:59:38] [INFO] Skipping recipe allthecompressed:compress/dust_6x, conditions not met
[18:59:38] [INFO] Skipping recipe theurgy:incubation/logs_trumpet_from_alchemical_sulfur_trumpet, conditions not met
[18:59:38] [INFO] Skipping recipe mysticalagriculture:seed/crafting/pig_iron, conditions not met
[18:59:38] [INFO] Skipping recipe supplementaries:way_sign_oak/productivetrees/rubber_tree, conditions not met
[18:59:38] [INFO] Skipping recipe allthecompressed:compress/dust_5x, conditions not met
[18:59:38] [INFO] Skipping recipe bibliobiomes:color/purple/wood/biomesoplenty_empyreal/flat_seat_back, conditions not met
[18:59:38] [INFO] Skipping recipe allthecompressed:compress/dust_4x, conditions not met
[18:59:38] [INFO] Skipping recipe bibliobiomes:color/brown/wood/biomesoplenty_hellbark/small_seat_back, conditions not met
[18:59:38] [INFO] Skipping recipe bibliowoods:color/green/wood/werewolves_magic/small_seat_back, conditions not met
[18:59:38] [INFO] Skipping recipe allthecompressed:compress/dust_3x, conditions not met
[18:59:38] [INFO] Skipping recipe bibliobiomes:color/green/wood/biomesoplenty_empyreal/fancy_seat_back, conditions not met
[18:59:38] [INFO] Skipping recipe mekanism:compat/biomesoplenty/sawing/fence_gate/empyreal, conditions not met
[18:59:38] [INFO] Skipping recipe bibliobiomes:color/yellow/wood/biomesoplenty_magic/raised_seat_back, conditions not met
[18:59:38] [INFO] Skipping recipe allthecompressed:compress/dust_9x, conditions not met
[18:59:38] [INFO] Skipping recipe sophisticatedbackpacks:stack_upgrade_omega_tier, conditions not met
[18:59:38] [INFO] Skipping recipe allthecompressed:compress/dust_8x, conditions not met
[18:59:38] [INFO] Skipping recipe bibliowoods:color/red/wood/cobblemon_apricorn/raised_seat_back, conditions not met
[18:59:38] [INFO] Skipping recipe bibliowoods:color/gray/wood/deep_aether_conberry/small_seat_back, conditions not met
[18:59:38] [INFO] Skipping recipe bibliobiomes:color/magenta/wood/biomesoplenty_magic/tall_seat_back, conditions not met
[18:59:38] [INFO] Skipping recipe bibliowoods:color/brown/wood/extradelight_cinnamon/flat_seat_back, conditions not met
[18:59:38] [INFO] Skipping recipe allthecompressed:compress/dust_7x, conditions not met
[18:59:38] [INFO] Skipping recipe bibliowoods:color/white/wood/gtceu_treated_wood/seat, conditions not met
[18:59:38] [INFO] Skipping recipe productivebees:bee_produce/gtceu/bastnasite_bee, conditions not met
[18:59:38] [INFO] Skipping recipe bibliobiomes:color/light_blue/wood/biomesoplenty_maple/fancy_seat_back, conditions not met
[18:59:38] [INFO] Skipping recipe productivebees:bee_produce/gtceu/bauxite_bee, conditions not met
[18:59:38] [INFO] Skipping recipe create:splashing/atmospheric/arid_sand, conditions not met
[18:59:38] [INFO] Skipping recipe bibliowoods:color/pink/wood/deep_aether_cruderoot/raised_seat_back, conditions not met
[18:59:38] [INFO] Skipping recipe bibliowoods:color/lime/wood/werewolves_jacaranda/raised_seat_back, conditions not met
[18:59:38] [INFO] Skipping recipe theurgy:fermentation/alchemical_niter_mobs_rare_using_crops, conditions not met
[18:59:38] [INFO] Skipping recipe create:milling/compat/environmental/magenta_hibiscus, conditions not met
[18:59:38] [INFO] Skipping recipe bibliowoods:color/light_blue/wood/cobblemon_apricorn/small_seat_back, conditions not met
[18:59:38] [INFO] Skipping recipe productivebees:centrifuge/dusts/honeycomb_tin, conditions not met
[18:59:38] [INFO] Skipping recipe farmingforblockheads:market/simplefarming/tomato_seeds, conditions not met
[18:59:38] [INFO] Skipping recipe bibliowoods:color/yellow/wood/deep_aether_conberry/fancy_seat_back, conditions not met
[18:59:38] [INFO] Skipping recipe productivemetalworks:melting/geore/aluminum_block, conditions not met
[18:59:38] [INFO] Skipping recipe farmingforblockheads:market/byg/fir_sapling, conditions not met
[18:59:38] [INFO] Skipping recipe productivebees:elementalcraft/binding/swift_alloy_bee, conditions not met
[18:59:38] [INFO] Skipping recipe bibliowoods:color/green/wood/extradelight_fruit/raised_seat_back, conditions not met
[18:59:38] [INFO] Skipping recipe create:crushing/compat/silentgems/black_diamond_nether_ore, conditions not met
[18:59:38] [INFO] Skipping recipe theurgy:liquefaction/alchemical_sulfur_honeydew_from_crops_honeydew, conditions not met
[18:59:38] [INFO] Skipping recipe bibliowoods:color/red/wood/extradelight_cinnamon/tall_seat_back, conditions not met
[18:59:38] [INFO] Skipping recipe bibliobiomes:color/gray/wood/biomesoplenty_jacaranda/fancy_seat_back, conditions not met
[18:59:38] [INFO] Skipping recipe mysticalagriculture:seed/crafting/nitro_crystal, conditions not met
[18:59:38] [INFO] Skipping recipe bibliowoods:color/magenta/wood/deep_aether_cruderoot/display_case, conditions not met
[18:59:38] [INFO] Skipping recipe bibliobiomes:color/orange/wood/biomesoplenty_maple/flat_seat_back, conditions not met
[18:59:38] [INFO] Skipping recipe bibliobiomes:color/light_gray/wood/biomesoplenty_fir/raised_seat_back, conditions not met
[18:59:38] [INFO] Skipping recipe bibliobiomes:color/magenta/wood/biomesoplenty_magic/display_case, conditions not met
[18:59:38] [INFO] Skipping recipe productivemetalworks:melting/geore/iron_block, conditions not met
[18:59:38] [INFO] Skipping recipe bibliobiomes:color/light_gray/wood/biomesoplenty_maple/raised_seat_back, conditions not met
[18:59:38] [INFO] Skipping recipe bibliowoods:color/gray/wood/cobblemon_apricorn/raised_seat_back, conditions not met
[18:59:38] [INFO] Skipping recipe occultism:crushing/mithril_dust_from_ore, conditions not met
[18:59:38] [INFO] Skipping recipe mekanism:compat/biomesoplenty/sawing/pressure_plate/umbran, conditions not met
[18:59:38] [INFO] Skipping recipe productivemetalworks:casting/plates/ftbmaterials/copper, conditions not met
[18:59:38] [INFO] Skipping recipe supplementaries:way_sign_oak/regions_unexplored/dead, conditions not met
[18:59:38] [INFO] Skipping recipe farmingforblockheads:market/betternether/farmland, conditions not met
[18:59:38] [INFO] Skipping recipe bibliowoods:color/yellow/wood/mynethersdelight_powdery/tall_seat_back, conditions not met
[18:59:38] [INFO] Skipping recipe bibliobiomes:wood/biomesoplenty_willow/label, conditions not met
[18:59:38] [INFO] Skipping recipe bibliowoods:color/gray/wood/vampirism_dark_spruce/seat, conditions not met
[18:59:38] [INFO] Skipping recipe bibliowoods:color/purple/wood/vampirism_dark_spruce/flat_seat_back, conditions not met
[18:59:38] [INFO] Skipping recipe mysticalagriculture:essence/botania/lime_mystical_flower, conditions not met
[18:59:38] [INFO] Skipping recipe mysticalagriculture:seed/crafting/stone, conditions not met
[18:59:38] [INFO] Skipping recipe bibliobiomes:wood/biomesoplenty_magic/label, conditions not met
[18:59:38] [INFO] Skipping recipe productivebees:alchemistry/dissolver/strontium_bee, conditions not met
[18:59:38] [INFO] Skipping recipe bibliowoods:color/pink/wood/deep_aether_yagroot/small_seat_back, conditions not met
[18:59:38] [INFO] Skipping recipe bibliowoods:wood/gtceu_rubber/shelf, conditions not met
[18:59:38] [INFO] Skipping recipe bibliobiomes:color/red/wood/biomesoplenty_willow/small_seat_back, conditions not met
[18:59:38] [INFO] Skipping recipe bibliowoods:color/blue/wood/vampirism_cursed_spruce/raised_seat_back, conditions not met
[18:59:38] [INFO] Skipping recipe productivebees:alchemistry/dissolver/bromine_bee, conditions not met
[18:59:38] [INFO] Skipping recipe bibliowoods:color/light_gray/wood/deep_aether_conberry/small_seat_back, conditions not met
[18:59:38] [INFO] Skipping recipe bibliobiomes:wood/biomesoplenty_maple/grandfather_clock, conditions not met
[18:59:38] [INFO] Skipping recipe productivemetalworks:melting/geore/copper_block, conditions not met
[18:59:38] [INFO] Skipping recipe bibliobiomes:color/light_blue/wood/biomesoplenty_palm/raised_seat_back, conditions not met
[18:59:38] [INFO] Skipping recipe bibliowoods:color/pink/wood/extradelight_fruit/small_seat_back, conditions not met
[18:59:38] [INFO] Skipping recipe expandedae:crafting/exp_crafting_unit_ae, conditions not met
[18:59:38] [INFO] Skipping recipe theurgy:reformation/alchemical_sulfur_frostbright_from_alchemical_niter_logs_abundant, conditions not met
[18:59:38] [INFO] Skipping recipe bibliowoods:color/light_blue/wood/extradelight_cinnamon/seat, conditions not met
[18:59:38] [INFO] Skipping recipe bibliowoods:color/red/wood/cobblemon_apricorn/fancy_seat_back, conditions not met
[18:59:38] [INFO] Skipping recipe mysticalagriculture:seed/reprocessor/rose_gold, conditions not met
[18:59:38] [INFO] Skipping recipe bibliobiomes:color/blue/wood/biomesoplenty_fir/flat_seat_back, conditions not met
[18:59:38] [INFO] Skipping recipe immersiveengineering:metalpress/wire_uranium, conditions not met
[18:59:38] [INFO] Skipping recipe farmingforblockheads:market/byg/yellow_spruce_sapling, conditions not met
[18:59:38] [INFO] Skipping recipe productivebees:bee_produce/eidolon/arcane_gold_bee, conditions not met
[18:59:38] [INFO] Skipping recipe gtceu:electrolyzer/pyrochlore_bee, conditions not met
[18:59:38] [INFO] Skipping recipe theurgy:reformation/alchemical_sulfur_greenbean_from_alchemical_niter_crops_abundant, conditions not met
[18:59:38] [INFO] Skipping recipe bibliowoods:color/pink/wood/cobblemon_apricorn/seat, conditions not met
[18:59:38] [INFO] Skipping recipe farmingforblockheads:market/fruitsdelight/hawberry_sapling, conditions not met
[18:59:38] [INFO] Skipping recipe create:filling/compat/alexsmobs/lava_bottle, conditions not met
[18:59:38] [INFO] Skipping recipe bibliowoods:color/light_gray/wood/cobblemon_apricorn/flat_seat_back, conditions not met
[18:59:38] [INFO] Skipping recipe pneumaticcraft:block_heat_properties/decorative_blocks/soul_brazier, conditions not met
[18:59:38] [INFO] Skipping recipe bibliowoods:color/light_blue/wood/extradelight_cinnamon/raised_seat_back, conditions not met
[18:59:38] [INFO] Skipping recipe farmingforblockheads:market/simplefarming/apple_sapling, conditions not met
[18:59:38] [INFO] Skipping recipe bibliowoods:color/light_gray/wood/deep_aether_yagroot/flat_seat_back, conditions not met
[18:59:38] [INFO] Skipping recipe reliquary:eye_of_the_storm, conditions not met
[18:59:38] [INFO] Skipping recipe productivebees:thermal/machine/bottler/honey_bottle, conditions not met
[18:59:38] [INFO] Skipping recipe supplementaries:way_sign_oak/productivetrees/rowan, conditions not met
[18:59:38] [INFO] Skipping recipe bibliobiomes:color/orange/wood/biomesoplenty_dead/flat_seat_back, conditions not met
[18:59:38] [INFO] Skipping recipe create:crushing/compat/silentgems/citrine_nether_ore, conditions not met
[18:59:38] [INFO] Skipping recipe bibliobiomes:color/light_blue/wood/biomesoplenty_fir/fancy_seat_back, conditions not met
[18:59:38] [INFO] Skipping recipe productivebees:bee_produce/chemlib/krypton_bee, conditions not met
[18:59:38] [INFO] Skipping recipe farmingforblockheads:market/culturaldelights/cucumber_seeds, conditions not met
[18:59:38] [INFO] Skipping recipe farmingforblockheads:market/biomesoplenty/pink_hibiscus, conditions not met
[18:59:38] [INFO] Skipping recipe bibliowoods:color/black/wood/vampirism_cursed_spruce/display_case, conditions not met
[18:59:38] [INFO] Skipping recipe allthemodium:casting/alloys/unobtainium_vibranium_alloy_ingot, conditions not met
[18:59:38] [INFO] Skipping recipe bibliobiomes:color/pink/wood/biomesoplenty_willow/display_case, conditions not met
[18:59:38] [INFO] Skipping recipe productivebees:bee_breeding/chemlib/vanadium_bee, conditions not met
[18:59:38] [INFO] Skipping recipe bibliobiomes:color/brown/wood/biomesoplenty_dead/fancy_seat_back, conditions not met
[18:59:38] [INFO] Skipping recipe productivebees:tconstruct/honeycomb/knightslime, conditions not met
[18:59:38] [INFO] Skipping recipe farmingforblockheads:market/byg/aspen_sapling, conditions not met
[18:59:38] [INFO] Skipping recipe bibliowoods:color/green/wood/deep_aether_sunroot/raised_seat_back, conditions not met
[18:59:38] [INFO] Skipping recipe bibliowoods:color/red/wood/gtceu_treated_wood/seat, conditions not met
[18:59:38] [INFO] Skipping recipe bibliobiomes:color/yellow/wood/biomesoplenty_pine/raised_seat_back, conditions not met
[18:59:38] [INFO] Skipping recipe bibliobiomes:color/green/wood/biomesoplenty_palm/small_seat_back, conditions not met
[18:59:38] [INFO] Skipping recipe bibliowoods:color/pink/wood/vampirism_cursed_spruce/tall_seat_back, conditions not met
[18:59:38] [INFO] Skipping recipe occultism:crushing/mithril_dirty_dust_from_clump, conditions not met
[18:59:38] [INFO] Skipping recipe bibliowoods:color/orange/wood/werewolves_jacaranda/display_case, conditions not met
[18:59:38] [INFO] Skipping recipe bibliobiomes:color/pink/wood/biomesoplenty_hellbark/raised_seat_back, conditions not met
[18:59:38] [INFO] Skipping recipe bibliowoods:color/yellow/wood/gtceu_rubber/fancy_seat_back, conditions not met
[18:59:38] [INFO] Skipping recipe create:splashing/ic2/crushed_raw_tin, conditions not met
[18:59:38] [INFO] Skipping recipe theurgy:reformation/alchemical_sulfur_squash_from_alchemical_niter_crops_abundant, conditions not met
[18:59:38] [INFO] Skipping recipe farmingforblockheads:market/croptopia/persimmon_sapling, conditions not met
[18:59:38] [INFO] Skipping recipe createaddition:compat/thermal/liquid_burning/light_oil, conditions not met
[18:59:38] [INFO] Skipping recipe productivebees:bee_produce/gtceu/cobaltite_bee, conditions not met
[18:59:38] [INFO] Skipping recipe bibliobiomes:color/black/wood/biomesoplenty_dead/raised_seat_back, conditions not met
[18:59:38] [INFO] Skipping recipe bibliobiomes:color/pink/wood/biomesoplenty_mahogany/seat, conditions not met
[18:59:38] [INFO] Skipping recipe theurgy:reformation/alchemical_sulfur_currant_from_alchemical_sulfurs_crops_abundant, conditions not met
[18:59:38] [INFO] Skipping recipe mekanism:compat/biomesoplenty/sawing/pressure_plate/dead, conditions not met
[18:59:38] [INFO] Skipping recipe productivemetalworks:melting/geore/quartz_shard, conditions not met
[18:59:38] [INFO] Skipping recipe bibliowoods:color/lime/wood/vampirism_dark_spruce/fancy_seat_back, conditions not met
[18:59:38] [INFO] Skipping recipe bibliowoods:color/blue/wood/extradelight_cinnamon/display_case, conditions not met
[18:59:38] [INFO] Skipping recipe bibliobiomes:color/light_blue/wood/biomesoplenty_hellbark/small_seat_back, conditions not met
[18:59:38] [INFO] Skipping recipe bibliowoods:color/magenta/wood/expandeddelight_cinnamon/raised_seat_back, conditions not met
[18:59:38] [INFO] Skipping recipe dyenamics:thermal/centrifuge/conifer_rockwool, conditions not met
[18:59:38] [INFO] Skipping recipe bibliowoods:color/black/wood/vampirism_cursed_spruce/raised_seat_back, conditions not met
[18:59:38] [INFO] Skipping recipe bibliowoods:color/light_gray/wood/butchercraft_barn_wood/small_seat_back, conditions not met
[18:59:38] [INFO] Skipping recipe bibliowoods:color/lime/wood/deep_aether_roseroot/tall_seat_back, conditions not met
[18:59:38] [INFO] Skipping recipe bibliowoods:wood/deep_aether_roseroot/shelf, conditions not met
[18:59:38] [INFO] Skipping recipe productivebees:centrifuge/gems/honeycomb_pyrope, conditions not met
[18:59:38] [INFO] Skipping recipe bibliowoods:color/orange/wood/werewolves_jacaranda/small_seat_back, conditions not met
[18:59:38] [INFO] Skipping recipe bibliowoods:wood/vampirism_cursed_spruce/fancy_sign, conditions not met
[18:59:38] [INFO] Skipping recipe bibliowoods:color/brown/wood/gtceu_rubber/fancy_seat_back, conditions not met
[18:59:38] [INFO] Skipping recipe bibliowoods:color/gray/wood/deep_aether_cruderoot/display_case, conditions not met
[18:59:38] [INFO] Skipping recipe bibliowoods:color/yellow/wood/expandeddelight_cinnamon/seat, conditions not met
[18:59:38] [INFO] Skipping recipe bibliowoods:color/gray/wood/gtceu_treated_wood/small_seat_back, conditions not met
[18:59:38] [INFO] Skipping recipe bibliobiomes:color/cyan/wood/biomesoplenty_magic/small_seat_back, conditions not met
[18:59:38] [INFO] Skipping recipe bibliowoods:color/magenta/wood/expandeddelight_cinnamon/seat, conditions not met
[18:59:38] [INFO] Skipping recipe bibliobiomes:color/pink/wood/biomesoplenty_empyreal/display_case, conditions not met
[18:59:38] [INFO] Skipping recipe productivebees:bee_produce/eidolon/soul_shard_bee, conditions not met
[18:59:38] [INFO] Skipping recipe bibliowoods:color/blue/wood/deep_aether_yagroot/fancy_seat_back, conditions not met
[18:59:38] [INFO] Skipping recipe twilightforest:jeed/poison, conditions not met
[18:59:38] [INFO] Skipping recipe bibliowoods:color/red/wood/deep_aether_sunroot/tall_seat_back, conditions not met
[18:59:38] [INFO] Skipping recipe bibliowoods:color/brown/wood/deep_aether_conberry/display_case, conditions not met
[18:59:38] [INFO] Skipping recipe bibliobiomes:color/white/wood/biomesoplenty_hellbark/fancy_seat_back, conditions not met
[18:59:38] [INFO] Skipping recipe bibliowoods:wood/deep_aether_conberry/fancy_crafter, conditions not met
[18:59:38] [INFO] Skipping recipe productivebees:bee_produce/tconstruct/pig_iron_bee, conditions not met
[18:59:38] [INFO] Skipping recipe oritech:compat/energizedpower/assemblingmachine/motor, conditions not met
[18:59:38] [INFO] Skipping recipe farmingforblockheads:market/snowyspirit/ginger_flower, conditions not met
[18:59:38] [INFO] Skipping recipe farmingforblockheads:market/croptopia/grapefruit_sapling, conditions not met
[18:59:38] [INFO] Skipping recipe create:crushing/compat/biomeswevegone/lignite_ore, conditions not met
[18:59:38] [INFO] Skipping recipe bibliowoods:color/green/wood/gtceu_treated_wood/flat_seat_back, conditions not met
[18:59:38] [INFO] Skipping recipe mysticalagriculture:essence/botania/elementium_ingot, conditions not met
[18:59:38] [INFO] Skipping recipe productivebees:bee_breeding/chemlib/manganese_bee, conditions not met
[18:59:38] [INFO] Skipping recipe bibliowoods:color/black/wood/gtceu_rubber/small_seat_back, conditions not met
[18:59:38] [INFO] Skipping recipe ae2:matter_cannon/nuggets/sulfur, conditions not met
[18:59:38] [INFO] Skipping recipe farmingforblockheads:market/byg/purple_sage, conditions not met
[18:59:38] [INFO] Skipping recipe theurgy:reformation/alchemical_sulfur_comet_from_alchemical_niter_logs_abundant, conditions not met
[18:59:38] [INFO] Skipping recipe create:milling/compat/environmental/dianthus, conditions not met
[18:59:38] [INFO] Skipping recipe mysticalagriculture:essence/botania/pink_mystical_flower, conditions not met
[18:59:38] [INFO] Skipping recipe supplementaries:way_sign_oak/productivetrees/plantain, conditions not met
[18:59:38] [INFO] Skipping recipe farmingforblockheads:market/byg/daffodil, conditions not met
[18:59:38] [INFO] Skipping recipe productivebees:bee_breeding/alloys/constantan_bee, conditions not met
[18:59:38] [INFO] Skipping recipe bibliobiomes:color/light_blue/wood/biomesoplenty_willow/small_seat_back, conditions not met
[18:59:38] [INFO] Skipping recipe bibliobiomes:color/black/wood/biomesoplenty_hellbark/tall_seat_back, conditions not met
[18:59:38] [INFO] Skipping recipe bibliobiomes:color/red/wood/biomesoplenty_empyreal/tall_seat_back, conditions not met
[18:59:38] [INFO] Skipping recipe create:crushing/compat/silentgems/topaz_end_ore, conditions not met
[18:59:38] [INFO] Skipping recipe occultism:miner/ores/limonite_ore, conditions not met
[18:59:38] [INFO] Skipping recipe bibliowoods:color/light_blue/wood/butchercraft_barn_wood/tall_seat_back, conditions not met
[18:59:38] [INFO] Skipping recipe bibliobiomes:color/light_gray/wood/biomesoplenty_empyreal/display_case, conditions not met
[18:59:38] [INFO] Skipping recipe occultism:crushing/sulfur_dust_from_gem, conditions not met
[18:59:38] [INFO] Skipping recipe pneumaticcraft:block_heat_properties/valhelsia_structures/brazier, conditions not met
[18:59:38] [INFO] Skipping recipe bibliowoods:wood/extradelight_fruit/potion_shelf, conditions not met
[18:59:38] [INFO] Skipping recipe bibliobiomes:color/gray/wood/biomesoplenty_dead/display_case, conditions not met
[18:59:38] [INFO] Skipping recipe bibliowoods:color/blue/wood/butchercraft_barn_wood/tall_seat_back, conditions not met
[18:59:38] [INFO] Skipping recipe create:milling/compat/environmental/bluebell, conditions not met
[18:59:38] [INFO] Skipping recipe bibliobiomes:color/light_gray/wood/biomesoplenty_maple/small_seat_back, conditions not met
[18:59:38] [INFO] Skipping recipe bibliowoods:color/green/wood/extradelight_cinnamon/small_seat_back, conditions not met
[18:59:38] [INFO] Skipping recipe mekmm:compat/evolvedmekanism/factory/dense/replicating, conditions not met
[18:59:38] [INFO] Skipping recipe farmingforblockheads:market/byg/guzmania, conditions not met
[18:59:38] [INFO] Skipping recipe farmingforblockheads:market/thermal/frost_melon_seeds, conditions not met
[18:59:38] [INFO] Skipping recipe bibliobiomes:wood/biomesoplenty_maple/fancy_sign, conditions not met
[18:59:38] [INFO] Skipping recipe supplementaries:way_sign_oak/productivetrees/date_palm, conditions not met
[18:59:38] [INFO] Skipping recipe bibliowoods:color/orange/wood/deep_aether_sunroot/fancy_seat_back, conditions not met
[18:59:38] [INFO] Skipping recipe bibliobiomes:wood/biomesoplenty_dead/fancy_armor_stand, conditions not met
[18:59:38] [INFO] Skipping recipe mekanism:compat/biomesoplenty/sawing/door/mahogany, conditions not met
[18:59:38] [INFO] Skipping recipe supplementaries:way_sign_oak/regions_unexplored/cypress, conditions not met
[18:59:38] [INFO] Skipping recipe bibliobiomes:color/white/wood/biomesoplenty_redwood/fancy_seat_back, conditions not met
[18:59:38] [INFO] Skipping recipe bibliowoods:color/lime/wood/butchercraft_barn_wood/fancy_seat_back, conditions not met
[18:59:38] [INFO] Skipping recipe theurgy:reformation/alchemical_sulfur_demonite_from_alchemical_sulfurs_metals_precious, conditions not met
[18:59:38] [INFO] Skipping recipe farmingforblockheads:market/endergetic/poismoss, conditions not met
[18:59:38] [INFO] Skipping recipe bibliowoods:color/purple/wood/deep_aether_yagroot/display_case, conditions not met
[18:59:38] [INFO] Skipping recipe bibliowoods:color/purple/wood/werewolves_magic/tall_seat_back, conditions not met
[18:59:38] [INFO] Skipping recipe mysticalagriculture:seed/infusion/terrasteel, conditions not met
[18:59:38] [INFO] Skipping recipe productivemetalworks:melting/geore/platinum_block, conditions not met
[18:59:38] [INFO] Skipping recipe bibliowoods:color/red/wood/deep_aether_roseroot/display_case, conditions not met
[18:59:38] [INFO] Skipping recipe bibliobiomes:color/lime/wood/biomesoplenty_mahogany/fancy_seat_back, conditions not met
[18:59:38] [INFO] Skipping recipe productivebees:alchemistry/combiner/technetium_bee, conditions not met
[18:59:38] [INFO] Skipping recipe bibliowoods:color/blue/wood/werewolves_magic/flat_seat_back, conditions not met
[18:59:38] [INFO] Skipping recipe bibliowoods:color/lime/wood/expandeddelight_cinnamon/raised_seat_back, conditions not met
[18:59:38] [INFO] Skipping recipe bibliowoods:color/magenta/wood/gtceu_rubber/tall_seat_back, conditions not met
[18:59:38] [INFO] Skipping recipe megacells:cells/portable/portable_mana_cell_1m, conditions not met
[18:59:38] [INFO] Skipping recipe mysticalagradditions:tconstruct/tools/materials/tertium/ingot, conditions not met
[18:59:38] [INFO] Skipping recipe bibliobiomes:color/white/wood/biomesoplenty_redwood/tall_seat_back, conditions not met
[18:59:38] [INFO] Skipping recipe megacells:cells/portable/portable_mana_cell_4m, conditions not met
[18:59:38] [INFO] Skipping recipe mysticalagriculture:seed/crafting/bronze, conditions not met
[18:59:38] [INFO] Skipping recipe bibliowoods:color/purple/wood/deep_aether_yagroot/fancy_seat_back, conditions not met
[18:59:38] [INFO] Skipping recipe supplementaries:way_sign_oak/productivetrees/granny_smith_apple, conditions not met
[18:59:38] [INFO] Skipping recipe bibliobiomes:color/magenta/wood/biomesoplenty_jacaranda/display_case, conditions not met
[18:59:38] [INFO] Skipping recipe bibliobiomes:wood/biomesoplenty_fir/label, conditions not met
[18:59:38] [INFO] Skipping recipe productivebees:bee_conversion/butcher_bee, conditions not met
[18:59:38] [INFO] Skipping recipe bibliowoods:color/black/wood/expandeddelight_cinnamon/display_case, conditions not met
[18:59:38] [INFO] Skipping recipe bibliowoods:color/red/wood/deep_aether_conberry/flat_seat_back, conditions not met
[18:59:38] [INFO] Skipping recipe bibliowoods:color/red/wood/vampirism_dark_spruce/fancy_seat_back, conditions not met
[18:59:38] [INFO] Skipping recipe mekanism:compat/biomeswevegone/pigment_extracting/large_purple, conditions not met
[18:59:38] [INFO] Skipping recipe bibliowoods:color/gray/wood/expandeddelight_cinnamon/seat, conditions not met
[18:59:38] [INFO] Skipping recipe bibliowoods:color/gray/wood/gtceu_rubber/seat, conditions not met
[18:59:38] [INFO] Skipping recipe farmingforblockheads:market/simplefarming/onion_seeds, conditions not met
[18:59:38] [INFO] Skipping recipe productivebees:centrifuge/thermal/honeycomb_destabilized_redstone, conditions not met
[18:59:38] [INFO] Skipping recipe bibliowoods:color/red/wood/extradelight_fruit/tall_seat_back, conditions not met
[18:59:38] [INFO] Skipping recipe bibliowoods:color/red/wood/expandeddelight_cinnamon/tall_seat_back, conditions not met
[18:59:38] [INFO] Skipping recipe bibliowoods:color/gray/wood/deep_aether_yagroot/small_seat_back, conditions not met
[18:59:38] [INFO] Skipping recipe reliquary:withered_rib, conditions not met
[18:59:38] [INFO] Skipping recipe bibliobiomes:color/orange/wood/biomesoplenty_redwood/small_seat_back, conditions not met
[18:59:38] [INFO] Skipping recipe productivebees:alchemistry/combiner/hafnium_bee, conditions not met
[18:59:38] [INFO] Skipping recipe productivebees:bee_produce/gems/tektite_bee, conditions not met
[18:59:38] [INFO] Skipping recipe bibliobiomes:color/red/wood/biomesoplenty_dead/flat_seat_back, conditions not met
[18:59:38] [INFO] Skipping recipe productivebees:hives/advanced_atmospheric_kousa_beehive, conditions not met
[18:59:38] [INFO] Skipping recipe productivebees:expansion_boxes/expansion_box_biomesoplenty_umbran, conditions not met
[18:59:38] [INFO] Skipping recipe bibliobiomes:wood/biomesoplenty_willow/fancy_armor_stand, conditions not met
[18:59:38] [INFO] Skipping recipe bibliobiomes:color/red/wood/biomesoplenty_jacaranda/tall_seat_back, conditions not met
[18:59:38] [INFO] Skipping recipe bibliowoods:color/red/wood/butchercraft_barn_wood/seat, conditions not met
[18:59:38] [INFO] Skipping recipe occultism:miner/ores/boron_ore, conditions not met
[18:59:38] [INFO] Skipping recipe bibliowoods:color/cyan/wood/extradelight_fruit/fancy_seat_back, conditions not met
[18:59:38] [INFO] Skipping recipe create:milling/compat/botania/pink_petal, conditions not met
[18:59:38] [INFO] Skipping recipe bibliobiomes:color/magenta/wood/biomesoplenty_empyreal/fancy_seat_back, conditions not met
[18:59:38] [INFO] Skipping recipe supplementaries:way_sign_oak/productivetrees/red_delicious_apple, conditions not met
[18:59:38] [INFO] Skipping recipe productivemetalworks:casting/plates/ftbmaterials/aluminum, conditions not met
[18:59:38] [INFO] Skipping recipe bibliowoods:color/yellow/wood/extradelight_fruit/display_case, conditions not met
[18:59:38] [INFO] Skipping recipe allthemodium:melting/salvage/allthemodium/allthemodium_from_pick, conditions not met
[18:59:38] [INFO] Skipping recipe bibliowoods:color/purple/wood/extradelight_fruit/seat, conditions not met
[18:59:38] [INFO] Skipping recipe mekanism:compat/biomeswevegone/pigment_extracting/light_gray, conditions not met
[18:59:38] [INFO] Skipping recipe dyenamics:thermal/centrifuge/maroon_rockwool, conditions not met
[18:59:38] [INFO] Skipping recipe bibliowoods:color/yellow/wood/cobblemon_apricorn/small_seat_back, conditions not met
[18:59:38] [INFO] Skipping recipe bibliowoods:color/purple/wood/mynethersdelight_powdery/small_seat_back, conditions not met
[18:59:38] [INFO] Skipping recipe productivebees:alchemistry/combiner/mendelevium_bee, conditions not met
[18:59:38] [INFO] Skipping recipe bibliobiomes:color/light_blue/wood/biomesoplenty_empyreal/small_seat_back, conditions not met
[18:59:38] [INFO] Skipping recipe bibliobiomes:color/blue/wood/biomesoplenty_mahogany/tall_seat_back, conditions not met
[18:59:38] [INFO] Skipping recipe supplementaries:way_sign_oak/productivetrees/cedar, conditions not met
[18:59:38] [INFO] Skipping recipe bibliowoods:color/red/wood/expandeddelight_cinnamon/display_case, conditions not met
[18:59:38] [INFO] Skipping recipe mekanism:compat/biomesoplenty/sawing/chest_boat/pine, conditions not met
[18:59:38] [INFO] Skipping recipe bibliowoods:color/magenta/wood/deep_aether_yagroot/fancy_seat_back, conditions not met
[18:59:38] [INFO] Skipping recipe bibliowoods:color/red/wood/werewolves_jacaranda/tall_seat_back, conditions not met
[18:59:38] [INFO] Skipping recipe productivebees:bee_breeding/alloys/electrum_bee, conditions not met
[18:59:38] [INFO] Skipping recipe treetap:wooden_bucket_mod_example, conditions not met
[18:59:38] [INFO] Skipping recipe bibliobiomes:color/light_blue/wood/biomesoplenty_redwood/fancy_seat_back, conditions not met
[18:59:38] [INFO] Skipping recipe bibliobiomes:wood/biomesoplenty_willow/tool_rack, conditions not met
[18:59:38] [INFO] Skipping recipe farmingforblockheads:market/biomesoplenty/orange_cosmos, conditions not met
[18:59:38] [INFO] Skipping recipe bibliobiomes:wood/biomesoplenty_dead/label, conditions not met
[18:59:38] [INFO] Skipping recipe megacells:cells/standard/mana_storage_cell_16m_with_housing, conditions not met
[18:59:38] [INFO] Skipping recipe productivebees:bee_produce/mmorpg/uncommon_salvage_bee, conditions not met
[18:59:38] [INFO] Skipping recipe bibliobiomes:color/cyan/wood/biomesoplenty_jacaranda/small_seat_back, conditions not met
[18:59:38] [INFO] Skipping recipe allthecompressed:decompress/crushed_blackstone_8x, conditions not met
[18:59:38] [INFO] Skipping recipe farmingforblockheads:market/biomeswevegone/joshua_sapling, conditions not met
[18:59:38] [INFO] Skipping recipe bibliowoods:color/green/wood/deep_aether_roseroot/fancy_seat_back, conditions not met
[18:59:38] [INFO] Skipping recipe bibliobiomes:color/pink/wood/biomesoplenty_umbran/fancy_seat_back, conditions not met
[18:59:38] [INFO] Skipping recipe bibliobiomes:color/brown/wood/biomesoplenty_pine/small_seat_back, conditions not met
[18:59:38] [INFO] Skipping recipe allthecompressed:decompress/crushed_blackstone_7x, conditions not met
[18:59:38] [INFO] Skipping recipe productivebees:bee_produce/feywild/feywild_bee, conditions not met
[18:59:38] [INFO] Skipping recipe bibliowoods:color/pink/wood/butchercraft_barn_wood/tall_seat_back, conditions not met
[18:59:38] [INFO] Skipping recipe occultism:miner/ores/yellow_gemstone_ore, conditions not met
[18:59:38] [INFO] Skipping recipe bibliowoods:wood/expandeddelight_cinnamon/grandfather_clock, conditions not met
[18:59:38] [INFO] Skipping recipe mysticalagriculture:seed/crafting/skeleton, conditions not met
[18:59:38] [INFO] Skipping recipe allthecompressed:decompress/crushed_blackstone_9x, conditions not met
[18:59:38] [INFO] Skipping recipe theurgy:liquefaction/alchemical_sulfur_jacaranda_from_logs_jacaranda, conditions not met
[18:59:38] [INFO] Skipping recipe productivemetalworks:melting/storage_blocks/raw_refined_glowstone, conditions not met
[18:59:38] [INFO] Skipping recipe allthecompressed:decompress/crushed_blackstone_4x, conditions not met
[18:59:38] [INFO] Skipping recipe farmingforblockheads:market/betterendforge/end_mycelium, conditions not met
[18:59:38] [INFO] Skipping recipe productivebees:bee_conversion/ad_astra/ostrum_bee, conditions not met
[18:59:38] [INFO] Skipping recipe allthecompressed:decompress/crushed_blackstone_3x, conditions not met
[18:59:38] [INFO] Skipping recipe theurgy:reformation/alchemical_sulfur_transwood_from_alchemical_niter_logs_abundant, conditions not met
[18:59:38] [INFO] Skipping recipe bibliobiomes:color/black/wood/biomesoplenty_fir/small_seat_back, conditions not met
[18:59:38] [INFO] Skipping recipe bibliobiomes:color/magenta/wood/biomesoplenty_maple/flat_seat_back, conditions not met
[18:59:38] [INFO] Skipping recipe bibliobiomes:color/green/wood/biomesoplenty_willow/seat, conditions not met
[18:59:38] [INFO] Skipping recipe allthecompressed:decompress/crushed_blackstone_6x, conditions not met
[18:59:38] [INFO] Skipping recipe mekanism:compat/biomesoplenty/dye/large_light_blue, conditions not met
[18:59:38] [INFO] Skipping recipe productivebees:bee_breeding/chemlib/scandium_bee, conditions not met
[18:59:38] [INFO] Skipping recipe allthecompressed:decompress/crushed_blackstone_5x, conditions not met
[18:59:38] [INFO] Skipping recipe productivebees:tconstruct/honeycomb/soulsteel, conditions not met
[18:59:38] [INFO] Skipping recipe bibliowoods:color/orange/wood/mynethersdelight_powdery/seat, conditions not met
[18:59:38] [INFO] Skipping recipe bibliobiomes:color/magenta/wood/biomesoplenty_mahogany/fancy_seat_back, conditions not met
[18:59:38] [INFO] Skipping recipe farmingforblockheads:market/fruitsdelight/lychee_sapling, conditions not met
[18:59:38] [INFO] Skipping recipe supplementaries:way_sign_oak/productivetrees/beliy_naliv_apple, conditions not met
[18:59:38] [INFO] Skipping recipe farmingforblockheads:market/biomesoplenty/mahogany_sapling, conditions not met
[18:59:38] [INFO] Skipping recipe bibliobiomes:color/orange/wood/biomesoplenty_mahogany/small_seat_back, conditions not met
[18:59:38] [INFO] Skipping recipe bibliobiomes:color/orange/wood/biomesoplenty_magic/small_seat_back, conditions not met
[18:59:38] [INFO] Skipping recipe bibliobiomes:color/red/wood/biomesoplenty_pine/seat, conditions not met
[18:59:38] [INFO] Skipping recipe mysticalagriculture:seed/crafting/wood, conditions not met
[18:59:38] [INFO] Skipping recipe productivemetalworks:casting/nuggets/ftbmaterials/lumium, conditions not met
[18:59:38] [INFO] Skipping recipe bibliowoods:color/white/wood/mynethersdelight_powdery/seat, conditions not met
[18:59:38] [INFO] Skipping recipe bibliowoods:color/orange/wood/butchercraft_barn_wood/raised_seat_back, conditions not met
[18:59:38] [INFO] Skipping recipe bibliowoods:color/white/wood/vampirism_cursed_spruce/small_seat_back, conditions not met
[18:59:38] [INFO] Skipping recipe bibliowoods:color/gray/wood/deep_aether_roseroot/seat, conditions not met
[18:59:38] [INFO] Skipping recipe bibliowoods:color/orange/wood/gtceu_rubber/seat, conditions not met
[18:59:38] [INFO] Skipping recipe create:splashing/endergetic/petrified_end_corrock_crown, conditions not met
[18:59:38] [INFO] Skipping recipe productivemetalworks:casting/rods/ftbmaterials/steel, conditions not met
[18:59:38] [INFO] Skipping recipe bibliowoods:color/gray/wood/gtceu_rubber/raised_seat_back, conditions not met
[18:59:38] [INFO] Skipping recipe productivebees:centrifuge/elementalcraft/honeycomb_springaline, conditions not met
[18:59:38] [INFO] Skipping recipe productivebees:centrifuge/gems/honeycomb_amber_gem, conditions not met
[18:59:38] [INFO] Skipping recipe bibliowoods:color/magenta/wood/gtceu_treated_wood/display_case, conditions not met
[18:59:38] [INFO] Skipping recipe mekanism:compat/biomeswevegone/pigment_extracting/yellow, conditions not met
[18:59:38] [INFO] Skipping recipe bibliowoods:color/purple/wood/vampirism_cursed_spruce/display_case, conditions not met
[18:59:38] [INFO] Skipping recipe mekanism:compat/biomesoplenty/sawing/chest_boat/jacaranda, conditions not met
[18:59:38] [INFO] Skipping recipe bibliowoods:color/yellow/wood/vampirism_dark_spruce/tall_seat_back, conditions not met
[18:59:38] [INFO] Skipping recipe cataclysm:stonecutting/chiseled_obsidian_bricks_from_stonecutting, no type defined
[18:59:38] [INFO] Skipping recipe bibliowoods:color/blue/wood/werewolves_jacaranda/fancy_seat_back, conditions not met
[18:59:38] [INFO] Skipping recipe create_aquatic_ambitions:channeling/upgrade_aquatic/finger_coral_fan, conditions not met
[18:59:38] [INFO] Skipping recipe farmingforblockheads:market/croptopia/broccoli_seed, conditions not met
[18:59:38] [INFO] Skipping recipe bibliobiomes:color/white/wood/biomesoplenty_mahogany/small_seat_back, conditions not met
[18:59:38] [INFO] Skipping recipe allthecompressed:decompress/crushed_blackstone_2x, conditions not met
[18:59:38] [INFO] Skipping recipe allthecompressed:decompress/crushed_blackstone_1x, conditions not met
[18:59:38] [INFO] Skipping recipe bibliobiomes:color/yellow/wood/biomesoplenty_magic/small_seat_back, conditions not met
[18:59:38] [INFO] Skipping recipe bibliobiomes:color/pink/wood/biomesoplenty_palm/seat, conditions not met
[18:59:38] [INFO] Skipping recipe megacells:cells/portable/portable_mana_cell_4m_disassembly, conditions not met
[18:59:38] [INFO] Skipping recipe bibliobiomes:color/gray/wood/biomesoplenty_maple/display_case, conditions not met
[18:59:38] [INFO] Skipping recipe bibliobiomes:color/cyan/wood/biomesoplenty_pine/raised_seat_back, conditions not met
[18:59:38] [INFO] Skipping recipe bibliowoods:color/gray/wood/vampirism_dark_spruce/fancy_seat_back, conditions not met
[18:59:38] [INFO] Skipping recipe bibliowoods:color/cyan/wood/werewolves_jacaranda/small_seat_back, conditions not met
[18:59:38] [INFO] Skipping recipe mysticalagriculture:seed/reprocessor/cobalt, conditions not met
[18:59:38] [INFO] Skipping recipe mysticalagriculture:seed/crafting/creeper, conditions not met
[18:59:38] [INFO] Skipping recipe bibliowoods:color/lime/wood/deep_aether_yagroot/fancy_seat_back, conditions not met
[18:59:38] [INFO] Skipping recipe bibliowoods:color/blue/wood/deep_aether_cruderoot/display_case, conditions not met
[18:59:38] [INFO] Skipping recipe bibliowoods:color/purple/wood/cobblemon_apricorn/flat_seat_back, conditions not met
[18:59:38] [INFO] Skipping recipe bibliobiomes:color/black/wood/biomesoplenty_hellbark/raised_seat_back, conditions not met
[18:59:38] [INFO] Skipping recipe theurgy:reformation/alchemical_sulfur_turmeric_from_alchemical_niter_crops_abundant, conditions not met
[18:59:38] [INFO] Skipping recipe mysticalagriculture:seed/crafting/uranium, conditions not met
[18:59:38] [INFO] Skipping recipe bibliobiomes:color/black/wood/biomesoplenty_magic/fancy_seat_back, conditions not met
[18:59:38] [INFO] Skipping recipe theurgy:liquefaction/alchemical_sulfur_chile_pepper_from_crops_chile_pepper, conditions not met
[18:59:38] [INFO] Skipping recipe bibliobiomes:color/purple/wood/biomesoplenty_redwood/seat, conditions not met
[18:59:38] [INFO] Skipping recipe bibliobiomes:color/white/wood/biomesoplenty_mahogany/raised_seat_back, conditions not met
[18:59:38] [INFO] Skipping recipe bibliowoods:color/pink/wood/deep_aether_cruderoot/flat_seat_back, conditions not met
[18:59:38] [INFO] Skipping recipe bibliobiomes:color/red/wood/biomesoplenty_willow/flat_seat_back, conditions not met
[18:59:38] [INFO] Skipping recipe bibliowoods:color/white/wood/extradelight_fruit/display_case, conditions not met
[18:59:38] [INFO] Skipping recipe productivebees:bee_conversion/materials/sticky_resin_bee, conditions not met
[18:59:38] [INFO] Skipping recipe productivebees:alchemistry/dissolver/fluorine_bee, conditions not met
[18:59:38] [INFO] Skipping recipe bibliobiomes:wood/biomesoplenty_hellbark/fancy_crafter, conditions not met
[18:59:38] [INFO] Skipping recipe bibliowoods:wood/expandeddelight_cinnamon/fancy_sign, conditions not met
[18:59:38] [INFO] Skipping recipe bibliowoods:wood/expandeddelight_cinnamon/table, conditions not met
[18:59:38] [INFO] Skipping recipe productivebees:block_conversion/botania/log_to_livingwood, conditions not met
[18:59:38] [INFO] Skipping recipe productivemetalworks:melting/geore/emerald_shard, conditions not met
[18:59:38] [INFO] Skipping recipe mysticalagriculture:seed/infusion/lumium, conditions not met
[18:59:38] [INFO] Skipping recipe bibliobiomes:color/pink/wood/biomesoplenty_magic/flat_seat_back, conditions not met
[18:59:38] [INFO] Skipping recipe create:crushing/compat/elementaryores/ore_copper_nether, conditions not met
[18:59:38] [INFO] Skipping recipe bibliowoods:color/gray/wood/werewolves_magic/display_case, conditions not met
[18:59:38] [INFO] Skipping recipe bibliowoods:color/black/wood/gtceu_treated_wood/fancy_seat_back, conditions not met
[18:59:38] [INFO] Skipping recipe bibliowoods:color/brown/wood/cobblemon_apricorn/fancy_seat_back, conditions not met
[18:59:38] [INFO] Skipping recipe supplementaries:way_sign_oak/productivetrees/lime, conditions not met
[18:59:38] [INFO] Skipping recipe bigreactors:turbine/reinforced/bearing_alt, conditions not met
[18:59:38] [INFO] Skipping recipe bibliobiomes:wood/biomesoplenty_empyreal/fancy_crafter, conditions not met
[18:59:38] [INFO] Skipping recipe bibliowoods:color/cyan/wood/deep_aether_sunroot/fancy_seat_back, conditions not met
[18:59:38] [INFO] Skipping recipe create:crushing/compat/exnihilosequentia/crushed_diorite, conditions not met
[18:59:38] [INFO] Skipping recipe enderdrives:ender_disk_4k_mega, conditions not met
[18:59:38] [INFO] Skipping recipe bibliowoods:color/white/wood/butchercraft_barn_wood/raised_seat_back, conditions not met
[18:59:38] [INFO] Skipping recipe mysticalagriculture:seed/crafting/silicon, conditions not met
[18:59:38] [INFO] Skipping recipe productivebees:bee_breeding/chemlib/molybdenum_bee, conditions not met
[18:59:38] [INFO] Skipping recipe bibliobiomes:color/green/wood/biomesoplenty_palm/raised_seat_back, conditions not met
[18:59:38] [INFO] Skipping recipe bibliowoods:color/cyan/wood/werewolves_jacaranda/raised_seat_back, conditions not met
[18:59:38] [INFO] Skipping recipe bibliowoods:color/lime/wood/gtceu_treated_wood/fancy_seat_back, conditions not met
[18:59:38] [INFO] Skipping recipe bibliobiomes:color/white/wood/biomesoplenty_pine/seat, conditions not met
[18:59:38] [INFO] Skipping recipe gtceu:electric_blast_furnace/neodymium_bee, conditions not met
[18:59:38] [INFO] Skipping recipe productivemetalworks:melting/plates/crimson_iron, conditions not met
[18:59:38] [INFO] Skipping recipe dyenamics:thermal/centrifuge/aquamarine_rockwool, conditions not met
[18:59:38] [INFO] Skipping recipe bibliobiomes:color/red/wood/biomesoplenty_palm/tall_seat_back, conditions not met
[18:59:38] [INFO] Skipping recipe bibliowoods:color/brown/wood/expandeddelight_cinnamon/tall_seat_back, conditions not met
[18:59:38] [INFO] Skipping recipe bibliobiomes:color/red/wood/biomesoplenty_maple/fancy_seat_back, conditions not met
[18:59:38] [INFO] Skipping recipe bibliobiomes:color/blue/wood/biomesoplenty_jacaranda/display_case, conditions not met
[18:59:38] [INFO] Skipping recipe farmingforblockheads:market/betterendforge/crystal_moss, conditions not met
[18:59:38] [INFO] Skipping recipe productivebees:hives/advanced_biomesoplenty_umbran_beehive_clear, conditions not met
[18:59:38] [INFO] Skipping recipe immersiveengineering:metalpress/wire_brass, conditions not met
[18:59:38] [INFO] Skipping recipe bibliowoods:color/light_gray/wood/vampirism_dark_spruce/raised_seat_back, conditions not met
[18:59:38] [INFO] Skipping recipe productivebees:elementalcraft/pureinfusion/pure_crystal_bee, conditions not met
[18:59:38] [INFO] Skipping recipe bibliobiomes:color/white/wood/biomesoplenty_fir/tall_seat_back, conditions not met
[18:59:38] [INFO] Skipping recipe farmingforblockheads:market/biomesoplenty/violet, conditions not met
[18:59:38] [INFO] Skipping recipe bibliowoods:color/blue/wood/deep_aether_cruderoot/flat_seat_back, conditions not met
[18:59:38] [INFO] Skipping recipe supplementaries:way_sign_oak/biomeswevegone/blue_enchanted, conditions not met
[18:59:38] [INFO] Skipping recipe create:cutting/compat/atmospheric/crustose_wood, conditions not met
[18:59:38] [INFO] Skipping recipe reliquary:alkahestry/crafting/flint, conditions not met
[18:59:38] [INFO] Skipping recipe bibliobiomes:color/brown/wood/biomesoplenty_palm/flat_seat_back, conditions not met
[18:59:38] [INFO] Skipping recipe farmingforblockheads:market/tropicraft/coconut, conditions not met
[18:59:38] [INFO] Skipping recipe bibliobiomes:color/light_gray/wood/biomesoplenty_willow/tall_seat_back, conditions not met
[18:59:38] [INFO] Skipping recipe bibliowoods:color/magenta/wood/mynethersdelight_powdery/raised_seat_back, conditions not met
[18:59:38] [INFO] Skipping recipe bibliobiomes:color/lime/wood/biomesoplenty_fir/small_seat_back, conditions not met
[18:59:38] [INFO] Skipping recipe mekmm:compat/kaleidoscope_cookery/planting/tomato, conditions not met
[18:59:38] [INFO] Skipping recipe farmingforblockheads:market/betterendforge/chorus_nylium, conditions not met
[18:59:38] [INFO] Skipping recipe productivebees:alchemistry/combiner/hassium_bee, conditions not met
[18:59:38] [INFO] Skipping recipe farmingforblockheads:market/biomeswevegone/white_cherry_sapling, conditions not met
[18:59:38] [INFO] Skipping recipe dyenamics:thermal/rockwool/cherenkov_rockwool, conditions not met
[18:59:38] [INFO] Skipping recipe bibliobiomes:color/purple/wood/biomesoplenty_palm/flat_seat_back, conditions not met
[18:59:38] [INFO] Skipping recipe bibliowoods:color/magenta/wood/werewolves_jacaranda/raised_seat_back, conditions not met
[18:59:38] [INFO] Skipping recipe bibliobiomes:color/cyan/wood/biomesoplenty_empyreal/display_case, conditions not met
[18:59:38] [INFO] Skipping recipe bibliobiomes:color/gray/wood/biomesoplenty_empyreal/tall_seat_back, conditions not met
[18:59:38] [INFO] Skipping recipe bibliowoods:wood/mynethersdelight_powdery/table, conditions not met
[18:59:38] [INFO] Skipping recipe theurgy:reformation/alchemical_sulfur_desh_from_alchemical_sulfurs_metals_common, conditions not met
[18:59:38] [INFO] Skipping recipe bibliowoods:color/pink/wood/vampirism_dark_spruce/flat_seat_back, conditions not met
[18:59:38] [INFO] Skipping recipe supplementaries:awnings/awning_black_2, conditions not met
[18:59:38] [INFO] Skipping recipe mekmm:compat/evolvedmekanism/factory/dense/centrifuging, conditions not met
[18:59:38] [INFO] Skipping recipe bibliowoods:color/pink/wood/deep_aether_cruderoot/display_case, conditions not met
[18:59:38] [INFO] Skipping recipe bibliobiomes:color/lime/wood/biomesoplenty_umbran/display_case, conditions not met
[18:59:38] [INFO] Skipping recipe bibliowoods:color/white/wood/deep_aether_cruderoot/raised_seat_back, conditions not met
[18:59:38] [INFO] Skipping recipe bibliobiomes:color/light_gray/wood/biomesoplenty_magic/seat, conditions not met
[18:59:38] [INFO] Skipping recipe productivemetalworks:casting/storage_blocks/ftbmaterials/silver, conditions not met
[18:59:38] [INFO] Skipping recipe productivemetalworks:casting/storage_blocks/ftbmaterials/electrum, conditions not met
[18:59:38] [INFO] Skipping recipe bibliowoods:color/lime/wood/gtceu_rubber/seat, conditions not met
[18:59:38] [INFO] Skipping recipe productivebees:alchemistry/combiner/lithium_bee, conditions not met
[18:59:38] [INFO] Skipping recipe mysticalagriculture:seed/crafting/diamond, conditions not met
[18:59:38] [INFO] Skipping recipe bibliobiomes:wood/biomesoplenty_jacaranda/label, conditions not met
[18:59:38] [INFO] Skipping recipe farmingforblockheads:market/betternether/lumabus_seed, conditions not met
[18:59:38] [INFO] Skipping recipe bibliowoods:wood/mynethersdelight_powdery/fancy_armor_stand, conditions not met
[18:59:38] [INFO] Skipping recipe allthemodium:melting/allthemodium_from_ingot, conditions not met
[18:59:38] [INFO] Skipping recipe bibliowoods:color/black/wood/deep_aether_sunroot/display_case, conditions not met
[18:59:38] [INFO] Skipping recipe bibliobiomes:color/light_gray/wood/biomesoplenty_fir/display_case, conditions not met
[18:59:38] [INFO] Skipping recipe reliquary:catalyzing_gland, conditions not met
[18:59:38] [INFO] Skipping recipe bibliowoods:color/pink/wood/werewolves_magic/seat, conditions not met
[18:59:38] [INFO] Skipping recipe megacells:cells/standard/experience_storage_cell_4m_with_housing, conditions not met
[18:59:38] [INFO] Skipping recipe bibliowoods:color/pink/wood/werewolves_jacaranda/flat_seat_back, conditions not met
[18:59:38] [INFO] Skipping recipe bibliowoods:color/orange/wood/vampirism_dark_spruce/display_case, conditions not met
[18:59:38] [INFO] Skipping recipe bibliowoods:color/magenta/wood/cobblemon_apricorn/flat_seat_back, conditions not met
[18:59:38] [INFO] Skipping recipe productivebees:alchemistry/dissolver/calcium_bee, conditions not met
[18:59:38] [INFO] Skipping recipe bibliowoods:color/gray/wood/werewolves_jacaranda/raised_seat_back, conditions not met
[18:59:38] [INFO] Skipping recipe bibliowoods:color/white/wood/butchercraft_barn_wood/seat, conditions not met
[18:59:38] [INFO] Skipping recipe bibliowoods:color/purple/wood/vampirism_cursed_spruce/tall_seat_back, conditions not met
[18:59:38] [INFO] Skipping recipe bibliobiomes:color/cyan/wood/biomesoplenty_magic/flat_seat_back, conditions not met
[18:59:38] [INFO] Skipping recipe immersiveengineering:metalpress/wire_bronze, conditions not met
[18:59:38] [INFO] Skipping recipe mekmm:compat/evolvedmekanism/factory/multiversal/liquifying, conditions not met
[18:59:38] [INFO] Skipping recipe create:smelting/silver_ingot_compat_oreganized, conditions not met
[18:59:38] [INFO] Skipping recipe farmingforblockheads:market/byg/joshua_sapling, conditions not met
[18:59:38] [INFO] Skipping recipe supplementaries:way_sign_oak/productivetrees/cempedak, conditions not met
[18:59:38] [INFO] Skipping recipe mysticalagriculture:seed/crafting/nether_star, conditions not met
[18:59:38] [INFO] Skipping recipe bibliowoods:color/black/wood/gtceu_rubber/tall_seat_back, conditions not met
[18:59:38] [INFO] Skipping recipe create:blasting/ingot_silver_compat_ic2, conditions not met
[18:59:38] [INFO] Skipping recipe bibliowoods:color/light_blue/wood/deep_aether_conberry/flat_seat_back, conditions not met
[18:59:38] [INFO] Skipping recipe bibliowoods:color/yellow/wood/werewolves_magic/display_case, conditions not met
[18:59:38] [INFO] Skipping recipe bibliowoods:color/gray/wood/werewolves_magic/fancy_seat_back, conditions not met
[18:59:38] [INFO] Skipping recipe bibliowoods:color/light_blue/wood/werewolves_jacaranda/fancy_seat_back, conditions not met
[18:59:38] [INFO] Skipping recipe bibliobiomes:color/brown/wood/biomesoplenty_fir/small_seat_back, conditions not met
[18:59:38] [INFO] Skipping recipe mekanism:compat/biomeswevegone/dye/purple, conditions not met
[18:59:38] [INFO] Skipping recipe bibliobiomes:color/black/wood/biomesoplenty_fir/tall_seat_back, conditions not met
[18:59:38] [INFO] Skipping recipe bibliowoods:color/red/wood/werewolves_jacaranda/fancy_seat_back, conditions not met
[18:59:38] [INFO] Skipping recipe bibliobiomes:color/gray/wood/biomesoplenty_fir/fancy_seat_back, conditions not met
[18:59:38] [INFO] Skipping recipe productivebees:bee_conversion/elementalcraft/fire_crystal_bee, conditions not met
[18:59:38] [INFO] Skipping recipe theurgy:reformation/alchemical_sulfur_golden_oak_from_alchemical_sulfurs_logs_abundant, conditions not met
[18:59:38] [INFO] Skipping recipe bibliowoods:color/white/wood/deep_aether_conberry/small_seat_back, conditions not met
[18:59:38] [INFO] Skipping recipe bibliobiomes:color/light_gray/wood/biomesoplenty_redwood/display_case, conditions not met
[18:59:38] [INFO] Skipping recipe immersiveengineering:metalpress/plate_cobalt, conditions not met
[18:59:38] [INFO] Skipping recipe productivebees:bee_breeding/chemlib/chromium_bee, conditions not met
[18:59:38] [INFO] Skipping recipe bibliowoods:color/orange/wood/butchercraft_barn_wood/small_seat_back, conditions not met
[18:59:38] [INFO] Skipping recipe farmingforblockheads:market/extradelight/chili_seeds, conditions not met
[18:59:38] [INFO] Skipping recipe bibliowoods:color/light_blue/wood/extradelight_cinnamon/tall_seat_back, conditions not met
[18:59:38] [INFO] Skipping recipe theurgy:incubation/gems_sulfur_from_alchemical_sulfur_sulfur, conditions not met
[18:59:38] [INFO] Skipping recipe theurgy:reformation/alchemical_sulfur_wigglewood_from_alchemical_niter_logs_abundant, conditions not met
[18:59:38] [INFO] Skipping recipe mekanism:compat/biomesoplenty/dye/large_white, conditions not met
[18:59:38] [INFO] Skipping recipe mysticalagriculture:seed/crafting/basalt, conditions not met
[18:59:38] [INFO] Skipping recipe mysticalagriculture:seed/crafting/basalz, conditions not met
[18:59:38] [INFO] Skipping recipe farmingforblockheads:market/byg/lament_sapling, conditions not met
[18:59:38] [INFO] Skipping recipe bibliobiomes:color/yellow/wood/biomesoplenty_redwood/seat, conditions not met
[18:59:38] [INFO] Skipping recipe bibliowoods:wood/deep_aether_cruderoot/potion_shelf, conditions not met
[18:59:38] [INFO] Skipping recipe bibliowoods:wood/extradelight_fruit/label, conditions not met
[18:59:38] [INFO] Skipping recipe bibliowoods:color/magenta/wood/vampirism_dark_spruce/fancy_seat_back, conditions not met
[18:59:38] [INFO] Skipping recipe productivemetalworks:casting/plates/ftbmaterials/iridium, conditions not met
[18:59:38] [INFO] Skipping recipe supplementaries:way_sign_oak/eternal_starlight/cradlewood, conditions not met
[18:59:38] [INFO] Skipping recipe farmingforblockheads:market/biomeswevegone/imparius_mushroom, conditions not met
[18:59:38] [INFO] Skipping recipe bibliobiomes:color/pink/wood/biomesoplenty_hellbark/seat, conditions not met
[18:59:38] [INFO] Skipping recipe ars_elemental:jeed/mana_shield, conditions not met
[18:59:38] [INFO] Skipping recipe bibliobiomes:color/red/wood/biomesoplenty_magic/small_seat_back, conditions not met
[18:59:38] [INFO] Skipping recipe bibliowoods:color/cyan/wood/vampirism_dark_spruce/fancy_seat_back, conditions not met
[18:59:38] [INFO] Skipping recipe bibliowoods:color/brown/wood/werewolves_magic/raised_seat_back, conditions not met
[18:59:38] [INFO] Skipping recipe productivebees:bee_conversion/gems/malachite_bee, conditions not met
[18:59:38] [INFO] Skipping recipe farmingforblockheads:market/simplefarming/sweet_potato_seeds, conditions not met
[18:59:38] [INFO] Skipping recipe bibliobiomes:color/black/wood/biomesoplenty_hellbark/small_seat_back, conditions not met
[18:59:38] [INFO] Skipping recipe bibliobiomes:color/pink/wood/biomesoplenty_pine/raised_seat_back, conditions not met
[18:59:38] [INFO] Skipping recipe productivemetalworks:melting/storage_blocks/raw_blaze_gold, conditions not met
[18:59:38] [INFO] Skipping recipe bibliowoods:color/orange/wood/cobblemon_apricorn/small_seat_back, conditions not met
[18:59:38] [INFO] Skipping recipe bibliowoods:color/light_gray/wood/deep_aether_conberry/tall_seat_back, conditions not met
[18:59:38] [INFO] Skipping recipe bibliowoods:color/purple/wood/deep_aether_cruderoot/display_case, conditions not met
[18:59:38] [INFO] Skipping recipe allthemodium:melting/vibranium_from_nugget, conditions not met
[18:59:38] [INFO] Skipping recipe bibliobiomes:color/red/wood/biomesoplenty_pine/tall_seat_back, conditions not met
[18:59:38] [INFO] Skipping recipe bibliobiomes:color/gray/wood/biomesoplenty_magic/seat, conditions not met
[18:59:38] [INFO] Skipping recipe bibliobiomes:color/light_gray/wood/biomesoplenty_fir/small_seat_back, conditions not met
[18:59:38] [INFO] Skipping recipe bibliowoods:color/white/wood/mynethersdelight_powdery/display_case, conditions not met
[18:59:38] [INFO] Skipping recipe mekmm:compat/evolvedmekanism/factory/quantum/pressurised_reacting, conditions not met
[18:59:38] [INFO] Skipping recipe create:milling/compat/botania/orange_petal, conditions not met
[18:59:38] [INFO] Skipping recipe bibliowoods:color/black/wood/extradelight_cinnamon/raised_seat_back, conditions not met
[18:59:38] [INFO] Skipping recipe productivemetalworks:casting/plates/ftbmaterials/brass, conditions not met
[18:59:38] [INFO] Skipping recipe bigreactors:reactor/reinforced/fluidaccessport_alt, conditions not met
[18:59:38] [INFO] Skipping recipe mekmm:compat/evolvedmekanism/factory/quantum/centrifuging, conditions not met
[18:59:38] [INFO] Skipping recipe mekanism:compat/biomeswevegone/dye/magenta, conditions not met
[18:59:38] [INFO] Skipping recipe mekanism:compat/biomeswevegone/pigment_extracting/pink, conditions not met
[18:59:38] [INFO] Skipping recipe bibliowoods:color/white/wood/butchercraft_barn_wood/tall_seat_back, conditions not met
[18:59:38] [INFO] Skipping recipe bibliowoods:color/green/wood/mynethersdelight_powdery/seat, conditions not met
[18:59:38] [INFO] Skipping recipe mekmm:compat/evolvedmekanism/factory/dense/dissolving, conditions not met
[18:59:38] [INFO] Skipping recipe productivemetalworks:casting/nuggets/ftbmaterials/nickel, conditions not met
[18:59:38] [INFO] Skipping recipe productivebees:hives/advanced_biomesoplenty_redwood_beehive, conditions not met
[18:59:38] [INFO] Skipping recipe bibliobiomes:color/light_gray/wood/biomesoplenty_pine/raised_seat_back, conditions not met
[18:59:38] [INFO] Skipping recipe megacells:cells/standard/mana_storage_cell_16m_disassembly, conditions not met
[18:59:38] [INFO] Skipping recipe mekanism:compat/biomesoplenty/sawing/hanging_sign/jacaranda, conditions not met
[18:59:38] [INFO] Skipping recipe occultism:crushing/titanium_dirty_dust_from_clump, conditions not met
[18:59:38] [INFO] Skipping recipe productivemetalworks:melting/geore/osmium_shard, conditions not met
[18:59:38] [INFO] Skipping recipe create:milling/compat/environmental/yellow_hibiscus, conditions not met
[18:59:38] [INFO] Skipping recipe gtceu:electric_blast_furnace/palladium_bee, conditions not met
[18:59:38] [INFO] Skipping recipe mekanism:compat/biomesoplenty/sawing/trapdoor/umbran, conditions not met
[18:59:38] [INFO] Skipping recipe bibliobiomes:color/light_gray/wood/biomesoplenty_magic/display_case, conditions not met
[18:59:38] [INFO] Skipping recipe productivemetalworks:melting/plates/refined_glowstone, conditions not met
[18:59:38] [INFO] Skipping recipe bibliobiomes:wood/biomesoplenty_magic/shelf, conditions not met
[18:59:38] [INFO] Skipping recipe bibliobiomes:color/cyan/wood/biomesoplenty_empyreal/flat_seat_back, conditions not met
[18:59:38] [INFO] Skipping recipe bibliowoods:color/cyan/wood/werewolves_jacaranda/seat, conditions not met
[18:59:38] [INFO] Skipping recipe ae2:matter_cannon/nuggets/tellurium, conditions not met
[18:59:38] [INFO] Skipping recipe supplementaries:way_sign_oak/productivetrees/pink_ivory, conditions not met
[18:59:38] [INFO] Skipping recipe productivebees:tconstruct/ichor_slimy_bee, conditions not met
[18:59:38] [INFO] Skipping recipe bibliobiomes:wood/biomesoplenty_willow/shelf, conditions not met
[18:59:38] [INFO] Skipping recipe megacells:cells/standard/mana_storage_cell_4m_with_housing, conditions not met
[18:59:38] [INFO] Skipping recipe productivemetalworks:casting/rods/ftbmaterials/uranium, conditions not met
[18:59:38] [INFO] Skipping recipe mysticalagriculture:seed/crafting/constantan, conditions not met
[18:59:38] [INFO] Skipping recipe productivemetalworks:melting/storage_blocks/raw_lumium, conditions not met
[18:59:38] [INFO] Skipping recipe bibliowoods:wood/deep_aether_roseroot/fancy_crafter, conditions not met
[18:59:38] [INFO] Skipping recipe bibliowoods:color/purple/wood/expandeddelight_cinnamon/display_case, conditions not met
[18:59:38] [INFO] Skipping recipe bibliowoods:color/cyan/wood/deep_aether_conberry/raised_seat_back, conditions not met
[18:59:38] [INFO] Skipping recipe bibliowoods:color/black/wood/cobblemon_apricorn/flat_seat_back, conditions not met
[18:59:38] [INFO] Skipping recipe bibliowoods:color/red/wood/mynethersdelight_powdery/seat, conditions not met
[18:59:38] [INFO] Skipping recipe mekanism:compat/biomeswevegone/dye/brown, conditions not met
[18:59:38] [INFO] Skipping recipe productivebees:bee_produce/gems/agate_bee, conditions not met
[18:59:38] [INFO] Skipping recipe immersiveengineering:arcfurnace/dust_rose_gold, conditions not met
[18:59:38] [INFO] Skipping recipe create:splashing/the_vault/ornate_chain_rusty, conditions not met
[18:59:38] [INFO] Skipping recipe productivebees:bee_produce/chemlib/rhodium_bee, conditions not met
[18:59:38] [INFO] Skipping recipe bibliowoods:color/red/wood/extradelight_fruit/raised_seat_back, conditions not met
[18:59:38] [INFO] Skipping recipe bibliobiomes:color/gray/wood/biomesoplenty_hellbark/seat, conditions not met
[18:59:38] [INFO] Skipping recipe cataclysm:stonecutting/frosted_stone_brick_slab_from_stonecutting, no type defined
[18:59:38] [INFO] Skipping recipe productivebees:centrifuge/l2hostility/honeycomb_chaotic, conditions not met
[18:59:38] [INFO] Skipping recipe mekanism:compat/biomesoplenty/sawing/hanging_sign/mahogany, conditions not met
[18:59:38] [INFO] Skipping recipe bibliobiomes:color/magenta/wood/biomesoplenty_maple/display_case, conditions not met
[18:59:38] [INFO] Skipping recipe bibliowoods:color/orange/wood/gtceu_treated_wood/small_seat_back, conditions not met
[18:59:38] [INFO] Skipping recipe productivemetalworks:casting/rods/ftbmaterials/zinc, conditions not met
[18:59:38] [INFO] Skipping recipe bibliobiomes:wood/biomesoplenty_palm/shelf, conditions not met
[18:59:38] [INFO] Skipping recipe bibliobiomes:color/green/wood/biomesoplenty_fir/display_case, conditions not met
[18:59:38] [INFO] Skipping recipe theurgy:liquefaction/alchemical_sulfur_otherworld_from_logs_otherworld, conditions not met
[18:59:38] [INFO] Skipping recipe mekanism:compat/biomesoplenty/sawing/boat/redwood, conditions not met
[18:59:38] [INFO] Skipping recipe generatorgalore:64x/emerald_generator_64x, conditions not met
[18:59:38] [INFO] Skipping recipe productivemetalworks:casting/ingots/ftbmaterials/brass, conditions not met
[18:59:38] [INFO] Skipping recipe mysticalagradditions:tconstruct/tools/melting/supremium, conditions not met
[18:59:38] [INFO] Skipping recipe bibliowoods:color/gray/wood/mynethersdelight_powdery/flat_seat_back, conditions not met
[18:59:38] [INFO] Skipping recipe supplementaries:way_sign_oak/productivetrees/red_maple, conditions not met
[18:59:38] [INFO] Skipping recipe reliquary:alkahestry/crafting/diamond, conditions not met
[18:59:38] [INFO] Skipping recipe bibliowoods:color/orange/wood/deep_aether_roseroot/fancy_seat_back, conditions not met
[18:59:38] [INFO] Skipping recipe bibliowoods:color/red/wood/vampirism_dark_spruce/seat, conditions not met
[18:59:38] [INFO] Skipping recipe create:crushing/compat/biomeswevegone/ametrine_ore, conditions not met
[18:59:38] [INFO] Skipping recipe bibliowoods:color/black/wood/werewolves_jacaranda/flat_seat_back, conditions not met
[18:59:38] [INFO] Skipping recipe bibliowoods:color/blue/wood/extradelight_cinnamon/tall_seat_back, conditions not met
[18:59:38] [INFO] Skipping recipe bibliowoods:color/cyan/wood/extradelight_cinnamon/tall_seat_back, conditions not met
[18:59:38] [INFO] Skipping recipe mysticalagriculture:seed/crafting/earth, conditions not met
[18:59:38] [INFO] Skipping recipe create:milling/compat/biomeswevegone/compat/biomeswevegone/winter_cyclamen, conditions not met
[18:59:38] [INFO] Skipping recipe bibliowoods:color/gray/wood/deep_aether_roseroot/fancy_seat_back, conditions not met
[18:59:38] [INFO] Skipping recipe productivebees:centrifuge/tconstruct/honeycomb_manyullyn, conditions not met
[18:59:38] [INFO] Skipping recipe bibliowoods:color/blue/wood/deep_aether_cruderoot/seat, conditions not met
[18:59:38] [INFO] Skipping recipe productivebees:bee_produce/chemlib/francium_bee, conditions not met
[18:59:38] [INFO] Skipping recipe immersiveengineering:arcfurnace/alloy_manyullyn, conditions not met
[18:59:38] [INFO] Skipping recipe bibliowoods:color/pink/wood/gtceu_rubber/flat_seat_back, conditions not met
[18:59:38] [INFO] Skipping recipe theurgy:reformation/alchemical_sulfur_hellbark_from_alchemical_niter_logs_abundant, conditions not met
[18:59:38] [INFO] Skipping recipe bibliowoods:color/pink/wood/gtceu_treated_wood/flat_seat_back, conditions not met
[18:59:38] [INFO] Skipping recipe theurgy:incubation/ingots_calorite_from_alchemical_sulfur_calorite, conditions not met
[18:59:38] [INFO] Skipping recipe bibliobiomes:color/brown/wood/biomesoplenty_willow/fancy_seat_back, conditions not met
[18:59:38] [INFO] Skipping recipe productivemetalworks:melting/ores/invar, conditions not met
[18:59:38] [INFO] Skipping recipe productivebees:centrifuge/tetra/honeycomb_scrapped, conditions not met
[18:59:38] [INFO] Skipping recipe create:crushing/compat/exnihilosequentia/diorite, conditions not met
[18:59:38] [INFO] Skipping recipe bibliobiomes:color/red/wood/biomesoplenty_pine/small_seat_back, conditions not met
[18:59:38] [INFO] Skipping recipe productivebees:bee_breeding/gems/amber_gem_bee, conditions not met
[18:59:38] [INFO] Skipping recipe farmingforblockheads:market/croptopia/tomatillo_seed, conditions not met
[18:59:38] [INFO] Skipping recipe bibliowoods:color/orange/wood/extradelight_cinnamon/display_case, conditions not met
[18:59:38] [INFO] Skipping recipe farmingforblockheads:market/byg/skyris_sapling, conditions not met
[18:59:38] [INFO] Skipping recipe theurgy:reformation/alchemical_sulfur_cinnamon_from_alchemical_sulfurs_logs_abundant, conditions not met
[18:59:38] [INFO] Skipping recipe bibliowoods:color/orange/wood/gtceu_rubber/tall_seat_back, conditions not met
[18:59:38] [INFO] Skipping recipe farmingforblockheads:market/betterendforge/end_lotus_seed, conditions not met
[18:59:38] [INFO] Skipping recipe create:milling/compat/biomesoplenty/wilted_lily, conditions not met
[18:59:38] [INFO] Skipping recipe bibliobiomes:color/orange/wood/biomesoplenty_maple/seat, conditions not met
[18:59:38] [INFO] Skipping recipe bibliowoods:color/light_gray/wood/vampirism_cursed_spruce/tall_seat_back, conditions not met
[18:59:38] [INFO] Skipping recipe bibliobiomes:color/magenta/wood/biomesoplenty_redwood/display_case, conditions not met
[18:59:38] [INFO] Skipping recipe bibliowoods:wood/werewolves_jacaranda/label, conditions not met
[18:59:38] [INFO] Skipping recipe bibliowoods:wood/werewolves_magic/potion_shelf, conditions not met
[18:59:38] [INFO] Skipping recipe mekanism:compat/biomesoplenty/sawing/boat/willow, conditions not met
[18:59:38] [INFO] Skipping recipe bibliobiomes:color/yellow/wood/biomesoplenty_hellbark/flat_seat_back, conditions not met
[18:59:38] [INFO] Skipping recipe mysticalagriculture:seed/crafting/prismarine, conditions not met
[18:59:38] [INFO] Skipping recipe bibliobiomes:wood/biomesoplenty_magic/fancy_armor_stand, conditions not met
[18:59:38] [INFO] Skipping recipe bibliowoods:color/black/wood/deep_aether_sunroot/small_seat_back, conditions not met
[18:59:38] [INFO] Skipping recipe productivebees:bee_breeding/alloys/lumium_bee, conditions not met
[18:59:38] [INFO] Skipping recipe bibliobiomes:color/light_gray/wood/biomesoplenty_umbran/display_case, conditions not met
[18:59:38] [INFO] Skipping recipe bibliowoods:color/cyan/wood/deep_aether_cruderoot/fancy_seat_back, conditions not met
[18:59:38] [INFO] Skipping recipe bibliobiomes:color/pink/wood/biomesoplenty_empyreal/fancy_seat_back, conditions not met
[18:59:38] [INFO] Skipping recipe dyenamics:thermal/rockwool/mint_rockwool, conditions not met
[18:59:38] [INFO] Skipping recipe bibliowoods:color/light_blue/wood/werewolves_jacaranda/display_case, conditions not met
[18:59:38] [INFO] Skipping recipe occultism:miner/ores/mystite_ore, conditions not met
[18:59:38] [INFO] Skipping recipe create:splashing/endergetic/petrified_overworld_corrock_crown, conditions not met
[18:59:38] [INFO] Skipping recipe farmingforblockheads:market/youkaishomecoming/udumbara_seeds, conditions not met
[18:59:38] [INFO] Skipping recipe bibliowoods:color/green/wood/vampirism_cursed_spruce/small_seat_back, conditions not met
[18:59:38] [INFO] Skipping recipe productivebees:bee_breeding/enigmaticlegacy/etherium_ore_bee, conditions not met
[18:59:38] [INFO] Skipping recipe bibliobiomes:color/magenta/wood/biomesoplenty_mahogany/tall_seat_back, conditions not met
[18:59:38] [INFO] Skipping recipe bibliowoods:color/brown/wood/deep_aether_sunroot/tall_seat_back, conditions not met
[18:59:38] [INFO] Skipping recipe bibliobiomes:color/purple/wood/biomesoplenty_jacaranda/fancy_seat_back, conditions not met
[18:59:38] [INFO] Skipping recipe bibliobiomes:wood/biomesoplenty_pine/potion_shelf, conditions not met
[18:59:38] [INFO] Skipping recipe create:pressing/compat/betterendforge/amber_moss_path, conditions not met
[18:59:38] [INFO] Skipping recipe theurgy:liquefaction/alchemical_sulfur_dreamwood_from_logs_dreamwood, conditions not met
[18:59:38] [INFO] Skipping recipe bibliobiomes:color/gray/wood/biomesoplenty_pine/fancy_seat_back, conditions not met
[18:59:38] [INFO] Skipping recipe bibliobiomes:color/light_gray/wood/biomesoplenty_redwood/tall_seat_back, conditions not met
[18:59:38] [INFO] Skipping recipe bibliobiomes:color/pink/wood/biomesoplenty_empyreal/small_seat_back, conditions not met
[18:59:38] [INFO] Skipping recipe bibliowoods:color/gray/wood/extradelight_fruit/tall_seat_back, conditions not met
[18:59:38] [INFO] Skipping recipe bibliowoods:color/light_blue/wood/deep_aether_conberry/display_case, conditions not met
[18:59:38] [INFO] Skipping recipe theurgy:reformation/alchemical_sulfur_magic_from_alchemical_niter_logs_abundant, conditions not met
[18:59:38] [INFO] Skipping recipe farmingforblockheads:market/byg/witch_hazel_sapling, conditions not met
[18:59:38] [INFO] Skipping recipe bibliowoods:color/gray/wood/werewolves_magic/seat, conditions not met
[18:59:38] [INFO] Skipping recipe mysticalagradditions:tconstruct/casting/supremium/nugget_sand_cast, conditions not met
[18:59:38] [INFO] Skipping recipe bibliowoods:color/lime/wood/butchercraft_barn_wood/seat, conditions not met
[18:59:38] [INFO] Skipping recipe cataclysm:stonecutting/stone_tiles_from_stonecutting, no type defined
[18:59:38] [INFO] Skipping recipe occultism:miner/ores/elecanium_ore, conditions not met
[18:59:38] [INFO] Skipping recipe theurgy:incubation/crops_greenbean_from_alchemical_sulfur_greenbean, conditions not met
[18:59:38] [INFO] Skipping recipe bibliowoods:wood/deep_aether_sunroot/fancy_clock, conditions not met
[18:59:38] [INFO] Skipping recipe bibliowoods:color/blue/wood/gtceu_rubber/display_case, conditions not met
[18:59:38] [INFO] Skipping recipe create_aquatic_ambitions:channeling/upgrade_aquatic/rock_coral_fan, conditions not met
[18:59:38] [INFO] Skipping recipe bibliobiomes:color/cyan/wood/biomesoplenty_hellbark/raised_seat_back, conditions not met
[18:59:38] [INFO] Skipping recipe productivemetalworks:melting/geore/ruby_block, conditions not met
[18:59:38] [INFO] Skipping recipe bibliowoods:color/pink/wood/vampirism_dark_spruce/small_seat_back, conditions not met
[18:59:38] [INFO] Skipping recipe productivebees:bee_produce/chemlib/rubidium_bee, conditions not met
[18:59:38] [INFO] Skipping recipe mekmm:compat/evolvedmekanism/factory/quantum/stamping, conditions not met
[18:59:38] [INFO] Skipping recipe bibliowoods:color/pink/wood/vampirism_dark_spruce/fancy_seat_back, conditions not met
[18:59:38] [INFO] Skipping recipe productivebees:bee_produce/mmorpg/common_salvage_bee, conditions not met
[18:59:38] [INFO] Skipping recipe immersiveengineering:metalpress/wire_ardite, conditions not met
[18:59:38] [INFO] Skipping recipe farmingforblockheads:market/rusticdelight/coffee_beans, conditions not met
[18:59:38] [INFO] Skipping recipe supplementaries:way_sign_oak/biomeswevegone/ironwood, conditions not met
[18:59:38] [INFO] Skipping recipe bibliobiomes:color/green/wood/biomesoplenty_willow/flat_seat_back, conditions not met
[18:59:38] [INFO] Skipping recipe bibliobiomes:color/blue/wood/biomesoplenty_magic/display_case, conditions not met
[18:59:38] [INFO] Skipping recipe farmingforblockheads:market/culturaldelights/avocado_sapling, conditions not met
[18:59:38] [INFO] Skipping recipe bibliowoods:wood/deep_aether_cruderoot/grandfather_clock, conditions not met
[18:59:38] [INFO] Skipping recipe bibliowoods:color/light_gray/wood/deep_aether_cruderoot/tall_seat_back, conditions not met
[18:59:38] [INFO] Skipping recipe mysticalagriculture:essence/botania/purple_mystical_flower, conditions not met
[18:59:38] [INFO] Skipping recipe mekmm:compat/evolvedmekanism/factory/quantum/recycling, conditions not met
[18:59:38] [INFO] Skipping recipe bibliowoods:color/red/wood/deep_aether_yagroot/small_seat_back, conditions not met
[18:59:38] [INFO] Skipping recipe farmingforblockheads:market/byg/rose, conditions not met
[18:59:38] [INFO] Skipping recipe create:crushing/compat/exnihilosequentia/andesite, conditions not met
[18:59:38] [INFO] Skipping recipe bibliowoods:color/green/wood/cobblemon_apricorn/flat_seat_back, conditions not met
[18:59:38] [INFO] Skipping recipe productivebees:bee_produce/chemlib/bohrium_bee, conditions not met
[18:59:38] [INFO] Skipping recipe theurgy:liquefaction/alchemical_sulfur_turmeric_from_crops_turmeric, conditions not met
[18:59:38] [INFO] Skipping recipe bibliowoods:color/gray/wood/extradelight_fruit/flat_seat_back, conditions not met
[18:59:38] [INFO] Skipping recipe productivemetalworks:casting/gears/ftbmaterials/silver, conditions not met
[18:59:38] [INFO] Skipping recipe productivebees:alchemistry/dissolver/phosphorus_bee, conditions not met
[18:59:38] [INFO] Skipping recipe productivebees:bee_breeding/chemlib/magnesium_bee, conditions not met
[18:59:38] [INFO] Skipping recipe bibliowoods:wood/deep_aether_roseroot/label, conditions not met
[18:59:38] [INFO] Skipping recipe productivebees:bee_produce/chemlib/tellurium_bee, conditions not met
[18:59:38] [INFO] Skipping recipe bibliowoods:color/red/wood/butchercraft_barn_wood/raised_seat_back, conditions not met
[18:59:38] [INFO] Skipping recipe productivebees:centrifuge/thermal_extra/honeycomb_dragonsteel, conditions not met
[18:59:38] [INFO] Skipping recipe oritech:compat/energizedpower/alloyfurance/iron_gems, conditions not met
[18:59:38] [INFO] Skipping recipe ae2:matter_cannon/nuggets/cadmium, conditions not met
[18:59:38] [INFO] Skipping recipe productivebees:bee_produce/chemlib/molybdenum_bee, conditions not met
[18:59:38] [INFO] Skipping recipe industrialforegoing:laser_drill_ore/raw_materials/cinnabar, conditions not met
[18:59:38] [INFO] Skipping recipe mekmm:compat/evolvedmekanism/factory/dense/lathing, conditions not met
[18:59:38] [INFO] Skipping recipe create:smelting/nickel_ingot_compat_thermal, conditions not met
[18:59:38] [INFO] Skipping recipe create:crushing/compat/elementaryores/ore_diamond_nether, conditions not met
[18:59:38] [INFO] Skipping recipe supplementaries:way_sign_oak/productivetrees/elderberry, conditions not met
[18:59:38] [INFO] Skipping recipe theurgy:incubation/logs_azalea_from_alchemical_sulfur_azalea, conditions not met
[18:59:38] [INFO] Skipping recipe productivebees:centrifuge/gems/honeycomb_benitoite, conditions not met
[18:59:38] [INFO] Skipping recipe bibliobiomes:color/light_gray/wood/biomesoplenty_redwood/flat_seat_back, conditions not met
[18:59:38] [INFO] Skipping recipe supplementaries:way_sign_oak/minecraft/bamboo, conditions not met
[18:59:38] [INFO] Skipping recipe productivemetalworks:casting/gears/ftbmaterials/constantan, conditions not met
[18:59:38] [INFO] Skipping recipe farmingforblockheads:market/theabyss/roma_mud_2, conditions not met
[18:59:38] [INFO] Skipping recipe bibliobiomes:color/brown/wood/biomesoplenty_willow/flat_seat_back, conditions not met
[18:59:38] [INFO] Skipping recipe occultism:miner/ores/thorium_ore, conditions not met
[18:59:38] [INFO] Skipping recipe bibliowoods:wood/deep_aether_cruderoot/bookcase, conditions not met
[18:59:38] [INFO] Skipping recipe productivebees:bee_conversion/gems/cats_eye_bee, conditions not met
[18:59:38] [INFO] Skipping recipe bibliowoods:color/orange/wood/cobblemon_apricorn/display_case, conditions not met
[18:59:38] [INFO] Skipping recipe bibliowoods:color/brown/wood/gtceu_rubber/display_case, conditions not met
[18:59:38] [INFO] Skipping recipe create_aquatic_ambitions:channeling/upgrade_aquatic/moss_coral, conditions not met
[18:59:38] [INFO] Skipping recipe enderdrives:ender_storage_component_64k_vanilla, conditions not met
[18:59:38] [INFO] Skipping recipe create:crafting/tree_fertilizer, conditions not met
[18:59:38] [INFO] Skipping recipe supplementaries:way_sign_oak/productivetrees/beech, conditions not met
[18:59:38] [INFO] Skipping recipe mysticalagradditions:tconstruct/casting/soulium/ingot_gold_cast, conditions not met
[18:59:38] [INFO] Skipping recipe productivemetalworks:casting/rods/ftbmaterials/platinum, conditions not met
[18:59:38] [INFO] Skipping recipe productivebees:bee_produce/eidolon/pewter_bee, conditions not met
[18:59:38] [INFO] Skipping recipe ae2:matter_cannon/nuggets/scandium, conditions not met
[18:59:38] [INFO] Skipping recipe bibliobiomes:color/yellow/wood/biomesoplenty_jacaranda/fancy_seat_back, conditions not met
[18:59:38] [INFO] Skipping recipe bibliobiomes:color/red/wood/biomesoplenty_magic/raised_seat_back, conditions not met
[18:59:38] [INFO] Skipping recipe bibliowoods:color/green/wood/cobblemon_apricorn/small_seat_back, conditions not met
[18:59:38] [INFO] Skipping recipe bibliowoods:color/white/wood/gtceu_rubber/seat, conditions not met
[18:59:38] [INFO] Skipping recipe productivebees:hives/advanced_biomesoplenty_fir_beehive, conditions not met
[18:59:38] [INFO] Skipping recipe bibliowoods:color/brown/wood/extradelight_fruit/flat_seat_back, conditions not met
[18:59:38] [INFO] Skipping recipe bibliobiomes:color/black/wood/biomesoplenty_umbran/display_case, conditions not met
[18:59:38] [INFO] Skipping recipe bibliowoods:color/yellow/wood/werewolves_jacaranda/tall_seat_back, conditions not met
[18:59:38] [INFO] Skipping recipe mekanism:compat/biomesoplenty/sawing/fence_gate/willow, conditions not met
[18:59:38] [INFO] Skipping recipe bibliobiomes:color/black/wood/biomesoplenty_empyreal/display_case, conditions not met
[18:59:38] [INFO] Skipping recipe bibliobiomes:color/green/wood/biomesoplenty_willow/tall_seat_back, conditions not met
[18:59:38] [INFO] Skipping recipe bibliobiomes:color/yellow/wood/biomesoplenty_redwood/fancy_seat_back, conditions not met
[18:59:38] [INFO] Skipping recipe bibliowoods:color/light_gray/wood/deep_aether_cruderoot/flat_seat_back, conditions not met
[18:59:38] [INFO] Skipping recipe create:crushing/compat/galosphere/lumiere, conditions not met
[18:59:38] [INFO] Skipping recipe bibliowoods:wood/werewolves_magic/fancy_sign, conditions not met
[18:59:38] [INFO] Skipping recipe bibliobiomes:color/yellow/wood/biomesoplenty_redwood/small_seat_back, conditions not met
[18:59:38] [INFO] Skipping recipe theurgy:reformation/alchemical_sulfur_squash_from_alchemical_sulfurs_crops_abundant, conditions not met
[18:59:38] [INFO] Skipping recipe productivebees:bee_produce/gtceu/electrotine_bee, conditions not met
[18:59:38] [INFO] Skipping recipe bibliobiomes:color/light_blue/wood/biomesoplenty_magic/raised_seat_back, conditions not met
[18:59:38] [INFO] Skipping recipe bibliowoods:color/orange/wood/mynethersdelight_powdery/raised_seat_back, conditions not met
[18:59:38] [INFO] Skipping recipe bibliowoods:color/green/wood/cobblemon_apricorn/fancy_seat_back, conditions not met
[18:59:38] [INFO] Skipping recipe bibliowoods:wood/gtceu_treated_wood/fancy_armor_stand, conditions not met
[18:59:38] [INFO] Skipping recipe bibliobiomes:color/brown/wood/biomesoplenty_willow/tall_seat_back, conditions not met
[18:59:38] [INFO] Skipping recipe allthemodium:melting/unobtainium_from_ore, conditions not met
[18:59:38] [INFO] Skipping recipe bibliobiomes:wood/biomesoplenty_fir/tool_rack, conditions not met
[18:59:38] [INFO] Skipping recipe bibliowoods:color/green/wood/cobblemon_apricorn/tall_seat_back, conditions not met
[18:59:38] [INFO] Skipping recipe create:splashing/atmospheric/red_arid_sand, conditions not met
[18:59:38] [INFO] Skipping recipe farmingforblockheads:market/byg/protea_flower, conditions not met
[18:59:38] [INFO] Skipping recipe bibliowoods:color/lime/wood/extradelight_cinnamon/seat, conditions not met
[18:59:38] [INFO] Skipping recipe bibliowoods:color/cyan/wood/extradelight_fruit/seat, conditions not met
[18:59:38] [INFO] Skipping recipe theurgy:reformation/alchemical_sulfur_honeydew_from_alchemical_sulfurs_crops_abundant, conditions not met
[18:59:38] [INFO] Skipping recipe bibliowoods:color/green/wood/werewolves_magic/tall_seat_back, conditions not met
[18:59:38] [INFO] Skipping recipe bibliowoods:color/magenta/wood/deep_aether_conberry/raised_seat_back, conditions not met
[18:59:38] [INFO] Skipping recipe farmingforblockheads:market/croptopia/avocado_sapling, conditions not met
[18:59:38] [INFO] Skipping recipe productivebees:centrifuge/gems/honeycomb_sodalite, conditions not met
[18:59:38] [INFO] Skipping recipe bibliowoods:wood/extradelight_cinnamon/label, conditions not met
[18:59:38] [INFO] Skipping recipe bibliowoods:color/blue/wood/deep_aether_cruderoot/raised_seat_back, conditions not met
[18:59:38] [INFO] Recipe deeperdarker:resonarium_leggings_smithing[minecraft:smithing_transform] failed to parse due to an error on component: Failed to read required component 'template: ingredient' - java.lang.IllegalStateException: Failed to parse either. First: Item array cannot be empty, at least one item must be defined; Second: Not a JSON object: []
[18:59:38] [INFO] Skipping recipe productivebees:bee_produce/chemlib/neodymium_bee, conditions not met
[18:59:38] [INFO] Skipping recipe mysticalagriculture:seed/crafting/coral, conditions not met
[18:59:38] [INFO] Skipping recipe bibliobiomes:color/purple/wood/biomesoplenty_hellbark/tall_seat_back, conditions not met
[18:59:38] [INFO] Skipping recipe bibliobiomes:color/brown/wood/biomesoplenty_mahogany/raised_seat_back, conditions not met
[18:59:38] [INFO] Skipping recipe create_aquatic_ambitions:channeling/upgrade_aquatic/star_coral_fan, conditions not met
[18:59:38] [INFO] Skipping recipe bibliowoods:color/red/wood/cobblemon_apricorn/seat, conditions not met
[18:59:38] [INFO] Skipping recipe immersiveengineering:metalpress/gear_manyullyn, conditions not met
[18:59:38] [INFO] Skipping recipe bibliobiomes:color/brown/wood/biomesoplenty_pine/display_case, conditions not met
[18:59:38] [INFO] Skipping recipe bibliobiomes:color/brown/wood/biomesoplenty_empyreal/small_seat_back, conditions not met
[18:59:38] [INFO] Skipping recipe mekanism:compat/biomeswevegone/pigment_extracting/cyan, conditions not met
[18:59:38] [INFO] Skipping recipe allthemodium:melting/unobtainium_from_raw_block, conditions not met
[18:59:38] [INFO] Skipping recipe productivebees:centrifuge/alloys/honeycomb_mitril, conditions not met
[18:59:38] [INFO] Skipping recipe supplementaries:way_sign_oak/regions_unexplored/blackwood, conditions not met
[18:59:38] [INFO] Skipping recipe bibliowoods:color/light_gray/wood/extradelight_cinnamon/seat, conditions not met
[18:59:38] [INFO] Skipping recipe productivebees:bee_conversion/gems/amber_bee, conditions not met
[18:59:38] [INFO] Skipping recipe megacells:cells/portable/portable_experience_cell_256m_disassembly, conditions not met
[18:59:38] [INFO] Skipping recipe bibliowoods:color/white/wood/vampirism_dark_spruce/raised_seat_back, conditions not met
[18:59:38] [INFO] Skipping recipe bibliobiomes:color/blue/wood/biomesoplenty_pine/tall_seat_back, conditions not met
[18:59:38] [INFO] Skipping recipe immersiveengineering:crusher/ore_cobalt, conditions not met
[18:59:38] [INFO] Skipping recipe productivebees:bee_conversion/atm/soul_lava_bee, conditions not met
[18:59:38] [INFO] Skipping recipe supplementaries:way_sign_oak/minecraft/crimson, conditions not met
[18:59:38] [INFO] Skipping recipe bibliowoods:color/yellow/wood/mynethersdelight_powdery/display_case, conditions not met
[18:59:38] [INFO] Skipping recipe theurgy:incubation/logs_twilight_oak_from_alchemical_sulfur_twilight_oak, conditions not met
[18:59:38] [INFO] Skipping recipe bibliowoods:color/yellow/wood/mynethersdelight_powdery/seat, conditions not met
[18:59:38] [INFO] Skipping recipe bibliobiomes:color/blue/wood/biomesoplenty_dead/seat, conditions not met
[18:59:38] [INFO] Skipping recipe bibliowoods:color/blue/wood/gtceu_rubber/fancy_seat_back, conditions not met
[18:59:38] [INFO] Skipping recipe bibliowoods:color/light_blue/wood/mynethersdelight_powdery/display_case, conditions not met
[18:59:38] [INFO] Skipping recipe theurgy:reformation/alchemical_sulfur_rowan_from_alchemical_sulfurs_logs_abundant, conditions not met
[18:59:38] [INFO] Skipping recipe bibliobiomes:color/orange/wood/biomesoplenty_empyreal/display_case, conditions not met
[18:59:38] [INFO] Skipping recipe bibliowoods:color/purple/wood/vampirism_cursed_spruce/fancy_seat_back, conditions not met
[18:59:38] [INFO] Skipping recipe productivebees:expansion_boxes/expansion_box_biomesoplenty_hellbark, conditions not met
[18:59:38] [INFO] Skipping recipe farmingforblockheads:market/betternether/jellyfish_mushroom_sapling, conditions not met
[18:59:38] [INFO] Skipping recipe farmingforblockheads:market/simplefarming/barley_seeds, conditions not met
[18:59:38] [INFO] Skipping recipe bibliowoods:color/brown/wood/extradelight_fruit/tall_seat_back, conditions not met
[18:59:38] [INFO] Skipping recipe bibliowoods:color/green/wood/werewolves_magic/flat_seat_back, conditions not met
[18:59:38] [INFO] Skipping recipe productivebees:mythicbotany/alfsteel_bee, conditions not met
[18:59:38] [INFO] Skipping recipe farmingforblockheads:market/croptopia/ginger_seed, conditions not met
[18:59:38] [INFO] Skipping recipe bibliowoods:color/blue/wood/gtceu_rubber/small_seat_back, conditions not met
[18:59:38] [INFO] Skipping recipe industrialforegoing:laser_drill_ore/raw_materials/yellorite, conditions not met
[18:59:38] [INFO] Skipping recipe productivemetalworks:casting/storage_blocks/ftbmaterials/tin, conditions not met
[18:59:38] [INFO] Skipping recipe mysticalagriculture:seed/infusion/pig_iron, conditions not met
[18:59:38] [INFO] Skipping recipe bibliobiomes:color/black/wood/biomesoplenty_hellbark/seat, conditions not met
[18:59:38] [INFO] Skipping recipe create:pressing/compat/infernalexp/soul_soil_path, conditions not met
[18:59:38] [INFO] Skipping recipe bibliobiomes:color/light_gray/wood/biomesoplenty_hellbark/tall_seat_back, conditions not met
[18:59:38] [INFO] Skipping recipe bibliowoods:color/blue/wood/vampirism_dark_spruce/seat, conditions not met
[18:59:38] [INFO] Skipping recipe oritech:compat/energizedpower/assemblingmachine/fluxgate, conditions not met
[18:59:38] [INFO] Skipping recipe theurgy:reformation/alchemical_sulfur_dead_from_alchemical_niter_logs_abundant, conditions not met
[18:59:38] [INFO] Skipping recipe productivebees:centrifuge/dusts/honeycomb_tungsten, conditions not met
[18:59:38] [INFO] Skipping recipe supplementaries:way_sign_oak/productivetrees/slimy_delight, conditions not met
[18:59:38] [INFO] Skipping recipe bibliobiomes:color/cyan/wood/biomesoplenty_empyreal/tall_seat_back, conditions not met
[18:59:38] [INFO] Skipping recipe occultism:crushing/pewter_dust_from_ingot, conditions not met
[18:59:38] [INFO] Skipping recipe theurgy:reformation/alchemical_sulfur_darkwood_from_alchemical_sulfurs_logs_abundant, conditions not met
[18:59:38] [INFO] Skipping recipe mysticalagriculture:seed/crafting/obsidian, conditions not met
[18:59:38] [INFO] Skipping recipe theurgy:reformation/alchemical_sulfur_lunar_from_alchemical_niter_logs_abundant, conditions not met
[18:59:38] [INFO] Skipping recipe bibliowoods:color/magenta/wood/extradelight_cinnamon/display_case, conditions not met
[18:59:38] [INFO] Skipping recipe farmingforblockheads:market/byg/iris, conditions not met
[18:59:38] [INFO] Skipping recipe productivebees:centrifuge/gems/honeycomb_kunzite, conditions not met
[18:59:38] [INFO] Skipping recipe occultism:crushing/cobalt_dust_from_raw, conditions not met
[18:59:38] [INFO] Skipping recipe bibliobiomes:color/cyan/wood/biomesoplenty_empyreal/seat, conditions not met
[18:59:38] [INFO] Skipping recipe productivebees:bee_breeding/chemlib/lanthanum_bee, conditions not met
[18:59:38] [INFO] Skipping recipe mekmm:compat/evolvedmekanism/factory/dense/oxidizing, conditions not met
[18:59:38] [INFO] Skipping recipe bibliobiomes:color/brown/wood/biomesoplenty_empyreal/fancy_seat_back, conditions not met
[18:59:38] [INFO] Skipping recipe productivemetalworks:casting/storage_blocks/ftbmaterials/osmium, conditions not met
[18:59:38] [INFO] Skipping recipe theurgy:liquefaction/alchemical_sulfur_aurum_from_logs_aurum, conditions not met
[18:59:38] [INFO] Skipping recipe bibliowoods:color/lime/wood/vampirism_dark_spruce/seat, conditions not met
[18:59:38] [INFO] Skipping recipe pylons:harvesting/vinery/jungle_grape_bush_white, conditions not met
[18:59:38] [INFO] Skipping recipe bibliowoods:color/black/wood/deep_aether_yagroot/small_seat_back, conditions not met
[18:59:38] [INFO] Skipping recipe bibliowoods:color/red/wood/deep_aether_roseroot/fancy_seat_back, conditions not met
[18:59:38] [INFO] Skipping recipe oritech:compat/energizedpower/alloyfurance/duratium, conditions not met
[18:59:38] [INFO] Skipping recipe bibliowoods:color/black/wood/deep_aether_yagroot/fancy_seat_back, conditions not met
[18:59:38] [INFO] Skipping recipe productivebees:centrifuge/atm/honeycomb_gregstar, conditions not met
[18:59:38] [INFO] Skipping recipe productivebees:bee_produce/chemlib/hassium_bee, conditions not met
[18:59:38] [INFO] Skipping recipe productivebees:centrifuge/tconstruct/honeycomb_rose_gold, conditions not met
[18:59:38] [INFO] Skipping recipe ae2:matter_cannon/nuggets/magnesium, conditions not met
[18:59:38] [INFO] Skipping recipe bibliowoods:color/red/wood/deep_aether_roseroot/small_seat_back, conditions not met
[18:59:38] [INFO] Skipping recipe bibliowoods:color/pink/wood/gtceu_rubber/seat, conditions not met
[18:59:38] [INFO] Skipping recipe bibliobiomes:color/pink/wood/biomesoplenty_jacaranda/raised_seat_back, conditions not met
[18:59:38] [INFO] Skipping recipe productivemetalworks:casting/plates/ftbmaterials/tin, conditions not met
[18:59:38] [INFO] Skipping recipe immersiveengineering:crusher/raw_block_cobalt, conditions not met
[18:59:38] [INFO] Skipping recipe bibliowoods:color/purple/wood/vampirism_dark_spruce/display_case, conditions not met
[18:59:38] [INFO] Skipping recipe supplementaries:awnings/awning_cyan_2, conditions not met
[18:59:38] [INFO] Skipping recipe cataclysm:stonecutting/stone_pillar_from_stonecutting, no type defined
[18:59:38] [INFO] Skipping recipe supplementaries:way_sign_oak/productivetrees/sand_pear, conditions not met
[18:59:38] [INFO] Skipping recipe bibliowoods:color/magenta/wood/extradelight_cinnamon/flat_seat_back, conditions not met
[18:59:38] [INFO] Skipping recipe productivemetalworks:casting/nuggets/ftbmaterials/lead, conditions not met
[18:59:38] [INFO] Skipping recipe productivemetalworks:casting/storage_blocks/ftbmaterials/platinum, conditions not met
[18:59:38] [INFO] Skipping recipe productivebees:spirit/spirit_bee, conditions not met
[18:59:38] [INFO] Skipping recipe bibliobiomes:wood/biomesoplenty_jacaranda/fancy_clock, conditions not met
[18:59:38] [INFO] Skipping recipe mekanism:compat/biomesoplenty/sawing/hanging_sign/hellbark, conditions not met
[18:59:38] [INFO] Skipping recipe bibliowoods:color/black/wood/gtceu_treated_wood/small_seat_back, conditions not met
[18:59:38] [INFO] Skipping recipe theurgy:liquefaction/alchemical_sulfur_cinnabar_from_raw_materials_cinnabar, conditions not met
[18:59:38] [INFO] Skipping recipe occultism:miner/ores/niter_ore, conditions not met
[18:59:38] [INFO] Skipping recipe farmingforblockheads:market/thermal/corn_seeds, conditions not met
[18:59:38] [INFO] Skipping recipe productivebees:botania/manasteel_bee, conditions not met
[18:59:38] [INFO] Skipping recipe bibliobiomes:color/purple/wood/biomesoplenty_dead/tall_seat_back, conditions not met
[18:59:38] [INFO] Skipping recipe bibliowoods:wood/expandeddelight_cinnamon/potion_shelf, conditions not met
[18:59:38] [INFO] Skipping recipe bibliobiomes:color/blue/wood/biomesoplenty_hellbark/display_case, conditions not met
[18:59:38] [INFO] Skipping recipe mekanism:compat/biomesoplenty/sawing/chest_boat/palm, conditions not met
[18:59:38] [INFO] Skipping recipe farmingforblockheads:market/tropicraft/canna, conditions not met
[18:59:38] [INFO] Skipping recipe farmingforblockheads:market/rusticdelight/bell_pepper_seeds, conditions not met
[18:59:38] [INFO] Skipping recipe bibliowoods:color/red/wood/gtceu_treated_wood/flat_seat_back, conditions not met
[18:59:38] [INFO] Skipping recipe mekmm:compat/evolvedmekanism/factory/multiversal/recycling, conditions not met
[18:59:38] [INFO] Skipping recipe productivebees:tconstruct/ender_slimy_bee, conditions not met
[18:59:38] [INFO] Skipping recipe bibliowoods:wood/vampirism_cursed_spruce/tool_rack, conditions not met
[18:59:38] [INFO] Skipping recipe bibliowoods:wood/cobblemon_apricorn/bookcase, conditions not met
[18:59:38] [INFO] Skipping recipe bibliobiomes:color/cyan/wood/biomesoplenty_magic/tall_seat_back, conditions not met
[18:59:38] [INFO] Skipping recipe farmingforblockheads:market/byg/incan_lily, conditions not met
[18:59:38] [INFO] Skipping recipe productivebees:thermal/machine/chiller/blaze_bee_to_blizz_bee, conditions not met
[18:59:38] [INFO] Skipping recipe bibliowoods:color/black/wood/deep_aether_cruderoot/display_case, conditions not met
[18:59:38] [INFO] Skipping recipe bibliobiomes:color/brown/wood/biomesoplenty_fir/raised_seat_back, conditions not met
[18:59:38] [INFO] Skipping recipe farmingforblockheads:market/croptopia/olive_seed, conditions not met
[18:59:38] [INFO] Skipping recipe enderdrives:ender_storage_component_4k_mega, conditions not met
[18:59:38] [INFO] Skipping recipe productivemetalworks:casting/gears/ftbmaterials/platinum, conditions not met
[18:59:38] [INFO] Skipping recipe reliquary:alkahestry_tome, conditions not met
[18:59:38] [INFO] Skipping recipe bibliobiomes:color/red/wood/biomesoplenty_maple/seat, conditions not met
[18:59:38] [INFO] Skipping recipe bibliowoods:color/white/wood/deep_aether_cruderoot/fancy_seat_back, conditions not met
[18:59:38] [INFO] Skipping recipe bibliobiomes:color/lime/wood/biomesoplenty_jacaranda/display_case, conditions not met
[18:59:38] [INFO] Skipping recipe bibliowoods:color/purple/wood/deep_aether_roseroot/seat, conditions not met
[18:59:38] [INFO] Skipping recipe bibliobiomes:color/pink/wood/biomesoplenty_magic/fancy_seat_back, conditions not met
[18:59:38] [INFO] Skipping recipe mysticalagriculture:seed/crafting/quartz_enriched_iron, conditions not met
[18:59:38] [INFO] Skipping recipe farmingforblockheads:market/thermal/hops_seeds, conditions not met
[18:59:38] [INFO] Skipping recipe mysticalagriculture:seed/crafting/slime, conditions not met
[18:59:38] [INFO] Skipping recipe bibliowoods:color/black/wood/werewolves_magic/tall_seat_back, conditions not met
[18:59:38] [INFO] Skipping recipe farmingforblockheads:market/simplefarming/apricot_sapling, conditions not met
[18:59:38] [INFO] Skipping recipe mysticalagriculture:seed/reprocessor/aquamarine, conditions not met
[18:59:38] [INFO] Skipping recipe dyenamics:thermal/rockwool/peach_rockwool, conditions not met
[18:59:38] [INFO] Skipping recipe productivebees:centrifuge/gems/honeycomb_ametrine, conditions not met
[18:59:38] [INFO] Skipping recipe create_aquatic_ambitions:channeling/upgrade_aquatic/branch_coral, conditions not met
[18:59:38] [INFO] Skipping recipe supplementaries:way_sign_oak/productivetrees/purpleheart, conditions not met
[18:59:38] [INFO] Skipping recipe bibliowoods:color/white/wood/vampirism_cursed_spruce/display_case, conditions not met
[18:59:38] [INFO] Skipping recipe bibliobiomes:color/white/wood/biomesoplenty_umbran/raised_seat_back, conditions not met
[18:59:38] [INFO] Skipping recipe bibliowoods:color/light_gray/wood/expandeddelight_cinnamon/display_case, conditions not met
[18:59:38] [INFO] Skipping recipe bibliobiomes:color/white/wood/biomesoplenty_empyreal/tall_seat_back, conditions not met
[18:59:38] [INFO] Skipping recipe farmingforblockheads:market/croptopia/blackbean_seed, conditions not met
[18:59:38] [INFO] Skipping recipe bibliobiomes:color/light_blue/wood/biomesoplenty_willow/tall_seat_back, conditions not met
[18:59:38] [INFO] Skipping recipe productivebees:thermal/machine/smelter/shellite_bee, conditions not met
[18:59:38] [INFO] Skipping recipe mysticalagriculture:souls/blizz_rod, conditions not met
[18:59:38] [INFO] Skipping recipe bibliobiomes:color/black/wood/biomesoplenty_empyreal/flat_seat_back, conditions not met
[18:59:38] [INFO] Skipping recipe bibliobiomes:wood/biomesoplenty_hellbark/fancy_armor_stand, conditions not met
[18:59:38] [INFO] Skipping recipe mysticalagriculture:seed/crafting/amethyst_bronze, conditions not met
[18:59:38] [INFO] Skipping recipe mekmm:compat/evolvedmekanism/factory/multiversal/oxidizing, conditions not met
[18:59:38] [INFO] Skipping recipe theurgy:liquefaction/alchemical_sulfur_logs_fig_from_logs_fig, conditions not met
[18:59:38] [INFO] Skipping recipe mysticalagriculture:essence/thermal/signalum_ingot, conditions not met
[18:59:38] [INFO] Skipping recipe theurgy:reformation/alchemical_sulfur_grongle_from_alchemical_niter_logs_abundant, conditions not met
[18:59:38] [INFO] Skipping recipe productivemetalworks:casting/storage_blocks/ftbmaterials/invar, conditions not met
[18:59:38] [INFO] Skipping recipe theurgy:reformation/alchemical_sulfur_greenonion_from_alchemical_sulfurs_crops_abundant, conditions not met
[18:59:38] [INFO] Skipping recipe bibliobiomes:color/pink/wood/biomesoplenty_fir/seat, conditions not met
[18:59:38] [INFO] Skipping recipe bibliowoods:color/gray/wood/deep_aether_cruderoot/fancy_seat_back, conditions not met
[18:59:38] [INFO] Skipping recipe bibliowoods:color/light_gray/wood/vampirism_cursed_spruce/display_case, conditions not met
[18:59:38] [INFO] Skipping recipe bibliobiomes:color/lime/wood/biomesoplenty_empyreal/seat, conditions not met
[18:59:38] [INFO] Skipping recipe theurgy:liquefaction/alchemical_sulfur_wigglewood_from_logs_wigglewood, conditions not met
[18:59:38] [INFO] Skipping recipe bibliowoods:wood/cobblemon_apricorn/potion_shelf, conditions not met
[18:59:38] [INFO] Skipping recipe supplementaries:integration/quiver_fd, conditions not met
[18:59:38] [INFO] Skipping recipe bibliobiomes:wood/biomesoplenty_magic/fancy_crafter, conditions not met
[18:59:38] [INFO] Skipping recipe bibliowoods:color/pink/wood/expandeddelight_cinnamon/raised_seat_back, conditions not met
[18:59:38] [INFO] Skipping recipe allthemodium:melting/salvage/unobtainium/unobtainium_from_hoe, conditions not met
[18:59:38] [INFO] Skipping recipe farmingforblockheads:market/croptopia/basil_seed, conditions not met
[18:59:38] [INFO] Skipping recipe bibliowoods:color/purple/wood/gtceu_rubber/tall_seat_back, conditions not met
[18:59:38] [INFO] Skipping recipe create:milling/compat/tconstruct/nercotic_bone, conditions not met
[18:59:38] [INFO] Skipping recipe mysticalagradditions:tconstruct/casting/soulium/nugget_sand_cast, conditions not met
[18:59:38] [INFO] Skipping recipe allthecompressed:compress/crushed_blackstone_8x, conditions not met
[18:59:38] [INFO] Skipping recipe supplementaries:way_sign_oak/productivetrees/wenge, conditions not met
[18:59:38] [INFO] Skipping recipe productivemetalworks:casting/storage_blocks/ftbmaterials/zinc, conditions not met
[18:59:38] [INFO] Skipping recipe bibliobiomes:color/orange/wood/biomesoplenty_jacaranda/seat, conditions not met
[18:59:38] [INFO] Skipping recipe allthecompressed:compress/crushed_blackstone_7x, conditions not met
[18:59:38] [INFO] Skipping recipe bibliowoods:color/cyan/wood/deep_aether_yagroot/display_case, conditions not met
[18:59:38] [INFO] Skipping recipe bibliowoods:color/black/wood/deep_aether_yagroot/tall_seat_back, conditions not met
[18:59:38] [INFO] Skipping recipe create:crushing/compat/silentgems/peridot_end_ore, conditions not met
[18:59:38] [INFO] Skipping recipe allthecompressed:compress/crushed_blackstone_6x, conditions not met
[18:59:38] [INFO] Skipping recipe productivebees:bee_produce/gems/morganite_bee, conditions not met
[18:59:38] [INFO] Skipping recipe bibliowoods:color/pink/wood/werewolves_jacaranda/display_case, conditions not met
[18:59:38] [INFO] Skipping recipe bibliowoods:color/yellow/wood/vampirism_dark_spruce/display_case, conditions not met
[18:59:38] [INFO] Skipping recipe create:cutting/compat/endergetic/glowing_poise_wood, conditions not met
[18:59:38] [INFO] Skipping recipe allthecompressed:compress/crushed_blackstone_5x, conditions not met
[18:59:38] [INFO] Skipping recipe allthecompressed:compress/crushed_blackstone_4x, conditions not met
[18:59:38] [INFO] Skipping recipe bibliowoods:color/orange/wood/werewolves_jacaranda/tall_seat_back, conditions not met
[18:59:38] [INFO] Skipping recipe allthecompressed:compress/crushed_blackstone_3x, conditions not met
[18:59:38] [INFO] Skipping recipe bibliowoods:color/black/wood/expandeddelight_cinnamon/tall_seat_back, conditions not met
[18:59:38] [INFO] Skipping recipe mekmm:compat/evolvedmekanism/factory/overclocked/lathing, conditions not met
[18:59:38] [INFO] Skipping recipe productivebees:hives/advanced_autumnity_maple_beehive_clear, conditions not met
[18:59:38] [INFO] Skipping recipe bibliobiomes:color/red/wood/biomesoplenty_palm/flat_seat_back, conditions not met
[18:59:38] [INFO] Skipping recipe allthecompressed:compress/crushed_blackstone_2x, conditions not met
[18:59:38] [INFO] Skipping recipe theurgy:liquefaction/alchemical_sulfur_certus_quartz_from_ores_certus_quartz, conditions not met
[18:59:38] [INFO] Skipping recipe productivebees:bee_produce/gems/cats_eye_bee, conditions not met
[18:59:38] [INFO] Skipping recipe allthecompressed:compress/crushed_blackstone_1x, conditions not met
[18:59:38] [INFO] Skipping recipe supplementaries:awnings/awning_green_2, conditions not met
[18:59:38] [INFO] Skipping recipe bibliowoods:color/gray/wood/vampirism_dark_spruce/tall_seat_back, conditions not met
[18:59:38] [INFO] Skipping recipe farmingforblockheads:market/trailandtales_delight/lantern_fruit_seeds, conditions not met
[18:59:38] [INFO] Skipping recipe bibliobiomes:color/red/wood/biomesoplenty_dead/display_case, conditions not met
[18:59:38] [INFO] Skipping recipe theurgy:distillation/other_minerals.mercury.medium, conditions not met
[18:59:38] [INFO] Skipping recipe bibliobiomes:color/purple/wood/biomesoplenty_maple/raised_seat_back, conditions not met
[18:59:38] [INFO] Skipping recipe supplementaries:way_sign_oak/productivetrees/copoazu, conditions not met
[18:59:38] [INFO] Skipping recipe bibliowoods:color/white/wood/deep_aether_yagroot/fancy_seat_back, conditions not met
[18:59:38] [INFO] Skipping recipe bibliowoods:color/yellow/wood/butchercraft_barn_wood/fancy_seat_back, conditions not met
[18:59:38] [INFO] Skipping recipe bibliowoods:color/purple/wood/deep_aether_conberry/fancy_seat_back, conditions not met
[18:59:38] [INFO] Skipping recipe bibliobiomes:color/gray/wood/biomesoplenty_empyreal/flat_seat_back, conditions not met
[18:59:38] [INFO] Skipping recipe bibliobiomes:color/pink/wood/biomesoplenty_magic/small_seat_back, conditions not met
[18:59:38] [INFO] Skipping recipe supplementaries:way_sign_oak/productivetrees/cultivated_pear, conditions not met
[18:59:38] [INFO] Skipping recipe productivebees:bee_produce/botania/manasteel_bee, conditions not met
[18:59:38] [INFO] Skipping recipe bibliowoods:color/white/wood/deep_aether_yagroot/small_seat_back, conditions not met
[18:59:38] [INFO] Skipping recipe bibliobiomes:color/yellow/wood/biomesoplenty_willow/seat, conditions not met
[18:59:38] [INFO] Skipping recipe bibliobiomes:color/white/wood/biomesoplenty_maple/display_case, conditions not met
[18:59:38] [INFO] Skipping recipe bibliowoods:color/brown/wood/butchercraft_barn_wood/tall_seat_back, conditions not met
[18:59:38] [INFO] Skipping recipe farmingforblockheads:market/byg/baobab_sapling, conditions not met
[18:59:38] [INFO] Skipping recipe bibliobiomes:color/pink/wood/biomesoplenty_dead/raised_seat_back, conditions not met
[18:59:38] [INFO] Skipping recipe bibliowoods:color/yellow/wood/vampirism_cursed_spruce/display_case, conditions not met
[18:59:38] [INFO] Skipping recipe bibliowoods:color/light_blue/wood/werewolves_magic/seat, conditions not met
[18:59:38] [INFO] Skipping recipe bibliobiomes:color/pink/wood/biomesoplenty_jacaranda/small_seat_back, conditions not met
[18:59:38] [INFO] Skipping recipe mekmm:compat/evolvedmekanism/factory/quantum/rolling_mill, conditions not met
[18:59:38] [INFO] Skipping recipe productivemetalworks:casting/nuggets/ftbmaterials/electrum, conditions not met
[18:59:38] [INFO] Skipping recipe create:crushing/compat/biomeswevegone/emeraldite_ore, conditions not met
[18:59:38] [INFO] Skipping recipe productivebees:hives/advanced_upgrade_aquatic_driftwood_beehive, conditions not met
[18:59:38] [INFO] Skipping recipe bibliobiomes:wood/biomesoplenty_dead/fancy_sign, conditions not met
[18:59:38] [INFO] Skipping recipe bibliowoods:color/purple/wood/extradelight_cinnamon/display_case, conditions not met
[18:59:38] [INFO] Skipping recipe supplementaries:way_sign_oak/eternal_starlight/lunar, conditions not met
[18:59:38] [INFO] Skipping recipe bigreactors:turbine/reinforced/shaft_alt, conditions not met
[18:59:38] [INFO] Skipping recipe supplementaries:way_sign_oak/productivetrees/foggy_blast, conditions not met
[18:59:38] [INFO] Skipping recipe farmingforblockheads:market/fruitsdelight/apple_sapling, conditions not met
[18:59:38] [INFO] Skipping recipe occultism:crushing/cobalt_dust_from_ore, conditions not met
[18:59:38] [INFO] Skipping recipe oritech:compat/energizedpower/assemblingmachine/solidbiofuel, conditions not met
[18:59:38] [INFO] Skipping recipe reliquary:alkahestry/crafting/end_stone, conditions not met
[18:59:38] [INFO] Skipping recipe bibliobiomes:color/blue/wood/biomesoplenty_hellbark/raised_seat_back, conditions not met
[18:59:38] [INFO] Skipping recipe mysticalagriculture:seed/crafting/certus_quartz, conditions not met
[18:59:38] [INFO] Skipping recipe sophisticatedstorage:storage_stack_upgrade_omega_tier_from_backpack_stack_upgrade_omega_tier, conditions not met
[18:59:38] [INFO] Skipping recipe bibliowoods:color/cyan/wood/deep_aether_yagroot/fancy_seat_back, conditions not met
[18:59:38] [INFO] Skipping recipe productivebees:bee_conversion/chemlib/erbium_bee, conditions not met
[18:59:38] [INFO] Skipping recipe occultism:miner/ores/ghastly_ore, conditions not met
[18:59:38] [INFO] Skipping recipe mysticalagriculture:seed/reprocessor/flux_infused_ingot, conditions not met
[18:59:38] [INFO] Skipping recipe bibliobiomes:color/magenta/wood/biomesoplenty_fir/display_case, conditions not met
[18:59:38] [INFO] Skipping recipe bibliobiomes:wood/biomesoplenty_mahogany/label, conditions not met
[18:59:38] [INFO] Skipping recipe farmingforblockheads:market/betterendforge/glowing_pillar_seed, conditions not met
[18:59:38] [INFO] Skipping recipe bibliowoods:wood/werewolves_jacaranda/shelf, conditions not met
[18:59:38] [INFO] Skipping recipe bibliowoods:color/orange/wood/werewolves_jacaranda/flat_seat_back, conditions not met
[18:59:38] [INFO] Skipping recipe bibliowoods:wood/werewolves_jacaranda/bookcase, conditions not met
[18:59:38] [INFO] Skipping recipe mekanism:compat/biomeswevegone/dye/large_pink, conditions not met
[18:59:38] [INFO] Skipping recipe bibliobiomes:color/white/wood/biomesoplenty_palm/fancy_seat_back, conditions not met
[18:59:38] [INFO] Skipping recipe silentgear:woodcutting/netherwood_slab, conditions not met
[18:59:38] [INFO] Skipping recipe mysticalagradditions:tconstruct/casting/tertium/nugget_sand_cast, conditions not met
[18:59:38] [INFO] Skipping recipe productivemetalworks:casting/ingots/ftbmaterials/electrum, conditions not met
[18:59:38] [INFO] Skipping recipe productivebees:bee_produce/tconstruct/sky_slimy_bee, conditions not met
[18:59:38] [INFO] Skipping recipe productivebees:bee_breeding/alloys/invar_bee, conditions not met
[18:59:38] [INFO] Skipping recipe bibliowoods:color/white/wood/werewolves_magic/small_seat_back, conditions not met
[18:59:38] [INFO] Skipping recipe mekanism:compat/biomeswevegone/pigment_extracting/orange, conditions not met
[18:59:38] [INFO] Skipping recipe productivemetalworks:melting/geore/platinum_shard, conditions not met
[18:59:38] [INFO] Skipping recipe farmingforblockheads:market/fruitsdelight/orange_sapling, conditions not met
[18:59:38] [INFO] Skipping recipe bibliowoods:color/brown/wood/deep_aether_cruderoot/seat, conditions not met
[18:59:38] [INFO] Skipping recipe bibliowoods:color/white/wood/werewolves_magic/fancy_seat_back, conditions not met
[18:59:38] [INFO] Skipping recipe bibliowoods:color/cyan/wood/deep_aether_sunroot/seat, conditions not met
[18:59:38] [INFO] Skipping recipe bibliobiomes:color/light_gray/wood/biomesoplenty_hellbark/seat, conditions not met
[18:59:38] [INFO] Skipping recipe mysticalagriculture:seed/crafting/phantom, conditions not met
[18:59:38] [INFO] Skipping recipe mysticalagriculture:essence/tconstruct/pig_iron_ingot, conditions not met
[18:59:38] [INFO] Skipping recipe bibliowoods:color/purple/wood/deep_aether_conberry/small_seat_back, conditions not met
[18:59:38] [INFO] Skipping recipe bibliobiomes:color/lime/wood/biomesoplenty_palm/display_case, conditions not met
[18:59:38] [INFO] Skipping recipe bibliowoods:color/yellow/wood/werewolves_jacaranda/flat_seat_back, conditions not met
[18:59:38] [INFO] Skipping recipe industrialforegoing:laser_drill_ore/raw_materials/ardite, conditions not met
[18:59:38] [INFO] Skipping recipe bibliowoods:color/pink/wood/deep_aether_cruderoot/tall_seat_back, conditions not met
[18:59:38] [INFO] Skipping recipe bibliowoods:color/purple/wood/deep_aether_conberry/seat, conditions not met
[18:59:38] [INFO] Skipping recipe bibliowoods:color/purple/wood/werewolves_jacaranda/display_case, conditions not met
[18:59:38] [INFO] Skipping recipe create:crushing/compat/thermal/apatite_ore, conditions not met
[18:59:38] [INFO] Skipping recipe productivemetalworks:casting/rods/ftbmaterials/tin, conditions not met
[18:59:38] [INFO] Skipping recipe bibliobiomes:wood/biomesoplenty_palm/label, conditions not met
[18:59:38] [INFO] Skipping recipe bibliowoods:color/magenta/wood/extradelight_cinnamon/tall_seat_back, conditions not met
[18:59:38] [INFO] Skipping recipe farmingforblockheads:market/croptopia/starfruit_sapling, conditions not met
[18:59:38] [INFO] Skipping recipe farmingforblockheads:market/fruitsdelight/pear_sapling, conditions not met
[18:59:38] [INFO] Skipping recipe productivebees:bee_conversion/gems/euclase_bee, conditions not met
[18:59:38] [INFO] Skipping recipe bibliobiomes:color/lime/wood/biomesoplenty_empyreal/display_case, conditions not met
[18:59:38] [INFO] Skipping recipe theurgy:incubation/logs_glacian_from_alchemical_sulfur_glacian, conditions not met
[18:59:38] [INFO] Skipping recipe create_aquatic_ambitions:channeling/upgrade_aquatic/pillow_rock_block, conditions not met
[18:59:38] [INFO] Skipping recipe bibliowoods:color/magenta/wood/extradelight_fruit/display_case, conditions not met
[18:59:38] [INFO] Skipping recipe productivebees:bee_produce/tconstruct/ichor_slimy_bee, conditions not met
[18:59:38] [INFO] Skipping recipe silentgear:woodcutting/stripped_netherwood_log, conditions not met
[18:59:38] [INFO] Skipping recipe bibliobiomes:color/red/wood/biomesoplenty_empyreal/seat, conditions not met
[18:59:38] [INFO] Skipping recipe allthemodium:casting/unobtainium_nugget, conditions not met
[18:59:38] [INFO] Skipping recipe ae2:matter_cannon/nuggets/lanthanum, conditions not met
[18:59:38] [INFO] Skipping recipe mysticalagriculture:seed/crafting/ruby, conditions not met
[18:59:38] [INFO] Skipping recipe bibliowoods:color/purple/wood/butchercraft_barn_wood/display_case, conditions not met
[18:59:38] [INFO] Skipping recipe bibliowoods:color/brown/wood/gtceu_rubber/flat_seat_back, conditions not met
[18:59:38] [INFO] Skipping recipe bibliowoods:color/cyan/wood/butchercraft_barn_wood/raised_seat_back, conditions not met
[18:59:38] [INFO] Skipping recipe farmingforblockheads:market/betternether/ink_bush_seed, conditions not met
[18:59:38] [INFO] Skipping recipe supplementaries:way_sign_oak/productivetrees/sweet_chestnut, conditions not met
[18:59:38] [INFO] Skipping recipe bibliobiomes:color/orange/wood/biomesoplenty_jacaranda/raised_seat_back, conditions not met
[18:59:38] [INFO] Skipping recipe occultism:miner/ores/charged_runium_ore, conditions not met
[18:59:38] [INFO] Skipping recipe bibliowoods:color/light_gray/wood/gtceu_treated_wood/display_case, conditions not met
[18:59:38] [INFO] Skipping recipe merrymaking:pine_mantel, conditions not met
[18:59:38] [INFO] Skipping recipe bibliowoods:color/pink/wood/deep_aether_roseroot/seat, conditions not met
[18:59:38] [INFO] Skipping recipe mysticalagradditions:tconstruct/casting/tertium/ingot_sand_cast, conditions not met
[18:59:38] [INFO] Skipping recipe bibliobiomes:color/purple/wood/biomesoplenty_dead/flat_seat_back, conditions not met
[18:59:38] [INFO] Skipping recipe mysticalagriculture:essence/botania/black_mystical_flower, conditions not met
[18:59:38] [INFO] Skipping recipe pneumaticcraft:block_heat_properties/decorative_blocks/brazier, conditions not met
[18:59:38] [INFO] Skipping recipe bibliowoods:color/cyan/wood/cobblemon_apricorn/display_case, conditions not met
[18:59:38] [INFO] Skipping recipe bibliowoods:color/light_gray/wood/vampirism_dark_spruce/seat, conditions not met
[18:59:38] [INFO] Skipping recipe supplementaries:way_sign_oak/productivetrees/star_anise, conditions not met
[18:59:38] [INFO] Skipping recipe bibliobiomes:color/orange/wood/biomesoplenty_pine/raised_seat_back, conditions not met
[18:59:38] [INFO] Skipping recipe bibliobiomes:color/light_gray/wood/biomesoplenty_dead/fancy_seat_back, conditions not met
[18:59:38] [INFO] Skipping recipe mekanism:compat/biomesoplenty/sawing/door/hellbark, conditions not met
[18:59:38] [INFO] Skipping recipe theurgy:incubation/logs_magic_from_alchemical_sulfur_magic, conditions not met
[18:59:38] [INFO] Skipping recipe farmingforblockheads:market/betterendforge/tenanea_sapling, conditions not met
[18:59:38] [INFO] Skipping recipe bibliowoods:color/light_blue/wood/deep_aether_roseroot/small_seat_back, conditions not met
[18:59:38] [INFO] Skipping recipe productivemetalworks:casting/high_powered_heating_coil, conditions not met
[18:59:38] [INFO] Skipping recipe dyenamics:thermal/rockwool/persimmon_rockwool, conditions not met
[18:59:38] [INFO] Skipping recipe gtceu:alloy_smelter/electrotine_bee, conditions not met
[18:59:38] [INFO] Skipping recipe bibliowoods:color/red/wood/werewolves_jacaranda/raised_seat_back, conditions not met
[18:59:38] [INFO] Skipping recipe mysticalagradditions:tconstruct/casting/soulium/ingot_sand_cast, conditions not met
[18:59:38] [INFO] Skipping recipe bibliowoods:color/red/wood/extradelight_fruit/display_case, conditions not met
[18:59:38] [INFO] Skipping recipe theurgy:reformation/alchemical_sulfur_hops_from_alchemical_niter_crops_abundant, conditions not met
[18:59:38] [INFO] Skipping recipe bibliowoods:color/black/wood/extradelight_cinnamon/seat, conditions not met
[18:59:38] [INFO] Skipping recipe bibliowoods:color/brown/wood/deep_aether_roseroot/seat, conditions not met
[18:59:38] [INFO] Skipping recipe bibliowoods:color/light_gray/wood/deep_aether_roseroot/seat, conditions not met
[18:59:38] [INFO] Skipping recipe bibliowoods:color/light_blue/wood/deep_aether_roseroot/fancy_seat_back, conditions not met
[18:59:38] [INFO] Skipping recipe bibliobiomes:color/black/wood/biomesoplenty_maple/display_case, conditions not met
[18:59:38] [INFO] Skipping recipe bibliobiomes:color/light_blue/wood/biomesoplenty_willow/flat_seat_back, conditions not met
[18:59:38] [INFO] Skipping recipe mekmm:compat/evolvedmekanism/factory/overclocked/stamping, conditions not met
[18:59:38] [INFO] Skipping recipe bibliowoods:color/black/wood/expandeddelight_cinnamon/small_seat_back, conditions not met
[18:59:38] [INFO] Skipping recipe occultism:crushing/graphite_dust_from_raw_block, conditions not met
[18:59:38] [INFO] Skipping recipe bibliobiomes:color/light_blue/wood/biomesoplenty_mahogany/seat, conditions not met
[18:59:38] [INFO] Skipping recipe theurgy:liquefaction/alchemical_sulfur_basil_from_crops_basil, conditions not met
[18:59:38] [INFO] Skipping recipe productivemetalworks:casting/storage_blocks/ftbmaterials/bronze, conditions not met
[18:59:38] [INFO] Skipping recipe productivemetalworks:casting/plates/ftbmaterials/netherite, conditions not met
[18:59:38] [INFO] Skipping recipe bibliobiomes:color/light_blue/wood/biomesoplenty_fir/display_case, conditions not met
[18:59:38] [INFO] Skipping recipe bibliobiomes:color/light_gray/wood/biomesoplenty_dead/small_seat_back, conditions not met
[18:59:38] [INFO] Skipping recipe productivebees:bee_produce/gems/benitoite_bee, conditions not met
[18:59:38] [INFO] Skipping recipe mysticalagradditions:tconstruct/tools/materials/prudentium/nugget, conditions not met
[18:59:38] [INFO] Skipping recipe mekanism:compat/biomesoplenty/pigment_extracting/large_white, conditions not met
[18:59:38] [INFO] Skipping recipe bibliobiomes:color/white/wood/biomesoplenty_palm/small_seat_back, conditions not met
[18:59:38] [INFO] Skipping recipe productivebees:bee_produce/tconstruct/manyullyn_bee, conditions not met
[18:59:38] [INFO] Skipping recipe bibliobiomes:color/purple/wood/biomesoplenty_empyreal/raised_seat_back, conditions not met
[18:59:38] [INFO] Skipping recipe bibliobiomes:color/orange/wood/biomesoplenty_willow/seat, conditions not met
[18:59:38] [INFO] Skipping recipe bibliowoods:color/light_blue/wood/vampirism_cursed_spruce/raised_seat_back, conditions not met
[18:59:38] [INFO] Skipping recipe bibliowoods:color/green/wood/butchercraft_barn_wood/tall_seat_back, conditions not met
[18:59:38] [INFO] Skipping recipe bibliobiomes:color/light_gray/wood/biomesoplenty_empyreal/fancy_seat_back, conditions not met
[18:59:38] [INFO] Skipping recipe productivebees:bee_produce/chemlib/thallium_bee, conditions not met
[18:59:38] [INFO] Skipping recipe supplementaries:way_sign_oak/minecraft/cherry, conditions not met
[18:59:38] [INFO] Skipping recipe bibliowoods:color/white/wood/deep_aether_cruderoot/small_seat_back, conditions not met
[18:59:38] [INFO] Skipping recipe supplementaries:way_sign_oak/productivetrees/allspice, conditions not met
[18:59:38] [INFO] Skipping recipe bibliowoods:color/purple/wood/gtceu_rubber/flat_seat_back, conditions not met
[18:59:38] [INFO] Recipe deeperdarker:resonarium_axe_smithing[minecraft:smithing_transform] failed to parse due to an error on component: Failed to read required component 'template: ingredient' - java.lang.IllegalStateException: Failed to parse either. First: Item array cannot be empty, at least one item must be defined; Second: Not a JSON object: []
[18:59:38] [INFO] Skipping recipe bibliowoods:color/cyan/wood/deep_aether_yagroot/small_seat_back, conditions not met
[18:59:38] [INFO] Skipping recipe productivebees:bee_produce/elementalcraft/fire_crystal_bee, conditions not met
[18:59:38] [INFO] Skipping recipe mysticalagriculture:seed/crafting/wither_skeleton, conditions not met
[18:59:38] [INFO] Skipping recipe mysticalagradditions:tconstruct/casting/imperium/block, conditions not met
[18:59:38] [INFO] Skipping recipe bibliobiomes:color/green/wood/biomesoplenty_maple/display_case, conditions not met
[18:59:38] [INFO] Skipping recipe mekanism:compat/biomesoplenty/sawing/trapdoor/jacaranda, conditions not met
[18:59:38] [INFO] Skipping recipe bibliowoods:color/brown/wood/werewolves_magic/seat, conditions not met
[18:59:38] [INFO] Skipping recipe bibliobiomes:color/gray/wood/biomesoplenty_maple/tall_seat_back, conditions not met
[18:59:38] [INFO] Skipping recipe oritech:compat/energizedpower/assemblingmachine/processingunit, conditions not met
[18:59:38] [INFO] Skipping recipe bibliowoods:color/white/wood/mynethersdelight_powdery/small_seat_back, conditions not met
[18:59:38] [INFO] Skipping recipe bibliowoods:color/light_gray/wood/deep_aether_sunroot/tall_seat_back, conditions not met
[18:59:38] [INFO] Skipping recipe farmingforblockheads:market/culturaldelights/eggplant_seeds, conditions not met
[18:59:38] [INFO] Skipping recipe productivebees:centrifuge/thermal_extra/honeycomb_twinite, conditions not met
[18:59:38] [INFO] Skipping recipe bibliowoods:color/white/wood/deep_aether_cruderoot/flat_seat_back, conditions not met
[18:59:38] [INFO] Skipping recipe theurgy:incubation/logs_canopy_tree_from_alchemical_sulfur_canopy_tree, conditions not met
[18:59:38] [INFO] Skipping recipe bibliobiomes:color/lime/wood/biomesoplenty_willow/small_seat_back, conditions not met
[18:59:38] [INFO] Skipping recipe bibliowoods:color/yellow/wood/werewolves_jacaranda/display_case, conditions not met
[18:59:38] [INFO] Skipping recipe toolbelt:belt_upgrade_2_via_sewing, conditions not met
[18:59:38] [INFO] Skipping recipe theurgy:liquefaction/alchemical_sulfur_hellbark_from_logs_hellbark, conditions not met
[18:59:38] [INFO] Skipping recipe bibliowoods:color/red/wood/expandeddelight_cinnamon/small_seat_back, conditions not met
[18:59:38] [INFO] Skipping recipe bibliobiomes:color/lime/wood/biomesoplenty_maple/small_seat_back, conditions not met
[18:59:38] [INFO] Skipping recipe bibliobiomes:color/pink/wood/biomesoplenty_pine/seat, conditions not met
[18:59:38] [INFO] Skipping recipe mysticalagriculture:seed/reprocessor/amethyst_bronze, conditions not met
[18:59:38] [INFO] Skipping recipe bibliowoods:color/blue/wood/vampirism_dark_spruce/display_case, conditions not met
[18:59:38] [INFO] Skipping recipe bibliowoods:color/magenta/wood/butchercraft_barn_wood/display_case, conditions not met
[18:59:38] [INFO] Skipping recipe bibliobiomes:color/white/wood/biomesoplenty_empyreal/seat, conditions not met
[18:59:38] [INFO] Skipping recipe theurgy:reformation/alchemical_sulfur_ostrum_from_alchemical_niter_metals_rare, conditions not met
[18:59:38] [INFO] Skipping recipe farmingforblockheads:market/byg/magenta_amaranth, conditions not met
[18:59:38] [INFO] Skipping recipe bibliobiomes:color/purple/wood/biomesoplenty_umbran/fancy_seat_back, conditions not met
[18:59:38] [INFO] Skipping recipe bibliobiomes:color/brown/wood/biomesoplenty_jacaranda/seat, conditions not met
[18:59:38] [INFO] Skipping recipe bibliowoods:color/black/wood/expandeddelight_cinnamon/seat, conditions not met
[18:59:38] [INFO] Skipping recipe bibliowoods:color/green/wood/vampirism_dark_spruce/seat, conditions not met
[18:59:38] [INFO] Skipping recipe productivebees:feywild/feywild_bee, conditions not met
[18:59:38] [INFO] Skipping recipe bibliowoods:color/pink/wood/deep_aether_roseroot/flat_seat_back, conditions not met
[18:59:38] [INFO] Skipping recipe bibliobiomes:color/gray/wood/biomesoplenty_umbran/small_seat_back, conditions not met
[18:59:38] [INFO] Skipping recipe bibliowoods:color/red/wood/expandeddelight_cinnamon/fancy_seat_back, conditions not met
[18:59:38] [INFO] Skipping recipe bibliobiomes:color/purple/wood/biomesoplenty_umbran/small_seat_back, conditions not met
[18:59:38] [INFO] Skipping recipe productivebees:tconstruct/soulsteel_bee, conditions not met
[18:59:38] [INFO] Skipping recipe bibliobiomes:color/white/wood/biomesoplenty_umbran/small_seat_back, conditions not met
[18:59:38] [INFO] Skipping recipe farmingforblockheads:market/croptopia/artichoke_seed, conditions not met
[18:59:38] [INFO] Skipping recipe mekanism:compat/biomesoplenty/sandstone_to_sand/orange, conditions not met
[18:59:38] [INFO] Skipping recipe bibliobiomes:color/black/wood/biomesoplenty_empyreal/seat, conditions not met
[18:59:38] [INFO] Skipping recipe bibliobiomes:color/pink/wood/biomesoplenty_dead/seat, conditions not met
[18:59:38] [INFO] Skipping recipe bibliowoods:wood/werewolves_magic/tool_rack, conditions not met
[18:59:38] [INFO] Skipping recipe bibliobiomes:color/red/wood/biomesoplenty_umbran/flat_seat_back, conditions not met
[18:59:38] [INFO] Skipping recipe bibliowoods:color/yellow/wood/deep_aether_yagroot/small_seat_back, conditions not met
[18:59:38] [INFO] Skipping recipe bibliobiomes:color/white/wood/biomesoplenty_redwood/flat_seat_back, conditions not met
[18:59:38] [INFO] Skipping recipe bibliobiomes:color/red/wood/biomesoplenty_willow/fancy_seat_back, conditions not met
[18:59:38] [INFO] Skipping recipe productivebees:bee_conversion/gems/apatite_bee, conditions not met
[18:59:38] [INFO] Skipping recipe bibliowoods:color/magenta/wood/vampirism_dark_spruce/display_case, conditions not met
[18:59:38] [INFO] Skipping recipe bibliowoods:color/purple/wood/deep_aether_cruderoot/tall_seat_back, conditions not met
[18:59:38] [INFO] Skipping recipe productivebees:centrifuge/l2hostility/honeycomb_miracle, conditions not met
[18:59:38] [INFO] Skipping recipe bibliobiomes:color/black/wood/biomesoplenty_jacaranda/display_case, conditions not met
[18:59:38] [INFO] Skipping recipe enderdrives:ender_storage_component_1k_vanilla, conditions not met
[18:59:38] [INFO] Skipping recipe mekanism:compat/biomeswevegone/dye/large_gray, conditions not met
[18:59:38] [INFO] Skipping recipe bibliobiomes:color/lime/wood/biomesoplenty_magic/display_case, conditions not met
[18:59:38] [INFO] Skipping recipe bibliobiomes:color/gray/wood/biomesoplenty_maple/flat_seat_back, conditions not met
[18:59:38] [INFO] Skipping recipe productivebees:block_conversion/botania/water_to_snow_block, conditions not met
[18:59:38] [INFO] Skipping recipe create:milling/compat/botania/red_petal, conditions not met
[18:59:38] [INFO] Skipping recipe farmingforblockheads:market/byg/golden_spined_cactus, conditions not met
[18:59:38] [INFO] Skipping recipe create_aquatic_ambitions:channeling/upgrade_aquatic/silk_coral_fan, conditions not met
[18:59:38] [INFO] Skipping recipe bibliobiomes:color/pink/wood/biomesoplenty_redwood/tall_seat_back, conditions not met
[18:59:38] [INFO] Skipping recipe productivebees:bee_produce/bloodmagic/hematophagous_bee, conditions not met
[18:59:38] [INFO] Skipping recipe bibliowoods:color/white/wood/deep_aether_cruderoot/tall_seat_back, conditions not met
[18:59:38] [INFO] Skipping recipe bibliowoods:color/blue/wood/deep_aether_roseroot/small_seat_back, conditions not met
[18:59:38] [INFO] Skipping recipe bibliowoods:color/purple/wood/deep_aether_sunroot/display_case, conditions not met
[18:59:38] [INFO] Skipping recipe mekmm:compat/evolvedmekanism/factory/creative/replicating, conditions not met
[18:59:38] [INFO] Skipping recipe supplementaries:way_sign_oak/productivetrees/aquilaria, conditions not met
[18:59:38] [INFO] Skipping recipe supplementaries:way_sign_oak/minecraft/acacia, conditions not met
[18:59:38] [INFO] Skipping recipe bibliowoods:color/white/wood/deep_aether_sunroot/flat_seat_back, conditions not met
[18:59:38] [INFO] Skipping recipe bibliobiomes:color/red/wood/biomesoplenty_hellbark/flat_seat_back, conditions not met
[18:59:38] [INFO] Skipping recipe bibliobiomes:color/light_blue/wood/biomesoplenty_pine/fancy_seat_back, conditions not met
[18:59:38] [INFO] Skipping recipe supplementaries:way_sign_oak/regions_unexplored/blue_bioshroom, conditions not met
[18:59:38] [INFO] Skipping recipe bibliowoods:color/pink/wood/deep_aether_roseroot/tall_seat_back, conditions not met
[18:59:38] [INFO] Skipping recipe bibliobiomes:color/purple/wood/biomesoplenty_redwood/tall_seat_back, conditions not met
[18:59:38] [INFO] Skipping recipe bibliobiomes:color/white/wood/biomesoplenty_umbran/fancy_seat_back, conditions not met
[18:59:38] [INFO] Skipping recipe bibliobiomes:color/light_blue/wood/biomesoplenty_pine/small_seat_back, conditions not met
[18:59:38] [INFO] Skipping recipe mekanism:compat/biomeswevegone/pigment_extracting/lime, conditions not met
[18:59:38] [INFO] Skipping recipe theurgy:liquefaction/alchemical_sulfur_glacian_from_logs_glacian, conditions not met
[18:59:38] [INFO] Skipping recipe bibliowoods:wood/gtceu_treated_wood/bookcase, conditions not met
[18:59:38] [INFO] Skipping recipe mysticalagriculture:seed/crafting/hop_graphite, conditions not met
[18:59:38] [INFO] Skipping recipe productivebees:hives/advanced_biomesoplenty_redwood_beehive_clear, conditions not met
[18:59:38] [INFO] Skipping recipe sophisticatedstorage:stack_upgrade_omega_tier, conditions not met
[18:59:38] [INFO] Skipping recipe mekmm:compat/ae2omnicells/stamper/multidimensional_expansion_circuit_print, conditions not met
[18:59:38] [INFO] Skipping recipe oritech:compat/energizedpower/alloyfurance/energite, conditions not met
[18:59:38] [INFO] Skipping recipe mysticalagriculture:seed/crafting/invar, conditions not met
[18:59:38] [INFO] Skipping recipe productivebees:expansion_boxes/expansion_box_upgrade_aquatic_river, conditions not met
[18:59:38] [INFO] Skipping recipe bibliobiomes:color/orange/wood/biomesoplenty_magic/display_case, conditions not met
[18:59:38] [INFO] Skipping recipe farmingforblockheads:market/thermal/green_bean_seeds, conditions not met
[18:59:38] [INFO] Skipping recipe theurgy:incubation/ingots_ostrum_from_alchemical_sulfur_ostrum, conditions not met
[18:59:38] [INFO] Skipping recipe theurgy:liquefaction/alchemical_sulfur_currant_from_crops_currant, conditions not met
[18:59:38] [INFO] Skipping recipe bibliowoods:color/white/wood/werewolves_jacaranda/display_case, conditions not met
[18:59:38] [INFO] Skipping recipe bibliobiomes:color/gray/wood/biomesoplenty_redwood/tall_seat_back, conditions not met
[18:59:38] [INFO] Skipping recipe supplementaries:way_sign_oak/aether/skyroot, conditions not met
[18:59:38] [INFO] Skipping recipe merrymaking:aged_pine_mantel, conditions not met
[18:59:38] [INFO] Skipping recipe bibliowoods:wood/werewolves_magic/fancy_armor_stand, conditions not met
[18:59:38] [INFO] Skipping recipe farmingforblockheads:market/outer_end/azure_grass, conditions not met
[18:59:38] [INFO] Skipping recipe mekanism:compat/biomeswevegone/pigment_extracting/black, conditions not met
[18:59:38] [INFO] Skipping recipe bibliobiomes:wood/biomesoplenty_palm/fancy_sign, conditions not met
[18:59:38] [INFO] Skipping recipe productivemetalworks:casting/plates/ftbmaterials/iron, conditions not met
[18:59:38] [INFO] Skipping recipe theurgy:fermentation/alchemical_niter_other_minerals_precious_using_seeds, conditions not met
[18:59:38] [INFO] Skipping recipe bibliowoods:wood/mynethersdelight_powdery/fancy_sign, conditions not met
[18:59:38] [INFO] Skipping recipe bibliowoods:color/white/wood/butchercraft_barn_wood/fancy_seat_back, conditions not met
[18:59:38] [INFO] Skipping recipe bibliobiomes:color/orange/wood/biomesoplenty_mahogany/raised_seat_back, conditions not met
[18:59:38] [INFO] Skipping recipe bibliowoods:color/black/wood/expandeddelight_cinnamon/flat_seat_back, conditions not met
[18:59:38] [INFO] Skipping recipe bibliowoods:wood/extradelight_cinnamon/shelf, conditions not met
[18:59:38] [INFO] Skipping recipe theurgy:reformation/alchemical_sulfur_glimmering_livingwood_from_alchemical_sulfurs_logs_abundant, conditions not met
[18:59:38] [INFO] Skipping recipe reliquary:bat_wing, conditions not met
[18:59:38] [INFO] Skipping recipe allthemodium:melting/salvage/unobtainium/unobtainium_from_axe, conditions not met
[18:59:38] [INFO] Skipping recipe bibliowoods:color/purple/wood/gtceu_rubber/raised_seat_back, conditions not met
[18:59:38] [INFO] Skipping recipe bibliobiomes:color/red/wood/biomesoplenty_hellbark/tall_seat_back, conditions not met
[18:59:38] [INFO] Skipping recipe bibliowoods:color/black/wood/deep_aether_cruderoot/fancy_seat_back, conditions not met
[18:59:38] [INFO] Skipping recipe bibliowoods:color/light_gray/wood/extradelight_fruit/seat, conditions not met
[18:59:38] [INFO] Skipping recipe farmingforblockheads:market/byg/cyan_amaranth, conditions not met
[18:59:38] [INFO] Skipping recipe bibliobiomes:color/light_blue/wood/biomesoplenty_fir/seat, conditions not met
[18:59:38] [INFO] Skipping recipe bibliowoods:color/brown/wood/vampirism_dark_spruce/seat, conditions not met
[18:59:38] [INFO] Skipping recipe bibliobiomes:color/blue/wood/biomesoplenty_fir/seat, conditions not met
[18:59:38] [INFO] Skipping recipe supplementaries:way_sign_oak/productivetrees/soursop, conditions not met
[18:59:38] [INFO] Skipping recipe mysticalagriculture:seed/crafting/osmium, conditions not met
[18:59:38] [INFO] Skipping recipe bibliobiomes:color/white/wood/biomesoplenty_mahogany/tall_seat_back, conditions not met
[18:59:38] [INFO] Skipping recipe bibliowoods:wood/vampirism_dark_spruce/fancy_crafter, conditions not met
[18:59:38] [INFO] Skipping recipe bibliowoods:color/purple/wood/werewolves_jacaranda/seat, conditions not met
[18:59:38] [INFO] Skipping recipe farmingforblockheads:market/betternether/whispering_gourd_vine, conditions not met
[18:59:38] [INFO] Skipping recipe productivebees:bee_produce/tconstruct/amethyst_bronze_bee, conditions not met
[18:59:38] [INFO] Skipping recipe bibliobiomes:color/light_blue/wood/biomesoplenty_jacaranda/raised_seat_back, conditions not met
[18:59:38] [INFO] Skipping recipe reliquary:alkahestry/charging/glowstone, conditions not met
[18:59:38] [INFO] Skipping recipe bibliobiomes:color/green/wood/biomesoplenty_pine/fancy_seat_back, conditions not met
[18:59:38] [INFO] Skipping recipe oritech:compat/energizedpower/alloyfurance/copper_gems, conditions not met
[18:59:38] [INFO] Skipping recipe supplementaries:ash_soot, conditions not met
[18:59:38] [INFO] Skipping recipe bibliowoods:color/lime/wood/cobblemon_apricorn/seat, conditions not met
[18:59:38] [INFO] Skipping recipe bibliowoods:color/purple/wood/deep_aether_roseroot/raised_seat_back, conditions not met
[18:59:38] [INFO] Skipping recipe bibliowoods:color/light_gray/wood/expandeddelight_cinnamon/fancy_seat_back, conditions not met
[18:59:38] [INFO] Skipping recipe bibliowoods:color/cyan/wood/extradelight_cinnamon/display_case, conditions not met
[18:59:38] [INFO] Skipping recipe bibliowoods:color/red/wood/mynethersdelight_powdery/raised_seat_back, conditions not met
[18:59:38] [INFO] Skipping recipe farmingforblockheads:market/croptopia/mango_sapling, conditions not met
[18:59:38] [INFO] Skipping recipe bibliowoods:wood/gtceu_rubber/fancy_crafter, conditions not met
[18:59:38] [INFO] Skipping recipe farmingforblockheads:market/byg/hydrangea_bush, conditions not met
[18:59:38] [INFO] Skipping recipe bibliowoods:color/pink/wood/gtceu_treated_wood/seat, conditions not met
[18:59:38] [INFO] Skipping recipe productivebees:bee_produce/chemlib/ruthenium_bee, conditions not met
[18:59:38] [INFO] Skipping recipe productivebees:centrifuge/tconstruct/honeycomb_sky_slimy, conditions not met
[18:59:38] [INFO] Skipping recipe bibliobiomes:wood/biomesoplenty_redwood/grandfather_clock, conditions not met
[18:59:38] [INFO] Skipping recipe bibliobiomes:color/green/wood/biomesoplenty_empyreal/raised_seat_back, conditions not met
[18:59:38] [INFO] Skipping recipe bibliowoods:color/brown/wood/extradelight_cinnamon/seat, conditions not met
[18:59:38] [INFO] Skipping recipe bibliobiomes:color/green/wood/biomesoplenty_hellbark/flat_seat_back, conditions not met
[18:59:38] [INFO] Skipping recipe theurgy:reformation/alchemical_sulfur_rubberwood_from_alchemical_niter_logs_abundant, conditions not met
[18:59:38] [INFO] Skipping recipe bibliowoods:color/gray/wood/butchercraft_barn_wood/display_case, conditions not met
[18:59:38] [INFO] Skipping recipe bibliowoods:color/blue/wood/cobblemon_apricorn/seat, conditions not met
[18:59:38] [INFO] Skipping recipe bibliowoods:wood/deep_aether_yagroot/table, conditions not met
[18:59:38] [INFO] Skipping recipe enderdrives:ender_storage_component_4k_vanilla, conditions not met
[18:59:38] [INFO] Skipping recipe productivemetalworks:casting/gears/ftbmaterials/zinc, conditions not met
[18:59:38] [INFO] Skipping recipe bibliobiomes:color/pink/wood/biomesoplenty_palm/flat_seat_back, conditions not met
[18:59:38] [INFO] Skipping recipe allthecompressed:compress/crushed_blackstone_9x, conditions not met
[18:59:38] [INFO] Skipping recipe mysticalagriculture:seed/reprocessor/hepatizon, conditions not met
[18:59:38] [INFO] Skipping recipe bibliobiomes:color/green/wood/biomesoplenty_pine/small_seat_back, conditions not met
[18:59:38] [INFO] Skipping recipe productivebees:bee_produce/gems/malachite_bee, conditions not met
[18:59:38] [INFO] Skipping recipe bibliobiomes:color/yellow/wood/biomesoplenty_fir/display_case, conditions not met
[18:59:38] [INFO] Skipping recipe bibliowoods:color/gray/wood/vampirism_cursed_spruce/fancy_seat_back, conditions not met
[18:59:38] [INFO] Skipping recipe bibliowoods:color/yellow/wood/deep_aether_yagroot/fancy_seat_back, conditions not met
[18:59:38] [INFO] Skipping recipe bibliowoods:color/light_gray/wood/deep_aether_sunroot/flat_seat_back, conditions not met
[18:59:38] [INFO] Skipping recipe mysticalagradditions:tconstruct/casting/prudentium/nugget_gold_cast, conditions not met
[18:59:38] [INFO] Skipping recipe supplementaries:way_sign_oak/productivetrees/sweetgum, conditions not met
[18:59:38] [INFO] Skipping recipe bibliowoods:color/red/wood/gtceu_rubber/display_case, conditions not met
[18:59:38] [INFO] Skipping recipe supplementaries:way_sign_oak/productivetrees/salak, conditions not met
[18:59:38] [INFO] Skipping recipe theurgy:incubation/crops_currant_from_alchemical_sulfur_currant, conditions not met
[18:59:38] [INFO] Skipping recipe productivebees:astralsorcery/starmetal_bee, conditions not met
[18:59:38] [INFO] Skipping recipe theurgy:reformation/alchemical_sulfur_yam_from_alchemical_sulfurs_crops_abundant, conditions not met
[18:59:38] [INFO] Skipping recipe productivebees:bee_produce/chemlib/zirconium_bee, conditions not met
[18:59:38] [INFO] Skipping recipe bibliowoods:color/gray/wood/cobblemon_apricorn/display_case, conditions not met
[18:59:38] [INFO] Skipping recipe supplementaries:dispenser_minecart_quark, conditions not met
[18:59:38] [INFO] Skipping recipe bibliowoods:color/lime/wood/extradelight_cinnamon/tall_seat_back, conditions not met
[18:59:38] [INFO] Skipping recipe bibliowoods:color/red/wood/deep_aether_cruderoot/seat, conditions not met
[18:59:38] [INFO] Skipping recipe ae2:matter_cannon/nuggets/chicken, conditions not met
[18:59:38] [INFO] Skipping recipe farmingforblockheads:market/ic2/rubber_sapling, conditions not met
[18:59:38] [INFO] Skipping recipe bibliowoods:color/blue/wood/extradelight_fruit/seat, conditions not met
[18:59:38] [INFO] Skipping recipe reliquary:alkahestry/crafting/soul_sand, conditions not met
[18:59:38] [INFO] Skipping recipe productivebees:bee_produce/gems/sunstone_bee, conditions not met
[18:59:38] [INFO] Skipping recipe theurgy:reformation/alchemical_sulfur_azalea_from_alchemical_niter_logs_abundant, conditions not met
[18:59:38] [INFO] Skipping recipe bibliowoods:color/light_blue/wood/deep_aether_roseroot/raised_seat_back, conditions not met
[18:59:38] [INFO] Skipping recipe enderdrives:ender_disk_256k_mega, conditions not met
[18:59:38] [INFO] Skipping recipe productivemetalworks:melting/geore/lead_shard, conditions not met
[18:59:38] [INFO] Skipping recipe bibliowoods:color/blue/wood/butchercraft_barn_wood/display_case, conditions not met
[18:59:38] [INFO] Skipping recipe productivebees:centrifuge/botania/honeycomb_terrasteel, conditions not met
[18:59:38] [INFO] Skipping recipe theurgy:reformation/alchemical_sulfur_glimmering_dreamwood_from_alchemical_niter_logs_abundant, conditions not met
[18:59:38] [INFO] Skipping recipe bibliowoods:color/purple/wood/vampirism_dark_spruce/small_seat_back, conditions not met
[18:59:38] [INFO] Skipping recipe bibliowoods:color/black/wood/deep_aether_conberry/raised_seat_back, conditions not met
[18:59:38] [INFO] Skipping recipe bibliowoods:color/white/wood/deep_aether_yagroot/display_case, conditions not met
[18:59:38] [INFO] Skipping recipe allthemodium:melting/allthemodium_from_nugget, conditions not met
[18:59:38] [INFO] Skipping recipe supplementaries:way_sign_oak/productivetrees/night_fuchsia, conditions not met
[18:59:38] [INFO] Skipping recipe mysticalagriculture:seed/infusion/rose_gold, conditions not met
[18:59:38] [INFO] Skipping recipe productivebees:bee_breeding/chemlib/silicium_bee, conditions not met
[18:59:38] [INFO] Skipping recipe bibliowoods:color/purple/wood/vampirism_dark_spruce/fancy_seat_back, conditions not met
[18:59:38] [INFO] Skipping recipe bibliobiomes:color/blue/wood/biomesoplenty_fir/small_seat_back, conditions not met
[18:59:38] [INFO] Skipping recipe bibliowoods:color/gray/wood/werewolves_jacaranda/seat, conditions not met
[18:59:38] [INFO] Skipping recipe create:milling/compat/environmental/bird_of_paradise, conditions not met
[18:59:38] [INFO] Skipping recipe bibliobiomes:color/orange/wood/biomesoplenty_redwood/raised_seat_back, conditions not met
[18:59:38] [INFO] Skipping recipe farmingforblockheads:market/betternether/nether_sakura_sapling, conditions not met
[18:59:38] [INFO] Skipping recipe bibliowoods:color/white/wood/butchercraft_barn_wood/small_seat_back, conditions not met
[18:59:38] [INFO] Skipping recipe bibliobiomes:color/light_gray/wood/biomesoplenty_mahogany/raised_seat_back, conditions not met
[18:59:38] [INFO] Skipping recipe productivemetalworks:melting/geore/gold_block, conditions not met
[18:59:38] [INFO] Skipping recipe bibliobiomes:color/green/wood/biomesoplenty_pine/flat_seat_back, conditions not met
[18:59:38] [INFO] Skipping recipe farmingforblockheads:market/betterendforge/mossy_dragon_bone, conditions not met
[18:59:38] [INFO] Skipping recipe bibliowoods:color/purple/wood/deep_aether_cruderoot/flat_seat_back, conditions not met
[18:59:38] [INFO] Skipping recipe bibliobiomes:color/blue/wood/biomesoplenty_fir/fancy_seat_back, conditions not met
[18:59:38] [INFO] Skipping recipe bibliowoods:color/white/wood/vampirism_cursed_spruce/tall_seat_back, conditions not met
[18:59:38] [INFO] Skipping recipe bibliowoods:color/pink/wood/deep_aether_conberry/small_seat_back, conditions not met
[18:59:38] [INFO] Skipping recipe bibliobiomes:color/light_gray/wood/biomesoplenty_hellbark/flat_seat_back, conditions not met
[18:59:38] [INFO] Skipping recipe bibliobiomes:color/black/wood/biomesoplenty_willow/small_seat_back, conditions not met
[18:59:38] [INFO] Skipping recipe bibliowoods:color/magenta/wood/expandeddelight_cinnamon/fancy_seat_back, conditions not met
[18:59:38] [INFO] Skipping recipe create:milling/compat/biomesoplenty/white_lavender, conditions not met
[18:59:38] [INFO] Skipping recipe farmingforblockheads:market/byg/brown_zelkova_sapling, conditions not met
[18:59:38] [INFO] Skipping recipe megacells:cells/standard/experience_storage_cell_1m_disassembly, conditions not met
[18:59:38] [INFO] Skipping recipe mekmm:compat/kaleidoscope_cookery/planting/lettuce, conditions not met
[18:59:38] [INFO] Skipping recipe occultism:crushing/antimony_dirty_dust_from_clump, conditions not met
[18:59:38] [INFO] Skipping recipe theurgy:liquefaction/alchemical_sulfur_blackbean_from_crops_blackbean, conditions not met
[18:59:38] [INFO] Skipping recipe productivemetalworks:casting/gears/ftbmaterials/brass, conditions not met
[18:59:38] [INFO] Skipping recipe mysticalagriculture:seed/crafting/sheep, conditions not met
[18:59:38] [INFO] Skipping recipe theurgy:fermentation/alchemical_niter_other_minerals_precious_using_logs, conditions not met
[18:59:38] [INFO] Skipping recipe productivebees:bee_breeding/chemlib/cerium_bee, conditions not met
[18:59:38] [INFO] Skipping recipe bibliowoods:color/pink/wood/butchercraft_barn_wood/raised_seat_back, conditions not met
[18:59:38] [INFO] Skipping recipe bibliobiomes:color/pink/wood/biomesoplenty_willow/seat, conditions not met
[18:59:38] [INFO] Skipping recipe bibliowoods:color/orange/wood/deep_aether_yagroot/small_seat_back, conditions not met
[18:59:38] [INFO] Skipping recipe productivebees:alchemistry/combiner/roentgenium_bee, conditions not met
[18:59:38] [INFO] Skipping recipe productivemetalworks:melting/rods/crimson_iron, conditions not met
[18:59:38] [INFO] Skipping recipe farmingforblockheads:market/betterendforge/shadow_grass, conditions not met
[18:59:38] [INFO] Skipping recipe immersiveengineering:metalpress/wire_osmium, conditions not met
[18:59:38] [INFO] Skipping recipe productivebees:hives/advanced_biomesoplenty_jacaranda_beehive, conditions not met
[18:59:38] [INFO] Skipping recipe bibliobiomes:color/yellow/wood/biomesoplenty_empyreal/small_seat_back, conditions not met
[18:59:38] [INFO] Skipping recipe bibliobiomes:color/black/wood/biomesoplenty_maple/tall_seat_back, conditions not met
[18:59:38] [INFO] Skipping recipe bibliowoods:color/gray/wood/extradelight_fruit/small_seat_back, conditions not met
[18:59:38] [INFO] Skipping recipe create:crushing/compat/biomeswevegone/cryptic_redstone_ore, conditions not met
[18:59:38] [INFO] Skipping recipe bibliowoods:wood/gtceu_rubber/potion_shelf, conditions not met
[18:59:38] [INFO] Skipping recipe bibliowoods:color/lime/wood/deep_aether_cruderoot/seat, conditions not met
[18:59:38] [INFO] Skipping recipe mysticalagradditions:tconstruct/tools/casting/soulium, conditions not met
[18:59:38] [INFO] Skipping recipe productivebees:expansion_boxes/expansion_box_biomesoplenty_palm, conditions not met
[18:59:38] [INFO] Skipping recipe theurgy:liquefaction/alchemical_sulfur_starlit_from_logs_starlit, conditions not met
[18:59:38] [INFO] Skipping recipe supplementaries:awnings/awning_light_blue_2, conditions not met
[18:59:38] [INFO] Skipping recipe bibliowoods:wood/vampirism_cursed_spruce/label, conditions not met
[18:59:38] [INFO] Skipping recipe oritech:compat/energizedpower/assemblingmachine/blazerod, conditions not met
[18:59:38] [INFO] Skipping recipe allthemodium:casting/vibranium_block, conditions not met
[18:59:38] [INFO] Skipping recipe mekmm:compat/evolvedmekanism/factory/overclocked/rolling_mill, conditions not met
[18:59:38] [INFO] Skipping recipe bibliowoods:color/white/wood/vampirism_dark_spruce/tall_seat_back, conditions not met
[18:59:38] [INFO] Skipping recipe bibliowoods:wood/vampirism_dark_spruce/bookcase, conditions not met
[18:59:38] [INFO] Skipping recipe mekanism:compat/biomesoplenty/dye/white, conditions not met
[18:59:38] [INFO] Skipping recipe bibliobiomes:color/white/wood/biomesoplenty_jacaranda/tall_seat_back, conditions not met
[18:59:38] [INFO] Skipping recipe bibliowoods:color/red/wood/gtceu_treated_wood/tall_seat_back, conditions not met
[18:59:38] [INFO] Skipping recipe mysticalagriculture:seed/crafting/apatite, conditions not met
[18:59:38] [INFO] Skipping recipe bibliowoods:color/green/wood/deep_aether_cruderoot/raised_seat_back, conditions not met
[18:59:38] [INFO] Skipping recipe bibliobiomes:color/yellow/wood/biomesoplenty_pine/seat, conditions not met
[18:59:38] [INFO] Skipping recipe bibliobiomes:color/magenta/wood/biomesoplenty_palm/display_case, conditions not met
[18:59:38] [INFO] Skipping recipe bibliowoods:color/magenta/wood/cobblemon_apricorn/display_case, conditions not met
[18:59:38] [INFO] Skipping recipe bibliobiomes:color/cyan/wood/biomesoplenty_umbran/raised_seat_back, conditions not met
[18:59:38] [INFO] Skipping recipe bibliobiomes:wood/biomesoplenty_maple/shelf, conditions not met
[18:59:38] [INFO] Skipping recipe bibliobiomes:color/yellow/wood/biomesoplenty_empyreal/display_case, conditions not met
[18:59:38] [INFO] Skipping recipe supplementaries:way_sign_oak/regions_unexplored/cobalt, conditions not met
[18:59:38] [INFO] Skipping recipe mekanism:compat/biomesoplenty/dye/magenta, conditions not met
[18:59:38] [INFO] Skipping recipe productivebees:bee_produce/thermal/basalz_bee, conditions not met
[18:59:38] [INFO] Skipping recipe productivebees:alchemistry/dissolver/radium_bee, conditions not met
[18:59:38] [INFO] Skipping recipe farmingforblockheads:market/thermal/eggplant_seeds, conditions not met
[18:59:38] [INFO] Skipping recipe bibliowoods:color/blue/wood/extradelight_cinnamon/raised_seat_back, conditions not met
[18:59:38] [INFO] Skipping recipe productivebees:bee_produce/tconstruct/rose_gold_bee, conditions not met
[18:59:38] [INFO] Skipping recipe bibliobiomes:color/gray/wood/biomesoplenty_hellbark/display_case, conditions not met
[18:59:38] [INFO] Skipping recipe bibliowoods:color/purple/wood/werewolves_jacaranda/raised_seat_back, conditions not met
[18:59:38] [INFO] Skipping recipe bibliobiomes:color/black/wood/biomesoplenty_empyreal/tall_seat_back, conditions not met
[18:59:38] [INFO] Skipping recipe bibliowoods:color/cyan/wood/werewolves_magic/fancy_seat_back, conditions not met
[18:59:38] [INFO] Skipping recipe theurgy:incubation/logs_skyroot_from_alchemical_sulfur_skyroot, conditions not met
[18:59:38] [INFO] Skipping recipe bibliowoods:color/pink/wood/deep_aether_roseroot/raised_seat_back, conditions not met
[18:59:38] [INFO] Skipping recipe bibliowoods:color/black/wood/extradelight_fruit/seat, conditions not met
[18:59:38] [INFO] Skipping recipe bibliowoods:color/pink/wood/extradelight_cinnamon/display_case, conditions not met
[18:59:38] [INFO] Skipping recipe bibliowoods:color/magenta/wood/gtceu_rubber/display_case, conditions not met
[18:59:38] [INFO] Skipping recipe mysticalagriculture:seed/infusion/slimesteel, conditions not met
[18:59:38] [INFO] Skipping recipe bibliobiomes:color/green/wood/biomesoplenty_dead/tall_seat_back, conditions not met
[18:59:38] [INFO] Skipping recipe bibliowoods:color/white/wood/werewolves_magic/tall_seat_back, conditions not met
[18:59:38] [INFO] Skipping recipe mekanism:compat/biomesoplenty/pigment_extracting/gray, conditions not met
[18:59:38] [INFO] Skipping recipe productivebees:bee_produce/thermal/energized_glowstone, conditions not met
[18:59:38] [INFO] Skipping recipe bibliowoods:color/yellow/wood/werewolves_magic/seat, conditions not met
[18:59:38] [INFO] Skipping recipe bibliobiomes:color/black/wood/biomesoplenty_maple/flat_seat_back, conditions not met
[18:59:38] [INFO] Skipping recipe create:milling/compat/atmospheric/warm_monkey_brush, conditions not met
[18:59:38] [INFO] Skipping recipe theurgy:reformation/alchemical_sulfur_walnut_from_alchemical_niter_logs_abundant, conditions not met
[18:59:38] [INFO] Skipping recipe farmingforblockheads:market/tropicraft/lemon_sapling, conditions not met
[18:59:38] [INFO] Skipping recipe bibliowoods:color/orange/wood/deep_aether_yagroot/fancy_seat_back, conditions not met
[18:59:38] [INFO] Skipping recipe bibliowoods:color/magenta/wood/butchercraft_barn_wood/flat_seat_back, conditions not met
[18:59:38] [INFO] Skipping recipe bibliowoods:color/gray/wood/extradelight_fruit/raised_seat_back, conditions not met
[18:59:38] [INFO] Skipping recipe bibliowoods:color/white/wood/werewolves_magic/display_case, conditions not met
[18:59:38] [INFO] Skipping recipe bibliobiomes:color/gray/wood/biomesoplenty_pine/display_case, conditions not met
[18:59:38] [INFO] Skipping recipe bibliobiomes:color/green/wood/biomesoplenty_fir/flat_seat_back, conditions not met
[18:59:38] [INFO] Skipping recipe create:milling/compat/environmental/white_delphinium, conditions not met
[18:59:38] [INFO] Skipping recipe theurgy:liquefaction/alchemical_sulfur_desh_from_ores_desh, conditions not met
[18:59:38] [INFO] Skipping recipe bibliowoods:color/pink/wood/deep_aether_conberry/fancy_seat_back, conditions not met
[18:59:38] [INFO] Skipping recipe create:crushing/compat/silentgems/carnelian_end_ore, conditions not met
[18:59:38] [INFO] Skipping recipe bibliowoods:color/lime/wood/vampirism_cursed_spruce/small_seat_back, conditions not met
[18:59:38] [INFO] Skipping recipe bibliowoods:color/white/wood/vampirism_dark_spruce/flat_seat_back, conditions not met
[18:59:38] [INFO] Skipping recipe productivebees:bee_produce/chemlib/palladium_bee, conditions not met
[18:59:38] [INFO] Skipping recipe bibliobiomes:color/red/wood/biomesoplenty_fir/raised_seat_back, conditions not met
[18:59:38] [INFO] Skipping recipe bibliowoods:color/purple/wood/gtceu_treated_wood/flat_seat_back, conditions not met
[18:59:38] [INFO] Skipping recipe ae2:matter_cannon/nuggets/iodine, conditions not met
[18:59:38] [INFO] Skipping recipe bibliowoods:color/pink/wood/deep_aether_roseroot/display_case, conditions not met
[18:59:38] [INFO] Skipping recipe pneumaticcraft:block_heat_properties/byg/cryptic_magma, conditions not met
[18:59:38] [INFO] Skipping recipe bibliobiomes:color/pink/wood/biomesoplenty_dead/display_case, conditions not met
[18:59:38] [INFO] Skipping recipe create:crushing/compat/elementaryores/ore_lapis_nether, conditions not met
[18:59:38] [INFO] Skipping recipe create_aquatic_ambitions:channeling/upgrade_aquatic/rock_coral, conditions not met
[18:59:38] [INFO] Skipping recipe bibliowoods:color/light_gray/wood/extradelight_cinnamon/raised_seat_back, conditions not met
[18:59:38] [INFO] Skipping recipe bibliobiomes:color/cyan/wood/biomesoplenty_fir/seat, conditions not met
[18:59:38] [INFO] Skipping recipe bibliowoods:color/green/wood/extradelight_cinnamon/seat, conditions not met
[18:59:38] [INFO] Skipping recipe productivemetalworks:casting/plates/ftbmaterials/electrum, conditions not met
[18:59:38] [INFO] Skipping recipe bibliobiomes:color/blue/wood/biomesoplenty_mahogany/seat, conditions not met
[18:59:38] [INFO] Skipping recipe farmingforblockheads:market/byg/orange_amaranth, conditions not met
[18:59:38] [INFO] Skipping recipe bibliobiomes:color/black/wood/biomesoplenty_redwood/display_case, conditions not met
[18:59:38] [INFO] Skipping recipe productivemetalworks:melting/rods/blaze_gold, conditions not met
[18:59:38] [INFO] Skipping recipe theurgy:reformation/alchemical_sulfur_transwood_from_alchemical_sulfurs_logs_abundant, conditions not met
[18:59:38] [INFO] Skipping recipe productivebees:centrifuge/elementalcraft/honeycomb_fire_crystal, conditions not met
[18:59:38] [INFO] Skipping recipe mekmm:compat/evolvedmekanism/factory/multiversal/crystallizing, conditions not met
[18:59:38] [INFO] Skipping recipe farmingforblockheads:market/simplefarming/ginger_seeds, conditions not met
[18:59:38] [INFO] Skipping recipe enderdrives:ender_disk_1k_mega, conditions not met
[18:59:38] [INFO] Skipping recipe supplementaries:way_sign_oak/productivetrees/boxwood, conditions not met
[18:59:38] [INFO] Skipping recipe create:milling/compat/biomesoplenty/orange_cosmos, conditions not met
[18:59:38] [INFO] Skipping recipe bibliobiomes:wood/biomesoplenty_mahogany/shelf, conditions not met
[18:59:38] [INFO] Skipping recipe bibliobiomes:color/cyan/wood/biomesoplenty_maple/seat, conditions not met
[18:59:38] [INFO] Skipping recipe supplementaries:way_sign_oak/productivetrees/tuscarora_crepe_myrtle, conditions not met
[18:59:38] [INFO] Skipping recipe farmingforblockheads:market/byg/tall_allium, conditions not met
[18:59:38] [INFO] Skipping recipe productivebees:thermal/shapeless/shellite_bee, conditions not met
[18:59:38] [INFO] Skipping recipe bibliowoods:color/pink/wood/werewolves_magic/small_seat_back, conditions not met
[18:59:38] [INFO] Skipping recipe actuallyadditions:mininglens/elementsofpower/agate_ore, conditions not met
[18:59:38] [INFO] Skipping recipe productivebees:alchemistry/combiner/moscovium_bee, conditions not met
[18:59:38] [INFO] Skipping recipe theurgy:incubation/logs_wolfberry_from_alchemical_sulfur_wolfberry, conditions not met
[18:59:38] [INFO] Skipping recipe theurgy:incubation/logs_jacaranda_from_alchemical_sulfur_jacaranda, conditions not met
[18:59:38] [INFO] Skipping recipe bibliowoods:color/cyan/wood/werewolves_magic/small_seat_back, conditions not met
[18:59:38] [INFO] Skipping recipe mekanism:compat/biomeswevegone/pigment_extracting/red, conditions not met
[18:59:38] [INFO] Skipping recipe mysticalagradditions:tconstruct/casting/prudentium/block, conditions not met
[18:59:38] [INFO] Skipping recipe bibliobiomes:color/orange/wood/biomesoplenty_magic/seat, conditions not met
[18:59:38] [INFO] Skipping recipe bibliobiomes:color/green/wood/biomesoplenty_dead/flat_seat_back, conditions not met
[18:59:38] [INFO] Skipping recipe bibliowoods:color/cyan/wood/cobblemon_apricorn/small_seat_back, conditions not met
[18:59:38] [INFO] Skipping recipe bibliowoods:wood/extradelight_fruit/fancy_armor_stand, conditions not met
[18:59:38] [INFO] Skipping recipe bibliowoods:color/white/wood/werewolves_magic/flat_seat_back, conditions not met
[18:59:38] [INFO] Skipping recipe bibliobiomes:color/purple/wood/biomesoplenty_redwood/flat_seat_back, conditions not met
[18:59:38] [INFO] Skipping recipe expandedae:crafting/exp_pattern_provider_ae, conditions not met
[18:59:38] [INFO] Skipping recipe farmingforblockheads:market/biomesoplenty/magic_sapling, conditions not met
[18:59:38] [INFO] Skipping recipe theurgy:reformation/alchemical_sulfur_tea_leaves_from_alchemical_niter_crops_abundant, conditions not met
[18:59:38] [INFO] Skipping recipe farmingforblockheads:market/tropicraft/red_anthurium, conditions not met
[18:59:38] [INFO] Skipping recipe bibliobiomes:color/brown/wood/biomesoplenty_hellbark/flat_seat_back, conditions not met
[18:59:38] [INFO] Skipping recipe bibliowoods:color/blue/wood/mynethersdelight_powdery/fancy_seat_back, conditions not met
[18:59:38] [INFO] Skipping recipe mysticalagriculture:seed/crafting/iron, conditions not met
[18:59:38] [INFO] Skipping recipe productivebees:bee_produce/chemlib/terbium_bee, conditions not met
[18:59:38] [INFO] Skipping recipe bibliowoods:color/pink/wood/werewolves_jacaranda/raised_seat_back, conditions not met
[18:59:38] [INFO] Skipping recipe productivebees:bee_produce/mmorpg/legendary_salvage_bee, conditions not met
[18:59:38] [INFO] Skipping recipe allthemodium:tools/materials/allthemodium/allthemodium_from_ingot, conditions not met
[18:59:38] [INFO] Skipping recipe bibliowoods:color/light_gray/wood/deep_aether_cruderoot/raised_seat_back, conditions not met
[18:59:38] [INFO] Skipping recipe bibliowoods:color/pink/wood/werewolves_magic/fancy_seat_back, conditions not met
[18:59:38] [INFO] Skipping recipe bibliobiomes:color/brown/wood/biomesoplenty_dead/display_case, conditions not met
[18:59:38] [INFO] Skipping recipe allthemodium:casting/allthemodium_ingot, conditions not met
[18:59:38] [INFO] Skipping recipe bibliowoods:color/pink/wood/gtceu_treated_wood/raised_seat_back, conditions not met
[18:59:38] [INFO] Skipping recipe farmingforblockheads:market/byg/hydrangea_hedge, conditions not met
[18:59:38] [INFO] Skipping recipe theurgy:incubation/crops_squash_from_alchemical_sulfur_squash, conditions not met
[18:59:38] [INFO] Skipping recipe bibliobiomes:color/brown/wood/biomesoplenty_fir/display_case, conditions not met
[18:59:38] [INFO] Skipping recipe bibliowoods:color/blue/wood/mynethersdelight_powdery/small_seat_back, conditions not met
[18:59:38] [INFO] Skipping recipe productivebees:centrifuge/dusts/honeycomb_radioactive, conditions not met
[18:59:38] [INFO] Skipping recipe bibliowoods:color/white/wood/vampirism_cursed_spruce/flat_seat_back, conditions not met
[18:59:38] [INFO] Skipping recipe bibliobiomes:color/green/wood/biomesoplenty_fir/tall_seat_back, conditions not met
[18:59:38] [INFO] Skipping recipe bibliowoods:color/black/wood/deep_aether_yagroot/display_case, conditions not met
[18:59:38] [INFO] Skipping recipe bibliowoods:color/yellow/wood/werewolves_magic/flat_seat_back, conditions not met
[18:59:38] [INFO] Skipping recipe bibliobiomes:color/magenta/wood/biomesoplenty_willow/seat, conditions not met
[18:59:38] [INFO] Skipping recipe bibliowoods:color/lime/wood/deep_aether_sunroot/fancy_seat_back, conditions not met
[18:59:38] [INFO] Skipping recipe bibliowoods:color/green/wood/butchercraft_barn_wood/seat, conditions not met
[18:59:38] [INFO] Skipping recipe mysticalagriculture:essence/botania/blue_mystical_flower, conditions not met
[18:59:38] [INFO] Skipping recipe farmingforblockheads:market/betterendforge/end_lily_seed, conditions not met
[18:59:38] [INFO] Skipping recipe bibliobiomes:color/lime/wood/biomesoplenty_umbran/seat, conditions not met
[18:59:38] [INFO] Skipping recipe bibliobiomes:color/blue/wood/biomesoplenty_hellbark/flat_seat_back, conditions not met
[18:59:38] [INFO] Skipping recipe mekanism:compat/biomesoplenty/pigment_extracting/pink, conditions not met
[18:59:38] [INFO] Skipping recipe bibliobiomes:color/gray/wood/biomesoplenty_empyreal/seat, conditions not met
[18:59:38] [INFO] Skipping recipe bibliowoods:color/blue/wood/deep_aether_conberry/display_case, conditions not met
[18:59:38] [INFO] Skipping recipe bibliobiomes:color/light_blue/wood/biomesoplenty_hellbark/raised_seat_back, conditions not met
[18:59:38] [INFO] Skipping recipe bibliobiomes:color/lime/wood/biomesoplenty_pine/raised_seat_back, conditions not met
[18:59:38] [INFO] Skipping recipe megacells:cells/standard/mana_storage_cell_64m_with_housing, conditions not met
[18:59:38] [INFO] Skipping recipe productivebees:centrifuge/mmorpg/honeycomb_uncommon_salvage, conditions not met
[18:59:38] [INFO] Skipping recipe farmingforblockheads:market/tropicraft/pathos, conditions not met
[18:59:38] [INFO] Skipping recipe bibliobiomes:color/lime/wood/biomesoplenty_mahogany/raised_seat_back, conditions not met
[18:59:38] [INFO] Skipping recipe bibliowoods:color/gray/wood/extradelight_fruit/fancy_seat_back, conditions not met
[18:59:38] [INFO] Skipping recipe bibliowoods:color/lime/wood/deep_aether_sunroot/small_seat_back, conditions not met
[18:59:38] [INFO] Skipping recipe supplementaries:awnings/awning_light_gray_2, conditions not met
[18:59:38] [INFO] Skipping recipe allthemodium:casting/vibranium_nugget, conditions not met
[18:59:38] [INFO] Skipping recipe ae2:matter_cannon/nuggets/sheep, conditions not met
[18:59:38] [INFO] Skipping recipe productivemetalworks:casting/rods/ftbmaterials/copper, conditions not met
[18:59:38] [INFO] Skipping recipe twilightforest:jeed/slowness, conditions not met
[18:59:38] [INFO] Skipping recipe bibliowoods:color/green/wood/extradelight_cinnamon/raised_seat_back, conditions not met
[18:59:38] [INFO] Skipping recipe bibliobiomes:color/cyan/wood/biomesoplenty_maple/display_case, conditions not met
[18:59:38] [INFO] Skipping recipe occultism:crushing/pewter_dust_from_raw_block, conditions not met
[18:59:38] [INFO] Skipping recipe farmingforblockheads:market/tropicraft/orange_sapling, conditions not met
[18:59:38] [INFO] Skipping recipe bibliowoods:color/gray/wood/extradelight_fruit/display_case, conditions not met
[18:59:38] [INFO] Skipping recipe bibliowoods:wood/gtceu_rubber/label, conditions not met
[18:59:38] [INFO] Skipping recipe immersiveengineering:arcfurnace/raw_ore_ardite, conditions not met
[18:59:38] [INFO] Skipping recipe allthemodium:melting/salvage/allthemodium/allthemodium_from_helmet, conditions not met
[18:59:38] [INFO] Skipping recipe mekmm:compat/evolvedmekanism/factory/creative/recycling, conditions not met
[18:59:38] [INFO] Skipping recipe bibliowoods:color/black/wood/extradelight_fruit/small_seat_back, conditions not met
[18:59:38] [INFO] Skipping recipe productivebees:centrifuge/gems/honeycomb_morganite, conditions not met
[18:59:38] [INFO] Skipping recipe farmingforblockheads:market/byg/pink_daffodil, conditions not met
[18:59:38] [INFO] Skipping recipe create:pressing/compat/betterendforge/crystal_moss_path, conditions not met
[18:59:38] [INFO] Skipping recipe bibliowoods:color/magenta/wood/expandeddelight_cinnamon/small_seat_back, conditions not met
[18:59:38] [INFO] Skipping recipe productivemetalworks:casting/nuggets/ftbmaterials/uranium, conditions not met
[18:59:38] [INFO] Skipping recipe bibliowoods:color/gray/wood/expandeddelight_cinnamon/display_case, conditions not met
[18:59:38] [INFO] Skipping recipe farmingforblockheads:market/simplefarming/cassava_seeds, conditions not met
[18:59:38] [INFO] Skipping recipe bibliowoods:color/red/wood/deep_aether_sunroot/seat, conditions not met
[18:59:38] [INFO] Skipping recipe create:crushing/compat/druidcraft/moonstone_ore, conditions not met
[18:59:38] [INFO] Skipping recipe theurgy:fermentation/alchemical_niter_other_minerals_precious_using_saplings, conditions not met
[18:59:38] [INFO] Skipping recipe bibliowoods:color/black/wood/extradelight_fruit/fancy_seat_back, conditions not met
[18:59:38] [INFO] Skipping recipe bibliobiomes:color/white/wood/biomesoplenty_jacaranda/small_seat_back, conditions not met
[18:59:38] [INFO] Skipping recipe farmingforblockheads:market/biomesoplenty/yellow_autumn_sapling, conditions not met
[18:59:38] [INFO] Skipping recipe productivemetalworks:casting/nuggets/ftbmaterials/steel, conditions not met
[18:59:38] [INFO] Skipping recipe bibliowoods:color/lime/wood/gtceu_rubber/raised_seat_back, conditions not met
[18:59:38] [INFO] Skipping recipe bibliobiomes:color/red/wood/biomesoplenty_mahogany/fancy_seat_back, conditions not met
[18:59:38] [INFO] Skipping recipe bibliowoods:color/black/wood/extradelight_cinnamon/tall_seat_back, conditions not met
[18:59:38] [INFO] Skipping recipe megacells:cells/standard/experience_storage_cell_1m_with_housing, conditions not met
[18:59:38] [INFO] Skipping recipe bibliowoods:color/pink/wood/vampirism_dark_spruce/display_case, conditions not met
[18:59:38] [INFO] Skipping recipe immersiveengineering:metalpress/gear_rose_gold, conditions not met
[18:59:38] [INFO] Found 87,456 recipes (skipped 7,333) in 1.422 s
[18:59:39] [INFO] server_scripts:mods/AllTheOres/Recipes.js#42: Loaded Java class 'java.util.stream.Stream'
[18:59:39] [INFO] server_scripts:mods/AllTheOres/Recipes.js#35: Adding dust recipe: allthemodium:vibranium_dust with resource: vibranium
[18:59:39] [INFO] server_scripts:mods/AllTheOres/Recipes.js#35: Adding dust recipe: silentgear:tyrian_steel_dust with resource: tyrian_steel
[18:59:39] [INFO] server_scripts:mods/AllTheOres/Recipes.js#35: Adding dust recipe: oritech:adamant_dust with resource: adamant
[18:59:39] [INFO] server_scripts:mods/AllTheOres/Recipes.js#35: Adding dust recipe: occultism:iesnium_dust with resource: iesnium
[18:59:39] [INFO] server_scripts:mods/AllTheOres/Recipes.js#35: Adding dust recipe: oritech:biosteel_dust with resource: biosteel
[18:59:39] [INFO] server_scripts:mods/AllTheOres/Recipes.js#35: Adding dust recipe: allthemodium:allthemodium_dust with resource: allthemodium
[18:59:39] [INFO] server_scripts:mods/AllTheOres/Recipes.js#35: Adding dust recipe: immersiveengineering:dust_hop_graphite with resource: hop_graphite
[18:59:40] [INFO] server_scripts:mods/AllTheOres/Recipes.js#35: Adding dust recipe: silentgear:azure_electrum_dust with resource: azure_electrum
[18:59:40] [INFO] server_scripts:mods/AllTheOres/Recipes.js#35: Adding dust recipe: silentgear:crimson_steel_dust with resource: crimson_steel
[18:59:40] [INFO] server_scripts:mods/AllTheOres/Recipes.js#35: Adding dust recipe: silentgear:azure_silver_dust with resource: azure_silver
[18:59:40] [INFO] server_scripts:mods/AllTheOres/Recipes.js#35: Adding dust recipe: draconicevolution:draconium_dust with resource: draconium
[18:59:40] [INFO] server_scripts:mods/AllTheOres/Recipes.js#35: Adding dust recipe: draconicevolution:awakened_draconium_dust with resource: draconium_awakened
[18:59:40] [INFO] server_scripts:mods/AllTheOres/Recipes.js#35: Adding dust recipe: oritech:energite_dust with resource: energite
[18:59:40] [INFO] server_scripts:mods/AllTheOres/Recipes.js#35: Adding dust recipe: silentgear:blaze_gold_dust with resource: blaze_gold
[18:59:40] [INFO] server_scripts:mods/AllTheOres/Recipes.js#35: Adding dust recipe: oritech:duratium_dust with resource: duratium
[18:59:40] [INFO] server_scripts:mods/AllTheOres/Recipes.js#35: Adding dust recipe: allthemodium:unobtainium_dust with resource: unobtainium
[18:59:40] [INFO] server_scripts:mods/AllTheOres/Recipes.js#35: Adding dust recipe: silentgear:crimson_iron_dust with resource: crimson_iron
[18:59:43] [INFO] server_scripts:Unification/sawing.js#98: Ingredient is not a log tag: {"item":"cataclysm:chorus_stem"}
[18:59:43] [INFO] server_scripts:Unification/sawing.js#98: Ingredient is not a log tag: {"item":"allthecompressed:acacia_planks_1x"}
[18:59:43] [INFO] server_scripts:Unification/sawing.js#98: Ingredient is not a log tag: {"item":"allthecompressed:oak_planks_1x"}
[18:59:43] [INFO] server_scripts:Unification/sawing.js#98: Ingredient is not a log tag: {"item":"twilightforest:giant_log"}
[18:59:43] [INFO] server_scripts:Unification/sawing.js#98: Ingredient is not a log tag: {"item":"allthecompressed:mangrove_planks_1x"}
[18:59:43] [INFO] server_scripts:Unification/sawing.js#98: Ingredient is not a log tag: {"item":"allthecompressed:spruce_planks_1x"}
[18:59:43] [INFO] server_scripts:Unification/sawing.js#98: Ingredient is not a log tag: {"item":"allthecompressed:dark_oak_planks_1x"}
[18:59:43] [INFO] server_scripts:Unification/sawing.js#98: Ingredient is not a log tag: {"item":"allthecompressed:birch_planks_1x"}
[18:59:43] [INFO] server_scripts:Unification/sawing.js#98: Ingredient is not a log tag: {"item":"twilightforest:towerwood"}
[18:59:43] [INFO] server_scripts:Unification/sawing.js#98: Ingredient is not a log tag: {"item":"allthecompressed:jungle_planks_1x"}
[18:59:43] [INFO] server_scripts:Unification/sawing.js#98: Ingredient is not a log tag: {"item":"allthecompressed:cherry_planks_1x"}
[18:59:43] [INFO] Posted recipe events in 5.029 s
[18:59:44] [INFO] KubeJS modifications to recipe manager finished in 79.75 ms
[18:59:44] [INFO] Added 1600 recipes, removed 584 recipes, modified 200 recipes, with 0 failed recipes taking 7.362 s in total
[18:59:48] [INFO] Server resource reload complete!
[18:59:49] [INFO] Loaded Java class 'dev.wuffs.bcc.data.BetterStatusServerHolder'
[18:59:49] [INFO] Loaded Java class 'net.minecraft.core.registries.Registries'
