[29Dec2025 03:42:16.188] [main/INFO] [cpw.mods.modlauncher.Launcher/MODLAUNCHER]: ModLauncher running: args [--launchTarget, forgeserver, --fml.neoForgeVersion, 21.1.215, --fml.fmlVersion, 4.0.42, --fml.mcVersion, 1.21.1, --fml.neoFormVersion, 20240808.144430, nogui]
[29Dec2025 03:42:16.190] [main/INFO] [cpw.mods.modlauncher.Launcher/MODLAUNCHER]: JVM identified as Eclipse Adoptium OpenJDK 64-Bit Server VM 21.0.5+11-LTS
[29Dec2025 03:42:16.190] [main/INFO] [cpw.mods.modlauncher.Launcher/MODLAUNCHER]: ModLauncher 11.0.5+main.901c6ea8 starting: java version 21.0.5 by Eclipse Adoptium; OS Windows 10 arch amd64 version 10.0
[29Dec2025 03:42:16.212] [main/DEBUG] [cpw.mods.modlauncher.LaunchServiceHandler/MODLAUNCHER]: Found launch services [minecraft,forgeclient,forgedatauserdev,testharness,forgeserverdev,forgeserveruserdev,forgejunitdev,forgeclientdev,forgeclientuserdev,forgeserver,forgejunituserdev,forgedatadev]
[29Dec2025 03:42:16.228] [main/DEBUG] [cpw.mods.modlauncher.LaunchPluginHandler/MODLAUNCHER]: Found launch plugins: [mixin,slf4jfixer,runtime_enum_extender,accesstransformer,runtimedistcleaner]
[29Dec2025 03:42:16.233] [main/DEBUG] [cpw.mods.modlauncher.TransformationServicesHandler/MODLAUNCHER]: Discovering transformation services
[29Dec2025 03:42:16.235] [main/DEBUG] [net.neoforged.fml.loading.FMLPaths/CORE]: Path GAMEDIR is C:\Users\Leo\OneDrive\Desktop\Modding\Minecraft-Robettini\Robettini\ATM10
[29Dec2025 03:42:16.235] [main/DEBUG] [net.neoforged.fml.loading.FMLPaths/CORE]: Path MODSDIR is C:\Users\Leo\OneDrive\Desktop\Modding\Minecraft-Robettini\Robettini\ATM10\mods
[29Dec2025 03:42:16.235] [main/DEBUG] [net.neoforged.fml.loading.FMLPaths/CORE]: Path CONFIGDIR is C:\Users\Leo\OneDrive\Desktop\Modding\Minecraft-Robettini\Robettini\ATM10\config
[29Dec2025 03:42:16.235] [main/DEBUG] [net.neoforged.fml.loading.FMLPaths/CORE]: Path FMLCONFIG is C:\Users\Leo\OneDrive\Desktop\Modding\Minecraft-Robettini\Robettini\ATM10\config\fml.toml
[29Dec2025 03:42:16.251] [main/TRACE] [net.neoforged.fml.loading.FMLConfig/CORE]: Loaded FML config from C:\Users\Leo\OneDrive\Desktop\Modding\Minecraft-Robettini\Robettini\ATM10\config\fml.toml
[29Dec2025 03:42:16.251] [main/TRACE] [net.neoforged.fml.loading.FMLConfig/CORE]: FMLConfig disableConfigWatcher is false
[29Dec2025 03:42:16.251] [main/TRACE] [net.neoforged.fml.loading.FMLConfig/CORE]: FMLConfig earlyWindowControl is true
[29Dec2025 03:42:16.251] [main/TRACE] [net.neoforged.fml.loading.FMLConfig/CORE]: FMLConfig maxThreads is 32
[29Dec2025 03:42:16.251] [main/TRACE] [net.neoforged.fml.loading.FMLConfig/CORE]: FMLConfig versionCheck is false
[29Dec2025 03:42:16.251] [main/TRACE] [net.neoforged.fml.loading.FMLConfig/CORE]: FMLConfig defaultConfigPath is defaultconfigs
[29Dec2025 03:42:16.251] [main/TRACE] [net.neoforged.fml.loading.FMLConfig/CORE]: FMLConfig disableOptimizedDFU is true
[29Dec2025 03:42:16.251] [main/TRACE] [net.neoforged.fml.loading.FMLConfig/CORE]: FMLConfig earlyWindowProvider is fmlearlywindow
[29Dec2025 03:42:16.251] [main/TRACE] [net.neoforged.fml.loading.FMLConfig/CORE]: FMLConfig earlyWindowWidth is 854
[29Dec2025 03:42:16.251] [main/TRACE] [net.neoforged.fml.loading.FMLConfig/CORE]: FMLConfig earlyWindowHeight is 480
[29Dec2025 03:42:16.251] [main/TRACE] [net.neoforged.fml.loading.FMLConfig/CORE]: FMLConfig earlyWindowFBScale is 1
[29Dec2025 03:42:16.251] [main/TRACE] [net.neoforged.fml.loading.FMLConfig/CORE]: FMLConfig earlyWindowMaximized is false
[29Dec2025 03:42:16.251] [main/TRACE] [net.neoforged.fml.loading.FMLConfig/CORE]: FMLConfig earlyWindowSkipGLVersions is []
[29Dec2025 03:42:16.251] [main/TRACE] [net.neoforged.fml.loading.FMLConfig/CORE]: FMLConfig earlyWindowSquir is false
[29Dec2025 03:42:16.252] [main/WARN] [net.neoforged.fml.loading.FMLConfig/]: ****************************** Found dependency overrides ******************************
[29Dec2025 03:42:16.253] [main/WARN] [net.neoforged.fml.loading.FMLConfig/]: Dependency overrides for mod 'allthetweaks': adding explicit AFTER ordering against 'bcc'
[29Dec2025 03:42:16.253] [main/WARN] [net.neoforged.fml.loading.FMLConfig/]: ****************************************************************************************
[29Dec2025 03:42:16.869] [main/DEBUG] [cpw.mods.modlauncher.TransformationServicesHandler/MODLAUNCHER]: Found additional transformation services from discovery services: [C:\Users\Leo\OneDrive\Desktop\Modding\Minecraft-Robettini\Robettini\ATM10\mods\CrashAssistant-neoforge-1.20.6-1.21.4-1.10.23.jar]
[29Dec2025 03:42:16.876] [main/INFO] [net.neoforged.fml.loading.ImmediateWindowHandler/]: ImmediateWindowProvider not loading because launch target is forgeserver
[29Dec2025 03:42:16.881] [main/WARN] [CrashAssistantJarInJarHelper/]: launchTarget: forgeserver. Crash Assistant is client only mod. Mod will do nothing!
[29Dec2025 03:42:16.917] [main/DEBUG] [cpw.mods.modlauncher.TransformationServicesHandler/MODLAUNCHER]: Found transformer services : [mixin,fml,crash_assistant]
[29Dec2025 03:42:16.917] [main/DEBUG] [cpw.mods.modlauncher.TransformationServicesHandler/MODLAUNCHER]: Transformation services loading
[29Dec2025 03:42:16.917] [main/DEBUG] [cpw.mods.modlauncher.TransformationServiceDecorator/MODLAUNCHER]: Loading service mixin
[29Dec2025 03:42:16.917] [main/DEBUG] [cpw.mods.modlauncher.TransformationServiceDecorator/MODLAUNCHER]: Loaded service mixin
[29Dec2025 03:42:16.917] [main/DEBUG] [cpw.mods.modlauncher.TransformationServiceDecorator/MODLAUNCHER]: Loading service fml
[29Dec2025 03:42:16.918] [main/DEBUG] [net.neoforged.fml.loading.FMLLoader/CORE]: FML 4.0.42 loading
[29Dec2025 03:42:16.918] [main/DEBUG] [net.neoforged.fml.loading.FMLLoader/CORE]: FML found ModLauncher version : 11.0.5+main.901c6ea8
[29Dec2025 03:42:16.918] [main/DEBUG] [net.neoforged.fml.loading.FMLLoader/CORE]: FML found AccessTransformer version : 10.0.1+139da711
[29Dec2025 03:42:16.918] [main/DEBUG] [net.neoforged.fml.loading.FMLLoader/CORE]: FML found EventBus version : null
[29Dec2025 03:42:16.918] [main/DEBUG] [net.neoforged.fml.loading.FMLLoader/CORE]: Found Runtime Dist Cleaner
[29Dec2025 03:42:16.918] [main/DEBUG] [cpw.mods.modlauncher.TransformationServiceDecorator/MODLAUNCHER]: Loaded service fml
[29Dec2025 03:42:16.918] [main/DEBUG] [cpw.mods.modlauncher.TransformationServiceDecorator/MODLAUNCHER]: Loading service crash_assistant
[29Dec2025 03:42:16.918] [main/DEBUG] [cpw.mods.modlauncher.TransformationServiceDecorator/MODLAUNCHER]: Loaded service crash_assistant
[29Dec2025 03:42:16.918] [main/DEBUG] [cpw.mods.modlauncher.TransformationServicesHandler/MODLAUNCHER]: Configuring option handling for services
[29Dec2025 03:42:16.925] [main/DEBUG] [net.neoforged.fml.loading.FMLServiceProvider/CORE]: Received command line version data  : VersionInfo[neoForgeVersion=21.1.215, fmlVersion=4.0.42, mcVersion=1.21.1, neoFormVersion=20240808.144430]
[29Dec2025 03:42:16.925] [main/DEBUG] [cpw.mods.modlauncher.TransformationServicesHandler/MODLAUNCHER]: Transformation services initializing
[29Dec2025 03:42:16.925] [main/DEBUG] [cpw.mods.modlauncher.TransformationServiceDecorator/MODLAUNCHER]: Initializing transformation service mixin
[29Dec2025 03:42:16.929] [main/DEBUG] [mixin/]: MixinService [ModLauncher] was successfully booted in cpw.mods.cl.ModuleClassLoader@6093dd95
[29Dec2025 03:42:16.934] [main/INFO] [mixin/]: SpongePowered MIXIN Subsystem Version=0.8.7 Source=union:/C:/Users/Leo/OneDrive/Desktop/Modding/Minecraft-Robettini/Robettini/ATM10/libraries/net/fabricmc/sponge-mixin/0.15.2+mixin.0.8.7/sponge-mixin-0.15.2+mixin.0.8.7.jar%2373!/ Service=ModLauncher Env=SERVER
[29Dec2025 03:42:16.935] [main/DEBUG] [mixin/]: Initialising Mixin Platform Manager
[29Dec2025 03:42:16.935] [main/DEBUG] [mixin/]: Adding mixin platform agents for container ModLauncher Root Container(ModLauncher:4f56a0a2)
[29Dec2025 03:42:16.935] [main/DEBUG] [mixin/]: Instancing new MixinPlatformAgentMinecraftForge for ModLauncher Root Container(ModLauncher:4f56a0a2)
[29Dec2025 03:42:16.936] [main/DEBUG] [mixin/]: MixinPlatformAgentMinecraftForge rejected container ModLauncher Root Container(ModLauncher:4f56a0a2)
[29Dec2025 03:42:16.936] [main/DEBUG] [mixin/]: Instancing new MixinPlatformAgentDefault for ModLauncher Root Container(ModLauncher:4f56a0a2)
[29Dec2025 03:42:16.936] [main/DEBUG] [mixin/]: MixinPlatformAgentDefault accepted container ModLauncher Root Container(ModLauncher:4f56a0a2)
[29Dec2025 03:42:16.937] [main/DEBUG] [cpw.mods.modlauncher.TransformationServiceDecorator/MODLAUNCHER]: Initialized transformation service mixin
[29Dec2025 03:42:16.937] [main/DEBUG] [cpw.mods.modlauncher.TransformationServiceDecorator/MODLAUNCHER]: Initializing transformation service fml
[29Dec2025 03:42:16.937] [main/DEBUG] [net.neoforged.fml.loading.FMLServiceProvider/CORE]: Setting up basic FML game directories
[29Dec2025 03:42:16.937] [main/DEBUG] [net.neoforged.fml.loading.FMLPaths/CORE]: Path GAMEDIR is C:\Users\Leo\OneDrive\Desktop\Modding\Minecraft-Robettini\Robettini\ATM10
[29Dec2025 03:42:16.937] [main/DEBUG] [net.neoforged.fml.loading.FMLPaths/CORE]: Path MODSDIR is C:\Users\Leo\OneDrive\Desktop\Modding\Minecraft-Robettini\Robettini\ATM10\mods
[29Dec2025 03:42:16.937] [main/DEBUG] [net.neoforged.fml.loading.FMLPaths/CORE]: Path CONFIGDIR is C:\Users\Leo\OneDrive\Desktop\Modding\Minecraft-Robettini\Robettini\ATM10\config
[29Dec2025 03:42:16.937] [main/DEBUG] [net.neoforged.fml.loading.FMLPaths/CORE]: Path FMLCONFIG is C:\Users\Leo\OneDrive\Desktop\Modding\Minecraft-Robettini\Robettini\ATM10\config\fml.toml
[29Dec2025 03:42:16.937] [main/DEBUG] [net.neoforged.fml.loading.FMLServiceProvider/CORE]: Loading configuration
[29Dec2025 03:42:16.938] [main/TRACE] [net.neoforged.fml.loading.FMLConfig/CORE]: Loaded FML config from C:\Users\Leo\OneDrive\Desktop\Modding\Minecraft-Robettini\Robettini\ATM10\config\fml.toml
[29Dec2025 03:42:16.938] [main/TRACE] [net.neoforged.fml.loading.FMLConfig/CORE]: FMLConfig disableConfigWatcher is false
[29Dec2025 03:42:16.938] [main/TRACE] [net.neoforged.fml.loading.FMLConfig/CORE]: FMLConfig earlyWindowControl is true
[29Dec2025 03:42:16.938] [main/TRACE] [net.neoforged.fml.loading.FMLConfig/CORE]: FMLConfig maxThreads is 32
[29Dec2025 03:42:16.938] [main/TRACE] [net.neoforged.fml.loading.FMLConfig/CORE]: FMLConfig versionCheck is false
[29Dec2025 03:42:16.938] [main/TRACE] [net.neoforged.fml.loading.FMLConfig/CORE]: FMLConfig defaultConfigPath is defaultconfigs
[29Dec2025 03:42:16.938] [main/TRACE] [net.neoforged.fml.loading.FMLConfig/CORE]: FMLConfig disableOptimizedDFU is true
[29Dec2025 03:42:16.939] [main/TRACE] [net.neoforged.fml.loading.FMLConfig/CORE]: FMLConfig earlyWindowProvider is fmlearlywindow
[29Dec2025 03:42:16.939] [main/TRACE] [net.neoforged.fml.loading.FMLConfig/CORE]: FMLConfig earlyWindowWidth is 854
[29Dec2025 03:42:16.939] [main/TRACE] [net.neoforged.fml.loading.FMLConfig/CORE]: FMLConfig earlyWindowHeight is 480
[29Dec2025 03:42:16.939] [main/TRACE] [net.neoforged.fml.loading.FMLConfig/CORE]: FMLConfig earlyWindowFBScale is 1
[29Dec2025 03:42:16.939] [main/TRACE] [net.neoforged.fml.loading.FMLConfig/CORE]: FMLConfig earlyWindowMaximized is false
[29Dec2025 03:42:16.939] [main/TRACE] [net.neoforged.fml.loading.FMLConfig/CORE]: FMLConfig earlyWindowSkipGLVersions is []
[29Dec2025 03:42:16.939] [main/TRACE] [net.neoforged.fml.loading.FMLConfig/CORE]: FMLConfig earlyWindowSquir is false
[29Dec2025 03:42:16.939] [main/WARN] [net.neoforged.fml.loading.FMLConfig/]: ****************************** Found dependency overrides ******************************
[29Dec2025 03:42:16.939] [main/WARN] [net.neoforged.fml.loading.FMLConfig/]: Dependency overrides for mod 'allthetweaks': adding explicit AFTER ordering against 'bcc'
[29Dec2025 03:42:16.939] [main/WARN] [net.neoforged.fml.loading.FMLConfig/]: ****************************************************************************************
[29Dec2025 03:42:16.940] [main/DEBUG] [net.neoforged.fml.loading.LaunchContext/SCAN]: Located paths when launch context was created: [C:\Users\Leo\OneDrive\Desktop\Modding\Minecraft-Robettini\Robettini\ATM10\libraries\org\apache\commons\commons-lang3\3.14.0\commons-lang3-3.14.0.jar, C:\Users\Leo\OneDrive\Desktop\Modding\Minecraft-Robettini\Robettini\ATM10\libraries\com\google\guava\listenablefuture\9999.0-empty-to-avoid-conflict-with-guava\listenablefuture-9999.0-empty-to-avoid-conflict-with-guava.jar, C:\Users\Leo\OneDrive\Desktop\Modding\Minecraft-Robettini\Robettini\ATM10\libraries\net\jodah\typetools\0.6.3\typetools-0.6.3.jar, C:\Users\Leo\OneDrive\Desktop\Modding\Minecraft-Robettini\Robettini\ATM10\libraries\com\mojang\brigadier\1.3.10\brigadier-1.3.10.jar, C:\Users\Leo\OneDrive\Desktop\Modding\Minecraft-Robettini\Robettini\ATM10\libraries\org\codehaus\plexus\plexus-utils\3.3.0\plexus-utils-3.3.0.jar, C:\Users\Leo\OneDrive\Desktop\Modding\Minecraft-Robettini\Robettini\ATM10\libraries\net\minecrell\terminalconsoleappender\1.3.0\terminalconsoleappender-1.3.0.jar, C:\Users\Leo\OneDrive\Desktop\Modding\Minecraft-Robettini\Robettini\ATM10\libraries\org\checkerframework\checker-qual\3.33.0\checker-qual-3.33.0.jar, C:\Users\Leo\OneDrive\Desktop\Modding\Minecraft-Robettini\Robettini\ATM10\libraries\io\netty\netty-transport-classes-epoll\4.1.97.Final\netty-transport-classes-epoll-4.1.97.Final.jar, C:\Users\Leo\OneDrive\Desktop\Modding\Minecraft-Robettini\Robettini\ATM10\libraries\net\neoforged\JarJarSelector\0.4.1\JarJarSelector-0.4.1.jar, C:\Users\Leo\OneDrive\Desktop\Modding\Minecraft-Robettini\Robettini\ATM10\libraries\com\mojang\authlib\6.0.54\authlib-6.0.54.jar, C:\Users\Leo\OneDrive\Desktop\Modding\Minecraft-Robettini\Robettini\ATM10\libraries\it\unimi\dsi\fastutil\8.5.12\fastutil-8.5.12.jar, C:\Users\Leo\OneDrive\Desktop\Modding\Minecraft-Robettini\Robettini\ATM10\libraries\com\google\j2objc\j2objc-annotations\2.8\j2objc-annotations-2.8.jar, C:\Users\Leo\OneDrive\Desktop\Modding\Minecraft-Robettini\Robettini\ATM10\libraries\net\neoforged\accesstransformers\10.0.1\accesstransformers-10.0.1.jar, C:\Users\Leo\OneDrive\Desktop\Modding\Minecraft-Robettini\Robettini\ATM10\libraries\com\google\code\gson\gson\2.10.1\gson-2.10.1.jar, C:\Users\Leo\OneDrive\Desktop\Modding\Minecraft-Robettini\Robettini\ATM10\libraries\io\netty\netty-buffer\4.1.97.Final\netty-buffer-4.1.97.Final.jar, C:\Users\Leo\OneDrive\Desktop\Modding\Minecraft-Robettini\Robettini\ATM10\libraries\net\java\dev\jna\jna-platform\5.14.0\jna-platform-5.14.0.jar, C:\Users\Leo\OneDrive\Desktop\Modding\Minecraft-Robettini\Robettini\ATM10\libraries\net\fabricmc\sponge-mixin\0.15.2+mixin.0.8.7\sponge-mixin-0.15.2+mixin.0.8.7.jar, C:\Users\Leo\OneDrive\Desktop\Modding\Minecraft-Robettini\Robettini\ATM10\libraries\com\machinezoo\noexception\noexception\1.7.1\noexception-1.7.1.jar, C:\Users\Leo\OneDrive\Desktop\Modding\Minecraft-Robettini\Robettini\ATM10\libraries\io\netty\netty-handler\4.1.97.Final\netty-handler-4.1.97.Final.jar, C:\Users\Leo\OneDrive\Desktop\Modding\Minecraft-Robettini\Robettini\ATM10\libraries\net\sf\jopt-simple\jopt-simple\5.0.4\jopt-simple-5.0.4.jar, C:\Users\Leo\OneDrive\Desktop\Modding\Minecraft-Robettini\Robettini\ATM10\libraries\com\electronwill\night-config\toml\3.8.3\toml-3.8.3.jar, C:\Users\Leo\OneDrive\Desktop\Modding\Minecraft-Robettini\Robettini\ATM10\libraries\cpw\mods\modlauncher\11.0.5\modlauncher-11.0.5.jar, C:\Users\Leo\OneDrive\Desktop\Modding\Minecraft-Robettini\Robettini\ATM10\libraries\com\google\guava\failureaccess\1.0.1\failureaccess-1.0.1.jar, C:\Users\Leo\OneDrive\Desktop\Modding\Minecraft-Robettini\Robettini\ATM10\libraries\org\jline\jline-terminal\3.20.0\jline-terminal-3.20.0.jar, C:\Users\Leo\OneDrive\Desktop\Modding\Minecraft-Robettini\Robettini\ATM10\libraries\io\netty\netty-transport-native-unix-common\4.1.97.Final\netty-transport-native-unix-common-4.1.97.Final.jar, C:\Users\Leo\OneDrive\Desktop\Modding\Minecraft-Robettini\Robettini\ATM10\libraries\com\github\oshi\oshi-core\6.4.10\oshi-core-6.4.10.jar, C:\Users\Leo\OneDrive\Desktop\Modding\Minecraft-Robettini\Robettini\ATM10\libraries\org\openjdk\nashorn\nashorn-core\15.4\nashorn-core-15.4.jar, C:\Users\Leo\OneDrive\Desktop\Modding\Minecraft-Robettini\Robettini\ATM10\libraries\net\neoforged\JarJarMetadata\0.4.1\JarJarMetadata-0.4.1.jar, C:\Users\Leo\OneDrive\Desktop\Modding\Minecraft-Robettini\Robettini\ATM10\libraries\com\mojang\logging\1.2.7\logging-1.2.7.jar, C:\Users\Leo\OneDrive\Desktop\Modding\Minecraft-Robettini\Robettini\ATM10\libraries\com\electronwill\night-config\core\3.8.3\core-3.8.3.jar, C:\Users\Leo\OneDrive\Desktop\Modding\Minecraft-Robettini\Robettini\ATM10\libraries\io\netty\netty-resolver\4.1.97.Final\netty-resolver-4.1.97.Final.jar, C:\Users\Leo\OneDrive\Desktop\Modding\Minecraft-Robettini\Robettini\ATM10\libraries\org\antlr\antlr4-runtime\4.13.1\antlr4-runtime-4.13.1.jar, C:\Users\Leo\OneDrive\Desktop\Modding\Minecraft-Robettini\Robettini\ATM10\libraries\com\mojang\datafixerupper\8.0.16\datafixerupper-8.0.16.jar, C:\Users\Leo\OneDrive\Desktop\Modding\Minecraft-Robettini\Robettini\ATM10\libraries\org\apache\logging\log4j\log4j-api\2.22.1\log4j-api-2.22.1.jar, C:\Users\Leo\OneDrive\Desktop\Modding\Minecraft-Robettini\Robettini\ATM10\libraries\com\google\guava\guava\32.1.2-jre\guava-32.1.2-jre.jar, C:\Users\Leo\OneDrive\Desktop\Modding\Minecraft-Robettini\Robettini\ATM10\libraries\io\netty\netty-common\4.1.97.Final\netty-common-4.1.97.Final.jar, C:\Users\Leo\OneDrive\Desktop\Modding\Minecraft-Robettini\Robettini\ATM10\libraries\net\minecraftforge\srgutils\0.4.15\srgutils-0.4.15.jar, C:\Users\Leo\OneDrive\Desktop\Modding\Minecraft-Robettini\Robettini\ATM10\libraries\org\apache\maven\maven-artifact\3.8.5\maven-artifact-3.8.5.jar, C:\Users\Leo\OneDrive\Desktop\Modding\Minecraft-Robettini\Robettini\ATM10\libraries\net\neoforged\fancymodloader\earlydisplay\4.0.42\earlydisplay-4.0.42.jar, C:\Users\Leo\OneDrive\Desktop\Modding\Minecraft-Robettini\Robettini\ATM10\libraries\org\slf4j\slf4j-api\2.0.9\slf4j-api-2.0.9.jar, C:\Users\Leo\OneDrive\Desktop\Modding\Minecraft-Robettini\Robettini\ATM10\mods\CrashAssistant-neoforge-1.20.6-1.21.4-1.10.23.jar, C:\Users\Leo\OneDrive\Desktop\Modding\Minecraft-Robettini\Robettini\ATM10\libraries\commons-io\commons-io\2.15.1\commons-io-2.15.1.jar, C:\Users\Leo\OneDrive\Desktop\Modding\Minecraft-Robettini\Robettini\ATM10\libraries\net\neoforged\fancymodloader\loader\4.0.42\loader-4.0.42.jar, C:\Users\Leo\OneDrive\Desktop\Modding\Minecraft-Robettini\Robettini\ATM10\libraries\org\jline\jline-reader\3.20.0\jline-reader-3.20.0.jar, C:\Users\Leo\OneDrive\Desktop\Modding\Minecraft-Robettini\Robettini\ATM10\libraries\com\google\errorprone\error_prone_annotations\2.18.0\error_prone_annotations-2.18.0.jar, C:\Users\Leo\OneDrive\Desktop\Modding\Minecraft-Robettini\Robettini\ATM10\libraries\net\neoforged\mergetool\2.0.0\mergetool-2.0.0-api.jar, C:\Users\Leo\OneDrive\Desktop\Modding\Minecraft-Robettini\Robettini\ATM10\libraries\org\lz4\lz4-java\1.8.0\lz4-java-1.8.0.jar, C:\Users\Leo\OneDrive\Desktop\Modding\Minecraft-Robettini\Robettini\ATM10\libraries\com\google\code\findbugs\jsr305\3.0.2\jsr305-3.0.2.jar, C:\Users\Leo\OneDrive\Desktop\Modding\Minecraft-Robettini\Robettini\ATM10\libraries\net\neoforged\accesstransformers\at-modlauncher\10.0.1\at-modlauncher-10.0.1.jar, C:\Users\Leo\OneDrive\Desktop\Modding\Minecraft-Robettini\Robettini\ATM10\libraries\io\netty\netty-transport-native-epoll\4.1.97.Final\netty-transport-native-epoll-4.1.97.Final-linux-x86_64.jar, C:\Users\Leo\OneDrive\Desktop\Modding\Minecraft-Robettini\Robettini\ATM10\libraries\org\apache\logging\log4j\log4j-slf4j2-impl\2.22.1\log4j-slf4j2-impl-2.22.1.jar, C:\Users\Leo\OneDrive\Desktop\Modding\Minecraft-Robettini\Robettini\ATM10\libraries\io\netty\netty-transport\4.1.97.Final\netty-transport-4.1.97.Final.jar, C:\Users\Leo\OneDrive\Desktop\Modding\Minecraft-Robettini\Robettini\ATM10\libraries\org\joml\joml\1.10.5\joml-1.10.5.jar, C:\Users\Leo\OneDrive\Desktop\Modding\Minecraft-Robettini\Robettini\ATM10\libraries\io\netty\netty-codec\4.1.97.Final\netty-codec-4.1.97.Final.jar, C:\Users\Leo\OneDrive\Desktop\Modding\Minecraft-Robettini\Robettini\ATM10\libraries\org\apache\logging\log4j\log4j-core\2.22.1\log4j-core-2.22.1.jar, C:\Users\Leo\OneDrive\Desktop\Modding\Minecraft-Robettini\Robettini\ATM10\libraries\net\neoforged\coremods\7.0.3\coremods-7.0.3.jar, C:\Users\Leo\OneDrive\Desktop\Modding\Minecraft-Robettini\Robettini\ATM10\libraries\io\netty\netty-transport-native-epoll\4.1.97.Final\netty-transport-native-epoll-4.1.97.Final-linux-aarch_64.jar, C:\Users\Leo\OneDrive\Desktop\Modding\Minecraft-Robettini\Robettini\ATM10\libraries\net\java\dev\jna\jna\5.14.0\jna-5.14.0.jar, C:\Users\Leo\OneDrive\Desktop\Modding\Minecraft-Robettini\Robettini\ATM10\libraries\net\neoforged\bus\8.0.5\bus-8.0.5.jar]
[29Dec2025 03:42:16.940] [main/DEBUG] [net.neoforged.fml.loading.FMLServiceProvider/CORE]: Preparing launch handler
[29Dec2025 03:42:16.940] [main/DEBUG] [net.neoforged.fml.loading.FMLLoader/CORE]: Using forgeserver as launch service
[29Dec2025 03:42:16.941] [main/DEBUG] [net.neoforged.fml.common.asm.RuntimeDistCleaner/DISTXFORM]: Configuring for Dist DEDICATED_SERVER
[29Dec2025 03:42:16.941] [main/DEBUG] [cpw.mods.modlauncher.TransformationServiceDecorator/MODLAUNCHER]: Initialized transformation service fml
[29Dec2025 03:42:16.941] [main/DEBUG] [cpw.mods.modlauncher.TransformationServiceDecorator/MODLAUNCHER]: Initializing transformation service crash_assistant
[29Dec2025 03:42:16.941] [main/DEBUG] [cpw.mods.modlauncher.TransformationServiceDecorator/MODLAUNCHER]: Initialized transformation service crash_assistant
[29Dec2025 03:42:16.941] [main/DEBUG] [cpw.mods.modlauncher.TransformationServicesHandler/MODLAUNCHER]: Transformation services begin scanning
[29Dec2025 03:42:16.942] [main/DEBUG] [cpw.mods.modlauncher.TransformationServiceDecorator/MODLAUNCHER]: Beginning scan trigger - transformation service mixin
[29Dec2025 03:42:16.942] [main/DEBUG] [cpw.mods.modlauncher.TransformationServiceDecorator/MODLAUNCHER]: End scan trigger - transformation service mixin
[29Dec2025 03:42:16.942] [main/DEBUG] [cpw.mods.modlauncher.TransformationServiceDecorator/MODLAUNCHER]: Beginning scan trigger - transformation service fml
[29Dec2025 03:42:16.942] [main/DEBUG] [net.neoforged.fml.loading.FMLServiceProvider/CORE]: Initiating mod scan
[29Dec2025 03:42:16.949] [main/DEBUG] [net.neoforged.fml.util.ServiceLoaderUtil/CORE]: Found 4 implementations of IModFileCandidateLocator:
[29Dec2025 03:42:16.949] [main/DEBUG] [net.neoforged.fml.util.ServiceLoaderUtil/CORE]: 	    1000 - [built-in] net.neoforged.fml.loading.moddiscovery.locators.ProductionServerProvider from loader-4.0.42.jar
[29Dec2025 03:42:16.950] [main/DEBUG] [net.neoforged.fml.util.ServiceLoaderUtil/CORE]: 	    1000 - [built-in] net.neoforged.fml.loading.moddiscovery.locators.PathBasedLocator from loader-4.0.42.jar
[29Dec2025 03:42:16.951] [main/DEBUG] [net.neoforged.fml.util.ServiceLoaderUtil/CORE]: 	       0 - net.neoforged.fml.loading.moddiscovery.locators.ModsFolderLocator from loader-4.0.42.jar
[29Dec2025 03:42:16.951] [main/DEBUG] [net.neoforged.fml.util.ServiceLoaderUtil/CORE]: 	       0 - net.neoforged.fml.loading.moddiscovery.locators.MavenDirectoryLocator from loader-4.0.42.jar
[29Dec2025 03:42:16.951] [main/DEBUG] [net.neoforged.fml.util.ServiceLoaderUtil/CORE]: Found 2 implementations of IModFileReader:
[29Dec2025 03:42:16.951] [main/DEBUG] [net.neoforged.fml.util.ServiceLoaderUtil/CORE]: 	       0 - net.neoforged.fml.loading.moddiscovery.readers.JarModsDotTomlModFileReader from loader-4.0.42.jar
[29Dec2025 03:42:16.952] [main/DEBUG] [net.neoforged.fml.util.ServiceLoaderUtil/CORE]: 	   -1000 - net.neoforged.fml.loading.moddiscovery.readers.NestedLibraryModReader from loader-4.0.42.jar
[29Dec2025 03:42:16.952] [main/DEBUG] [net.neoforged.fml.util.ServiceLoaderUtil/CORE]: Found 2 implementations of IDependencyLocator:
[29Dec2025 03:42:16.953] [main/DEBUG] [net.neoforged.fml.util.ServiceLoaderUtil/CORE]: 	       0 - dev.kostromdan.mods.crash_assistant.core_mod.services.CrashAssistantDependencyLocator from CrashAssistant-neoforge-1.20.6-1.21.4-1.10.23.jar
[29Dec2025 03:42:16.953] [main/DEBUG] [net.neoforged.fml.util.ServiceLoaderUtil/CORE]: 	       0 - net.neoforged.fml.loading.moddiscovery.locators.JarInJarDependencyLocator from loader-4.0.42.jar
[29Dec2025 03:42:16.953] [main/DEBUG] [net.neoforged.fml.loading.moddiscovery.ModDiscoverer/SCAN]: Scanning for mods and other resources to load. We know 4 ways to find mods
[29Dec2025 03:42:16.953] [main/DEBUG] [net.neoforged.fml.loading.moddiscovery.ModDiscoverer/SCAN]: Trying locator production server provider +net.neoforged:neoforge:21.1.215:server
[29Dec2025 03:42:17.014] [main/DEBUG] [net.neoforged.fml.loading.moddiscovery.ModFileInfo/LOADING]: Found valid mod file server-1.21.1-20240808.144430-srg.jar with {minecraft} mods - versions {1.21.1}
[29Dec2025 03:42:17.014] [main/INFO] [net.neoforged.fml.loading.moddiscovery.ModDiscoverer/SCAN]: Found mod file "server-1.21.1-20240808.144430-srg.jar" [locator: production server provider +net.neoforged:neoforge:21.1.215:server]
[29Dec2025 03:42:17.014] [main/DEBUG] [net.neoforged.fml.loading.moddiscovery.ModDiscoverer/SCAN]: Locator production server provider +net.neoforged:neoforge:21.1.215:server found 1 mods, 0 warnings, 0 errors and skipped 0 candidates
[29Dec2025 03:42:17.014] [main/DEBUG] [net.neoforged.fml.loading.moddiscovery.ModDiscoverer/SCAN]: Trying locator PathBasedLocator[name=neoforge, paths=[libraries\net\neoforged\neoforge\21.1.215\neoforge-21.1.215-universal.jar]]
[29Dec2025 03:42:17.017] [main/DEBUG] [net.neoforged.fml.loading.moddiscovery.readers.JarModsDotTomlModFileReader/SCAN]: Found META-INF/neoforge.mods.toml mod of type null: C:\Users\Leo\OneDrive\Desktop\Modding\Minecraft-Robettini\Robettini\ATM10\libraries\net\neoforged\neoforge\21.1.215\neoforge-21.1.215-universal.jar
[29Dec2025 03:42:17.017] [main/DEBUG] [net.neoforged.fml.loading.moddiscovery.ModFileParser/LOADING]: Considering mod file candidate C:\Users\Leo\OneDrive\Desktop\Modding\Minecraft-Robettini\Robettini\ATM10\libraries\net\neoforged\neoforge\21.1.215\neoforge-21.1.215-universal.jar
[29Dec2025 03:42:17.025] [main/DEBUG] [net.neoforged.fml.loading.moddiscovery.ModFileInfo/LOADING]: Found valid mod file neoforge-21.1.215-universal.jar with {neoforge} mods - versions {21.1.215}
[29Dec2025 03:42:17.025] [main/INFO] [net.neoforged.fml.loading.moddiscovery.ModDiscoverer/SCAN]: Found mod file "neoforge-21.1.215-universal.jar" [locator: PathBasedLocator[name=neoforge, paths=[libraries\net\neoforged\neoforge\21.1.215\neoforge-21.1.215-universal.jar]], reader: mod manifest]
[29Dec2025 03:42:17.025] [main/DEBUG] [net.neoforged.fml.loading.moddiscovery.ModDiscoverer/SCAN]: Locator PathBasedLocator[name=neoforge, paths=[libraries\net\neoforged\neoforge\21.1.215\neoforge-21.1.215-universal.jar]] found 1 mods, 0 warnings, 0 errors and skipped 0 candidates
[29Dec2025 03:42:17.025] [main/DEBUG] [net.neoforged.fml.loading.moddiscovery.ModDiscoverer/SCAN]: Trying locator {mods folder locator at C:\Users\Leo\OneDrive\Desktop\Modding\Minecraft-Robettini\Robettini\ATM10\mods}
[29Dec2025 03:42:17.025] [main/DEBUG] [net.neoforged.fml.loading.moddiscovery.locators.ModsFolderLocator/SCAN]: Scanning mods dir C:\Users\Leo\OneDrive\Desktop\Modding\Minecraft-Robettini\Robettini\ATM10\mods for mods
[29Dec2025 03:42:17.029] [main/DEBUG] [net.neoforged.fml.loading.moddiscovery.readers.JarModsDotTomlModFileReader/SCAN]: Found META-INF/neoforge.mods.toml mod of type null: C:\Users\Leo\OneDrive\Desktop\Modding\Minecraft-Robettini\Robettini\ATM10\mods\[1.21.1] SecurityCraft v1.10.1.jar
[29Dec2025 03:42:17.029] [main/DEBUG] [net.neoforged.fml.loading.moddiscovery.ModFileParser/LOADING]: Considering mod file candidate C:\Users\Leo\OneDrive\Desktop\Modding\Minecraft-Robettini\Robettini\ATM10\mods\[1.21.1] SecurityCraft v1.10.1.jar
[29Dec2025 03:42:17.034] [main/DEBUG] [net.neoforged.fml.loading.moddiscovery.ModFileInfo/LOADING]: Found valid mod file [1.21.1] SecurityCraft v1.10.1.jar with {securitycraft} mods - versions {1.10.1}
[29Dec2025 03:42:17.035] [main/INFO] [net.neoforged.fml.loading.moddiscovery.ModDiscoverer/SCAN]: Found mod file "[1.21.1] SecurityCraft v1.10.1.jar" [locator: {mods folder locator at C:\Users\Leo\OneDrive\Desktop\Modding\Minecraft-Robettini\Robettini\ATM10\mods}, reader: mod manifest]
[29Dec2025 03:42:17.037] [main/DEBUG] [net.neoforged.fml.loading.moddiscovery.readers.JarModsDotTomlModFileReader/SCAN]: Found META-INF/neoforge.mods.toml mod of type null: C:\Users\Leo\OneDrive\Desktop\Modding\Minecraft-Robettini\Robettini\ATM10\mods\[neoforge]ctov-3.6.0b.jar
[29Dec2025 03:42:17.037] [main/DEBUG] [net.neoforged.fml.loading.moddiscovery.ModFileParser/LOADING]: Considering mod file candidate C:\Users\Leo\OneDrive\Desktop\Modding\Minecraft-Robettini\Robettini\ATM10\mods\[neoforge]ctov-3.6.0b.jar
[29Dec2025 03:42:17.038] [main/DEBUG] [net.neoforged.fml.loading.moddiscovery.ModFileInfo/LOADING]: Found valid mod file [neoforge]ctov-3.6.0b.jar with {ctov} mods - versions {3.6.0}
[29Dec2025 03:42:17.039] [main/INFO] [net.neoforged.fml.loading.moddiscovery.ModDiscoverer/SCAN]: Found mod file "[neoforge]ctov-3.6.0b.jar" [locator: {mods folder locator at C:\Users\Leo\OneDrive\Desktop\Modding\Minecraft-Robettini\Robettini\ATM10\mods}, reader: mod manifest]
[29Dec2025 03:42:17.040] [main/DEBUG] [net.neoforged.fml.loading.moddiscovery.readers.JarModsDotTomlModFileReader/SCAN]: Found META-INF/neoforge.mods.toml mod of type null: C:\Users\Leo\OneDrive\Desktop\Modding\Minecraft-Robettini\Robettini\ATM10\mods\accelerated-decay-neoforge-21.0.0.jar
[29Dec2025 03:42:17.040] [main/DEBUG] [net.neoforged.fml.loading.moddiscovery.ModFileParser/LOADING]: Considering mod file candidate C:\Users\Leo\OneDrive\Desktop\Modding\Minecraft-Robettini\Robettini\ATM10\mods\accelerated-decay-neoforge-21.0.0.jar
[29Dec2025 03:42:17.041] [main/DEBUG] [net.neoforged.fml.loading.moddiscovery.ModFileInfo/LOADING]: Found valid mod file accelerated-decay-neoforge-21.0.0.jar with {accelerateddecay} mods - versions {21.0.0}
[29Dec2025 03:42:17.041] [main/INFO] [net.neoforged.fml.loading.moddiscovery.ModDiscoverer/SCAN]: Found mod file "accelerated-decay-neoforge-21.0.0.jar" [locator: {mods folder locator at C:\Users\Leo\OneDrive\Desktop\Modding\Minecraft-Robettini\Robettini\ATM10\mods}, reader: mod manifest]
[29Dec2025 03:42:17.043] [main/DEBUG] [net.neoforged.fml.loading.moddiscovery.readers.JarModsDotTomlModFileReader/SCAN]: Found META-INF/neoforge.mods.toml mod of type null: C:\Users\Leo\OneDrive\Desktop\Modding\Minecraft-Robettini\Robettini\ATM10\mods\actuallyadditions-1.3.22+mc1.21.1.jar
[29Dec2025 03:42:17.043] [main/DEBUG] [net.neoforged.fml.loading.moddiscovery.ModFileParser/LOADING]: Considering mod file candidate C:\Users\Leo\OneDrive\Desktop\Modding\Minecraft-Robettini\Robettini\ATM10\mods\actuallyadditions-1.3.22+mc1.21.1.jar
[29Dec2025 03:42:17.044] [main/DEBUG] [net.neoforged.fml.loading.moddiscovery.ModFileInfo/LOADING]: Found valid mod file actuallyadditions-1.3.22+mc1.21.1.jar with {actuallyadditions} mods - versions {1.3.22}
[29Dec2025 03:42:17.044] [main/INFO] [net.neoforged.fml.loading.moddiscovery.ModDiscoverer/SCAN]: Found mod file "actuallyadditions-1.3.22+mc1.21.1.jar" [locator: {mods folder locator at C:\Users\Leo\OneDrive\Desktop\Modding\Minecraft-Robettini\Robettini\ATM10\mods}, reader: mod manifest]
[29Dec2025 03:42:17.045] [main/DEBUG] [net.neoforged.fml.loading.moddiscovery.readers.JarModsDotTomlModFileReader/SCAN]: Found META-INF/neoforge.mods.toml mod of type null: C:\Users\Leo\OneDrive\Desktop\Modding\Minecraft-Robettini\Robettini\ATM10\mods\additional_lights-neoforge-1.21-2.1.10.jar
[29Dec2025 03:42:17.045] [main/DEBUG] [net.neoforged.fml.loading.moddiscovery.ModFileParser/LOADING]: Considering mod file candidate C:\Users\Leo\OneDrive\Desktop\Modding\Minecraft-Robettini\Robettini\ATM10\mods\additional_lights-neoforge-1.21-2.1.10.jar
[29Dec2025 03:42:17.046] [main/DEBUG] [net.neoforged.fml.loading.moddiscovery.ModFileInfo/LOADING]: Found valid mod file additional_lights-neoforge-1.21-2.1.10.jar with {additional_lights} mods - versions {2.1.10}
[29Dec2025 03:42:17.046] [main/INFO] [net.neoforged.fml.loading.moddiscovery.ModDiscoverer/SCAN]: Found mod file "additional_lights-neoforge-1.21-2.1.10.jar" [locator: {mods folder locator at C:\Users\Leo\OneDrive\Desktop\Modding\Minecraft-Robettini\Robettini\ATM10\mods}, reader: mod manifest]
[29Dec2025 03:42:17.050] [main/DEBUG] [net.neoforged.fml.loading.moddiscovery.readers.JarModsDotTomlModFileReader/SCAN]: Found META-INF/neoforge.mods.toml mod of type null: C:\Users\Leo\OneDrive\Desktop\Modding\Minecraft-Robettini\Robettini\ATM10\mods\AdditionalEnchantedMiner-1.21.1-neoforge-21.1.141.jar
[29Dec2025 03:42:17.050] [main/DEBUG] [net.neoforged.fml.loading.moddiscovery.ModFileParser/LOADING]: Considering mod file candidate C:\Users\Leo\OneDrive\Desktop\Modding\Minecraft-Robettini\Robettini\ATM10\mods\AdditionalEnchantedMiner-1.21.1-neoforge-21.1.141.jar
[29Dec2025 03:42:17.051] [main/DEBUG] [net.neoforged.fml.loading.moddiscovery.ModFileInfo/LOADING]: Found valid mod file AdditionalEnchantedMiner-1.21.1-neoforge-21.1.141.jar with {quarryplus} mods - versions {21.1.141}
[29Dec2025 03:42:17.051] [main/INFO] [net.neoforged.fml.loading.moddiscovery.ModDiscoverer/SCAN]: Found mod file "AdditionalEnchantedMiner-1.21.1-neoforge-21.1.141.jar" [locator: {mods folder locator at C:\Users\Leo\OneDrive\Desktop\Modding\Minecraft-Robettini\Robettini\ATM10\mods}, reader: mod manifest]
[29Dec2025 03:42:17.052] [main/DEBUG] [net.neoforged.fml.loading.moddiscovery.readers.JarModsDotTomlModFileReader/SCAN]: Found META-INF/neoforge.mods.toml mod of type null: C:\Users\Leo\OneDrive\Desktop\Modding\Minecraft-Robettini\Robettini\ATM10\mods\AdvancedAE-1.6.7-1.21.1.jar
[29Dec2025 03:42:17.052] [main/DEBUG] [net.neoforged.fml.loading.moddiscovery.ModFileParser/LOADING]: Considering mod file candidate C:\Users\Leo\OneDrive\Desktop\Modding\Minecraft-Robettini\Robettini\ATM10\mods\AdvancedAE-1.6.7-1.21.1.jar
[29Dec2025 03:42:17.053] [main/DEBUG] [net.neoforged.fml.loading.moddiscovery.ModFileInfo/LOADING]: Found valid mod file AdvancedAE-1.6.7-1.21.1.jar with {advanced_ae} mods - versions {1.6.7-1.21.1}
[29Dec2025 03:42:17.053] [main/INFO] [net.neoforged.fml.loading.moddiscovery.ModDiscoverer/SCAN]: Found mod file "AdvancedAE-1.6.7-1.21.1.jar" [locator: {mods folder locator at C:\Users\Leo\OneDrive\Desktop\Modding\Minecraft-Robettini\Robettini\ATM10\mods}, reader: mod manifest]
[29Dec2025 03:42:17.055] [main/DEBUG] [net.neoforged.fml.loading.moddiscovery.readers.JarModsDotTomlModFileReader/SCAN]: Found META-INF/neoforge.mods.toml mod of type null: C:\Users\Leo\OneDrive\Desktop\Modding\Minecraft-Robettini\Robettini\ATM10\mods\AdvancedPeripherals-1.21.1-0.7.57b.jar
[29Dec2025 03:42:17.055] [main/DEBUG] [net.neoforged.fml.loading.moddiscovery.ModFileParser/LOADING]: Considering mod file candidate C:\Users\Leo\OneDrive\Desktop\Modding\Minecraft-Robettini\Robettini\ATM10\mods\AdvancedPeripherals-1.21.1-0.7.57b.jar
[29Dec2025 03:42:17.056] [main/DEBUG] [net.neoforged.fml.loading.moddiscovery.ModFileInfo/LOADING]: Found valid mod file AdvancedPeripherals-1.21.1-0.7.57b.jar with {advancedperipherals} mods - versions {0.7.57b}
[29Dec2025 03:42:17.056] [main/INFO] [net.neoforged.fml.loading.moddiscovery.ModDiscoverer/SCAN]: Found mod file "AdvancedPeripherals-1.21.1-0.7.57b.jar" [locator: {mods folder locator at C:\Users\Leo\OneDrive\Desktop\Modding\Minecraft-Robettini\Robettini\ATM10\mods}, reader: mod manifest]
[29Dec2025 03:42:17.057] [main/DEBUG] [net.neoforged.fml.loading.moddiscovery.readers.JarModsDotTomlModFileReader/SCAN]: Found META-INF/neoforge.mods.toml mod of type null: C:\Users\Leo\OneDrive\Desktop\Modding\Minecraft-Robettini\Robettini\ATM10\mods\ae2ct-1.21.1-1.1.1.jar
[29Dec2025 03:42:17.057] [main/DEBUG] [net.neoforged.fml.loading.moddiscovery.ModFileParser/LOADING]: Considering mod file candidate C:\Users\Leo\OneDrive\Desktop\Modding\Minecraft-Robettini\Robettini\ATM10\mods\ae2ct-1.21.1-1.1.1.jar
[29Dec2025 03:42:17.058] [main/DEBUG] [net.neoforged.fml.loading.moddiscovery.ModFileInfo/LOADING]: Found valid mod file ae2ct-1.21.1-1.1.1.jar with {ae2ct} mods - versions {1.21.1-1.1.1}
[29Dec2025 03:42:17.058] [main/INFO] [net.neoforged.fml.loading.moddiscovery.ModDiscoverer/SCAN]: Found mod file "ae2ct-1.21.1-1.1.1.jar" [locator: {mods folder locator at C:\Users\Leo\OneDrive\Desktop\Modding\Minecraft-Robettini\Robettini\ATM10\mods}, reader: mod manifest]
[29Dec2025 03:42:17.059] [main/DEBUG] [net.neoforged.fml.loading.moddiscovery.readers.JarModsDotTomlModFileReader/SCAN]: Found META-INF/neoforge.mods.toml mod of type null: C:\Users\Leo\OneDrive\Desktop\Modding\Minecraft-Robettini\Robettini\ATM10\mods\ae2importexportcard-1.21.1-1.4.1.jar
[29Dec2025 03:42:17.059] [main/DEBUG] [net.neoforged.fml.loading.moddiscovery.ModFileParser/LOADING]: Considering mod file candidate C:\Users\Leo\OneDrive\Desktop\Modding\Minecraft-Robettini\Robettini\ATM10\mods\ae2importexportcard-1.21.1-1.4.1.jar
[29Dec2025 03:42:17.060] [main/DEBUG] [net.neoforged.fml.loading.moddiscovery.ModFileInfo/LOADING]: Found valid mod file ae2importexportcard-1.21.1-1.4.1.jar with {ae2importexportcard} mods - versions {1.21.1-1.4.1}
[29Dec2025 03:42:17.060] [main/INFO] [net.neoforged.fml.loading.moddiscovery.ModDiscoverer/SCAN]: Found mod file "ae2importexportcard-1.21.1-1.4.1.jar" [locator: {mods folder locator at C:\Users\Leo\OneDrive\Desktop\Modding\Minecraft-Robettini\Robettini\ATM10\mods}, reader: mod manifest]
[29Dec2025 03:42:17.061] [main/DEBUG] [net.neoforged.fml.loading.moddiscovery.readers.JarModsDotTomlModFileReader/SCAN]: Found META-INF/neoforge.mods.toml mod of type null: C:\Users\Leo\OneDrive\Desktop\Modding\Minecraft-Robettini\Robettini\ATM10\mods\ae2jeiintegration-1.2.0.jar
[29Dec2025 03:42:17.061] [main/DEBUG] [net.neoforged.fml.loading.moddiscovery.ModFileParser/LOADING]: Considering mod file candidate C:\Users\Leo\OneDrive\Desktop\Modding\Minecraft-Robettini\Robettini\ATM10\mods\ae2jeiintegration-1.2.0.jar
[29Dec2025 03:42:17.061] [main/DEBUG] [net.neoforged.fml.loading.moddiscovery.ModFileInfo/LOADING]: Found valid mod file ae2jeiintegration-1.2.0.jar with {ae2jeiintegration} mods - versions {1.2.0}
[29Dec2025 03:42:17.061] [main/INFO] [net.neoforged.fml.loading.moddiscovery.ModDiscoverer/SCAN]: Found mod file "ae2jeiintegration-1.2.0.jar" [locator: {mods folder locator at C:\Users\Leo\OneDrive\Desktop\Modding\Minecraft-Robettini\Robettini\ATM10\mods}, reader: mod manifest]
[29Dec2025 03:42:17.062] [main/DEBUG] [net.neoforged.fml.loading.moddiscovery.readers.JarModsDotTomlModFileReader/SCAN]: Found META-INF/neoforge.mods.toml mod of type null: C:\Users\Leo\OneDrive\Desktop\Modding\Minecraft-Robettini\Robettini\ATM10\mods\AE2NetworkAnalyzer-1.21-2.1.3-neoforge.jar
[29Dec2025 03:42:17.062] [main/DEBUG] [net.neoforged.fml.loading.moddiscovery.ModFileParser/LOADING]: Considering mod file candidate C:\Users\Leo\OneDrive\Desktop\Modding\Minecraft-Robettini\Robettini\ATM10\mods\AE2NetworkAnalyzer-1.21-2.1.3-neoforge.jar
[29Dec2025 03:42:17.063] [main/DEBUG] [net.neoforged.fml.loading.moddiscovery.ModFileInfo/LOADING]: Found valid mod file AE2NetworkAnalyzer-1.21-2.1.3-neoforge.jar with {ae2netanalyser} mods - versions {1.21-2.1.3-neoforge}
[29Dec2025 03:42:17.063] [main/INFO] [net.neoforged.fml.loading.moddiscovery.ModDiscoverer/SCAN]: Found mod file "AE2NetworkAnalyzer-1.21-2.1.3-neoforge.jar" [locator: {mods folder locator at C:\Users\Leo\OneDrive\Desktop\Modding\Minecraft-Robettini\Robettini\ATM10\mods}, reader: mod manifest]
[29Dec2025 03:42:17.064] [main/DEBUG] [net.neoforged.fml.loading.moddiscovery.readers.JarModsDotTomlModFileReader/SCAN]: Found META-INF/neoforge.mods.toml mod of type null: C:\Users\Leo\OneDrive\Desktop\Modding\Minecraft-Robettini\Robettini\ATM10\mods\ae2wtlib-19.3.0.jar
[29Dec2025 03:42:17.064] [main/DEBUG] [net.neoforged.fml.loading.moddiscovery.ModFileParser/LOADING]: Considering mod file candidate C:\Users\Leo\OneDrive\Desktop\Modding\Minecraft-Robettini\Robettini\ATM10\mods\ae2wtlib-19.3.0.jar
[29Dec2025 03:42:17.064] [main/DEBUG] [net.neoforged.fml.loading.moddiscovery.ModFileInfo/LOADING]: Found valid mod file ae2wtlib-19.3.0.jar with {ae2wtlib} mods - versions {19.3.0}
[29Dec2025 03:42:17.065] [main/INFO] [net.neoforged.fml.loading.moddiscovery.ModDiscoverer/SCAN]: Found mod file "ae2wtlib-19.3.0.jar" [locator: {mods folder locator at C:\Users\Leo\OneDrive\Desktop\Modding\Minecraft-Robettini\Robettini\ATM10\mods}, reader: mod manifest]
[29Dec2025 03:42:17.066] [main/DEBUG] [net.neoforged.fml.loading.moddiscovery.readers.JarModsDotTomlModFileReader/SCAN]: Found META-INF/neoforge.mods.toml mod of type null: C:\Users\Leo\OneDrive\Desktop\Modding\Minecraft-Robettini\Robettini\ATM10\mods\aeinfinitybooster-neoforge-1.21.1-1.0.0.52.jar
[29Dec2025 03:42:17.066] [main/DEBUG] [net.neoforged.fml.loading.moddiscovery.ModFileParser/LOADING]: Considering mod file candidate C:\Users\Leo\OneDrive\Desktop\Modding\Minecraft-Robettini\Robettini\ATM10\mods\aeinfinitybooster-neoforge-1.21.1-1.0.0.52.jar
[29Dec2025 03:42:17.066] [main/DEBUG] [net.neoforged.fml.loading.moddiscovery.ModFileInfo/LOADING]: Found valid mod file aeinfinitybooster-neoforge-1.21.1-1.0.0.52.jar with {aeinfinitybooster} mods - versions {1.21.1-1.0.0.52}
[29Dec2025 03:42:17.066] [main/INFO] [net.neoforged.fml.loading.moddiscovery.ModDiscoverer/SCAN]: Found mod file "aeinfinitybooster-neoforge-1.21.1-1.0.0.52.jar" [locator: {mods folder locator at C:\Users\Leo\OneDrive\Desktop\Modding\Minecraft-Robettini\Robettini\ATM10\mods}, reader: mod manifest]
[29Dec2025 03:42:17.068] [main/DEBUG] [net.neoforged.fml.loading.moddiscovery.readers.JarModsDotTomlModFileReader/SCAN]: Found META-INF/neoforge.mods.toml mod of type null: C:\Users\Leo\OneDrive\Desktop\Modding\Minecraft-Robettini\Robettini\ATM10\mods\aether-1.21.1-1.5.10-neoforge.jar
[29Dec2025 03:42:17.068] [main/DEBUG] [net.neoforged.fml.loading.moddiscovery.ModFileParser/LOADING]: Considering mod file candidate C:\Users\Leo\OneDrive\Desktop\Modding\Minecraft-Robettini\Robettini\ATM10\mods\aether-1.21.1-1.5.10-neoforge.jar
[29Dec2025 03:42:17.069] [main/DEBUG] [net.neoforged.fml.loading.moddiscovery.ModFileInfo/LOADING]: Found valid mod file aether-1.21.1-1.5.10-neoforge.jar with {aether} mods - versions {1.5.10}
[29Dec2025 03:42:17.069] [main/INFO] [net.neoforged.fml.loading.moddiscovery.ModDiscoverer/SCAN]: Found mod file "aether-1.21.1-1.5.10-neoforge.jar" [locator: {mods folder locator at C:\Users\Leo\OneDrive\Desktop\Modding\Minecraft-Robettini\Robettini\ATM10\mods}, reader: mod manifest]
[29Dec2025 03:42:17.070] [main/DEBUG] [net.neoforged.fml.loading.moddiscovery.readers.JarModsDotTomlModFileReader/SCAN]: Found META-INF/neoforge.mods.toml mod of type null: C:\Users\Leo\OneDrive\Desktop\Modding\Minecraft-Robettini\Robettini\ATM10\mods\AI-Improvements-1.21-0.5.3.jar
[29Dec2025 03:42:17.070] [main/DEBUG] [net.neoforged.fml.loading.moddiscovery.ModFileParser/LOADING]: Considering mod file candidate C:\Users\Leo\OneDrive\Desktop\Modding\Minecraft-Robettini\Robettini\ATM10\mods\AI-Improvements-1.21-0.5.3.jar
[29Dec2025 03:42:17.070] [main/DEBUG] [net.neoforged.fml.loading.moddiscovery.ModFileInfo/LOADING]: Found valid mod file AI-Improvements-1.21-0.5.3.jar with {aiimprovements} mods - versions {0.5.3}
[29Dec2025 03:42:17.070] [main/INFO] [net.neoforged.fml.loading.moddiscovery.ModDiscoverer/SCAN]: Found mod file "AI-Improvements-1.21-0.5.3.jar" [locator: {mods folder locator at C:\Users\Leo\OneDrive\Desktop\Modding\Minecraft-Robettini\Robettini\ATM10\mods}, reader: mod manifest]
[29Dec2025 03:42:17.071] [main/DEBUG] [net.neoforged.fml.loading.moddiscovery.readers.JarModsDotTomlModFileReader/SCAN]: Found META-INF/neoforge.mods.toml mod of type null: C:\Users\Leo\OneDrive\Desktop\Modding\Minecraft-Robettini\Robettini\ATM10\mods\AkashicTome-1.8-29.jar
[29Dec2025 03:42:17.072] [main/DEBUG] [net.neoforged.fml.loading.moddiscovery.ModFileParser/LOADING]: Considering mod file candidate C:\Users\Leo\OneDrive\Desktop\Modding\Minecraft-Robettini\Robettini\ATM10\mods\AkashicTome-1.8-29.jar
[29Dec2025 03:42:17.072] [main/DEBUG] [net.neoforged.fml.loading.moddiscovery.ModFileInfo/LOADING]: Found valid mod file AkashicTome-1.8-29.jar with {akashictome} mods - versions {1.8-29}
[29Dec2025 03:42:17.072] [main/INFO] [net.neoforged.fml.loading.moddiscovery.ModDiscoverer/SCAN]: Found mod file "AkashicTome-1.8-29.jar" [locator: {mods folder locator at C:\Users\Leo\OneDrive\Desktop\Modding\Minecraft-Robettini\Robettini\ATM10\mods}, reader: mod manifest]
[29Dec2025 03:42:17.073] [main/DEBUG] [net.neoforged.fml.loading.moddiscovery.readers.JarModsDotTomlModFileReader/SCAN]: Found META-INF/neoforge.mods.toml mod of type null: C:\Users\Leo\OneDrive\Desktop\Modding\Minecraft-Robettini\Robettini\ATM10\mods\allthearcanistgear-1.21.1-21.3.2.jar
[29Dec2025 03:42:17.073] [main/DEBUG] [net.neoforged.fml.loading.moddiscovery.ModFileParser/LOADING]: Considering mod file candidate C:\Users\Leo\OneDrive\Desktop\Modding\Minecraft-Robettini\Robettini\ATM10\mods\allthearcanistgear-1.21.1-21.3.2.jar
[29Dec2025 03:42:17.074] [main/DEBUG] [net.neoforged.fml.loading.moddiscovery.ModFileInfo/LOADING]: Found valid mod file allthearcanistgear-1.21.1-21.3.2.jar with {allthearcanistgear} mods - versions {1.21.1-21.3.2}
[29Dec2025 03:42:17.074] [main/INFO] [net.neoforged.fml.loading.moddiscovery.ModDiscoverer/SCAN]: Found mod file "allthearcanistgear-1.21.1-21.3.2.jar" [locator: {mods folder locator at C:\Users\Leo\OneDrive\Desktop\Modding\Minecraft-Robettini\Robettini\ATM10\mods}, reader: mod manifest]
[29Dec2025 03:42:17.077] [main/DEBUG] [net.neoforged.fml.loading.moddiscovery.readers.JarModsDotTomlModFileReader/SCAN]: Found META-INF/neoforge.mods.toml mod of type null: C:\Users\Leo\OneDrive\Desktop\Modding\Minecraft-Robettini\Robettini\ATM10\mods\allthecompressed-1.21.1-4.3.0.jar
[29Dec2025 03:42:17.077] [main/DEBUG] [net.neoforged.fml.loading.moddiscovery.ModFileParser/LOADING]: Considering mod file candidate C:\Users\Leo\OneDrive\Desktop\Modding\Minecraft-Robettini\Robettini\ATM10\mods\allthecompressed-1.21.1-4.3.0.jar
[29Dec2025 03:42:17.078] [main/DEBUG] [net.neoforged.fml.loading.moddiscovery.ModFileInfo/LOADING]: Found valid mod file allthecompressed-1.21.1-4.3.0.jar with {allthecompressed} mods - versions {4.3.0}
[29Dec2025 03:42:17.078] [main/INFO] [net.neoforged.fml.loading.moddiscovery.ModDiscoverer/SCAN]: Found mod file "allthecompressed-1.21.1-4.3.0.jar" [locator: {mods folder locator at C:\Users\Leo\OneDrive\Desktop\Modding\Minecraft-Robettini\Robettini\ATM10\mods}, reader: mod manifest]
[29Dec2025 03:42:17.080] [main/DEBUG] [net.neoforged.fml.loading.moddiscovery.readers.JarModsDotTomlModFileReader/SCAN]: Found META-INF/neoforge.mods.toml mod of type null: C:\Users\Leo\OneDrive\Desktop\Modding\Minecraft-Robettini\Robettini\ATM10\mods\alltheleaks-1.1.4+1.21.1-neoforge.jar
[29Dec2025 03:42:17.080] [main/DEBUG] [net.neoforged.fml.loading.moddiscovery.ModFileParser/LOADING]: Considering mod file candidate C:\Users\Leo\OneDrive\Desktop\Modding\Minecraft-Robettini\Robettini\ATM10\mods\alltheleaks-1.1.4+1.21.1-neoforge.jar
[29Dec2025 03:42:17.081] [main/DEBUG] [net.neoforged.fml.loading.moddiscovery.ModFileInfo/LOADING]: Found valid mod file alltheleaks-1.1.4+1.21.1-neoforge.jar with {alltheleaks} mods - versions {1.1.4+1.21.1-neoforge}
[29Dec2025 03:42:17.081] [main/INFO] [net.neoforged.fml.loading.moddiscovery.ModDiscoverer/SCAN]: Found mod file "alltheleaks-1.1.4+1.21.1-neoforge.jar" [locator: {mods folder locator at C:\Users\Leo\OneDrive\Desktop\Modding\Minecraft-Robettini\Robettini\ATM10\mods}, reader: mod manifest]
[29Dec2025 03:42:17.082] [main/DEBUG] [net.neoforged.fml.loading.moddiscovery.readers.JarModsDotTomlModFileReader/SCAN]: Found META-INF/neoforge.mods.toml mod of type null: C:\Users\Leo\OneDrive\Desktop\Modding\Minecraft-Robettini\Robettini\ATM10\mods\allthemodium-2.9.5_mc_1.21.1.jar
[29Dec2025 03:42:17.083] [main/DEBUG] [net.neoforged.fml.loading.moddiscovery.ModFileParser/LOADING]: Considering mod file candidate C:\Users\Leo\OneDrive\Desktop\Modding\Minecraft-Robettini\Robettini\ATM10\mods\allthemodium-2.9.5_mc_1.21.1.jar
[29Dec2025 03:42:17.083] [main/DEBUG] [net.neoforged.fml.loading.moddiscovery.ModFileInfo/LOADING]: Found valid mod file allthemodium-2.9.5_mc_1.21.1.jar with {allthemodium} mods - versions {2.9.5}
[29Dec2025 03:42:17.083] [main/INFO] [net.neoforged.fml.loading.moddiscovery.ModDiscoverer/SCAN]: Found mod file "allthemodium-2.9.5_mc_1.21.1.jar" [locator: {mods folder locator at C:\Users\Leo\OneDrive\Desktop\Modding\Minecraft-Robettini\Robettini\ATM10\mods}, reader: mod manifest]
[29Dec2025 03:42:17.085] [main/DEBUG] [net.neoforged.fml.loading.moddiscovery.readers.JarModsDotTomlModFileReader/SCAN]: Found META-INF/neoforge.mods.toml mod of type null: C:\Users\Leo\OneDrive\Desktop\Modding\Minecraft-Robettini\Robettini\ATM10\mods\alltheores-3.1.8_neoforge_1.21.1.jar
[29Dec2025 03:42:17.085] [main/DEBUG] [net.neoforged.fml.loading.moddiscovery.ModFileParser/LOADING]: Considering mod file candidate C:\Users\Leo\OneDrive\Desktop\Modding\Minecraft-Robettini\Robettini\ATM10\mods\alltheores-3.1.8_neoforge_1.21.1.jar
[29Dec2025 03:42:17.086] [main/DEBUG] [net.neoforged.fml.loading.moddiscovery.ModFileInfo/LOADING]: Found valid mod file alltheores-3.1.8_neoforge_1.21.1.jar with {alltheores} mods - versions {3.1.8}
[29Dec2025 03:42:17.086] [main/INFO] [net.neoforged.fml.loading.moddiscovery.ModDiscoverer/SCAN]: Found mod file "alltheores-3.1.8_neoforge_1.21.1.jar" [locator: {mods folder locator at C:\Users\Leo\OneDrive\Desktop\Modding\Minecraft-Robettini\Robettini\ATM10\mods}, reader: mod manifest]
[29Dec2025 03:42:17.087] [main/DEBUG] [net.neoforged.fml.loading.moddiscovery.readers.JarModsDotTomlModFileReader/SCAN]: Found META-INF/neoforge.mods.toml mod of type null: C:\Users\Leo\OneDrive\Desktop\Modding\Minecraft-Robettini\Robettini\ATM10\mods\allthetweaks-1.21.1-2.7.7.jar
[29Dec2025 03:42:17.088] [main/DEBUG] [net.neoforged.fml.loading.moddiscovery.ModFileParser/LOADING]: Considering mod file candidate C:\Users\Leo\OneDrive\Desktop\Modding\Minecraft-Robettini\Robettini\ATM10\mods\allthetweaks-1.21.1-2.7.7.jar
[29Dec2025 03:42:17.088] [main/DEBUG] [net.neoforged.fml.loading.moddiscovery.ModFileInfo/LOADING]: Found valid mod file allthetweaks-1.21.1-2.7.7.jar with {allthetweaks} mods - versions {2.7.7}
[29Dec2025 03:42:17.088] [main/INFO] [net.neoforged.fml.loading.moddiscovery.ModDiscoverer/SCAN]: Found mod file "allthetweaks-1.21.1-2.7.7.jar" [locator: {mods folder locator at C:\Users\Leo\OneDrive\Desktop\Modding\Minecraft-Robettini\Robettini\ATM10\mods}, reader: mod manifest]
[29Dec2025 03:42:17.089] [main/DEBUG] [net.neoforged.fml.loading.moddiscovery.readers.JarModsDotTomlModFileReader/SCAN]: Found META-INF/neoforge.mods.toml mod of type null: C:\Users\Leo\OneDrive\Desktop\Modding\Minecraft-Robettini\Robettini\ATM10\mods\allthewizardgear-1.21.1-1.1.11.jar
[29Dec2025 03:42:17.089] [main/DEBUG] [net.neoforged.fml.loading.moddiscovery.ModFileParser/LOADING]: Considering mod file candidate C:\Users\Leo\OneDrive\Desktop\Modding\Minecraft-Robettini\Robettini\ATM10\mods\allthewizardgear-1.21.1-1.1.11.jar
[29Dec2025 03:42:17.090] [main/DEBUG] [net.neoforged.fml.loading.moddiscovery.ModFileInfo/LOADING]: Found valid mod file allthewizardgear-1.21.1-1.1.11.jar with {allthewizardgear} mods - versions {1.21.1-1.1.11}
[29Dec2025 03:42:17.090] [main/INFO] [net.neoforged.fml.loading.moddiscovery.ModDiscoverer/SCAN]: Found mod file "allthewizardgear-1.21.1-1.1.11.jar" [locator: {mods folder locator at C:\Users\Leo\OneDrive\Desktop\Modding\Minecraft-Robettini\Robettini\ATM10\mods}, reader: mod manifest]
[29Dec2025 03:42:17.091] [main/DEBUG] [net.neoforged.fml.loading.moddiscovery.readers.JarModsDotTomlModFileReader/SCAN]: Found META-INF/neoforge.mods.toml mod of type null: C:\Users\Leo\OneDrive\Desktop\Modding\Minecraft-Robettini\Robettini\ATM10\mods\almostunified-neoforge-1.21.1-1.3.0.jar
[29Dec2025 03:42:17.091] [main/DEBUG] [net.neoforged.fml.loading.moddiscovery.ModFileParser/LOADING]: Considering mod file candidate C:\Users\Leo\OneDrive\Desktop\Modding\Minecraft-Robettini\Robettini\ATM10\mods\almostunified-neoforge-1.21.1-1.3.0.jar
[29Dec2025 03:42:17.092] [main/DEBUG] [net.neoforged.fml.loading.moddiscovery.ModFileInfo/LOADING]: Found valid mod file almostunified-neoforge-1.21.1-1.3.0.jar with {almostunified} mods - versions {1.21.1-1.3.0}
[29Dec2025 03:42:17.092] [main/INFO] [net.neoforged.fml.loading.moddiscovery.ModDiscoverer/SCAN]: Found mod file "almostunified-neoforge-1.21.1-1.3.0.jar" [locator: {mods folder locator at C:\Users\Leo\OneDrive\Desktop\Modding\Minecraft-Robettini\Robettini\ATM10\mods}, reader: mod manifest]
[29Dec2025 03:42:17.093] [main/DEBUG] [net.neoforged.fml.loading.moddiscovery.readers.JarModsDotTomlModFileReader/SCAN]: Found META-INF/neoforge.mods.toml mod of type null: C:\Users\Leo\OneDrive\Desktop\Modding\Minecraft-Robettini\Robettini\ATM10\mods\amendments-1.21-2.0.9-neoforge.jar
[29Dec2025 03:42:17.093] [main/DEBUG] [net.neoforged.fml.loading.moddiscovery.ModFileParser/LOADING]: Considering mod file candidate C:\Users\Leo\OneDrive\Desktop\Modding\Minecraft-Robettini\Robettini\ATM10\mods\amendments-1.21-2.0.9-neoforge.jar
[29Dec2025 03:42:17.094] [main/DEBUG] [net.neoforged.fml.loading.moddiscovery.ModFileInfo/LOADING]: Found valid mod file amendments-1.21-2.0.9-neoforge.jar with {amendments} mods - versions {1.21-2.0.9}
[29Dec2025 03:42:17.094] [main/INFO] [net.neoforged.fml.loading.moddiscovery.ModDiscoverer/SCAN]: Found mod file "amendments-1.21-2.0.9-neoforge.jar" [locator: {mods folder locator at C:\Users\Leo\OneDrive\Desktop\Modding\Minecraft-Robettini\Robettini\ATM10\mods}, reader: mod manifest]
[29Dec2025 03:42:17.095] [main/DEBUG] [net.neoforged.fml.loading.moddiscovery.readers.JarModsDotTomlModFileReader/SCAN]: Found META-INF/neoforge.mods.toml mod of type null: C:\Users\Leo\OneDrive\Desktop\Modding\Minecraft-Robettini\Robettini\ATM10\mods\Apotheosis-1.21.1-8.4.1.jar
[29Dec2025 03:42:17.095] [main/DEBUG] [net.neoforged.fml.loading.moddiscovery.ModFileParser/LOADING]: Considering mod file candidate C:\Users\Leo\OneDrive\Desktop\Modding\Minecraft-Robettini\Robettini\ATM10\mods\Apotheosis-1.21.1-8.4.1.jar
[29Dec2025 03:42:17.096] [main/DEBUG] [net.neoforged.fml.loading.moddiscovery.ModFileInfo/LOADING]: Found valid mod file Apotheosis-1.21.1-8.4.1.jar with {apotheosis} mods - versions {8.4.1}
[29Dec2025 03:42:17.096] [main/INFO] [net.neoforged.fml.loading.moddiscovery.ModDiscoverer/SCAN]: Found mod file "Apotheosis-1.21.1-8.4.1.jar" [locator: {mods folder locator at C:\Users\Leo\OneDrive\Desktop\Modding\Minecraft-Robettini\Robettini\ATM10\mods}, reader: mod manifest]
[29Dec2025 03:42:17.097] [main/DEBUG] [net.neoforged.fml.loading.moddiscovery.readers.JarModsDotTomlModFileReader/SCAN]: Found META-INF/neoforge.mods.toml mod of type null: C:\Users\Leo\OneDrive\Desktop\Modding\Minecraft-Robettini\Robettini\ATM10\mods\ApothicAttributes-1.21.1-2.9.0.jar
[29Dec2025 03:42:17.097] [main/DEBUG] [net.neoforged.fml.loading.moddiscovery.ModFileParser/LOADING]: Considering mod file candidate C:\Users\Leo\OneDrive\Desktop\Modding\Minecraft-Robettini\Robettini\ATM10\mods\ApothicAttributes-1.21.1-2.9.0.jar
[29Dec2025 03:42:17.098] [main/DEBUG] [net.neoforged.fml.loading.moddiscovery.ModFileInfo/LOADING]: Found valid mod file ApothicAttributes-1.21.1-2.9.0.jar with {apothic_attributes} mods - versions {2.9.0}
[29Dec2025 03:42:17.098] [main/INFO] [net.neoforged.fml.loading.moddiscovery.ModDiscoverer/SCAN]: Found mod file "ApothicAttributes-1.21.1-2.9.0.jar" [locator: {mods folder locator at C:\Users\Leo\OneDrive\Desktop\Modding\Minecraft-Robettini\Robettini\ATM10\mods}, reader: mod manifest]
[29Dec2025 03:42:17.099] [main/DEBUG] [net.neoforged.fml.loading.moddiscovery.readers.JarModsDotTomlModFileReader/SCAN]: Found META-INF/neoforge.mods.toml mod of type null: C:\Users\Leo\OneDrive\Desktop\Modding\Minecraft-Robettini\Robettini\ATM10\mods\ApothicEnchanting-1.21.1-1.5.0.jar
[29Dec2025 03:42:17.099] [main/DEBUG] [net.neoforged.fml.loading.moddiscovery.ModFileParser/LOADING]: Considering mod file candidate C:\Users\Leo\OneDrive\Desktop\Modding\Minecraft-Robettini\Robettini\ATM10\mods\ApothicEnchanting-1.21.1-1.5.0.jar
[29Dec2025 03:42:17.099] [main/DEBUG] [net.neoforged.fml.loading.moddiscovery.ModFileInfo/LOADING]: Found valid mod file ApothicEnchanting-1.21.1-1.5.0.jar with {apothic_enchanting} mods - versions {1.5.0}
[29Dec2025 03:42:17.099] [main/INFO] [net.neoforged.fml.loading.moddiscovery.ModDiscoverer/SCAN]: Found mod file "ApothicEnchanting-1.21.1-1.5.0.jar" [locator: {mods folder locator at C:\Users\Leo\OneDrive\Desktop\Modding\Minecraft-Robettini\Robettini\ATM10\mods}, reader: mod manifest]
[29Dec2025 03:42:17.101] [main/DEBUG] [net.neoforged.fml.loading.moddiscovery.readers.JarModsDotTomlModFileReader/SCAN]: Found META-INF/neoforge.mods.toml mod of type null: C:\Users\Leo\OneDrive\Desktop\Modding\Minecraft-Robettini\Robettini\ATM10\mods\ApothicSpawners-1.21.1-1.3.2.jar
[29Dec2025 03:42:17.101] [main/DEBUG] [net.neoforged.fml.loading.moddiscovery.ModFileParser/LOADING]: Considering mod file candidate C:\Users\Leo\OneDrive\Desktop\Modding\Minecraft-Robettini\Robettini\ATM10\mods\ApothicSpawners-1.21.1-1.3.2.jar
[29Dec2025 03:42:17.101] [main/DEBUG] [net.neoforged.fml.loading.moddiscovery.ModFileInfo/LOADING]: Found valid mod file ApothicSpawners-1.21.1-1.3.2.jar with {apothic_spawners} mods - versions {1.3.2}
[29Dec2025 03:42:17.101] [main/INFO] [net.neoforged.fml.loading.moddiscovery.ModDiscoverer/SCAN]: Found mod file "ApothicSpawners-1.21.1-1.3.2.jar" [locator: {mods folder locator at C:\Users\Leo\OneDrive\Desktop\Modding\Minecraft-Robettini\Robettini\ATM10\mods}, reader: mod manifest]
[29Dec2025 03:42:17.102] [main/DEBUG] [net.neoforged.fml.loading.moddiscovery.readers.JarModsDotTomlModFileReader/SCAN]: Found META-INF/neoforge.mods.toml mod of type null: C:\Users\Leo\OneDrive\Desktop\Modding\Minecraft-Robettini\Robettini\ATM10\mods\appleskin-neoforge-mc1.21-3.0.7.jar
[29Dec2025 03:42:17.102] [main/DEBUG] [net.neoforged.fml.loading.moddiscovery.ModFileParser/LOADING]: Considering mod file candidate C:\Users\Leo\OneDrive\Desktop\Modding\Minecraft-Robettini\Robettini\ATM10\mods\appleskin-neoforge-mc1.21-3.0.7.jar
[29Dec2025 03:42:17.102] [main/DEBUG] [net.neoforged.fml.loading.moddiscovery.ModFileInfo/LOADING]: Found valid mod file appleskin-neoforge-mc1.21-3.0.7.jar with {appleskin} mods - versions {3.0.7+mc1.21}
[29Dec2025 03:42:17.103] [main/INFO] [net.neoforged.fml.loading.moddiscovery.ModDiscoverer/SCAN]: Found mod file "appleskin-neoforge-mc1.21-3.0.7.jar" [locator: {mods folder locator at C:\Users\Leo\OneDrive\Desktop\Modding\Minecraft-Robettini\Robettini\ATM10\mods}, reader: mod manifest]
[29Dec2025 03:42:17.104] [main/DEBUG] [net.neoforged.fml.loading.moddiscovery.readers.JarModsDotTomlModFileReader/SCAN]: Found META-INF/neoforge.mods.toml mod of type null: C:\Users\Leo\OneDrive\Desktop\Modding\Minecraft-Robettini\Robettini\ATM10\mods\Applied-Mekanistics-1.6.3.jar
[29Dec2025 03:42:17.104] [main/DEBUG] [net.neoforged.fml.loading.moddiscovery.ModFileParser/LOADING]: Considering mod file candidate C:\Users\Leo\OneDrive\Desktop\Modding\Minecraft-Robettini\Robettini\ATM10\mods\Applied-Mekanistics-1.6.3.jar
[29Dec2025 03:42:17.104] [main/DEBUG] [net.neoforged.fml.loading.moddiscovery.ModFileInfo/LOADING]: Found valid mod file Applied-Mekanistics-1.6.3.jar with {appmek} mods - versions {1.6.3}
[29Dec2025 03:42:17.104] [main/INFO] [net.neoforged.fml.loading.moddiscovery.ModDiscoverer/SCAN]: Found mod file "Applied-Mekanistics-1.6.3.jar" [locator: {mods folder locator at C:\Users\Leo\OneDrive\Desktop\Modding\Minecraft-Robettini\Robettini\ATM10\mods}, reader: mod manifest]
[29Dec2025 03:42:17.106] [main/DEBUG] [net.neoforged.fml.loading.moddiscovery.readers.JarModsDotTomlModFileReader/SCAN]: Found META-INF/neoforge.mods.toml mod of type null: C:\Users\Leo\OneDrive\Desktop\Modding\Minecraft-Robettini\Robettini\ATM10\mods\appliedenergistics2-19.2.17.jar
[29Dec2025 03:42:17.106] [main/DEBUG] [net.neoforged.fml.loading.moddiscovery.ModFileParser/LOADING]: Considering mod file candidate C:\Users\Leo\OneDrive\Desktop\Modding\Minecraft-Robettini\Robettini\ATM10\mods\appliedenergistics2-19.2.17.jar
[29Dec2025 03:42:17.107] [main/DEBUG] [net.neoforged.fml.loading.moddiscovery.ModFileInfo/LOADING]: Found valid mod file appliedenergistics2-19.2.17.jar with {ae2} mods - versions {19.2.17}
[29Dec2025 03:42:17.107] [main/INFO] [net.neoforged.fml.loading.moddiscovery.ModDiscoverer/SCAN]: Found mod file "appliedenergistics2-19.2.17.jar" [locator: {mods folder locator at C:\Users\Leo\OneDrive\Desktop\Modding\Minecraft-Robettini\Robettini\ATM10\mods}, reader: mod manifest]
[29Dec2025 03:42:17.108] [main/DEBUG] [net.neoforged.fml.loading.moddiscovery.readers.JarModsDotTomlModFileReader/SCAN]: Found META-INF/neoforge.mods.toml mod of type null: C:\Users\Leo\OneDrive\Desktop\Modding\Minecraft-Robettini\Robettini\ATM10\mods\AppliedFlux-1.21-2.1.3-neoforge.jar
[29Dec2025 03:42:17.108] [main/DEBUG] [net.neoforged.fml.loading.moddiscovery.ModFileParser/LOADING]: Considering mod file candidate C:\Users\Leo\OneDrive\Desktop\Modding\Minecraft-Robettini\Robettini\ATM10\mods\AppliedFlux-1.21-2.1.3-neoforge.jar
[29Dec2025 03:42:17.109] [main/DEBUG] [net.neoforged.fml.loading.moddiscovery.ModFileInfo/LOADING]: Found valid mod file AppliedFlux-1.21-2.1.3-neoforge.jar with {appflux} mods - versions {1.21-2.1.3-neoforge}
[29Dec2025 03:42:17.109] [main/INFO] [net.neoforged.fml.loading.moddiscovery.ModDiscoverer/SCAN]: Found mod file "AppliedFlux-1.21-2.1.3-neoforge.jar" [locator: {mods folder locator at C:\Users\Leo\OneDrive\Desktop\Modding\Minecraft-Robettini\Robettini\ATM10\mods}, reader: mod manifest]
[29Dec2025 03:42:17.110] [main/DEBUG] [net.neoforged.fml.loading.moddiscovery.readers.JarModsDotTomlModFileReader/SCAN]: Found META-INF/neoforge.mods.toml mod of type null: C:\Users\Leo\OneDrive\Desktop\Modding\Minecraft-Robettini\Robettini\ATM10\mods\Aquaculture-1.21.1-2.7.14.jar
[29Dec2025 03:42:17.110] [main/DEBUG] [net.neoforged.fml.loading.moddiscovery.ModFileParser/LOADING]: Considering mod file candidate C:\Users\Leo\OneDrive\Desktop\Modding\Minecraft-Robettini\Robettini\ATM10\mods\Aquaculture-1.21.1-2.7.14.jar
[29Dec2025 03:42:17.111] [main/DEBUG] [net.neoforged.fml.loading.moddiscovery.ModFileInfo/LOADING]: Found valid mod file Aquaculture-1.21.1-2.7.14.jar with {aquaculture} mods - versions {2.7.14}
[29Dec2025 03:42:17.111] [main/INFO] [net.neoforged.fml.loading.moddiscovery.ModDiscoverer/SCAN]: Found mod file "Aquaculture-1.21.1-2.7.14.jar" [locator: {mods folder locator at C:\Users\Leo\OneDrive\Desktop\Modding\Minecraft-Robettini\Robettini\ATM10\mods}, reader: mod manifest]
[29Dec2025 03:42:17.112] [main/DEBUG] [net.neoforged.fml.loading.moddiscovery.readers.JarModsDotTomlModFileReader/SCAN]: Found META-INF/neoforge.mods.toml mod of type null: C:\Users\Leo\OneDrive\Desktop\Modding\Minecraft-Robettini\Robettini\ATM10\mods\architectury-13.0.8-neoforge.jar
[29Dec2025 03:42:17.112] [main/DEBUG] [net.neoforged.fml.loading.moddiscovery.ModFileParser/LOADING]: Considering mod file candidate C:\Users\Leo\OneDrive\Desktop\Modding\Minecraft-Robettini\Robettini\ATM10\mods\architectury-13.0.8-neoforge.jar
[29Dec2025 03:42:17.112] [main/DEBUG] [net.neoforged.fml.loading.moddiscovery.ModFileInfo/LOADING]: Found valid mod file architectury-13.0.8-neoforge.jar with {architectury} mods - versions {13.0.8}
[29Dec2025 03:42:17.112] [main/INFO] [net.neoforged.fml.loading.moddiscovery.ModDiscoverer/SCAN]: Found mod file "architectury-13.0.8-neoforge.jar" [locator: {mods folder locator at C:\Users\Leo\OneDrive\Desktop\Modding\Minecraft-Robettini\Robettini\ATM10\mods}, reader: mod manifest]
[29Dec2025 03:42:17.113] [main/DEBUG] [net.neoforged.fml.loading.moddiscovery.readers.JarModsDotTomlModFileReader/SCAN]: Found META-INF/neoforge.mods.toml mod of type null: C:\Users\Leo\OneDrive\Desktop\Modding\Minecraft-Robettini\Robettini\ATM10\mods\ars_additions-1.21.1-21.2.3.jar
[29Dec2025 03:42:17.114] [main/DEBUG] [net.neoforged.fml.loading.moddiscovery.ModFileParser/LOADING]: Considering mod file candidate C:\Users\Leo\OneDrive\Desktop\Modding\Minecraft-Robettini\Robettini\ATM10\mods\ars_additions-1.21.1-21.2.3.jar
[29Dec2025 03:42:17.114] [main/DEBUG] [net.neoforged.fml.loading.moddiscovery.ModFileInfo/LOADING]: Found valid mod file ars_additions-1.21.1-21.2.3.jar with {ars_additions} mods - versions {1.21.1-21.2.3}
[29Dec2025 03:42:17.114] [main/INFO] [net.neoforged.fml.loading.moddiscovery.ModDiscoverer/SCAN]: Found mod file "ars_additions-1.21.1-21.2.3.jar" [locator: {mods folder locator at C:\Users\Leo\OneDrive\Desktop\Modding\Minecraft-Robettini\Robettini\ATM10\mods}, reader: mod manifest]
[29Dec2025 03:42:17.115] [main/DEBUG] [net.neoforged.fml.loading.moddiscovery.readers.JarModsDotTomlModFileReader/SCAN]: Found META-INF/neoforge.mods.toml mod of type null: C:\Users\Leo\OneDrive\Desktop\Modding\Minecraft-Robettini\Robettini\ATM10\mods\ars_controle-1.21.1-1.6.12.jar
[29Dec2025 03:42:17.115] [main/DEBUG] [net.neoforged.fml.loading.moddiscovery.ModFileParser/LOADING]: Considering mod file candidate C:\Users\Leo\OneDrive\Desktop\Modding\Minecraft-Robettini\Robettini\ATM10\mods\ars_controle-1.21.1-1.6.12.jar
[29Dec2025 03:42:17.116] [main/DEBUG] [net.neoforged.fml.loading.moddiscovery.ModFileInfo/LOADING]: Found valid mod file ars_controle-1.21.1-1.6.12.jar with {ars_controle} mods - versions {1.21.1-1.6.12}
[29Dec2025 03:42:17.116] [main/INFO] [net.neoforged.fml.loading.moddiscovery.ModDiscoverer/SCAN]: Found mod file "ars_controle-1.21.1-1.6.12.jar" [locator: {mods folder locator at C:\Users\Leo\OneDrive\Desktop\Modding\Minecraft-Robettini\Robettini\ATM10\mods}, reader: mod manifest]
[29Dec2025 03:42:17.117] [main/DEBUG] [net.neoforged.fml.loading.moddiscovery.readers.JarModsDotTomlModFileReader/SCAN]: Found META-INF/neoforge.mods.toml mod of type null: C:\Users\Leo\OneDrive\Desktop\Modding\Minecraft-Robettini\Robettini\ATM10\mods\ars_creo-1.21.1-5.1.0.jar
[29Dec2025 03:42:17.117] [main/DEBUG] [net.neoforged.fml.loading.moddiscovery.ModFileParser/LOADING]: Considering mod file candidate C:\Users\Leo\OneDrive\Desktop\Modding\Minecraft-Robettini\Robettini\ATM10\mods\ars_creo-1.21.1-5.1.0.jar
[29Dec2025 03:42:17.117] [main/DEBUG] [net.neoforged.fml.loading.moddiscovery.ModFileInfo/LOADING]: Found valid mod file ars_creo-1.21.1-5.1.0.jar with {ars_creo} mods - versions {5.1.0}
[29Dec2025 03:42:17.117] [main/INFO] [net.neoforged.fml.loading.moddiscovery.ModDiscoverer/SCAN]: Found mod file "ars_creo-1.21.1-5.1.0.jar" [locator: {mods folder locator at C:\Users\Leo\OneDrive\Desktop\Modding\Minecraft-Robettini\Robettini\ATM10\mods}, reader: mod manifest]
[29Dec2025 03:42:17.119] [main/DEBUG] [net.neoforged.fml.loading.moddiscovery.readers.JarModsDotTomlModFileReader/SCAN]: Found META-INF/neoforge.mods.toml mod of type null: C:\Users\Leo\OneDrive\Desktop\Modding\Minecraft-Robettini\Robettini\ATM10\mods\ars_elemancy-1.21.1-1.11.jar
[29Dec2025 03:42:17.119] [main/DEBUG] [net.neoforged.fml.loading.moddiscovery.ModFileParser/LOADING]: Considering mod file candidate C:\Users\Leo\OneDrive\Desktop\Modding\Minecraft-Robettini\Robettini\ATM10\mods\ars_elemancy-1.21.1-1.11.jar
[29Dec2025 03:42:17.119] [main/DEBUG] [net.neoforged.fml.loading.moddiscovery.ModFileInfo/LOADING]: Found valid mod file ars_elemancy-1.21.1-1.11.jar with {ars_elemancy} mods - versions {1.11}
[29Dec2025 03:42:17.119] [main/INFO] [net.neoforged.fml.loading.moddiscovery.ModDiscoverer/SCAN]: Found mod file "ars_elemancy-1.21.1-1.11.jar" [locator: {mods folder locator at C:\Users\Leo\OneDrive\Desktop\Modding\Minecraft-Robettini\Robettini\ATM10\mods}, reader: mod manifest]
[29Dec2025 03:42:17.120] [main/DEBUG] [net.neoforged.fml.loading.moddiscovery.readers.JarModsDotTomlModFileReader/SCAN]: Found META-INF/neoforge.mods.toml mod of type null: C:\Users\Leo\OneDrive\Desktop\Modding\Minecraft-Robettini\Robettini\ATM10\mods\ars_elemental-1.21.1-0.7.6.9.jar
[29Dec2025 03:42:17.121] [main/DEBUG] [net.neoforged.fml.loading.moddiscovery.ModFileParser/LOADING]: Considering mod file candidate C:\Users\Leo\OneDrive\Desktop\Modding\Minecraft-Robettini\Robettini\ATM10\mods\ars_elemental-1.21.1-0.7.6.9.jar
[29Dec2025 03:42:17.121] [main/DEBUG] [net.neoforged.fml.loading.moddiscovery.ModFileInfo/LOADING]: Found valid mod file ars_elemental-1.21.1-0.7.6.9.jar with {ars_elemental} mods - versions {0.7.6.9}
[29Dec2025 03:42:17.121] [main/INFO] [net.neoforged.fml.loading.moddiscovery.ModDiscoverer/SCAN]: Found mod file "ars_elemental-1.21.1-0.7.6.9.jar" [locator: {mods folder locator at C:\Users\Leo\OneDrive\Desktop\Modding\Minecraft-Robettini\Robettini\ATM10\mods}, reader: mod manifest]
[29Dec2025 03:42:17.124] [main/DEBUG] [net.neoforged.fml.loading.moddiscovery.readers.JarModsDotTomlModFileReader/SCAN]: Found META-INF/neoforge.mods.toml mod of type null: C:\Users\Leo\OneDrive\Desktop\Modding\Minecraft-Robettini\Robettini\ATM10\mods\ars_nouveau-1.21.1-5.10.6.jar
[29Dec2025 03:42:17.124] [main/DEBUG] [net.neoforged.fml.loading.moddiscovery.ModFileParser/LOADING]: Considering mod file candidate C:\Users\Leo\OneDrive\Desktop\Modding\Minecraft-Robettini\Robettini\ATM10\mods\ars_nouveau-1.21.1-5.10.6.jar
[29Dec2025 03:42:17.124] [main/DEBUG] [net.neoforged.fml.loading.moddiscovery.ModFileInfo/LOADING]: Found valid mod file ars_nouveau-1.21.1-5.10.6.jar with {ars_nouveau} mods - versions {5.10.6}
[29Dec2025 03:42:17.124] [main/INFO] [net.neoforged.fml.loading.moddiscovery.ModDiscoverer/SCAN]: Found mod file "ars_nouveau-1.21.1-5.10.6.jar" [locator: {mods folder locator at C:\Users\Leo\OneDrive\Desktop\Modding\Minecraft-Robettini\Robettini\ATM10\mods}, reader: mod manifest]
[29Dec2025 03:42:17.125] [main/DEBUG] [net.neoforged.fml.loading.moddiscovery.readers.JarModsDotTomlModFileReader/SCAN]: Found META-INF/neoforge.mods.toml mod of type null: C:\Users\Leo\OneDrive\Desktop\Modding\Minecraft-Robettini\Robettini\ATM10\mods\ars_ocultas-1.21.1-2.2.0.jar
[29Dec2025 03:42:17.125] [main/DEBUG] [net.neoforged.fml.loading.moddiscovery.ModFileParser/LOADING]: Considering mod file candidate C:\Users\Leo\OneDrive\Desktop\Modding\Minecraft-Robettini\Robettini\ATM10\mods\ars_ocultas-1.21.1-2.2.0.jar
[29Dec2025 03:42:17.126] [main/DEBUG] [net.neoforged.fml.loading.moddiscovery.ModFileInfo/LOADING]: Found valid mod file ars_ocultas-1.21.1-2.2.0.jar with {ars_ocultas} mods - versions {2.2.0}
[29Dec2025 03:42:17.126] [main/INFO] [net.neoforged.fml.loading.moddiscovery.ModDiscoverer/SCAN]: Found mod file "ars_ocultas-1.21.1-2.2.0.jar" [locator: {mods folder locator at C:\Users\Leo\OneDrive\Desktop\Modding\Minecraft-Robettini\Robettini\ATM10\mods}, reader: mod manifest]
[29Dec2025 03:42:17.127] [main/DEBUG] [net.neoforged.fml.loading.moddiscovery.readers.JarModsDotTomlModFileReader/SCAN]: Found META-INF/neoforge.mods.toml mod of type null: C:\Users\Leo\OneDrive\Desktop\Modding\Minecraft-Robettini\Robettini\ATM10\mods\ars_polymorphia-1.0.3.jar
[29Dec2025 03:42:17.127] [main/DEBUG] [net.neoforged.fml.loading.moddiscovery.ModFileParser/LOADING]: Considering mod file candidate C:\Users\Leo\OneDrive\Desktop\Modding\Minecraft-Robettini\Robettini\ATM10\mods\ars_polymorphia-1.0.3.jar
[29Dec2025 03:42:17.127] [main/DEBUG] [net.neoforged.fml.loading.moddiscovery.ModFileInfo/LOADING]: Found valid mod file ars_polymorphia-1.0.3.jar with {ars_polymorphia} mods - versions {1.0.3}
[29Dec2025 03:42:17.127] [main/INFO] [net.neoforged.fml.loading.moddiscovery.ModDiscoverer/SCAN]: Found mod file "ars_polymorphia-1.0.3.jar" [locator: {mods folder locator at C:\Users\Leo\OneDrive\Desktop\Modding\Minecraft-Robettini\Robettini\ATM10\mods}, reader: mod manifest]
[29Dec2025 03:42:17.129] [main/DEBUG] [net.neoforged.fml.loading.moddiscovery.readers.JarModsDotTomlModFileReader/SCAN]: Found META-INF/neoforge.mods.toml mod of type null: C:\Users\Leo\OneDrive\Desktop\Modding\Minecraft-Robettini\Robettini\ATM10\mods\ars_technica-1.21.1-2.4.0.jar
[29Dec2025 03:42:17.129] [main/DEBUG] [net.neoforged.fml.loading.moddiscovery.ModFileParser/LOADING]: Considering mod file candidate C:\Users\Leo\OneDrive\Desktop\Modding\Minecraft-Robettini\Robettini\ATM10\mods\ars_technica-1.21.1-2.4.0.jar
[29Dec2025 03:42:17.129] [main/DEBUG] [net.neoforged.fml.loading.moddiscovery.ModFileInfo/LOADING]: Found valid mod file ars_technica-1.21.1-2.4.0.jar with {ars_technica} mods - versions {2.4.0}
[29Dec2025 03:42:17.129] [main/INFO] [net.neoforged.fml.loading.moddiscovery.ModDiscoverer/SCAN]: Found mod file "ars_technica-1.21.1-2.4.0.jar" [locator: {mods folder locator at C:\Users\Leo\OneDrive\Desktop\Modding\Minecraft-Robettini\Robettini\ATM10\mods}, reader: mod manifest]
[29Dec2025 03:42:17.130] [main/DEBUG] [net.neoforged.fml.loading.moddiscovery.readers.JarModsDotTomlModFileReader/SCAN]: Found META-INF/neoforge.mods.toml mod of type null: C:\Users\Leo\OneDrive\Desktop\Modding\Minecraft-Robettini\Robettini\ATM10\mods\ars_unification-1.2.16.jar
[29Dec2025 03:42:17.130] [main/DEBUG] [net.neoforged.fml.loading.moddiscovery.ModFileParser/LOADING]: Considering mod file candidate C:\Users\Leo\OneDrive\Desktop\Modding\Minecraft-Robettini\Robettini\ATM10\mods\ars_unification-1.2.16.jar
[29Dec2025 03:42:17.131] [main/DEBUG] [net.neoforged.fml.loading.moddiscovery.ModFileInfo/LOADING]: Found valid mod file ars_unification-1.2.16.jar with {ars_unification} mods - versions {1.2.16}
[29Dec2025 03:42:17.131] [main/INFO] [net.neoforged.fml.loading.moddiscovery.ModDiscoverer/SCAN]: Found mod file "ars_unification-1.2.16.jar" [locator: {mods folder locator at C:\Users\Leo\OneDrive\Desktop\Modding\Minecraft-Robettini\Robettini\ATM10\mods}, reader: mod manifest]
[29Dec2025 03:42:17.132] [main/DEBUG] [net.neoforged.fml.loading.moddiscovery.readers.JarModsDotTomlModFileReader/SCAN]: Found META-INF/neoforge.mods.toml mod of type null: C:\Users\Leo\OneDrive\Desktop\Modding\Minecraft-Robettini\Robettini\ATM10\mods\arseng-2.1.1-beta.jar
[29Dec2025 03:42:17.132] [main/DEBUG] [net.neoforged.fml.loading.moddiscovery.ModFileParser/LOADING]: Considering mod file candidate C:\Users\Leo\OneDrive\Desktop\Modding\Minecraft-Robettini\Robettini\ATM10\mods\arseng-2.1.1-beta.jar
[29Dec2025 03:42:17.133] [main/DEBUG] [net.neoforged.fml.loading.moddiscovery.ModFileInfo/LOADING]: Found valid mod file arseng-2.1.1-beta.jar with {arseng} mods - versions {2.1.1-beta}
[29Dec2025 03:42:17.133] [main/INFO] [net.neoforged.fml.loading.moddiscovery.ModDiscoverer/SCAN]: Found mod file "arseng-2.1.1-beta.jar" [locator: {mods folder locator at C:\Users\Leo\OneDrive\Desktop\Modding\Minecraft-Robettini\Robettini\ATM10\mods}, reader: mod manifest]
[29Dec2025 03:42:17.134] [main/DEBUG] [net.neoforged.fml.loading.moddiscovery.readers.JarModsDotTomlModFileReader/SCAN]: Found META-INF/neoforge.mods.toml mod of type null: C:\Users\Leo\OneDrive\Desktop\Modding\Minecraft-Robettini\Robettini\ATM10\mods\artifacts-neoforge-13.1.0.jar
[29Dec2025 03:42:17.134] [main/DEBUG] [net.neoforged.fml.loading.moddiscovery.ModFileParser/LOADING]: Considering mod file candidate C:\Users\Leo\OneDrive\Desktop\Modding\Minecraft-Robettini\Robettini\ATM10\mods\artifacts-neoforge-13.1.0.jar
[29Dec2025 03:42:17.134] [main/DEBUG] [net.neoforged.fml.loading.moddiscovery.ModFileInfo/LOADING]: Found valid mod file artifacts-neoforge-13.1.0.jar with {artifacts} mods - versions {13.1.0}
[29Dec2025 03:42:17.134] [main/INFO] [net.neoforged.fml.loading.moddiscovery.ModDiscoverer/SCAN]: Found mod file "artifacts-neoforge-13.1.0.jar" [locator: {mods folder locator at C:\Users\Leo\OneDrive\Desktop\Modding\Minecraft-Robettini\Robettini\ATM10\mods}, reader: mod manifest]
[29Dec2025 03:42:17.136] [main/DEBUG] [net.neoforged.fml.loading.moddiscovery.readers.JarModsDotTomlModFileReader/SCAN]: Found META-INF/neoforge.mods.toml mod of type null: C:\Users\Leo\OneDrive\Desktop\Modding\Minecraft-Robettini\Robettini\ATM10\mods\athena-neoforge-1.21-4.0.2.jar
[29Dec2025 03:42:17.136] [main/DEBUG] [net.neoforged.fml.loading.moddiscovery.ModFileParser/LOADING]: Considering mod file candidate C:\Users\Leo\OneDrive\Desktop\Modding\Minecraft-Robettini\Robettini\ATM10\mods\athena-neoforge-1.21-4.0.2.jar
[29Dec2025 03:42:17.136] [main/DEBUG] [net.neoforged.fml.loading.moddiscovery.ModFileInfo/LOADING]: Found valid mod file athena-neoforge-1.21-4.0.2.jar with {athena} mods - versions {4.0.2}
[29Dec2025 03:42:17.136] [main/INFO] [net.neoforged.fml.loading.moddiscovery.ModDiscoverer/SCAN]: Found mod file "athena-neoforge-1.21-4.0.2.jar" [locator: {mods folder locator at C:\Users\Leo\OneDrive\Desktop\Modding\Minecraft-Robettini\Robettini\ATM10\mods}, reader: mod manifest]
[29Dec2025 03:42:17.137] [main/DEBUG] [net.neoforged.fml.loading.moddiscovery.readers.JarModsDotTomlModFileReader/SCAN]: Found META-INF/neoforge.mods.toml mod of type null: C:\Users\Leo\OneDrive\Desktop\Modding\Minecraft-Robettini\Robettini\ATM10\mods\atlas_api-1.21.1-1.2.0.jar
[29Dec2025 03:42:17.137] [main/DEBUG] [net.neoforged.fml.loading.moddiscovery.ModFileParser/LOADING]: Considering mod file candidate C:\Users\Leo\OneDrive\Desktop\Modding\Minecraft-Robettini\Robettini\ATM10\mods\atlas_api-1.21.1-1.2.0.jar
[29Dec2025 03:42:17.137] [main/DEBUG] [net.neoforged.fml.loading.moddiscovery.ModFileInfo/LOADING]: Found valid mod file atlas_api-1.21.1-1.2.0.jar with {atlas_api} mods - versions {1.21.1-1.2.0}
[29Dec2025 03:42:17.137] [main/INFO] [net.neoforged.fml.loading.moddiscovery.ModDiscoverer/SCAN]: Found mod file "atlas_api-1.21.1-1.2.0.jar" [locator: {mods folder locator at C:\Users\Leo\OneDrive\Desktop\Modding\Minecraft-Robettini\Robettini\ATM10\mods}, reader: mod manifest]
[29Dec2025 03:42:17.139] [main/DEBUG] [net.neoforged.fml.loading.moddiscovery.readers.JarModsDotTomlModFileReader/SCAN]: Found META-INF/neoforge.mods.toml mod of type null: C:\Users\Leo\OneDrive\Desktop\Modding\Minecraft-Robettini\Robettini\ATM10\mods\attributefix-neoforge-1.21.1-21.1.3.jar
[29Dec2025 03:42:17.139] [main/DEBUG] [net.neoforged.fml.loading.moddiscovery.ModFileParser/LOADING]: Considering mod file candidate C:\Users\Leo\OneDrive\Desktop\Modding\Minecraft-Robettini\Robettini\ATM10\mods\attributefix-neoforge-1.21.1-21.1.3.jar
[29Dec2025 03:42:17.139] [main/DEBUG] [net.neoforged.fml.loading.moddiscovery.ModFileInfo/LOADING]: Found valid mod file attributefix-neoforge-1.21.1-21.1.3.jar with {attributefix} mods - versions {21.1.3}
[29Dec2025 03:42:17.139] [main/INFO] [net.neoforged.fml.loading.moddiscovery.ModDiscoverer/SCAN]: Found mod file "attributefix-neoforge-1.21.1-21.1.3.jar" [locator: {mods folder locator at C:\Users\Leo\OneDrive\Desktop\Modding\Minecraft-Robettini\Robettini\ATM10\mods}, reader: mod manifest]
[29Dec2025 03:42:17.140] [main/DEBUG] [net.neoforged.fml.loading.moddiscovery.readers.JarModsDotTomlModFileReader/SCAN]: Found META-INF/neoforge.mods.toml mod of type null: C:\Users\Leo\OneDrive\Desktop\Modding\Minecraft-Robettini\Robettini\ATM10\mods\balm-neoforge-1.21.1-21.0.55.jar
[29Dec2025 03:42:17.140] [main/DEBUG] [net.neoforged.fml.loading.moddiscovery.ModFileParser/LOADING]: Considering mod file candidate C:\Users\Leo\OneDrive\Desktop\Modding\Minecraft-Robettini\Robettini\ATM10\mods\balm-neoforge-1.21.1-21.0.55.jar
[29Dec2025 03:42:17.140] [main/DEBUG] [net.neoforged.fml.loading.moddiscovery.ModFileInfo/LOADING]: Found valid mod file balm-neoforge-1.21.1-21.0.55.jar with {balm} mods - versions {21.0.55}
[29Dec2025 03:42:17.140] [main/INFO] [net.neoforged.fml.loading.moddiscovery.ModDiscoverer/SCAN]: Found mod file "balm-neoforge-1.21.1-21.0.55.jar" [locator: {mods folder locator at C:\Users\Leo\OneDrive\Desktop\Modding\Minecraft-Robettini\Robettini\ATM10\mods}, reader: mod manifest]
[29Dec2025 03:42:17.142] [main/DEBUG] [net.neoforged.fml.loading.moddiscovery.readers.JarModsDotTomlModFileReader/SCAN]: Found META-INF/neoforge.mods.toml mod of type null: C:\Users\Leo\OneDrive\Desktop\Modding\Minecraft-Robettini\Robettini\ATM10\mods\baubley-heart-canisters-1.21.1-1.2.3.jar
[29Dec2025 03:42:17.142] [main/DEBUG] [net.neoforged.fml.loading.moddiscovery.ModFileParser/LOADING]: Considering mod file candidate C:\Users\Leo\OneDrive\Desktop\Modding\Minecraft-Robettini\Robettini\ATM10\mods\baubley-heart-canisters-1.21.1-1.2.3.jar
[29Dec2025 03:42:17.142] [main/DEBUG] [net.neoforged.fml.loading.moddiscovery.ModFileInfo/LOADING]: Found valid mod file baubley-heart-canisters-1.21.1-1.2.3.jar with {bhc} mods - versions {1.21.1-1.2.3}
[29Dec2025 03:42:17.142] [main/INFO] [net.neoforged.fml.loading.moddiscovery.ModDiscoverer/SCAN]: Found mod file "baubley-heart-canisters-1.21.1-1.2.3.jar" [locator: {mods folder locator at C:\Users\Leo\OneDrive\Desktop\Modding\Minecraft-Robettini\Robettini\ATM10\mods}, reader: mod manifest]
[29Dec2025 03:42:17.143] [main/DEBUG] [net.neoforged.fml.loading.moddiscovery.readers.JarModsDotTomlModFileReader/SCAN]: Found META-INF/neoforge.mods.toml mod of type null: C:\Users\Leo\OneDrive\Desktop\Modding\Minecraft-Robettini\Robettini\ATM10\mods\bcc-21.1.5+mc1.21.1.jar
[29Dec2025 03:42:17.143] [main/DEBUG] [net.neoforged.fml.loading.moddiscovery.ModFileParser/LOADING]: Considering mod file candidate C:\Users\Leo\OneDrive\Desktop\Modding\Minecraft-Robettini\Robettini\ATM10\mods\bcc-21.1.5+mc1.21.1.jar
[29Dec2025 03:42:17.144] [main/DEBUG] [net.neoforged.fml.loading.moddiscovery.ModFileInfo/LOADING]: Found valid mod file bcc-21.1.5+mc1.21.1.jar with {bcc} mods - versions {21.1.5}
[29Dec2025 03:42:17.144] [main/INFO] [net.neoforged.fml.loading.moddiscovery.ModDiscoverer/SCAN]: Found mod file "bcc-21.1.5+mc1.21.1.jar" [locator: {mods folder locator at C:\Users\Leo\OneDrive\Desktop\Modding\Minecraft-Robettini\Robettini\ATM10\mods}, reader: mod manifest]
[29Dec2025 03:42:17.145] [main/DEBUG] [net.neoforged.fml.loading.moddiscovery.readers.JarModsDotTomlModFileReader/SCAN]: Found META-INF/neoforge.mods.toml mod of type null: C:\Users\Leo\OneDrive\Desktop\Modding\Minecraft-Robettini\Robettini\ATM10\mods\bellsandwhistles-0.4.7-1.21.1.jar
[29Dec2025 03:42:17.145] [main/DEBUG] [net.neoforged.fml.loading.moddiscovery.ModFileParser/LOADING]: Considering mod file candidate C:\Users\Leo\OneDrive\Desktop\Modding\Minecraft-Robettini\Robettini\ATM10\mods\bellsandwhistles-0.4.7-1.21.1.jar
[29Dec2025 03:42:17.145] [main/DEBUG] [net.neoforged.fml.loading.moddiscovery.ModFileInfo/LOADING]: Found valid mod file bellsandwhistles-0.4.7-1.21.1.jar with {bellsandwhistles} mods - versions {0.4.7-1.21.1}
[29Dec2025 03:42:17.145] [main/INFO] [net.neoforged.fml.loading.moddiscovery.ModDiscoverer/SCAN]: Found mod file "bellsandwhistles-0.4.7-1.21.1.jar" [locator: {mods folder locator at C:\Users\Leo\OneDrive\Desktop\Modding\Minecraft-Robettini\Robettini\ATM10\mods}, reader: mod manifest]
[29Dec2025 03:42:17.156] [main/DEBUG] [net.neoforged.fml.loading.moddiscovery.readers.JarModsDotTomlModFileReader/SCAN]: Found META-INF/neoforge.mods.toml mod of type null: C:\Users\Leo\OneDrive\Desktop\Modding\Minecraft-Robettini\Robettini\ATM10\mods\bibliobiomes-1.21.1-1.6.0.jar
[29Dec2025 03:42:17.156] [main/DEBUG] [net.neoforged.fml.loading.moddiscovery.ModFileParser/LOADING]: Considering mod file candidate C:\Users\Leo\OneDrive\Desktop\Modding\Minecraft-Robettini\Robettini\ATM10\mods\bibliobiomes-1.21.1-1.6.0.jar
[29Dec2025 03:42:17.157] [main/DEBUG] [net.neoforged.fml.loading.moddiscovery.ModFileInfo/LOADING]: Found valid mod file bibliobiomes-1.21.1-1.6.0.jar with {bibliobiomes} mods - versions {1.6.0}
[29Dec2025 03:42:17.157] [main/INFO] [net.neoforged.fml.loading.moddiscovery.ModDiscoverer/SCAN]: Found mod file "bibliobiomes-1.21.1-1.6.0.jar" [locator: {mods folder locator at C:\Users\Leo\OneDrive\Desktop\Modding\Minecraft-Robettini\Robettini\ATM10\mods}, reader: mod manifest]
[29Dec2025 03:42:17.160] [main/DEBUG] [net.neoforged.fml.loading.moddiscovery.readers.JarModsDotTomlModFileReader/SCAN]: Found META-INF/neoforge.mods.toml mod of type MOD: C:\Users\Leo\OneDrive\Desktop\Modding\Minecraft-Robettini\Robettini\ATM10\mods\bibliocraft-1.21.1-1.6.2.jar
[29Dec2025 03:42:17.160] [main/DEBUG] [net.neoforged.fml.loading.moddiscovery.ModFileParser/LOADING]: Considering mod file candidate C:\Users\Leo\OneDrive\Desktop\Modding\Minecraft-Robettini\Robettini\ATM10\mods\bibliocraft-1.21.1-1.6.2.jar
[29Dec2025 03:42:17.160] [main/DEBUG] [net.neoforged.fml.loading.moddiscovery.ModFileInfo/LOADING]: Found valid mod file bibliocraft-1.21.1-1.6.2.jar with {bibliocraft} mods - versions {1.6.2}
[29Dec2025 03:42:17.161] [main/INFO] [net.neoforged.fml.loading.moddiscovery.ModDiscoverer/SCAN]: Found mod file "bibliocraft-1.21.1-1.6.2.jar" [locator: {mods folder locator at C:\Users\Leo\OneDrive\Desktop\Modding\Minecraft-Robettini\Robettini\ATM10\mods}, reader: mod manifest]
[29Dec2025 03:42:17.169] [main/DEBUG] [net.neoforged.fml.loading.moddiscovery.readers.JarModsDotTomlModFileReader/SCAN]: Found META-INF/neoforge.mods.toml mod of type null: C:\Users\Leo\OneDrive\Desktop\Modding\Minecraft-Robettini\Robettini\ATM10\mods\bibliowoods-1.21.1-1.6.0.jar
[29Dec2025 03:42:17.169] [main/DEBUG] [net.neoforged.fml.loading.moddiscovery.ModFileParser/LOADING]: Considering mod file candidate C:\Users\Leo\OneDrive\Desktop\Modding\Minecraft-Robettini\Robettini\ATM10\mods\bibliowoods-1.21.1-1.6.0.jar
[29Dec2025 03:42:17.169] [main/DEBUG] [net.neoforged.fml.loading.moddiscovery.ModFileInfo/LOADING]: Found valid mod file bibliowoods-1.21.1-1.6.0.jar with {bibliowoods} mods - versions {1.6.0}
[29Dec2025 03:42:17.169] [main/INFO] [net.neoforged.fml.loading.moddiscovery.ModDiscoverer/SCAN]: Found mod file "bibliowoods-1.21.1-1.6.0.jar" [locator: {mods folder locator at C:\Users\Leo\OneDrive\Desktop\Modding\Minecraft-Robettini\Robettini\ATM10\mods}, reader: mod manifest]
[29Dec2025 03:42:17.171] [main/DEBUG] [net.neoforged.fml.loading.moddiscovery.readers.JarModsDotTomlModFileReader/SCAN]: Found META-INF/neoforge.mods.toml mod of type null: C:\Users\Leo\OneDrive\Desktop\Modding\Minecraft-Robettini\Robettini\ATM10\mods\blockui-1.0.206-1.21.1-snapshot.jar
[29Dec2025 03:42:17.171] [main/DEBUG] [net.neoforged.fml.loading.moddiscovery.ModFileParser/LOADING]: Considering mod file candidate C:\Users\Leo\OneDrive\Desktop\Modding\Minecraft-Robettini\Robettini\ATM10\mods\blockui-1.0.206-1.21.1-snapshot.jar
[29Dec2025 03:42:17.171] [main/DEBUG] [net.neoforged.fml.loading.moddiscovery.ModFileInfo/LOADING]: Found valid mod file blockui-1.0.206-1.21.1-snapshot.jar with {blockui} mods - versions {1.0.206-1.21.1-snapshot}
[29Dec2025 03:42:17.171] [main/INFO] [net.neoforged.fml.loading.moddiscovery.ModDiscoverer/SCAN]: Found mod file "blockui-1.0.206-1.21.1-snapshot.jar" [locator: {mods folder locator at C:\Users\Leo\OneDrive\Desktop\Modding\Minecraft-Robettini\Robettini\ATM10\mods}, reader: mod manifest]
[29Dec2025 03:42:17.172] [main/DEBUG] [net.neoforged.fml.loading.moddiscovery.readers.JarModsDotTomlModFileReader/SCAN]: Found META-INF/neoforge.mods.toml mod of type null: C:\Users\Leo\OneDrive\Desktop\Modding\Minecraft-Robettini\Robettini\ATM10\mods\blueflame-1.21.1-1.1.1.jar
[29Dec2025 03:42:17.172] [main/DEBUG] [net.neoforged.fml.loading.moddiscovery.ModFileParser/LOADING]: Considering mod file candidate C:\Users\Leo\OneDrive\Desktop\Modding\Minecraft-Robettini\Robettini\ATM10\mods\blueflame-1.21.1-1.1.1.jar
[29Dec2025 03:42:17.172] [main/DEBUG] [net.neoforged.fml.loading.moddiscovery.ModFileInfo/LOADING]: Found valid mod file blueflame-1.21.1-1.1.1.jar with {blueflame} mods - versions {1.21.1-1.1.1}
[29Dec2025 03:42:17.173] [main/INFO] [net.neoforged.fml.loading.moddiscovery.ModDiscoverer/SCAN]: Found mod file "blueflame-1.21.1-1.1.1.jar" [locator: {mods folder locator at C:\Users\Leo\OneDrive\Desktop\Modding\Minecraft-Robettini\Robettini\ATM10\mods}, reader: mod manifest]
[29Dec2025 03:42:17.174] [main/DEBUG] [net.neoforged.fml.loading.moddiscovery.readers.JarModsDotTomlModFileReader/SCAN]: Found META-INF/neoforge.mods.toml mod of type null: C:\Users\Leo\OneDrive\Desktop\Modding\Minecraft-Robettini\Robettini\ATM10\mods\bookshelf-neoforge-1.21.1-21.1.78.jar
[29Dec2025 03:42:17.174] [main/DEBUG] [net.neoforged.fml.loading.moddiscovery.ModFileParser/LOADING]: Considering mod file candidate C:\Users\Leo\OneDrive\Desktop\Modding\Minecraft-Robettini\Robettini\ATM10\mods\bookshelf-neoforge-1.21.1-21.1.78.jar
[29Dec2025 03:42:17.174] [main/DEBUG] [net.neoforged.fml.loading.moddiscovery.ModFileInfo/LOADING]: Found valid mod file bookshelf-neoforge-1.21.1-21.1.78.jar with {bookshelf} mods - versions {21.1.78}
[29Dec2025 03:42:17.174] [main/INFO] [net.neoforged.fml.loading.moddiscovery.ModDiscoverer/SCAN]: Found mod file "bookshelf-neoforge-1.21.1-21.1.78.jar" [locator: {mods folder locator at C:\Users\Leo\OneDrive\Desktop\Modding\Minecraft-Robettini\Robettini\ATM10\mods}, reader: mod manifest]
[29Dec2025 03:42:17.175] [main/DEBUG] [net.neoforged.fml.loading.moddiscovery.readers.JarModsDotTomlModFileReader/SCAN]: Found META-INF/neoforge.mods.toml mod of type null: C:\Users\Leo\OneDrive\Desktop\Modding\Minecraft-Robettini\Robettini\ATM10\mods\botanypots-neoforge-1.21.1-21.1.41.jar
[29Dec2025 03:42:17.175] [main/DEBUG] [net.neoforged.fml.loading.moddiscovery.ModFileParser/LOADING]: Considering mod file candidate C:\Users\Leo\OneDrive\Desktop\Modding\Minecraft-Robettini\Robettini\ATM10\mods\botanypots-neoforge-1.21.1-21.1.41.jar
[29Dec2025 03:42:17.176] [main/DEBUG] [net.neoforged.fml.loading.moddiscovery.ModFileInfo/LOADING]: Found valid mod file botanypots-neoforge-1.21.1-21.1.41.jar with {botanypots} mods - versions {21.1.41}
[29Dec2025 03:42:17.176] [main/INFO] [net.neoforged.fml.loading.moddiscovery.ModDiscoverer/SCAN]: Found mod file "botanypots-neoforge-1.21.1-21.1.41.jar" [locator: {mods folder locator at C:\Users\Leo\OneDrive\Desktop\Modding\Minecraft-Robettini\Robettini\ATM10\mods}, reader: mod manifest]
[29Dec2025 03:42:17.177] [main/DEBUG] [net.neoforged.fml.loading.moddiscovery.readers.JarModsDotTomlModFileReader/SCAN]: Found META-INF/neoforge.mods.toml mod of type null: C:\Users\Leo\OneDrive\Desktop\Modding\Minecraft-Robettini\Robettini\ATM10\mods\botanypotsmystical-neoforge-1.21.1-21.1.11.jar
[29Dec2025 03:42:17.177] [main/DEBUG] [net.neoforged.fml.loading.moddiscovery.ModFileParser/LOADING]: Considering mod file candidate C:\Users\Leo\OneDrive\Desktop\Modding\Minecraft-Robettini\Robettini\ATM10\mods\botanypotsmystical-neoforge-1.21.1-21.1.11.jar
[29Dec2025 03:42:17.177] [main/DEBUG] [net.neoforged.fml.loading.moddiscovery.ModFileInfo/LOADING]: Found valid mod file botanypotsmystical-neoforge-1.21.1-21.1.11.jar with {botanypotsmystical} mods - versions {21.1.11}
[29Dec2025 03:42:17.177] [main/INFO] [net.neoforged.fml.loading.moddiscovery.ModDiscoverer/SCAN]: Found mod file "botanypotsmystical-neoforge-1.21.1-21.1.11.jar" [locator: {mods folder locator at C:\Users\Leo\OneDrive\Desktop\Modding\Minecraft-Robettini\Robettini\ATM10\mods}, reader: mod manifest]
[29Dec2025 03:42:17.178] [main/DEBUG] [net.neoforged.fml.loading.moddiscovery.readers.JarModsDotTomlModFileReader/SCAN]: Found META-INF/neoforge.mods.toml mod of type null: C:\Users\Leo\OneDrive\Desktop\Modding\Minecraft-Robettini\Robettini\ATM10\mods\botanytrees-neoforge-1.21.1-21.1.1.jar
[29Dec2025 03:42:17.178] [main/DEBUG] [net.neoforged.fml.loading.moddiscovery.ModFileParser/LOADING]: Considering mod file candidate C:\Users\Leo\OneDrive\Desktop\Modding\Minecraft-Robettini\Robettini\ATM10\mods\botanytrees-neoforge-1.21.1-21.1.1.jar
[29Dec2025 03:42:17.179] [main/DEBUG] [net.neoforged.fml.loading.moddiscovery.ModFileInfo/LOADING]: Found valid mod file botanytrees-neoforge-1.21.1-21.1.1.jar with {botanytrees} mods - versions {21.1.1}
[29Dec2025 03:42:17.179] [main/INFO] [net.neoforged.fml.loading.moddiscovery.ModDiscoverer/SCAN]: Found mod file "botanytrees-neoforge-1.21.1-21.1.1.jar" [locator: {mods folder locator at C:\Users\Leo\OneDrive\Desktop\Modding\Minecraft-Robettini\Robettini\ATM10\mods}, reader: mod manifest]
[29Dec2025 03:42:17.182] [main/DEBUG] [net.neoforged.fml.loading.moddiscovery.readers.JarModsDotTomlModFileReader/SCAN]: Found META-INF/neoforge.mods.toml mod of type null: C:\Users\Leo\OneDrive\Desktop\Modding\Minecraft-Robettini\Robettini\ATM10\mods\BrandonsCore-1.21.1-3.2.1.309.jar
[29Dec2025 03:42:17.182] [main/DEBUG] [net.neoforged.fml.loading.moddiscovery.ModFileParser/LOADING]: Considering mod file candidate C:\Users\Leo\OneDrive\Desktop\Modding\Minecraft-Robettini\Robettini\ATM10\mods\BrandonsCore-1.21.1-3.2.1.309.jar
[29Dec2025 03:42:17.183] [main/DEBUG] [net.neoforged.fml.loading.moddiscovery.ModFileInfo/LOADING]: Found valid mod file BrandonsCore-1.21.1-3.2.1.309.jar with {brandonscore} mods - versions {3.2.1.309}
[29Dec2025 03:42:17.183] [main/INFO] [net.neoforged.fml.loading.moddiscovery.ModDiscoverer/SCAN]: Found mod file "BrandonsCore-1.21.1-3.2.1.309.jar" [locator: {mods folder locator at C:\Users\Leo\OneDrive\Desktop\Modding\Minecraft-Robettini\Robettini\ATM10\mods}, reader: mod manifest]
[29Dec2025 03:42:17.184] [main/DEBUG] [net.neoforged.fml.loading.moddiscovery.readers.JarModsDotTomlModFileReader/SCAN]: Found META-INF/neoforge.mods.toml mod of type null: C:\Users\Leo\OneDrive\Desktop\Modding\Minecraft-Robettini\Robettini\ATM10\mods\BridgingMod-2.6.2+1.21.1.neoforge-release.jar
[29Dec2025 03:42:17.184] [main/DEBUG] [net.neoforged.fml.loading.moddiscovery.ModFileParser/LOADING]: Considering mod file candidate C:\Users\Leo\OneDrive\Desktop\Modding\Minecraft-Robettini\Robettini\ATM10\mods\BridgingMod-2.6.2+1.21.1.neoforge-release.jar
[29Dec2025 03:42:17.185] [main/DEBUG] [net.neoforged.fml.loading.moddiscovery.ModFileInfo/LOADING]: Found valid mod file BridgingMod-2.6.2+1.21.1.neoforge-release.jar with {bridgingmod} mods - versions {2.6.2+1.21.1}
[29Dec2025 03:42:17.185] [main/INFO] [net.neoforged.fml.loading.moddiscovery.ModDiscoverer/SCAN]: Found mod file "BridgingMod-2.6.2+1.21.1.neoforge-release.jar" [locator: {mods folder locator at C:\Users\Leo\OneDrive\Desktop\Modding\Minecraft-Robettini\Robettini\ATM10\mods}, reader: mod manifest]
[29Dec2025 03:42:17.186] [main/DEBUG] [net.neoforged.fml.loading.moddiscovery.readers.JarModsDotTomlModFileReader/SCAN]: Found META-INF/neoforge.mods.toml mod of type null: C:\Users\Leo\OneDrive\Desktop\Modding\Minecraft-Robettini\Robettini\ATM10\mods\buildinggadgets2-1.3.9.jar
[29Dec2025 03:42:17.186] [main/DEBUG] [net.neoforged.fml.loading.moddiscovery.ModFileParser/LOADING]: Considering mod file candidate C:\Users\Leo\OneDrive\Desktop\Modding\Minecraft-Robettini\Robettini\ATM10\mods\buildinggadgets2-1.3.9.jar
[29Dec2025 03:42:17.186] [main/DEBUG] [net.neoforged.fml.loading.moddiscovery.ModFileInfo/LOADING]: Found valid mod file buildinggadgets2-1.3.9.jar with {buildinggadgets2} mods - versions {1.3.9}
[29Dec2025 03:42:17.187] [main/INFO] [net.neoforged.fml.loading.moddiscovery.ModDiscoverer/SCAN]: Found mod file "buildinggadgets2-1.3.9.jar" [locator: {mods folder locator at C:\Users\Leo\OneDrive\Desktop\Modding\Minecraft-Robettini\Robettini\ATM10\mods}, reader: mod manifest]
[29Dec2025 03:42:17.189] [main/DEBUG] [net.neoforged.fml.loading.moddiscovery.readers.JarModsDotTomlModFileReader/SCAN]: Found META-INF/neoforge.mods.toml mod of type null: C:\Users\Leo\OneDrive\Desktop\Modding\Minecraft-Robettini\Robettini\ATM10\mods\bwncr-neoforge-1.21.1-3.20.3.jar
[29Dec2025 03:42:17.189] [main/DEBUG] [net.neoforged.fml.loading.moddiscovery.ModFileParser/LOADING]: Considering mod file candidate C:\Users\Leo\OneDrive\Desktop\Modding\Minecraft-Robettini\Robettini\ATM10\mods\bwncr-neoforge-1.21.1-3.20.3.jar
[29Dec2025 03:42:17.189] [main/DEBUG] [net.neoforged.fml.loading.moddiscovery.ModFileInfo/LOADING]: Found valid mod file bwncr-neoforge-1.21.1-3.20.3.jar with {bwncr} mods - versions {3.20.3}
[29Dec2025 03:42:17.189] [main/INFO] [net.neoforged.fml.loading.moddiscovery.ModDiscoverer/SCAN]: Found mod file "bwncr-neoforge-1.21.1-3.20.3.jar" [locator: {mods folder locator at C:\Users\Leo\OneDrive\Desktop\Modding\Minecraft-Robettini\Robettini\ATM10\mods}, reader: mod manifest]
[29Dec2025 03:42:17.191] [main/DEBUG] [net.neoforged.fml.loading.moddiscovery.readers.JarModsDotTomlModFileReader/SCAN]: Found META-INF/neoforge.mods.toml mod of type null: C:\Users\Leo\OneDrive\Desktop\Modding\Minecraft-Robettini\Robettini\ATM10\mods\Byzantine-1.21.1-44.1.jar
[29Dec2025 03:42:17.191] [main/DEBUG] [net.neoforged.fml.loading.moddiscovery.ModFileParser/LOADING]: Considering mod file candidate C:\Users\Leo\OneDrive\Desktop\Modding\Minecraft-Robettini\Robettini\ATM10\mods\Byzantine-1.21.1-44.1.jar
[29Dec2025 03:42:17.191] [main/DEBUG] [net.neoforged.fml.loading.moddiscovery.ModFileInfo/LOADING]: Found valid mod file Byzantine-1.21.1-44.1.jar with {byzantine} mods - versions {44.1}
[29Dec2025 03:42:17.191] [main/INFO] [net.neoforged.fml.loading.moddiscovery.ModDiscoverer/SCAN]: Found mod file "Byzantine-1.21.1-44.1.jar" [locator: {mods folder locator at C:\Users\Leo\OneDrive\Desktop\Modding\Minecraft-Robettini\Robettini\ATM10\mods}, reader: mod manifest]
[29Dec2025 03:42:17.193] [main/DEBUG] [net.neoforged.fml.loading.moddiscovery.readers.JarModsDotTomlModFileReader/SCAN]: Found META-INF/neoforge.mods.toml mod of type null: C:\Users\Leo\OneDrive\Desktop\Modding\Minecraft-Robettini\Robettini\ATM10\mods\cabletiers-neoforge-1.21.1-0.6.9.jar
[29Dec2025 03:42:17.193] [main/DEBUG] [net.neoforged.fml.loading.moddiscovery.ModFileParser/LOADING]: Considering mod file candidate C:\Users\Leo\OneDrive\Desktop\Modding\Minecraft-Robettini\Robettini\ATM10\mods\cabletiers-neoforge-1.21.1-0.6.9.jar
[29Dec2025 03:42:17.193] [main/DEBUG] [net.neoforged.fml.loading.moddiscovery.ModFileInfo/LOADING]: Found valid mod file cabletiers-neoforge-1.21.1-0.6.9.jar with {cabletiers} mods - versions {1.21.1-0.6.9}
[29Dec2025 03:42:17.193] [main/INFO] [net.neoforged.fml.loading.moddiscovery.ModDiscoverer/SCAN]: Found mod file "cabletiers-neoforge-1.21.1-0.6.9.jar" [locator: {mods folder locator at C:\Users\Leo\OneDrive\Desktop\Modding\Minecraft-Robettini\Robettini\ATM10\mods}, reader: mod manifest]
[29Dec2025 03:42:17.194] [main/DEBUG] [net.neoforged.fml.loading.moddiscovery.readers.JarModsDotTomlModFileReader/SCAN]: Found META-INF/neoforge.mods.toml mod of type null: C:\Users\Leo\OneDrive\Desktop\Modding\Minecraft-Robettini\Robettini\ATM10\mods\caelus-neoforge-7.0.1+1.21.1.jar
[29Dec2025 03:42:17.194] [main/DEBUG] [net.neoforged.fml.loading.moddiscovery.ModFileParser/LOADING]: Considering mod file candidate C:\Users\Leo\OneDrive\Desktop\Modding\Minecraft-Robettini\Robettini\ATM10\mods\caelus-neoforge-7.0.1+1.21.1.jar
[29Dec2025 03:42:17.194] [main/DEBUG] [net.neoforged.fml.loading.moddiscovery.ModFileInfo/LOADING]: Found valid mod file caelus-neoforge-7.0.1+1.21.1.jar with {caelus} mods - versions {7.0.1+1.21.1}
[29Dec2025 03:42:17.194] [main/INFO] [net.neoforged.fml.loading.moddiscovery.ModDiscoverer/SCAN]: Found mod file "caelus-neoforge-7.0.1+1.21.1.jar" [locator: {mods folder locator at C:\Users\Leo\OneDrive\Desktop\Modding\Minecraft-Robettini\Robettini\ATM10\mods}, reader: mod manifest]
[29Dec2025 03:42:17.195] [main/DEBUG] [net.neoforged.fml.loading.moddiscovery.readers.JarModsDotTomlModFileReader/SCAN]: Found META-INF/neoforge.mods.toml mod of type null: C:\Users\Leo\OneDrive\Desktop\Modding\Minecraft-Robettini\Robettini\ATM10\mods\camol-1.21.1-0.3.0.jar
[29Dec2025 03:42:17.195] [main/DEBUG] [net.neoforged.fml.loading.moddiscovery.ModFileParser/LOADING]: Considering mod file candidate C:\Users\Leo\OneDrive\Desktop\Modding\Minecraft-Robettini\Robettini\ATM10\mods\camol-1.21.1-0.3.0.jar
[29Dec2025 03:42:17.196] [main/DEBUG] [net.neoforged.fml.loading.moddiscovery.ModFileInfo/LOADING]: Found valid mod file camol-1.21.1-0.3.0.jar with {camol} mods - versions {1.21.1-0.3.0}
[29Dec2025 03:42:17.196] [main/INFO] [net.neoforged.fml.loading.moddiscovery.ModDiscoverer/SCAN]: Found mod file "camol-1.21.1-0.3.0.jar" [locator: {mods folder locator at C:\Users\Leo\OneDrive\Desktop\Modding\Minecraft-Robettini\Robettini\ATM10\mods}, reader: mod manifest]
[29Dec2025 03:42:17.197] [main/DEBUG] [net.neoforged.fml.loading.moddiscovery.readers.JarModsDotTomlModFileReader/SCAN]: Found META-INF/neoforge.mods.toml mod of type null: C:\Users\Leo\OneDrive\Desktop\Modding\Minecraft-Robettini\Robettini\ATM10\mods\catjammies-1.21-1.7.1.jar
[29Dec2025 03:42:17.197] [main/DEBUG] [net.neoforged.fml.loading.moddiscovery.ModFileParser/LOADING]: Considering mod file candidate C:\Users\Leo\OneDrive\Desktop\Modding\Minecraft-Robettini\Robettini\ATM10\mods\catjammies-1.21-1.7.1.jar
[29Dec2025 03:42:17.197] [main/DEBUG] [net.neoforged.fml.loading.moddiscovery.ModFileInfo/LOADING]: Found valid mod file catjammies-1.21-1.7.1.jar with {catjammies} mods - versions {1.21-1.7.1}
[29Dec2025 03:42:17.197] [main/INFO] [net.neoforged.fml.loading.moddiscovery.ModDiscoverer/SCAN]: Found mod file "catjammies-1.21-1.7.1.jar" [locator: {mods folder locator at C:\Users\Leo\OneDrive\Desktop\Modding\Minecraft-Robettini\Robettini\ATM10\mods}, reader: mod manifest]
[29Dec2025 03:42:17.199] [main/DEBUG] [net.neoforged.fml.loading.moddiscovery.readers.JarModsDotTomlModFileReader/SCAN]: Found META-INF/neoforge.mods.toml mod of type null: C:\Users\Leo\OneDrive\Desktop\Modding\Minecraft-Robettini\Robettini\ATM10\mods\cc-tweaked-1.21.1-forge-1.113.1.jar
[29Dec2025 03:42:17.199] [main/DEBUG] [net.neoforged.fml.loading.moddiscovery.ModFileParser/LOADING]: Considering mod file candidate C:\Users\Leo\OneDrive\Desktop\Modding\Minecraft-Robettini\Robettini\ATM10\mods\cc-tweaked-1.21.1-forge-1.113.1.jar
[29Dec2025 03:42:17.199] [main/DEBUG] [net.neoforged.fml.loading.moddiscovery.ModFileInfo/LOADING]: Found valid mod file cc-tweaked-1.21.1-forge-1.113.1.jar with {computercraft} mods - versions {1.113.1}
[29Dec2025 03:42:17.199] [main/INFO] [net.neoforged.fml.loading.moddiscovery.ModDiscoverer/SCAN]: Found mod file "cc-tweaked-1.21.1-forge-1.113.1.jar" [locator: {mods folder locator at C:\Users\Leo\OneDrive\Desktop\Modding\Minecraft-Robettini\Robettini\ATM10\mods}, reader: mod manifest]
[29Dec2025 03:42:17.200] [main/DEBUG] [net.neoforged.fml.loading.moddiscovery.readers.JarModsDotTomlModFileReader/SCAN]: Found META-INF/neoforge.mods.toml mod of type null: C:\Users\Leo\OneDrive\Desktop\Modding\Minecraft-Robettini\Robettini\ATM10\mods\cc-tweaked-1.21.1-forge-1.116.2.jar
[29Dec2025 03:42:17.200] [main/DEBUG] [net.neoforged.fml.loading.moddiscovery.ModFileParser/LOADING]: Considering mod file candidate C:\Users\Leo\OneDrive\Desktop\Modding\Minecraft-Robettini\Robettini\ATM10\mods\cc-tweaked-1.21.1-forge-1.116.2.jar
[29Dec2025 03:42:17.201] [main/DEBUG] [net.neoforged.fml.loading.moddiscovery.ModFileInfo/LOADING]: Found valid mod file cc-tweaked-1.21.1-forge-1.116.2.jar with {computercraft} mods - versions {1.116.2}
[29Dec2025 03:42:17.201] [main/INFO] [net.neoforged.fml.loading.moddiscovery.ModDiscoverer/SCAN]: Found mod file "cc-tweaked-1.21.1-forge-1.116.2.jar" [locator: {mods folder locator at C:\Users\Leo\OneDrive\Desktop\Modding\Minecraft-Robettini\Robettini\ATM10\mods}, reader: mod manifest]
[29Dec2025 03:42:17.202] [main/DEBUG] [net.neoforged.fml.loading.moddiscovery.readers.JarModsDotTomlModFileReader/SCAN]: Found META-INF/neoforge.mods.toml mod of type null: C:\Users\Leo\OneDrive\Desktop\Modding\Minecraft-Robettini\Robettini\ATM10\mods\charginggadgets-1.14.1.jar
[29Dec2025 03:42:17.202] [main/DEBUG] [net.neoforged.fml.loading.moddiscovery.ModFileParser/LOADING]: Considering mod file candidate C:\Users\Leo\OneDrive\Desktop\Modding\Minecraft-Robettini\Robettini\ATM10\mods\charginggadgets-1.14.1.jar
[29Dec2025 03:42:17.202] [main/DEBUG] [net.neoforged.fml.loading.moddiscovery.ModFileInfo/LOADING]: Found valid mod file charginggadgets-1.14.1.jar with {charginggadgets} mods - versions {1.14.1}
[29Dec2025 03:42:17.202] [main/INFO] [net.neoforged.fml.loading.moddiscovery.ModDiscoverer/SCAN]: Found mod file "charginggadgets-1.14.1.jar" [locator: {mods folder locator at C:\Users\Leo\OneDrive\Desktop\Modding\Minecraft-Robettini\Robettini\ATM10\mods}, reader: mod manifest]
[29Dec2025 03:42:17.209] [main/DEBUG] [net.neoforged.fml.loading.moddiscovery.readers.JarModsDotTomlModFileReader/SCAN]: Found META-INF/neoforge.mods.toml mod of type null: C:\Users\Leo\OneDrive\Desktop\Modding\Minecraft-Robettini\Robettini\ATM10\mods\chipped-neoforge-1.21.1-4.0.2.jar
[29Dec2025 03:42:17.209] [main/DEBUG] [net.neoforged.fml.loading.moddiscovery.ModFileParser/LOADING]: Considering mod file candidate C:\Users\Leo\OneDrive\Desktop\Modding\Minecraft-Robettini\Robettini\ATM10\mods\chipped-neoforge-1.21.1-4.0.2.jar
[29Dec2025 03:42:17.210] [main/DEBUG] [net.neoforged.fml.loading.moddiscovery.ModFileInfo/LOADING]: Found valid mod file chipped-neoforge-1.21.1-4.0.2.jar with {chipped} mods - versions {4.0.2}
[29Dec2025 03:42:17.210] [main/INFO] [net.neoforged.fml.loading.moddiscovery.ModDiscoverer/SCAN]: Found mod file "chipped-neoforge-1.21.1-4.0.2.jar" [locator: {mods folder locator at C:\Users\Leo\OneDrive\Desktop\Modding\Minecraft-Robettini\Robettini\ATM10\mods}, reader: mod manifest]
[29Dec2025 03:42:17.213] [main/DEBUG] [net.neoforged.fml.loading.moddiscovery.readers.JarModsDotTomlModFileReader/SCAN]: Found META-INF/neoforge.mods.toml mod of type null: C:\Users\Leo\OneDrive\Desktop\Modding\Minecraft-Robettini\Robettini\ATM10\mods\chisel-neoforge-2.0.0+mc1.21.1.jar
[29Dec2025 03:42:17.213] [main/DEBUG] [net.neoforged.fml.loading.moddiscovery.ModFileParser/LOADING]: Considering mod file candidate C:\Users\Leo\OneDrive\Desktop\Modding\Minecraft-Robettini\Robettini\ATM10\mods\chisel-neoforge-2.0.0+mc1.21.1.jar
[29Dec2025 03:42:17.214] [main/DEBUG] [net.neoforged.fml.loading.moddiscovery.ModFileInfo/LOADING]: Found valid mod file chisel-neoforge-2.0.0+mc1.21.1.jar with {chisel} mods - versions {2.0.0+mc1.21.1}
[29Dec2025 03:42:17.214] [main/INFO] [net.neoforged.fml.loading.moddiscovery.ModDiscoverer/SCAN]: Found mod file "chisel-neoforge-2.0.0+mc1.21.1.jar" [locator: {mods folder locator at C:\Users\Leo\OneDrive\Desktop\Modding\Minecraft-Robettini\Robettini\ATM10\mods}, reader: mod manifest]
[29Dec2025 03:42:17.215] [main/DEBUG] [net.neoforged.fml.loading.moddiscovery.readers.JarModsDotTomlModFileReader/SCAN]: Found META-INF/neoforge.mods.toml mod of type null: C:\Users\Leo\OneDrive\Desktop\Modding\Minecraft-Robettini\Robettini\ATM10\mods\chromacarvings-1.21.1-0.2.0.jar
[29Dec2025 03:42:17.215] [main/DEBUG] [net.neoforged.fml.loading.moddiscovery.ModFileParser/LOADING]: Considering mod file candidate C:\Users\Leo\OneDrive\Desktop\Modding\Minecraft-Robettini\Robettini\ATM10\mods\chromacarvings-1.21.1-0.2.0.jar
[29Dec2025 03:42:17.215] [main/DEBUG] [net.neoforged.fml.loading.moddiscovery.ModFileInfo/LOADING]: Found valid mod file chromacarvings-1.21.1-0.2.0.jar with {chromacarvings} mods - versions {1.21.1-0.2.0}
[29Dec2025 03:42:17.215] [main/INFO] [net.neoforged.fml.loading.moddiscovery.ModDiscoverer/SCAN]: Found mod file "chromacarvings-1.21.1-0.2.0.jar" [locator: {mods folder locator at C:\Users\Leo\OneDrive\Desktop\Modding\Minecraft-Robettini\Robettini\ATM10\mods}, reader: mod manifest]
[29Dec2025 03:42:17.216] [main/DEBUG] [net.neoforged.fml.loading.moddiscovery.readers.JarModsDotTomlModFileReader/SCAN]: Found META-INF/neoforge.mods.toml mod of type null: C:\Users\Leo\OneDrive\Desktop\Modding\Minecraft-Robettini\Robettini\ATM10\mods\cleanswing-1.9.jar
[29Dec2025 03:42:17.216] [main/DEBUG] [net.neoforged.fml.loading.moddiscovery.ModFileParser/LOADING]: Considering mod file candidate C:\Users\Leo\OneDrive\Desktop\Modding\Minecraft-Robettini\Robettini\ATM10\mods\cleanswing-1.9.jar
[29Dec2025 03:42:17.217] [main/DEBUG] [net.neoforged.fml.loading.moddiscovery.ModFileInfo/LOADING]: Found valid mod file cleanswing-1.9.jar with {cleanswing} mods - versions {1.9}
[29Dec2025 03:42:17.217] [main/INFO] [net.neoforged.fml.loading.moddiscovery.ModDiscoverer/SCAN]: Found mod file "cleanswing-1.9.jar" [locator: {mods folder locator at C:\Users\Leo\OneDrive\Desktop\Modding\Minecraft-Robettini\Robettini\ATM10\mods}, reader: mod manifest]
[29Dec2025 03:42:17.218] [main/DEBUG] [net.neoforged.fml.loading.moddiscovery.readers.JarModsDotTomlModFileReader/SCAN]: Found META-INF/neoforge.mods.toml mod of type null: C:\Users\Leo\OneDrive\Desktop\Modding\Minecraft-Robettini\Robettini\ATM10\mods\cloth-config-15.0.140-neoforge.jar
[29Dec2025 03:42:17.218] [main/DEBUG] [net.neoforged.fml.loading.moddiscovery.ModFileParser/LOADING]: Considering mod file candidate C:\Users\Leo\OneDrive\Desktop\Modding\Minecraft-Robettini\Robettini\ATM10\mods\cloth-config-15.0.140-neoforge.jar
[29Dec2025 03:42:17.218] [main/DEBUG] [net.neoforged.fml.loading.moddiscovery.ModFileInfo/LOADING]: Found valid mod file cloth-config-15.0.140-neoforge.jar with {cloth_config} mods - versions {15.0.140}
[29Dec2025 03:42:17.218] [main/INFO] [net.neoforged.fml.loading.moddiscovery.ModDiscoverer/SCAN]: Found mod file "cloth-config-15.0.140-neoforge.jar" [locator: {mods folder locator at C:\Users\Leo\OneDrive\Desktop\Modding\Minecraft-Robettini\Robettini\ATM10\mods}, reader: mod manifest]
[29Dec2025 03:42:17.219] [main/DEBUG] [net.neoforged.fml.loading.moddiscovery.readers.JarModsDotTomlModFileReader/SCAN]: Found META-INF/neoforge.mods.toml mod of type null: C:\Users\Leo\OneDrive\Desktop\Modding\Minecraft-Robettini\Robettini\ATM10\mods\CloudGlass-1.21.1-1.0.1.jar
[29Dec2025 03:42:17.219] [main/DEBUG] [net.neoforged.fml.loading.moddiscovery.ModFileParser/LOADING]: Considering mod file candidate C:\Users\Leo\OneDrive\Desktop\Modding\Minecraft-Robettini\Robettini\ATM10\mods\CloudGlass-1.21.1-1.0.1.jar
[29Dec2025 03:42:17.220] [main/DEBUG] [net.neoforged.fml.loading.moddiscovery.ModFileInfo/LOADING]: Found valid mod file CloudGlass-1.21.1-1.0.1.jar with {cloudglass} mods - versions {1.0.1}
[29Dec2025 03:42:17.220] [main/INFO] [net.neoforged.fml.loading.moddiscovery.ModDiscoverer/SCAN]: Found mod file "CloudGlass-1.21.1-1.0.1.jar" [locator: {mods folder locator at C:\Users\Leo\OneDrive\Desktop\Modding\Minecraft-Robettini\Robettini\ATM10\mods}, reader: mod manifest]
[29Dec2025 03:42:17.221] [main/DEBUG] [net.neoforged.fml.loading.moddiscovery.readers.JarModsDotTomlModFileReader/SCAN]: Found META-INF/neoforge.mods.toml mod of type null: C:\Users\Leo\OneDrive\Desktop\Modding\Minecraft-Robettini\Robettini\ATM10\mods\Clumps-neoforge-1.21.1-19.0.0.1.jar
[29Dec2025 03:42:17.221] [main/DEBUG] [net.neoforged.fml.loading.moddiscovery.ModFileParser/LOADING]: Considering mod file candidate C:\Users\Leo\OneDrive\Desktop\Modding\Minecraft-Robettini\Robettini\ATM10\mods\Clumps-neoforge-1.21.1-19.0.0.1.jar
[29Dec2025 03:42:17.221] [main/DEBUG] [net.neoforged.fml.loading.moddiscovery.ModFileInfo/LOADING]: Found valid mod file Clumps-neoforge-1.21.1-19.0.0.1.jar with {clumps} mods - versions {19.0.0.1}
[29Dec2025 03:42:17.221] [main/INFO] [net.neoforged.fml.loading.moddiscovery.ModDiscoverer/SCAN]: Found mod file "Clumps-neoforge-1.21.1-19.0.0.1.jar" [locator: {mods folder locator at C:\Users\Leo\OneDrive\Desktop\Modding\Minecraft-Robettini\Robettini\ATM10\mods}, reader: mod manifest]
[29Dec2025 03:42:17.222] [main/DEBUG] [net.neoforged.fml.loading.moddiscovery.readers.JarModsDotTomlModFileReader/SCAN]: Found META-INF/neoforge.mods.toml mod of type null: C:\Users\Leo\OneDrive\Desktop\Modding\Minecraft-Robettini\Robettini\ATM10\mods\cobblegengalore-1.21.1-0.2.8.jar
[29Dec2025 03:42:17.222] [main/DEBUG] [net.neoforged.fml.loading.moddiscovery.ModFileParser/LOADING]: Considering mod file candidate C:\Users\Leo\OneDrive\Desktop\Modding\Minecraft-Robettini\Robettini\ATM10\mods\cobblegengalore-1.21.1-0.2.8.jar
[29Dec2025 03:42:17.223] [main/DEBUG] [net.neoforged.fml.loading.moddiscovery.ModFileInfo/LOADING]: Found valid mod file cobblegengalore-1.21.1-0.2.8.jar with {cobblegengalore} mods - versions {1.21.1-0.2.8}
[29Dec2025 03:42:17.223] [main/INFO] [net.neoforged.fml.loading.moddiscovery.ModDiscoverer/SCAN]: Found mod file "cobblegengalore-1.21.1-0.2.8.jar" [locator: {mods folder locator at C:\Users\Leo\OneDrive\Desktop\Modding\Minecraft-Robettini\Robettini\ATM10\mods}, reader: mod manifest]
[29Dec2025 03:42:17.224] [main/DEBUG] [net.neoforged.fml.loading.moddiscovery.readers.JarModsDotTomlModFileReader/SCAN]: Found META-INF/neoforge.mods.toml mod of type null: C:\Users\Leo\OneDrive\Desktop\Modding\Minecraft-Robettini\Robettini\ATM10\mods\cobweb-neoforge-1.21-1.4.0.jar
[29Dec2025 03:42:17.224] [main/DEBUG] [net.neoforged.fml.loading.moddiscovery.ModFileParser/LOADING]: Considering mod file candidate C:\Users\Leo\OneDrive\Desktop\Modding\Minecraft-Robettini\Robettini\ATM10\mods\cobweb-neoforge-1.21-1.4.0.jar
[29Dec2025 03:42:17.224] [main/DEBUG] [net.neoforged.fml.loading.moddiscovery.ModFileInfo/LOADING]: Found valid mod file cobweb-neoforge-1.21-1.4.0.jar with {cobweb} mods - versions {1.4.0}
[29Dec2025 03:42:17.224] [main/INFO] [net.neoforged.fml.loading.moddiscovery.ModDiscoverer/SCAN]: Found mod file "cobweb-neoforge-1.21-1.4.0.jar" [locator: {mods folder locator at C:\Users\Leo\OneDrive\Desktop\Modding\Minecraft-Robettini\Robettini\ATM10\mods}, reader: mod manifest]
[29Dec2025 03:42:17.228] [main/DEBUG] [net.neoforged.fml.loading.moddiscovery.readers.JarModsDotTomlModFileReader/SCAN]: Found META-INF/neoforge.mods.toml mod of type null: C:\Users\Leo\OneDrive\Desktop\Modding\Minecraft-Robettini\Robettini\ATM10\mods\CodeChickenLib-1.21.1-4.6.1.526.jar
[29Dec2025 03:42:17.228] [main/DEBUG] [net.neoforged.fml.loading.moddiscovery.ModFileParser/LOADING]: Considering mod file candidate C:\Users\Leo\OneDrive\Desktop\Modding\Minecraft-Robettini\Robettini\ATM10\mods\CodeChickenLib-1.21.1-4.6.1.526.jar
[29Dec2025 03:42:17.228] [main/DEBUG] [net.neoforged.fml.loading.moddiscovery.ModFileInfo/LOADING]: Found valid mod file CodeChickenLib-1.21.1-4.6.1.526.jar with {codechickenlib} mods - versions {4.6.1.526}
[29Dec2025 03:42:17.228] [main/INFO] [net.neoforged.fml.loading.moddiscovery.ModDiscoverer/SCAN]: Found mod file "CodeChickenLib-1.21.1-4.6.1.526.jar" [locator: {mods folder locator at C:\Users\Leo\OneDrive\Desktop\Modding\Minecraft-Robettini\Robettini\ATM10\mods}, reader: mod manifest]
[29Dec2025 03:42:17.229] [main/DEBUG] [net.neoforged.fml.loading.moddiscovery.readers.JarModsDotTomlModFileReader/SCAN]: Found META-INF/neoforge.mods.toml mod of type null: C:\Users\Leo\OneDrive\Desktop\Modding\Minecraft-Robettini\Robettini\ATM10\mods\comforts-neoforge-9.0.4+1.21.1.jar
[29Dec2025 03:42:17.229] [main/DEBUG] [net.neoforged.fml.loading.moddiscovery.ModFileParser/LOADING]: Considering mod file candidate C:\Users\Leo\OneDrive\Desktop\Modding\Minecraft-Robettini\Robettini\ATM10\mods\comforts-neoforge-9.0.4+1.21.1.jar
[29Dec2025 03:42:17.230] [main/DEBUG] [net.neoforged.fml.loading.moddiscovery.ModFileInfo/LOADING]: Found valid mod file comforts-neoforge-9.0.4+1.21.1.jar with {comforts} mods - versions {9.0.4+1.21.1}
[29Dec2025 03:42:17.230] [main/INFO] [net.neoforged.fml.loading.moddiscovery.ModDiscoverer/SCAN]: Found mod file "comforts-neoforge-9.0.4+1.21.1.jar" [locator: {mods folder locator at C:\Users\Leo\OneDrive\Desktop\Modding\Minecraft-Robettini\Robettini\ATM10\mods}, reader: mod manifest]
[29Dec2025 03:42:17.231] [main/DEBUG] [net.neoforged.fml.loading.moddiscovery.readers.JarModsDotTomlModFileReader/SCAN]: Found META-INF/neoforge.mods.toml mod of type null: C:\Users\Leo\OneDrive\Desktop\Modding\Minecraft-Robettini\Robettini\ATM10\mods\commoncapabilities-1.21.1-neoforge-2.11.2-296.jar
[29Dec2025 03:42:17.231] [main/DEBUG] [net.neoforged.fml.loading.moddiscovery.ModFileParser/LOADING]: Considering mod file candidate C:\Users\Leo\OneDrive\Desktop\Modding\Minecraft-Robettini\Robettini\ATM10\mods\commoncapabilities-1.21.1-neoforge-2.11.2-296.jar
[29Dec2025 03:42:17.231] [main/DEBUG] [net.neoforged.fml.loading.moddiscovery.ModFileInfo/LOADING]: Found valid mod file commoncapabilities-1.21.1-neoforge-2.11.2-296.jar with {commoncapabilities} mods - versions {2.11.2}
[29Dec2025 03:42:17.231] [main/INFO] [net.neoforged.fml.loading.moddiscovery.ModDiscoverer/SCAN]: Found mod file "commoncapabilities-1.21.1-neoforge-2.11.2-296.jar" [locator: {mods folder locator at C:\Users\Leo\OneDrive\Desktop\Modding\Minecraft-Robettini\Robettini\ATM10\mods}, reader: mod manifest]
[29Dec2025 03:42:17.232] [main/DEBUG] [net.neoforged.fml.loading.moddiscovery.readers.JarModsDotTomlModFileReader/SCAN]: Found META-INF/neoforge.mods.toml mod of type null: C:\Users\Leo\OneDrive\Desktop\Modding\Minecraft-Robettini\Robettini\ATM10\mods\compactmachines-neoforge-7.0.68.jar
[29Dec2025 03:42:17.232] [main/DEBUG] [net.neoforged.fml.loading.moddiscovery.ModFileParser/LOADING]: Considering mod file candidate C:\Users\Leo\OneDrive\Desktop\Modding\Minecraft-Robettini\Robettini\ATM10\mods\compactmachines-neoforge-7.0.68.jar
[29Dec2025 03:42:17.233] [main/DEBUG] [net.neoforged.fml.loading.moddiscovery.ModFileInfo/LOADING]: Found valid mod file compactmachines-neoforge-7.0.68.jar with {compactmachines} mods - versions {7.0.68}
[29Dec2025 03:42:17.233] [main/INFO] [net.neoforged.fml.loading.moddiscovery.ModDiscoverer/SCAN]: Found mod file "compactmachines-neoforge-7.0.68.jar" [locator: {mods folder locator at C:\Users\Leo\OneDrive\Desktop\Modding\Minecraft-Robettini\Robettini\ATM10\mods}, reader: mod manifest]
[29Dec2025 03:42:17.234] [main/DEBUG] [net.neoforged.fml.loading.moddiscovery.readers.JarModsDotTomlModFileReader/SCAN]: Found META-INF/neoforge.mods.toml mod of type null: C:\Users\Leo\OneDrive\Desktop\Modding\Minecraft-Robettini\Robettini\ATM10\mods\connectedglass-1.1.14-neoforge-mc1.21.jar
[29Dec2025 03:42:17.234] [main/DEBUG] [net.neoforged.fml.loading.moddiscovery.ModFileParser/LOADING]: Considering mod file candidate C:\Users\Leo\OneDrive\Desktop\Modding\Minecraft-Robettini\Robettini\ATM10\mods\connectedglass-1.1.14-neoforge-mc1.21.jar
[29Dec2025 03:42:17.234] [main/DEBUG] [net.neoforged.fml.loading.moddiscovery.ModFileInfo/LOADING]: Found valid mod file connectedglass-1.1.14-neoforge-mc1.21.jar with {connectedglass} mods - versions {1.1.14}
[29Dec2025 03:42:17.234] [main/INFO] [net.neoforged.fml.loading.moddiscovery.ModDiscoverer/SCAN]: Found mod file "connectedglass-1.1.14-neoforge-mc1.21.jar" [locator: {mods folder locator at C:\Users\Leo\OneDrive\Desktop\Modding\Minecraft-Robettini\Robettini\ATM10\mods}, reader: mod manifest]
[29Dec2025 03:42:17.235] [main/DEBUG] [net.neoforged.fml.loading.moddiscovery.readers.JarModsDotTomlModFileReader/SCAN]: Found META-INF/neoforge.mods.toml mod of type null: C:\Users\Leo\OneDrive\Desktop\Modding\Minecraft-Robettini\Robettini\ATM10\mods\connectivity-1.21.1-7.2.jar
[29Dec2025 03:42:17.235] [main/DEBUG] [net.neoforged.fml.loading.moddiscovery.ModFileParser/LOADING]: Considering mod file candidate C:\Users\Leo\OneDrive\Desktop\Modding\Minecraft-Robettini\Robettini\ATM10\mods\connectivity-1.21.1-7.2.jar
[29Dec2025 03:42:17.236] [main/DEBUG] [net.neoforged.fml.loading.moddiscovery.ModFileInfo/LOADING]: Found valid mod file connectivity-1.21.1-7.2.jar with {connectivity} mods - versions {7.2}
[29Dec2025 03:42:17.236] [main/INFO] [net.neoforged.fml.loading.moddiscovery.ModDiscoverer/SCAN]: Found mod file "connectivity-1.21.1-7.2.jar" [locator: {mods folder locator at C:\Users\Leo\OneDrive\Desktop\Modding\Minecraft-Robettini\Robettini\ATM10\mods}, reader: mod manifest]
[29Dec2025 03:42:17.237] [main/DEBUG] [net.neoforged.fml.loading.moddiscovery.readers.JarModsDotTomlModFileReader/SCAN]: Found META-INF/neoforge.mods.toml mod of type null: C:\Users\Leo\OneDrive\Desktop\Modding\Minecraft-Robettini\Robettini\ATM10\mods\ConstructionSticks-1.21.1-1.2.3.jar
[29Dec2025 03:42:17.237] [main/DEBUG] [net.neoforged.fml.loading.moddiscovery.ModFileParser/LOADING]: Considering mod file candidate C:\Users\Leo\OneDrive\Desktop\Modding\Minecraft-Robettini\Robettini\ATM10\mods\ConstructionSticks-1.21.1-1.2.3.jar
[29Dec2025 03:42:17.237] [main/DEBUG] [net.neoforged.fml.loading.moddiscovery.ModFileInfo/LOADING]: Found valid mod file ConstructionSticks-1.21.1-1.2.3.jar with {constructionstick} mods - versions {1.2.3}
[29Dec2025 03:42:17.237] [main/INFO] [net.neoforged.fml.loading.moddiscovery.ModDiscoverer/SCAN]: Found mod file "ConstructionSticks-1.21.1-1.2.3.jar" [locator: {mods folder locator at C:\Users\Leo\OneDrive\Desktop\Modding\Minecraft-Robettini\Robettini\ATM10\mods}, reader: mod manifest]
[29Dec2025 03:42:17.238] [main/DEBUG] [net.neoforged.fml.loading.moddiscovery.readers.JarModsDotTomlModFileReader/SCAN]: Found META-INF/neoforge.mods.toml mod of type null: C:\Users\Leo\OneDrive\Desktop\Modding\Minecraft-Robettini\Robettini\ATM10\mods\Controlling-neoforge-1.21.1-19.0.5.jar
[29Dec2025 03:42:17.238] [main/DEBUG] [net.neoforged.fml.loading.moddiscovery.ModFileParser/LOADING]: Considering mod file candidate C:\Users\Leo\OneDrive\Desktop\Modding\Minecraft-Robettini\Robettini\ATM10\mods\Controlling-neoforge-1.21.1-19.0.5.jar
[29Dec2025 03:42:17.239] [main/DEBUG] [net.neoforged.fml.loading.moddiscovery.ModFileInfo/LOADING]: Found valid mod file Controlling-neoforge-1.21.1-19.0.5.jar with {controlling} mods - versions {19.0.5}
[29Dec2025 03:42:17.239] [main/INFO] [net.neoforged.fml.loading.moddiscovery.ModDiscoverer/SCAN]: Found mod file "Controlling-neoforge-1.21.1-19.0.5.jar" [locator: {mods folder locator at C:\Users\Leo\OneDrive\Desktop\Modding\Minecraft-Robettini\Robettini\ATM10\mods}, reader: mod manifest]
[29Dec2025 03:42:17.240] [main/DEBUG] [net.neoforged.fml.loading.moddiscovery.readers.JarModsDotTomlModFileReader/SCAN]: Found META-INF/neoforge.mods.toml mod of type null: C:\Users\Leo\OneDrive\Desktop\Modding\Minecraft-Robettini\Robettini\ATM10\mods\cookingforblockheads-neoforge-1.21.1-21.1.17.jar
[29Dec2025 03:42:17.240] [main/DEBUG] [net.neoforged.fml.loading.moddiscovery.ModFileParser/LOADING]: Considering mod file candidate C:\Users\Leo\OneDrive\Desktop\Modding\Minecraft-Robettini\Robettini\ATM10\mods\cookingforblockheads-neoforge-1.21.1-21.1.17.jar
[29Dec2025 03:42:17.240] [main/DEBUG] [net.neoforged.fml.loading.moddiscovery.ModFileInfo/LOADING]: Found valid mod file cookingforblockheads-neoforge-1.21.1-21.1.17.jar with {cookingforblockheads} mods - versions {21.1.17}
[29Dec2025 03:42:17.240] [main/INFO] [net.neoforged.fml.loading.moddiscovery.ModDiscoverer/SCAN]: Found mod file "cookingforblockheads-neoforge-1.21.1-21.1.17.jar" [locator: {mods folder locator at C:\Users\Leo\OneDrive\Desktop\Modding\Minecraft-Robettini\Robettini\ATM10\mods}, reader: mod manifest]
[29Dec2025 03:42:17.241] [main/DEBUG] [net.neoforged.fml.loading.moddiscovery.readers.JarModsDotTomlModFileReader/SCAN]: Found META-INF/neoforge.mods.toml mod of type null: C:\Users\Leo\OneDrive\Desktop\Modding\Minecraft-Robettini\Robettini\ATM10\mods\Corgilib-NeoForge-1.21.1-5.0.0.7.jar
[29Dec2025 03:42:17.241] [main/DEBUG] [net.neoforged.fml.loading.moddiscovery.ModFileParser/LOADING]: Considering mod file candidate C:\Users\Leo\OneDrive\Desktop\Modding\Minecraft-Robettini\Robettini\ATM10\mods\Corgilib-NeoForge-1.21.1-5.0.0.7.jar
[29Dec2025 03:42:17.242] [main/DEBUG] [net.neoforged.fml.loading.moddiscovery.ModFileInfo/LOADING]: Found valid mod file Corgilib-NeoForge-1.21.1-5.0.0.7.jar with {corgilib} mods - versions {5.0.0.7}
[29Dec2025 03:42:17.242] [main/INFO] [net.neoforged.fml.loading.moddiscovery.ModDiscoverer/SCAN]: Found mod file "Corgilib-NeoForge-1.21.1-5.0.0.7.jar" [locator: {mods folder locator at C:\Users\Leo\OneDrive\Desktop\Modding\Minecraft-Robettini\Robettini\ATM10\mods}, reader: mod manifest]
[29Dec2025 03:42:17.244] [main/DEBUG] [net.neoforged.fml.loading.moddiscovery.readers.JarModsDotTomlModFileReader/SCAN]: Found META-INF/neoforge.mods.toml mod of type null: C:\Users\Leo\OneDrive\Desktop\Modding\Minecraft-Robettini\Robettini\ATM10\mods\cosmeticarmorreworked-1.21.1-v1-neoforge.jar
[29Dec2025 03:42:17.244] [main/DEBUG] [net.neoforged.fml.loading.moddiscovery.ModFileParser/LOADING]: Considering mod file candidate C:\Users\Leo\OneDrive\Desktop\Modding\Minecraft-Robettini\Robettini\ATM10\mods\cosmeticarmorreworked-1.21.1-v1-neoforge.jar
[29Dec2025 03:42:17.244] [main/DEBUG] [net.neoforged.fml.loading.moddiscovery.ModFileInfo/LOADING]: Found valid mod file cosmeticarmorreworked-1.21.1-v1-neoforge.jar with {cosmeticarmorreworked} mods - versions {1.21.1-v1-neoforge}
[29Dec2025 03:42:17.244] [main/INFO] [net.neoforged.fml.loading.moddiscovery.ModDiscoverer/SCAN]: Found mod file "cosmeticarmorreworked-1.21.1-v1-neoforge.jar" [locator: {mods folder locator at C:\Users\Leo\OneDrive\Desktop\Modding\Minecraft-Robettini\Robettini\ATM10\mods}, reader: mod manifest]
[29Dec2025 03:42:17.245] [main/DEBUG] [net.neoforged.fml.loading.moddiscovery.readers.JarModsDotTomlModFileReader/SCAN]: Found META-INF/neoforge.mods.toml mod of type null: C:\Users\Leo\OneDrive\Desktop\Modding\Minecraft-Robettini\Robettini\ATM10\mods\crafting_on_a_stick-1.21.0.2.jar
[29Dec2025 03:42:17.245] [main/DEBUG] [net.neoforged.fml.loading.moddiscovery.ModFileParser/LOADING]: Considering mod file candidate C:\Users\Leo\OneDrive\Desktop\Modding\Minecraft-Robettini\Robettini\ATM10\mods\crafting_on_a_stick-1.21.0.2.jar
[29Dec2025 03:42:17.245] [main/DEBUG] [net.neoforged.fml.loading.moddiscovery.ModFileInfo/LOADING]: Found valid mod file crafting_on_a_stick-1.21.0.2.jar with {crafting_on_a_stick} mods - versions {1.21.0.2}
[29Dec2025 03:42:17.245] [main/INFO] [net.neoforged.fml.loading.moddiscovery.ModDiscoverer/SCAN]: Found mod file "crafting_on_a_stick-1.21.0.2.jar" [locator: {mods folder locator at C:\Users\Leo\OneDrive\Desktop\Modding\Minecraft-Robettini\Robettini\ATM10\mods}, reader: mod manifest]
[29Dec2025 03:42:17.246] [main/DEBUG] [net.neoforged.fml.loading.moddiscovery.readers.JarModsDotTomlModFileReader/SCAN]: Found META-INF/neoforge.mods.toml mod of type null: C:\Users\Leo\OneDrive\Desktop\Modding\Minecraft-Robettini\Robettini\ATM10\mods\craftingtweaks-neoforge-1.21.1-21.1.6.jar
[29Dec2025 03:42:17.246] [main/DEBUG] [net.neoforged.fml.loading.moddiscovery.ModFileParser/LOADING]: Considering mod file candidate C:\Users\Leo\OneDrive\Desktop\Modding\Minecraft-Robettini\Robettini\ATM10\mods\craftingtweaks-neoforge-1.21.1-21.1.6.jar
[29Dec2025 03:42:17.247] [main/DEBUG] [net.neoforged.fml.loading.moddiscovery.ModFileInfo/LOADING]: Found valid mod file craftingtweaks-neoforge-1.21.1-21.1.6.jar with {craftingtweaks} mods - versions {21.1.6}
[29Dec2025 03:42:17.247] [main/INFO] [net.neoforged.fml.loading.moddiscovery.ModDiscoverer/SCAN]: Found mod file "craftingtweaks-neoforge-1.21.1-21.1.6.jar" [locator: {mods folder locator at C:\Users\Leo\OneDrive\Desktop\Modding\Minecraft-Robettini\Robettini\ATM10\mods}, reader: mod manifest]
[29Dec2025 03:42:17.247] [main/DEBUG] [net.neoforged.fml.loading.moddiscovery.ModDiscoverer/]: Skipping C:\Users\Leo\OneDrive\Desktop\Modding\Minecraft-Robettini\Robettini\ATM10\mods\CrashAssistant-neoforge-1.20.6-1.21.4-1.10.23.jar because it was already located earlier
[29Dec2025 03:42:17.248] [main/DEBUG] [net.neoforged.fml.loading.moddiscovery.readers.JarModsDotTomlModFileReader/SCAN]: Found META-INF/neoforge.mods.toml mod of type null: C:\Users\Leo\OneDrive\Desktop\Modding\Minecraft-Robettini\Robettini\ATM10\mods\crashutilities-9.0.4.jar
[29Dec2025 03:42:17.248] [main/DEBUG] [net.neoforged.fml.loading.moddiscovery.ModFileParser/LOADING]: Considering mod file candidate C:\Users\Leo\OneDrive\Desktop\Modding\Minecraft-Robettini\Robettini\ATM10\mods\crashutilities-9.0.4.jar
[29Dec2025 03:42:17.248] [main/DEBUG] [net.neoforged.fml.loading.moddiscovery.ModFileInfo/LOADING]: Found valid mod file crashutilities-9.0.4.jar with {crashutilities} mods - versions {9.0.4}
[29Dec2025 03:42:17.248] [main/INFO] [net.neoforged.fml.loading.moddiscovery.ModDiscoverer/SCAN]: Found mod file "crashutilities-9.0.4.jar" [locator: {mods folder locator at C:\Users\Leo\OneDrive\Desktop\Modding\Minecraft-Robettini\Robettini\ATM10\mods}, reader: mod manifest]
[29Dec2025 03:42:17.251] [main/DEBUG] [net.neoforged.fml.loading.moddiscovery.readers.JarModsDotTomlModFileReader/SCAN]: Found META-INF/neoforge.mods.toml mod of type null: C:\Users\Leo\OneDrive\Desktop\Modding\Minecraft-Robettini\Robettini\ATM10\mods\create-1.21.1-6.0.8.jar
[29Dec2025 03:42:17.251] [main/DEBUG] [net.neoforged.fml.loading.moddiscovery.ModFileParser/LOADING]: Considering mod file candidate C:\Users\Leo\OneDrive\Desktop\Modding\Minecraft-Robettini\Robettini\ATM10\mods\create-1.21.1-6.0.8.jar
[29Dec2025 03:42:17.252] [main/DEBUG] [net.neoforged.fml.loading.moddiscovery.ModFileInfo/LOADING]: Found valid mod file create-1.21.1-6.0.8.jar with {create} mods - versions {6.0.8}
[29Dec2025 03:42:17.252] [main/INFO] [net.neoforged.fml.loading.moddiscovery.ModDiscoverer/SCAN]: Found mod file "create-1.21.1-6.0.8.jar" [locator: {mods folder locator at C:\Users\Leo\OneDrive\Desktop\Modding\Minecraft-Robettini\Robettini\ATM10\mods}, reader: mod manifest]
[29Dec2025 03:42:17.253] [main/DEBUG] [net.neoforged.fml.loading.moddiscovery.readers.JarModsDotTomlModFileReader/SCAN]: Found META-INF/neoforge.mods.toml mod of type null: C:\Users\Leo\OneDrive\Desktop\Modding\Minecraft-Robettini\Robettini\ATM10\mods\create-dragons-plus-1.8.5.jar
[29Dec2025 03:42:17.253] [main/DEBUG] [net.neoforged.fml.loading.moddiscovery.ModFileParser/LOADING]: Considering mod file candidate C:\Users\Leo\OneDrive\Desktop\Modding\Minecraft-Robettini\Robettini\ATM10\mods\create-dragons-plus-1.8.5.jar
[29Dec2025 03:42:17.253] [main/DEBUG] [net.neoforged.fml.loading.moddiscovery.ModFileInfo/LOADING]: Found valid mod file create-dragons-plus-1.8.5.jar with {create_dragons_plus} mods - versions {1.8.5}
[29Dec2025 03:42:17.253] [main/INFO] [net.neoforged.fml.loading.moddiscovery.ModDiscoverer/SCAN]: Found mod file "create-dragons-plus-1.8.5.jar" [locator: {mods folder locator at C:\Users\Leo\OneDrive\Desktop\Modding\Minecraft-Robettini\Robettini\ATM10\mods}, reader: mod manifest]
[29Dec2025 03:42:17.255] [main/DEBUG] [net.neoforged.fml.loading.moddiscovery.readers.JarModsDotTomlModFileReader/SCAN]: Found META-INF/neoforge.mods.toml mod of type null: C:\Users\Leo\OneDrive\Desktop\Modding\Minecraft-Robettini\Robettini\ATM10\mods\create-enchantment-industry-2.2.5b.jar
[29Dec2025 03:42:17.255] [main/DEBUG] [net.neoforged.fml.loading.moddiscovery.ModFileParser/LOADING]: Considering mod file candidate C:\Users\Leo\OneDrive\Desktop\Modding\Minecraft-Robettini\Robettini\ATM10\mods\create-enchantment-industry-2.2.5b.jar
[29Dec2025 03:42:17.255] [main/DEBUG] [net.neoforged.fml.loading.moddiscovery.ModFileInfo/LOADING]: Found valid mod file create-enchantment-industry-2.2.5b.jar with {create_enchantment_industry} mods - versions {2.2.5b}
[29Dec2025 03:42:17.255] [main/INFO] [net.neoforged.fml.loading.moddiscovery.ModDiscoverer/SCAN]: Found mod file "create-enchantment-industry-2.2.5b.jar" [locator: {mods folder locator at C:\Users\Leo\OneDrive\Desktop\Modding\Minecraft-Robettini\Robettini\ATM10\mods}, reader: mod manifest]
[29Dec2025 03:42:17.256] [main/DEBUG] [net.neoforged.fml.loading.moddiscovery.readers.JarModsDotTomlModFileReader/SCAN]: Found META-INF/neoforge.mods.toml mod of type null: C:\Users\Leo\OneDrive\Desktop\Modding\Minecraft-Robettini\Robettini\ATM10\mods\create_aquatic_ambitions-1.21.1-2.0.2.jar
[29Dec2025 03:42:17.256] [main/DEBUG] [net.neoforged.fml.loading.moddiscovery.ModFileParser/LOADING]: Considering mod file candidate C:\Users\Leo\OneDrive\Desktop\Modding\Minecraft-Robettini\Robettini\ATM10\mods\create_aquatic_ambitions-1.21.1-2.0.2.jar
[29Dec2025 03:42:17.256] [main/DEBUG] [net.neoforged.fml.loading.moddiscovery.ModFileInfo/LOADING]: Found valid mod file create_aquatic_ambitions-1.21.1-2.0.2.jar with {create_aquatic_ambitions} mods - versions {2.0.2}
[29Dec2025 03:42:17.256] [main/INFO] [net.neoforged.fml.loading.moddiscovery.ModDiscoverer/SCAN]: Found mod file "create_aquatic_ambitions-1.21.1-2.0.2.jar" [locator: {mods folder locator at C:\Users\Leo\OneDrive\Desktop\Modding\Minecraft-Robettini\Robettini\ATM10\mods}, reader: mod manifest]
[29Dec2025 03:42:17.258] [main/DEBUG] [net.neoforged.fml.loading.moddiscovery.readers.JarModsDotTomlModFileReader/SCAN]: Found META-INF/neoforge.mods.toml mod of type null: C:\Users\Leo\OneDrive\Desktop\Modding\Minecraft-Robettini\Robettini\ATM10\mods\create_hypertube-0.3.0-NEOFORGE.jar
[29Dec2025 03:42:17.258] [main/DEBUG] [net.neoforged.fml.loading.moddiscovery.ModFileParser/LOADING]: Considering mod file candidate C:\Users\Leo\OneDrive\Desktop\Modding\Minecraft-Robettini\Robettini\ATM10\mods\create_hypertube-0.3.0-NEOFORGE.jar
[29Dec2025 03:42:17.258] [main/DEBUG] [net.neoforged.fml.loading.moddiscovery.ModFileInfo/LOADING]: Found valid mod file create_hypertube-0.3.0-NEOFORGE.jar with {create_hypertube} mods - versions {0.3.0}
[29Dec2025 03:42:17.258] [main/INFO] [net.neoforged.fml.loading.moddiscovery.ModDiscoverer/SCAN]: Found mod file "create_hypertube-0.3.0-NEOFORGE.jar" [locator: {mods folder locator at C:\Users\Leo\OneDrive\Desktop\Modding\Minecraft-Robettini\Robettini\ATM10\mods}, reader: mod manifest]
[29Dec2025 03:42:17.259] [main/DEBUG] [net.neoforged.fml.loading.moddiscovery.readers.JarModsDotTomlModFileReader/SCAN]: Found META-INF/neoforge.mods.toml mod of type null: C:\Users\Leo\OneDrive\Desktop\Modding\Minecraft-Robettini\Robettini\ATM10\mods\createaddition-1.5.9.jar
[29Dec2025 03:42:17.259] [main/DEBUG] [net.neoforged.fml.loading.moddiscovery.ModFileParser/LOADING]: Considering mod file candidate C:\Users\Leo\OneDrive\Desktop\Modding\Minecraft-Robettini\Robettini\ATM10\mods\createaddition-1.5.9.jar
[29Dec2025 03:42:17.260] [main/DEBUG] [net.neoforged.fml.loading.moddiscovery.ModFileInfo/LOADING]: Found valid mod file createaddition-1.5.9.jar with {createaddition} mods - versions {1.5.9}
[29Dec2025 03:42:17.260] [main/INFO] [net.neoforged.fml.loading.moddiscovery.ModDiscoverer/SCAN]: Found mod file "createaddition-1.5.9.jar" [locator: {mods folder locator at C:\Users\Leo\OneDrive\Desktop\Modding\Minecraft-Robettini\Robettini\ATM10\mods}, reader: mod manifest]
[29Dec2025 03:42:17.261] [main/DEBUG] [net.neoforged.fml.loading.moddiscovery.readers.JarModsDotTomlModFileReader/SCAN]: Found META-INF/neoforge.mods.toml mod of type null: C:\Users\Leo\OneDrive\Desktop\Modding\Minecraft-Robettini\Robettini\ATM10\mods\CreeperOverhaul-neoforge-1.21.1-4.0.6.jar
[29Dec2025 03:42:17.261] [main/DEBUG] [net.neoforged.fml.loading.moddiscovery.ModFileParser/LOADING]: Considering mod file candidate C:\Users\Leo\OneDrive\Desktop\Modding\Minecraft-Robettini\Robettini\ATM10\mods\CreeperOverhaul-neoforge-1.21.1-4.0.6.jar
[29Dec2025 03:42:17.261] [main/DEBUG] [net.neoforged.fml.loading.moddiscovery.ModFileInfo/LOADING]: Found valid mod file CreeperOverhaul-neoforge-1.21.1-4.0.6.jar with {creeperoverhaul} mods - versions {4.0.6}
[29Dec2025 03:42:17.261] [main/INFO] [net.neoforged.fml.loading.moddiscovery.ModDiscoverer/SCAN]: Found mod file "CreeperOverhaul-neoforge-1.21.1-4.0.6.jar" [locator: {mods folder locator at C:\Users\Leo\OneDrive\Desktop\Modding\Minecraft-Robettini\Robettini\ATM10\mods}, reader: mod manifest]
[29Dec2025 03:42:17.262] [main/DEBUG] [net.neoforged.fml.loading.moddiscovery.readers.JarModsDotTomlModFileReader/SCAN]: Found META-INF/neoforge.mods.toml mod of type null: C:\Users\Leo\OneDrive\Desktop\Modding\Minecraft-Robettini\Robettini\ATM10\mods\cristellib-neoforge-1.21.1-3.0.2.1.jar
[29Dec2025 03:42:17.262] [main/DEBUG] [net.neoforged.fml.loading.moddiscovery.ModFileParser/LOADING]: Considering mod file candidate C:\Users\Leo\OneDrive\Desktop\Modding\Minecraft-Robettini\Robettini\ATM10\mods\cristellib-neoforge-1.21.1-3.0.2.1.jar
[29Dec2025 03:42:17.263] [main/DEBUG] [net.neoforged.fml.loading.moddiscovery.ModFileInfo/LOADING]: Found valid mod file cristellib-neoforge-1.21.1-3.0.2.1.jar with {cristellib} mods - versions {3.0.2.1}
[29Dec2025 03:42:17.263] [main/INFO] [net.neoforged.fml.loading.moddiscovery.ModDiscoverer/SCAN]: Found mod file "cristellib-neoforge-1.21.1-3.0.2.1.jar" [locator: {mods folder locator at C:\Users\Leo\OneDrive\Desktop\Modding\Minecraft-Robettini\Robettini\ATM10\mods}, reader: mod manifest]
[29Dec2025 03:42:17.264] [main/DEBUG] [net.neoforged.fml.loading.moddiscovery.readers.JarModsDotTomlModFileReader/SCAN]: Found META-INF/neoforge.mods.toml mod of type null: C:\Users\Leo\OneDrive\Desktop\Modding\Minecraft-Robettini\Robettini\ATM10\mods\cryonicconfig-neoforge-1.0.0+mc1.21.10.jar
[29Dec2025 03:42:17.264] [main/DEBUG] [net.neoforged.fml.loading.moddiscovery.ModFileParser/LOADING]: Considering mod file candidate C:\Users\Leo\OneDrive\Desktop\Modding\Minecraft-Robettini\Robettini\ATM10\mods\cryonicconfig-neoforge-1.0.0+mc1.21.10.jar
[29Dec2025 03:42:17.264] [main/DEBUG] [net.neoforged.fml.loading.moddiscovery.ModFileInfo/LOADING]: Found valid mod file cryonicconfig-neoforge-1.0.0+mc1.21.10.jar with {cryonicconfig} mods - versions {1.0.0+mc1.21.10}
[29Dec2025 03:42:17.264] [main/INFO] [net.neoforged.fml.loading.moddiscovery.ModDiscoverer/SCAN]: Found mod file "cryonicconfig-neoforge-1.0.0+mc1.21.10.jar" [locator: {mods folder locator at C:\Users\Leo\OneDrive\Desktop\Modding\Minecraft-Robettini\Robettini\ATM10\mods}, reader: mod manifest]
[29Dec2025 03:42:17.265] [main/DEBUG] [net.neoforged.fml.loading.moddiscovery.readers.JarModsDotTomlModFileReader/SCAN]: Found META-INF/neoforge.mods.toml mod of type null: C:\Users\Leo\OneDrive\Desktop\Modding\Minecraft-Robettini\Robettini\ATM10\mods\crystalix-2.2.1.jar
[29Dec2025 03:42:17.265] [main/DEBUG] [net.neoforged.fml.loading.moddiscovery.ModFileParser/LOADING]: Considering mod file candidate C:\Users\Leo\OneDrive\Desktop\Modding\Minecraft-Robettini\Robettini\ATM10\mods\crystalix-2.2.1.jar
[29Dec2025 03:42:17.265] [main/DEBUG] [net.neoforged.fml.loading.moddiscovery.ModFileInfo/LOADING]: Found valid mod file crystalix-2.2.1.jar with {crystalix} mods - versions {2.2.1}
[29Dec2025 03:42:17.266] [main/INFO] [net.neoforged.fml.loading.moddiscovery.ModDiscoverer/SCAN]: Found mod file "crystalix-2.2.1.jar" [locator: {mods folder locator at C:\Users\Leo\OneDrive\Desktop\Modding\Minecraft-Robettini\Robettini\ATM10\mods}, reader: mod manifest]
[29Dec2025 03:42:17.267] [main/DEBUG] [net.neoforged.fml.loading.moddiscovery.readers.JarModsDotTomlModFileReader/SCAN]: Found META-INF/neoforge.mods.toml mod of type null: C:\Users\Leo\OneDrive\Desktop\Modding\Minecraft-Robettini\Robettini\ATM10\mods\CTM-1.21-1.2.1+3.jar
[29Dec2025 03:42:17.267] [main/DEBUG] [net.neoforged.fml.loading.moddiscovery.ModFileParser/LOADING]: Considering mod file candidate C:\Users\Leo\OneDrive\Desktop\Modding\Minecraft-Robettini\Robettini\ATM10\mods\CTM-1.21-1.2.1+3.jar
[29Dec2025 03:42:17.267] [main/DEBUG] [net.neoforged.fml.loading.moddiscovery.ModFileInfo/LOADING]: Found valid mod file CTM-1.21-1.2.1+3.jar with {ctm} mods - versions {1.21-1.2.1+3}
[29Dec2025 03:42:17.267] [main/INFO] [net.neoforged.fml.loading.moddiscovery.ModDiscoverer/SCAN]: Found mod file "CTM-1.21-1.2.1+3.jar" [locator: {mods folder locator at C:\Users\Leo\OneDrive\Desktop\Modding\Minecraft-Robettini\Robettini\ATM10\mods}, reader: mod manifest]
[29Dec2025 03:42:17.269] [main/DEBUG] [net.neoforged.fml.loading.moddiscovery.readers.JarModsDotTomlModFileReader/SCAN]: Found META-INF/neoforge.mods.toml mod of type null: C:\Users\Leo\OneDrive\Desktop\Modding\Minecraft-Robettini\Robettini\ATM10\mods\Cucumber-1.21.1-8.0.15.jar
[29Dec2025 03:42:17.269] [main/DEBUG] [net.neoforged.fml.loading.moddiscovery.ModFileParser/LOADING]: Considering mod file candidate C:\Users\Leo\OneDrive\Desktop\Modding\Minecraft-Robettini\Robettini\ATM10\mods\Cucumber-1.21.1-8.0.15.jar
[29Dec2025 03:42:17.269] [main/DEBUG] [net.neoforged.fml.loading.moddiscovery.ModFileInfo/LOADING]: Found valid mod file Cucumber-1.21.1-8.0.15.jar with {cucumber} mods - versions {8.0.15}
[29Dec2025 03:42:17.269] [main/INFO] [net.neoforged.fml.loading.moddiscovery.ModDiscoverer/SCAN]: Found mod file "Cucumber-1.21.1-8.0.15.jar" [locator: {mods folder locator at C:\Users\Leo\OneDrive\Desktop\Modding\Minecraft-Robettini\Robettini\ATM10\mods}, reader: mod manifest]
[29Dec2025 03:42:17.270] [main/DEBUG] [net.neoforged.fml.loading.moddiscovery.readers.JarModsDotTomlModFileReader/SCAN]: Found META-INF/neoforge.mods.toml mod of type null: C:\Users\Leo\OneDrive\Desktop\Modding\Minecraft-Robettini\Robettini\ATM10\mods\cupboard-1.21-2.9.jar
[29Dec2025 03:42:17.270] [main/DEBUG] [net.neoforged.fml.loading.moddiscovery.ModFileParser/LOADING]: Considering mod file candidate C:\Users\Leo\OneDrive\Desktop\Modding\Minecraft-Robettini\Robettini\ATM10\mods\cupboard-1.21-2.9.jar
[29Dec2025 03:42:17.270] [main/DEBUG] [net.neoforged.fml.loading.moddiscovery.ModFileInfo/LOADING]: Found valid mod file cupboard-1.21-2.9.jar with {cupboard} mods - versions {2.9}
[29Dec2025 03:42:17.270] [main/INFO] [net.neoforged.fml.loading.moddiscovery.ModDiscoverer/SCAN]: Found mod file "cupboard-1.21-2.9.jar" [locator: {mods folder locator at C:\Users\Leo\OneDrive\Desktop\Modding\Minecraft-Robettini\Robettini\ATM10\mods}, reader: mod manifest]
[29Dec2025 03:42:17.271] [main/DEBUG] [net.neoforged.fml.loading.moddiscovery.readers.JarModsDotTomlModFileReader/SCAN]: Found META-INF/neoforge.mods.toml mod of type null: C:\Users\Leo\OneDrive\Desktop\Modding\Minecraft-Robettini\Robettini\ATM10\mods\curios-neoforge-9.5.1+1.21.1.jar
[29Dec2025 03:42:17.271] [main/DEBUG] [net.neoforged.fml.loading.moddiscovery.ModFileParser/LOADING]: Considering mod file candidate C:\Users\Leo\OneDrive\Desktop\Modding\Minecraft-Robettini\Robettini\ATM10\mods\curios-neoforge-9.5.1+1.21.1.jar
[29Dec2025 03:42:17.272] [main/DEBUG] [net.neoforged.fml.loading.moddiscovery.ModFileInfo/LOADING]: Found valid mod file curios-neoforge-9.5.1+1.21.1.jar with {curios} mods - versions {9.5.1+1.21.1}
[29Dec2025 03:42:17.272] [main/INFO] [net.neoforged.fml.loading.moddiscovery.ModDiscoverer/SCAN]: Found mod file "curios-neoforge-9.5.1+1.21.1.jar" [locator: {mods folder locator at C:\Users\Leo\OneDrive\Desktop\Modding\Minecraft-Robettini\Robettini\ATM10\mods}, reader: mod manifest]
[29Dec2025 03:42:17.273] [main/DEBUG] [net.neoforged.fml.loading.moddiscovery.readers.JarModsDotTomlModFileReader/SCAN]: Found META-INF/neoforge.mods.toml mod of type null: C:\Users\Leo\OneDrive\Desktop\Modding\Minecraft-Robettini\Robettini\ATM10\mods\cyclopscore-1.21.1-neoforge-1.27.2-848.jar
[29Dec2025 03:42:17.273] [main/DEBUG] [net.neoforged.fml.loading.moddiscovery.ModFileParser/LOADING]: Considering mod file candidate C:\Users\Leo\OneDrive\Desktop\Modding\Minecraft-Robettini\Robettini\ATM10\mods\cyclopscore-1.21.1-neoforge-1.27.2-848.jar
[29Dec2025 03:42:17.273] [main/DEBUG] [net.neoforged.fml.loading.moddiscovery.ModFileInfo/LOADING]: Found valid mod file cyclopscore-1.21.1-neoforge-1.27.2-848.jar with {cyclopscore} mods - versions {1.27.2}
[29Dec2025 03:42:17.273] [main/INFO] [net.neoforged.fml.loading.moddiscovery.ModDiscoverer/SCAN]: Found mod file "cyclopscore-1.21.1-neoforge-1.27.2-848.jar" [locator: {mods folder locator at C:\Users\Leo\OneDrive\Desktop\Modding\Minecraft-Robettini\Robettini\ATM10\mods}, reader: mod manifest]
[29Dec2025 03:42:17.275] [main/DEBUG] [net.neoforged.fml.loading.moddiscovery.readers.JarModsDotTomlModFileReader/SCAN]: Found META-INF/neoforge.mods.toml mod of type null: C:\Users\Leo\OneDrive\Desktop\Modding\Minecraft-Robettini\Robettini\ATM10\mods\deeperdarker-neoforge-1.21.1-1.3.5.jar
[29Dec2025 03:42:17.275] [main/DEBUG] [net.neoforged.fml.loading.moddiscovery.ModFileParser/LOADING]: Considering mod file candidate C:\Users\Leo\OneDrive\Desktop\Modding\Minecraft-Robettini\Robettini\ATM10\mods\deeperdarker-neoforge-1.21.1-1.3.5.jar
[29Dec2025 03:42:17.275] [main/DEBUG] [net.neoforged.fml.loading.moddiscovery.ModFileInfo/LOADING]: Found valid mod file deeperdarker-neoforge-1.21.1-1.3.5.jar with {deeperdarker} mods - versions {1.3.5}
[29Dec2025 03:42:17.275] [main/INFO] [net.neoforged.fml.loading.moddiscovery.ModDiscoverer/SCAN]: Found mod file "deeperdarker-neoforge-1.21.1-1.3.5.jar" [locator: {mods folder locator at C:\Users\Leo\OneDrive\Desktop\Modding\Minecraft-Robettini\Robettini\ATM10\mods}, reader: mod manifest]
[29Dec2025 03:42:17.276] [main/DEBUG] [net.neoforged.fml.loading.moddiscovery.readers.JarModsDotTomlModFileReader/SCAN]: Found META-INF/neoforge.mods.toml mod of type null: C:\Users\Leo\OneDrive\Desktop\Modding\Minecraft-Robettini\Robettini\ATM10\mods\deimos-1.21.1-neoforge-2.5.jar
[29Dec2025 03:42:17.276] [main/DEBUG] [net.neoforged.fml.loading.moddiscovery.ModFileParser/LOADING]: Considering mod file candidate C:\Users\Leo\OneDrive\Desktop\Modding\Minecraft-Robettini\Robettini\ATM10\mods\deimos-1.21.1-neoforge-2.5.jar
[29Dec2025 03:42:17.276] [main/DEBUG] [net.neoforged.fml.loading.moddiscovery.ModFileInfo/LOADING]: Found valid mod file deimos-1.21.1-neoforge-2.5.jar with {deimos} mods - versions {2.5}
[29Dec2025 03:42:17.276] [main/INFO] [net.neoforged.fml.loading.moddiscovery.ModDiscoverer/SCAN]: Found mod file "deimos-1.21.1-neoforge-2.5.jar" [locator: {mods folder locator at C:\Users\Leo\OneDrive\Desktop\Modding\Minecraft-Robettini\Robettini\ATM10\mods}, reader: mod manifest]
[29Dec2025 03:42:17.277] [main/DEBUG] [net.neoforged.fml.loading.moddiscovery.readers.JarModsDotTomlModFileReader/SCAN]: Found META-INF/neoforge.mods.toml mod of type null: C:\Users\Leo\OneDrive\Desktop\Modding\Minecraft-Robettini\Robettini\ATM10\mods\DimStorage-1.21.1-9.1.0.jar
[29Dec2025 03:42:17.277] [main/DEBUG] [net.neoforged.fml.loading.moddiscovery.ModFileParser/LOADING]: Considering mod file candidate C:\Users\Leo\OneDrive\Desktop\Modding\Minecraft-Robettini\Robettini\ATM10\mods\DimStorage-1.21.1-9.1.0.jar
[29Dec2025 03:42:17.277] [main/DEBUG] [net.neoforged.fml.loading.moddiscovery.ModFileInfo/LOADING]: Found valid mod file DimStorage-1.21.1-9.1.0.jar with {dimstorage} mods - versions {9.1.0}
[29Dec2025 03:42:17.277] [main/INFO] [net.neoforged.fml.loading.moddiscovery.ModDiscoverer/SCAN]: Found mod file "DimStorage-1.21.1-9.1.0.jar" [locator: {mods folder locator at C:\Users\Leo\OneDrive\Desktop\Modding\Minecraft-Robettini\Robettini\ATM10\mods}, reader: mod manifest]
[29Dec2025 03:42:17.279] [main/DEBUG] [net.neoforged.fml.loading.moddiscovery.readers.JarModsDotTomlModFileReader/SCAN]: Found META-INF/neoforge.mods.toml mod of type null: C:\Users\Leo\OneDrive\Desktop\Modding\Minecraft-Robettini\Robettini\ATM10\mods\disenchanting_table-merged-1.21.1-5.0.2.jar
[29Dec2025 03:42:17.279] [main/DEBUG] [net.neoforged.fml.loading.moddiscovery.ModFileParser/LOADING]: Considering mod file candidate C:\Users\Leo\OneDrive\Desktop\Modding\Minecraft-Robettini\Robettini\ATM10\mods\disenchanting_table-merged-1.21.1-5.0.2.jar
[29Dec2025 03:42:17.279] [main/DEBUG] [net.neoforged.fml.loading.moddiscovery.ModFileInfo/LOADING]: Found valid mod file disenchanting_table-merged-1.21.1-5.0.2.jar with {disenchanting_table} mods - versions {5.0.2}
[29Dec2025 03:42:17.279] [main/INFO] [net.neoforged.fml.loading.moddiscovery.ModDiscoverer/SCAN]: Found mod file "disenchanting_table-merged-1.21.1-5.0.2.jar" [locator: {mods folder locator at C:\Users\Leo\OneDrive\Desktop\Modding\Minecraft-Robettini\Robettini\ATM10\mods}, reader: mod manifest]
[29Dec2025 03:42:17.280] [main/DEBUG] [net.neoforged.fml.loading.moddiscovery.readers.JarModsDotTomlModFileReader/SCAN]: Found META-INF/neoforge.mods.toml mod of type null: C:\Users\Leo\OneDrive\Desktop\Modding\Minecraft-Robettini\Robettini\ATM10\mods\domum-ornamentum-1.0.223-snapshot-main.jar
[29Dec2025 03:42:17.280] [main/DEBUG] [net.neoforged.fml.loading.moddiscovery.ModFileParser/LOADING]: Considering mod file candidate C:\Users\Leo\OneDrive\Desktop\Modding\Minecraft-Robettini\Robettini\ATM10\mods\domum-ornamentum-1.0.223-snapshot-main.jar
[29Dec2025 03:42:17.280] [main/DEBUG] [net.neoforged.fml.loading.moddiscovery.ModFileInfo/LOADING]: Found valid mod file domum-ornamentum-1.0.223-snapshot-main.jar with {domum_ornamentum} mods - versions {1.0.223-snapshot}
[29Dec2025 03:42:17.280] [main/INFO] [net.neoforged.fml.loading.moddiscovery.ModDiscoverer/SCAN]: Found mod file "domum-ornamentum-1.0.223-snapshot-main.jar" [locator: {mods folder locator at C:\Users\Leo\OneDrive\Desktop\Modding\Minecraft-Robettini\Robettini\ATM10\mods}, reader: mod manifest]
[29Dec2025 03:42:17.287] [main/DEBUG] [net.neoforged.fml.loading.moddiscovery.readers.JarModsDotTomlModFileReader/SCAN]: Found META-INF/neoforge.mods.toml mod of type null: C:\Users\Leo\OneDrive\Desktop\Modding\Minecraft-Robettini\Robettini\ATM10\mods\Draconic-Evolution-1.21.1-3.1.4.630.jar
[29Dec2025 03:42:17.287] [main/DEBUG] [net.neoforged.fml.loading.moddiscovery.ModFileParser/LOADING]: Considering mod file candidate C:\Users\Leo\OneDrive\Desktop\Modding\Minecraft-Robettini\Robettini\ATM10\mods\Draconic-Evolution-1.21.1-3.1.4.630.jar
[29Dec2025 03:42:17.287] [main/DEBUG] [net.neoforged.fml.loading.moddiscovery.ModFileInfo/LOADING]: Found valid mod file Draconic-Evolution-1.21.1-3.1.4.630.jar with {draconicevolution} mods - versions {3.1.4.630}
[29Dec2025 03:42:17.287] [main/INFO] [net.neoforged.fml.loading.moddiscovery.ModDiscoverer/SCAN]: Found mod file "Draconic-Evolution-1.21.1-3.1.4.630.jar" [locator: {mods folder locator at C:\Users\Leo\OneDrive\Desktop\Modding\Minecraft-Robettini\Robettini\ATM10\mods}, reader: mod manifest]
[29Dec2025 03:42:17.288] [main/DEBUG] [net.neoforged.fml.loading.moddiscovery.readers.JarModsDotTomlModFileReader/SCAN]: Found META-INF/neoforge.mods.toml mod of type null: C:\Users\Leo\OneDrive\Desktop\Modding\Minecraft-Robettini\Robettini\ATM10\mods\dummmmmmy-1.21-2.0.11-neoforge.jar
[29Dec2025 03:42:17.288] [main/DEBUG] [net.neoforged.fml.loading.moddiscovery.ModFileParser/LOADING]: Considering mod file candidate C:\Users\Leo\OneDrive\Desktop\Modding\Minecraft-Robettini\Robettini\ATM10\mods\dummmmmmy-1.21-2.0.11-neoforge.jar
[29Dec2025 03:42:17.289] [main/DEBUG] [net.neoforged.fml.loading.moddiscovery.ModFileInfo/LOADING]: Found valid mod file dummmmmmy-1.21-2.0.11-neoforge.jar with {dummmmmmy} mods - versions {1.21-2.0.11}
[29Dec2025 03:42:17.289] [main/INFO] [net.neoforged.fml.loading.moddiscovery.ModDiscoverer/SCAN]: Found mod file "dummmmmmy-1.21-2.0.11-neoforge.jar" [locator: {mods folder locator at C:\Users\Leo\OneDrive\Desktop\Modding\Minecraft-Robettini\Robettini\ATM10\mods}, reader: mod manifest]
[29Dec2025 03:42:17.290] [main/DEBUG] [net.neoforged.fml.loading.moddiscovery.readers.JarModsDotTomlModFileReader/SCAN]: Found META-INF/neoforge.mods.toml mod of type null: C:\Users\Leo\OneDrive\Desktop\Modding\Minecraft-Robettini\Robettini\ATM10\mods\DungeonCrawl-NeoForge-1.21-2.3.15.jar
[29Dec2025 03:42:17.290] [main/DEBUG] [net.neoforged.fml.loading.moddiscovery.ModFileParser/LOADING]: Considering mod file candidate C:\Users\Leo\OneDrive\Desktop\Modding\Minecraft-Robettini\Robettini\ATM10\mods\DungeonCrawl-NeoForge-1.21-2.3.15.jar
[29Dec2025 03:42:17.290] [main/DEBUG] [net.neoforged.fml.loading.moddiscovery.ModFileInfo/LOADING]: Found valid mod file DungeonCrawl-NeoForge-1.21-2.3.15.jar with {dungeoncrawl} mods - versions {2.3.15}
[29Dec2025 03:42:17.290] [main/INFO] [net.neoforged.fml.loading.moddiscovery.ModDiscoverer/SCAN]: Found mod file "DungeonCrawl-NeoForge-1.21-2.3.15.jar" [locator: {mods folder locator at C:\Users\Leo\OneDrive\Desktop\Modding\Minecraft-Robettini\Robettini\ATM10\mods}, reader: mod manifest]
[29Dec2025 03:42:17.291] [main/DEBUG] [net.neoforged.fml.loading.moddiscovery.readers.JarModsDotTomlModFileReader/SCAN]: Found META-INF/neoforge.mods.toml mod of type null: C:\Users\Leo\OneDrive\Desktop\Modding\Minecraft-Robettini\Robettini\ATM10\mods\DungeonsArise-1.21.1-2.1.68-release.jar
[29Dec2025 03:42:17.291] [main/DEBUG] [net.neoforged.fml.loading.moddiscovery.ModFileParser/LOADING]: Considering mod file candidate C:\Users\Leo\OneDrive\Desktop\Modding\Minecraft-Robettini\Robettini\ATM10\mods\DungeonsArise-1.21.1-2.1.68-release.jar
[29Dec2025 03:42:17.292] [main/DEBUG] [net.neoforged.fml.loading.moddiscovery.ModFileInfo/LOADING]: Found valid mod file DungeonsArise-1.21.1-2.1.68-release.jar with {dungeons_arise} mods - versions {2.1.68}
[29Dec2025 03:42:17.292] [main/INFO] [net.neoforged.fml.loading.moddiscovery.ModDiscoverer/SCAN]: Found mod file "DungeonsArise-1.21.1-2.1.68-release.jar" [locator: {mods folder locator at C:\Users\Leo\OneDrive\Desktop\Modding\Minecraft-Robettini\Robettini\ATM10\mods}, reader: mod manifest]
[29Dec2025 03:42:17.293] [main/DEBUG] [net.neoforged.fml.loading.moddiscovery.readers.JarModsDotTomlModFileReader/SCAN]: Found META-INF/neoforge.mods.toml mod of type null: C:\Users\Leo\OneDrive\Desktop\Modding\Minecraft-Robettini\Robettini\ATM10\mods\dyenamics-1.21.1-3.4.2.jar
[29Dec2025 03:42:17.293] [main/DEBUG] [net.neoforged.fml.loading.moddiscovery.ModFileParser/LOADING]: Considering mod file candidate C:\Users\Leo\OneDrive\Desktop\Modding\Minecraft-Robettini\Robettini\ATM10\mods\dyenamics-1.21.1-3.4.2.jar
[29Dec2025 03:42:17.293] [main/DEBUG] [net.neoforged.fml.loading.moddiscovery.ModFileInfo/LOADING]: Found valid mod file dyenamics-1.21.1-3.4.2.jar with {dyenamics} mods - versions {1.21.1-3.4.2}
[29Dec2025 03:42:17.293] [main/INFO] [net.neoforged.fml.loading.moddiscovery.ModDiscoverer/SCAN]: Found mod file "dyenamics-1.21.1-3.4.2.jar" [locator: {mods folder locator at C:\Users\Leo\OneDrive\Desktop\Modding\Minecraft-Robettini\Robettini\ATM10\mods}, reader: mod manifest]
[29Dec2025 03:42:17.298] [main/DEBUG] [net.neoforged.fml.loading.moddiscovery.readers.JarModsDotTomlModFileReader/SCAN]: Found META-INF/neoforge.mods.toml mod of type null: C:\Users\Leo\OneDrive\Desktop\Modding\Minecraft-Robettini\Robettini\ATM10\mods\dyenamicsandfriends-1.21.1-2.2.2.jar
[29Dec2025 03:42:17.298] [main/DEBUG] [net.neoforged.fml.loading.moddiscovery.ModFileParser/LOADING]: Considering mod file candidate C:\Users\Leo\OneDrive\Desktop\Modding\Minecraft-Robettini\Robettini\ATM10\mods\dyenamicsandfriends-1.21.1-2.2.2.jar
[29Dec2025 03:42:17.298] [main/DEBUG] [net.neoforged.fml.loading.moddiscovery.ModFileInfo/LOADING]: Found valid mod file dyenamicsandfriends-1.21.1-2.2.2.jar with {dyenamicsandfriends} mods - versions {1.21.1-2.2.2}
[29Dec2025 03:42:17.298] [main/INFO] [net.neoforged.fml.loading.moddiscovery.ModDiscoverer/SCAN]: Found mod file "dyenamicsandfriends-1.21.1-2.2.2.jar" [locator: {mods folder locator at C:\Users\Leo\OneDrive\Desktop\Modding\Minecraft-Robettini\Robettini\ATM10\mods}, reader: mod manifest]
[29Dec2025 03:42:17.299] [main/DEBUG] [net.neoforged.fml.loading.moddiscovery.readers.JarModsDotTomlModFileReader/SCAN]: Found META-INF/neoforge.mods.toml mod of type null: C:\Users\Leo\OneDrive\Desktop\Modding\Minecraft-Robettini\Robettini\ATM10\mods\dysoncubeproject-1.0.2.jar
[29Dec2025 03:42:17.299] [main/DEBUG] [net.neoforged.fml.loading.moddiscovery.ModFileParser/LOADING]: Considering mod file candidate C:\Users\Leo\OneDrive\Desktop\Modding\Minecraft-Robettini\Robettini\ATM10\mods\dysoncubeproject-1.0.2.jar
[29Dec2025 03:42:17.300] [main/DEBUG] [net.neoforged.fml.loading.moddiscovery.ModFileInfo/LOADING]: Found valid mod file dysoncubeproject-1.0.2.jar with {dysoncubeproject} mods - versions {1.0.2}
[29Dec2025 03:42:17.300] [main/INFO] [net.neoforged.fml.loading.moddiscovery.ModDiscoverer/SCAN]: Found mod file "dysoncubeproject-1.0.2.jar" [locator: {mods folder locator at C:\Users\Leo\OneDrive\Desktop\Modding\Minecraft-Robettini\Robettini\ATM10\mods}, reader: mod manifest]
[29Dec2025 03:42:17.301] [main/DEBUG] [net.neoforged.fml.loading.moddiscovery.readers.JarModsDotTomlModFileReader/SCAN]: Found META-INF/neoforge.mods.toml mod of type null: C:\Users\Leo\OneDrive\Desktop\Modding\Minecraft-Robettini\Robettini\ATM10\mods\easy-villagers-neoforge-1.21.1-1.1.39.jar
[29Dec2025 03:42:17.301] [main/DEBUG] [net.neoforged.fml.loading.moddiscovery.ModFileParser/LOADING]: Considering mod file candidate C:\Users\Leo\OneDrive\Desktop\Modding\Minecraft-Robettini\Robettini\ATM10\mods\easy-villagers-neoforge-1.21.1-1.1.39.jar
[29Dec2025 03:42:17.302] [main/DEBUG] [net.neoforged.fml.loading.moddiscovery.ModFileInfo/LOADING]: Found valid mod file easy-villagers-neoforge-1.21.1-1.1.39.jar with {easy_villagers} mods - versions {1.21.1-1.1.39}
[29Dec2025 03:42:17.302] [main/INFO] [net.neoforged.fml.loading.moddiscovery.ModDiscoverer/SCAN]: Found mod file "easy-villagers-neoforge-1.21.1-1.1.39.jar" [locator: {mods folder locator at C:\Users\Leo\OneDrive\Desktop\Modding\Minecraft-Robettini\Robettini\ATM10\mods}, reader: mod manifest]
[29Dec2025 03:42:17.303] [main/DEBUG] [net.neoforged.fml.loading.moddiscovery.readers.JarModsDotTomlModFileReader/SCAN]: Found META-INF/neoforge.mods.toml mod of type null: C:\Users\Leo\OneDrive\Desktop\Modding\Minecraft-Robettini\Robettini\ATM10\mods\EdivadLib-1.21-3.0.0.jar
[29Dec2025 03:42:17.303] [main/DEBUG] [net.neoforged.fml.loading.moddiscovery.ModFileParser/LOADING]: Considering mod file candidate C:\Users\Leo\OneDrive\Desktop\Modding\Minecraft-Robettini\Robettini\ATM10\mods\EdivadLib-1.21-3.0.0.jar
[29Dec2025 03:42:17.303] [main/DEBUG] [net.neoforged.fml.loading.moddiscovery.ModFileInfo/LOADING]: Found valid mod file EdivadLib-1.21-3.0.0.jar with {edivadlib} mods - versions {3.0.0}
[29Dec2025 03:42:17.303] [main/INFO] [net.neoforged.fml.loading.moddiscovery.ModDiscoverer/SCAN]: Found mod file "EdivadLib-1.21-3.0.0.jar" [locator: {mods folder locator at C:\Users\Leo\OneDrive\Desktop\Modding\Minecraft-Robettini\Robettini\ATM10\mods}, reader: mod manifest]
[29Dec2025 03:42:17.304] [main/DEBUG] [net.neoforged.fml.loading.moddiscovery.readers.JarModsDotTomlModFileReader/SCAN]: Found META-INF/neoforge.mods.toml mod of type null: C:\Users\Leo\OneDrive\Desktop\Modding\Minecraft-Robettini\Robettini\ATM10\mods\elevatorid-neoforge-1.21.1-1.11.4.jar
[29Dec2025 03:42:17.304] [main/DEBUG] [net.neoforged.fml.loading.moddiscovery.ModFileParser/LOADING]: Considering mod file candidate C:\Users\Leo\OneDrive\Desktop\Modding\Minecraft-Robettini\Robettini\ATM10\mods\elevatorid-neoforge-1.21.1-1.11.4.jar
[29Dec2025 03:42:17.305] [main/DEBUG] [net.neoforged.fml.loading.moddiscovery.ModFileInfo/LOADING]: Found valid mod file elevatorid-neoforge-1.21.1-1.11.4.jar with {elevatorid} mods - versions {1.21.1-1.11.4}
[29Dec2025 03:42:17.305] [main/INFO] [net.neoforged.fml.loading.moddiscovery.ModDiscoverer/SCAN]: Found mod file "elevatorid-neoforge-1.21.1-1.11.4.jar" [locator: {mods folder locator at C:\Users\Leo\OneDrive\Desktop\Modding\Minecraft-Robettini\Robettini\ATM10\mods}, reader: mod manifest]
[29Dec2025 03:42:17.306] [main/DEBUG] [net.neoforged.fml.loading.moddiscovery.readers.JarModsDotTomlModFileReader/SCAN]: Found META-INF/neoforge.mods.toml mod of type null: C:\Users\Leo\OneDrive\Desktop\Modding\Minecraft-Robettini\Robettini\ATM10\mods\enchdesc-neoforge-1.21.1-21.1.9.jar
[29Dec2025 03:42:17.306] [main/DEBUG] [net.neoforged.fml.loading.moddiscovery.ModFileParser/LOADING]: Considering mod file candidate C:\Users\Leo\OneDrive\Desktop\Modding\Minecraft-Robettini\Robettini\ATM10\mods\enchdesc-neoforge-1.21.1-21.1.9.jar
[29Dec2025 03:42:17.306] [main/DEBUG] [net.neoforged.fml.loading.moddiscovery.ModFileInfo/LOADING]: Found valid mod file enchdesc-neoforge-1.21.1-21.1.9.jar with {enchdesc} mods - versions {21.1.9}
[29Dec2025 03:42:17.306] [main/INFO] [net.neoforged.fml.loading.moddiscovery.ModDiscoverer/SCAN]: Found mod file "enchdesc-neoforge-1.21.1-21.1.9.jar" [locator: {mods folder locator at C:\Users\Leo\OneDrive\Desktop\Modding\Minecraft-Robettini\Robettini\ATM10\mods}, reader: mod manifest]
[29Dec2025 03:42:17.307] [main/DEBUG] [net.neoforged.fml.loading.moddiscovery.readers.JarModsDotTomlModFileReader/SCAN]: Found META-INF/neoforge.mods.toml mod of type null: C:\Users\Leo\OneDrive\Desktop\Modding\Minecraft-Robettini\Robettini\ATM10\mods\enderdrives-neoforge-1.21.1-1.4.4.jar
[29Dec2025 03:42:17.307] [main/DEBUG] [net.neoforged.fml.loading.moddiscovery.ModFileParser/LOADING]: Considering mod file candidate C:\Users\Leo\OneDrive\Desktop\Modding\Minecraft-Robettini\Robettini\ATM10\mods\enderdrives-neoforge-1.21.1-1.4.4.jar
[29Dec2025 03:42:17.307] [main/DEBUG] [net.neoforged.fml.loading.moddiscovery.ModFileInfo/LOADING]: Found valid mod file enderdrives-neoforge-1.21.1-1.4.4.jar with {enderdrives} mods - versions {1.4.4}
[29Dec2025 03:42:17.307] [main/INFO] [net.neoforged.fml.loading.moddiscovery.ModDiscoverer/SCAN]: Found mod file "enderdrives-neoforge-1.21.1-1.4.4.jar" [locator: {mods folder locator at C:\Users\Leo\OneDrive\Desktop\Modding\Minecraft-Robettini\Robettini\ATM10\mods}, reader: mod manifest]
[29Dec2025 03:42:17.308] [main/DEBUG] [net.neoforged.fml.loading.moddiscovery.readers.JarModsDotTomlModFileReader/SCAN]: Found META-INF/neoforge.mods.toml mod of type null: C:\Users\Leo\OneDrive\Desktop\Modding\Minecraft-Robettini\Robettini\ATM10\mods\enderio-8.0.7-alpha.jar
[29Dec2025 03:42:17.308] [main/DEBUG] [net.neoforged.fml.loading.moddiscovery.ModFileParser/LOADING]: Considering mod file candidate C:\Users\Leo\OneDrive\Desktop\Modding\Minecraft-Robettini\Robettini\ATM10\mods\enderio-8.0.7-alpha.jar
[29Dec2025 03:42:17.309] [main/DEBUG] [net.neoforged.fml.loading.moddiscovery.ModFileInfo/LOADING]: Found valid mod file enderio-8.0.7-alpha.jar with {enderio} mods - versions {8.0.7-alpha}
[29Dec2025 03:42:17.309] [main/INFO] [net.neoforged.fml.loading.moddiscovery.ModDiscoverer/SCAN]: Found mod file "enderio-8.0.7-alpha.jar" [locator: {mods folder locator at C:\Users\Leo\OneDrive\Desktop\Modding\Minecraft-Robettini\Robettini\ATM10\mods}, reader: mod manifest]
[29Dec2025 03:42:17.310] [main/DEBUG] [net.neoforged.fml.loading.moddiscovery.readers.JarModsDotTomlModFileReader/SCAN]: Found META-INF/neoforge.mods.toml mod of type null: C:\Users\Leo\OneDrive\Desktop\Modding\Minecraft-Robettini\Robettini\ATM10\mods\endermanoverhaul-neoforge-1.21.1-2.0.2.jar
[29Dec2025 03:42:17.310] [main/DEBUG] [net.neoforged.fml.loading.moddiscovery.ModFileParser/LOADING]: Considering mod file candidate C:\Users\Leo\OneDrive\Desktop\Modding\Minecraft-Robettini\Robettini\ATM10\mods\endermanoverhaul-neoforge-1.21.1-2.0.2.jar
[29Dec2025 03:42:17.310] [main/DEBUG] [net.neoforged.fml.loading.moddiscovery.ModFileInfo/LOADING]: Found valid mod file endermanoverhaul-neoforge-1.21.1-2.0.2.jar with {endermanoverhaul} mods - versions {2.0.2}
[29Dec2025 03:42:17.310] [main/INFO] [net.neoforged.fml.loading.moddiscovery.ModDiscoverer/SCAN]: Found mod file "endermanoverhaul-neoforge-1.21.1-2.0.2.jar" [locator: {mods folder locator at C:\Users\Leo\OneDrive\Desktop\Modding\Minecraft-Robettini\Robettini\ATM10\mods}, reader: mod manifest]
[29Dec2025 03:42:17.313] [main/DEBUG] [net.neoforged.fml.loading.moddiscovery.readers.JarModsDotTomlModFileReader/SCAN]: Found META-INF/neoforge.mods.toml mod of type null: C:\Users\Leo\OneDrive\Desktop\Modding\Minecraft-Robettini\Robettini\ATM10\mods\EnderStorage-1.21.1-2.13.0.191.jar
[29Dec2025 03:42:17.313] [main/DEBUG] [net.neoforged.fml.loading.moddiscovery.ModFileParser/LOADING]: Considering mod file candidate C:\Users\Leo\OneDrive\Desktop\Modding\Minecraft-Robettini\Robettini\ATM10\mods\EnderStorage-1.21.1-2.13.0.191.jar
[29Dec2025 03:42:17.313] [main/DEBUG] [net.neoforged.fml.loading.moddiscovery.ModFileInfo/LOADING]: Found valid mod file EnderStorage-1.21.1-2.13.0.191.jar with {enderstorage} mods - versions {2.13.0.191}
[29Dec2025 03:42:17.313] [main/INFO] [net.neoforged.fml.loading.moddiscovery.ModDiscoverer/SCAN]: Found mod file "EnderStorage-1.21.1-2.13.0.191.jar" [locator: {mods folder locator at C:\Users\Leo\OneDrive\Desktop\Modding\Minecraft-Robettini\Robettini\ATM10\mods}, reader: mod manifest]
[29Dec2025 03:42:17.314] [main/DEBUG] [net.neoforged.fml.loading.moddiscovery.readers.JarModsDotTomlModFileReader/SCAN]: Found META-INF/neoforge.mods.toml mod of type null: C:\Users\Leo\OneDrive\Desktop\Modding\Minecraft-Robettini\Robettini\ATM10\mods\entangled-1.3.20a-neoforge-mc1.21.jar
[29Dec2025 03:42:17.314] [main/DEBUG] [net.neoforged.fml.loading.moddiscovery.ModFileParser/LOADING]: Considering mod file candidate C:\Users\Leo\OneDrive\Desktop\Modding\Minecraft-Robettini\Robettini\ATM10\mods\entangled-1.3.20a-neoforge-mc1.21.jar
[29Dec2025 03:42:17.314] [main/DEBUG] [net.neoforged.fml.loading.moddiscovery.ModFileInfo/LOADING]: Found valid mod file entangled-1.3.20a-neoforge-mc1.21.jar with {entangled} mods - versions {1.3.20+a}
[29Dec2025 03:42:17.314] [main/INFO] [net.neoforged.fml.loading.moddiscovery.ModDiscoverer/SCAN]: Found mod file "entangled-1.3.20a-neoforge-mc1.21.jar" [locator: {mods folder locator at C:\Users\Leo\OneDrive\Desktop\Modding\Minecraft-Robettini\Robettini\ATM10\mods}, reader: mod manifest]
[29Dec2025 03:42:17.317] [main/DEBUG] [net.neoforged.fml.loading.moddiscovery.readers.JarModsDotTomlModFileReader/SCAN]: Found META-INF/neoforge.mods.toml mod of type null: C:\Users\Leo\OneDrive\Desktop\Modding\Minecraft-Robettini\Robettini\ATM10\mods\eternalstarlight-0.6.1-hotfix+1.21.1+neoforge.jar
[29Dec2025 03:42:17.317] [main/DEBUG] [net.neoforged.fml.loading.moddiscovery.ModFileParser/LOADING]: Considering mod file candidate C:\Users\Leo\OneDrive\Desktop\Modding\Minecraft-Robettini\Robettini\ATM10\mods\eternalstarlight-0.6.1-hotfix+1.21.1+neoforge.jar
[29Dec2025 03:42:17.317] [main/DEBUG] [net.neoforged.fml.loading.moddiscovery.ModFileInfo/LOADING]: Found valid mod file eternalstarlight-0.6.1-hotfix+1.21.1+neoforge.jar with {eternal_starlight} mods - versions {0.6.1-hotfix+1.21.1+neoforge}
[29Dec2025 03:42:17.317] [main/INFO] [net.neoforged.fml.loading.moddiscovery.ModDiscoverer/SCAN]: Found mod file "eternalstarlight-0.6.1-hotfix+1.21.1+neoforge.jar" [locator: {mods folder locator at C:\Users\Leo\OneDrive\Desktop\Modding\Minecraft-Robettini\Robettini\ATM10\mods}, reader: mod manifest]
[29Dec2025 03:42:17.318] [main/DEBUG] [net.neoforged.fml.loading.moddiscovery.readers.JarModsDotTomlModFileReader/SCAN]: Found META-INF/neoforge.mods.toml mod of type null: C:\Users\Leo\OneDrive\Desktop\Modding\Minecraft-Robettini\Robettini\ATM10\mods\everythingcopper-1.21.1-2.4.5.jar
[29Dec2025 03:42:17.318] [main/DEBUG] [net.neoforged.fml.loading.moddiscovery.ModFileParser/LOADING]: Considering mod file candidate C:\Users\Leo\OneDrive\Desktop\Modding\Minecraft-Robettini\Robettini\ATM10\mods\everythingcopper-1.21.1-2.4.5.jar
[29Dec2025 03:42:17.319] [main/DEBUG] [net.neoforged.fml.loading.moddiscovery.ModFileInfo/LOADING]: Found valid mod file everythingcopper-1.21.1-2.4.5.jar with {everythingcopper} mods - versions {1.21.1-2.4.5}
[29Dec2025 03:42:17.319] [main/INFO] [net.neoforged.fml.loading.moddiscovery.ModDiscoverer/SCAN]: Found mod file "everythingcopper-1.21.1-2.4.5.jar" [locator: {mods folder locator at C:\Users\Leo\OneDrive\Desktop\Modding\Minecraft-Robettini\Robettini\ATM10\mods}, reader: mod manifest]
[29Dec2025 03:42:17.320] [main/DEBUG] [net.neoforged.fml.loading.moddiscovery.readers.JarModsDotTomlModFileReader/SCAN]: Found META-INF/neoforge.mods.toml mod of type null: C:\Users\Leo\OneDrive\Desktop\Modding\Minecraft-Robettini\Robettini\ATM10\mods\evilcraft-1.21.1-neoforge-1.2.79-715.jar
[29Dec2025 03:42:17.320] [main/DEBUG] [net.neoforged.fml.loading.moddiscovery.ModFileParser/LOADING]: Considering mod file candidate C:\Users\Leo\OneDrive\Desktop\Modding\Minecraft-Robettini\Robettini\ATM10\mods\evilcraft-1.21.1-neoforge-1.2.79-715.jar
[29Dec2025 03:42:17.320] [main/DEBUG] [net.neoforged.fml.loading.moddiscovery.ModFileInfo/LOADING]: Found valid mod file evilcraft-1.21.1-neoforge-1.2.79-715.jar with {evilcraft,evilcraftcompat} mods - versions {1.2.79,1.1.0}
[29Dec2025 03:42:17.320] [main/INFO] [net.neoforged.fml.loading.moddiscovery.ModDiscoverer/SCAN]: Found mod file "evilcraft-1.21.1-neoforge-1.2.79-715.jar" [locator: {mods folder locator at C:\Users\Leo\OneDrive\Desktop\Modding\Minecraft-Robettini\Robettini\ATM10\mods}, reader: mod manifest]
[29Dec2025 03:42:17.321] [main/DEBUG] [net.neoforged.fml.loading.moddiscovery.readers.JarModsDotTomlModFileReader/SCAN]: Found META-INF/neoforge.mods.toml mod of type null: C:\Users\Leo\OneDrive\Desktop\Modding\Minecraft-Robettini\Robettini\ATM10\mods\expandedae-2.1.1.jar
[29Dec2025 03:42:17.321] [main/DEBUG] [net.neoforged.fml.loading.moddiscovery.ModFileParser/LOADING]: Considering mod file candidate C:\Users\Leo\OneDrive\Desktop\Modding\Minecraft-Robettini\Robettini\ATM10\mods\expandedae-2.1.1.jar
[29Dec2025 03:42:17.322] [main/DEBUG] [net.neoforged.fml.loading.moddiscovery.ModFileInfo/LOADING]: Found valid mod file expandedae-2.1.1.jar with {expandedae} mods - versions {2.1.1}
[29Dec2025 03:42:17.322] [main/INFO] [net.neoforged.fml.loading.moddiscovery.ModDiscoverer/SCAN]: Found mod file "expandedae-2.1.1.jar" [locator: {mods folder locator at C:\Users\Leo\OneDrive\Desktop\Modding\Minecraft-Robettini\Robettini\ATM10\mods}, reader: mod manifest]
[29Dec2025 03:42:17.323] [main/DEBUG] [net.neoforged.fml.loading.moddiscovery.readers.JarModsDotTomlModFileReader/SCAN]: Found META-INF/neoforge.mods.toml mod of type null: C:\Users\Leo\OneDrive\Desktop\Modding\Minecraft-Robettini\Robettini\ATM10\mods\experiencelib-1.21.1-1.1.1.jar
[29Dec2025 03:42:17.323] [main/DEBUG] [net.neoforged.fml.loading.moddiscovery.ModFileParser/LOADING]: Considering mod file candidate C:\Users\Leo\OneDrive\Desktop\Modding\Minecraft-Robettini\Robettini\ATM10\mods\experiencelib-1.21.1-1.1.1.jar
[29Dec2025 03:42:17.323] [main/DEBUG] [net.neoforged.fml.loading.moddiscovery.ModFileInfo/LOADING]: Found valid mod file experiencelib-1.21.1-1.1.1.jar with {experiencelib} mods - versions {1.1.1}
[29Dec2025 03:42:17.323] [main/INFO] [net.neoforged.fml.loading.moddiscovery.ModDiscoverer/SCAN]: Found mod file "experiencelib-1.21.1-1.1.1.jar" [locator: {mods folder locator at C:\Users\Leo\OneDrive\Desktop\Modding\Minecraft-Robettini\Robettini\ATM10\mods}, reader: mod manifest]
[29Dec2025 03:42:17.324] [main/DEBUG] [net.neoforged.fml.loading.moddiscovery.readers.JarModsDotTomlModFileReader/SCAN]: Found META-INF/neoforge.mods.toml mod of type null: C:\Users\Leo\OneDrive\Desktop\Modding\Minecraft-Robettini\Robettini\ATM10\mods\ExplorersCompass-1.21.1-3.0.3-neoforge.jar
[29Dec2025 03:42:17.324] [main/DEBUG] [net.neoforged.fml.loading.moddiscovery.ModFileParser/LOADING]: Considering mod file candidate C:\Users\Leo\OneDrive\Desktop\Modding\Minecraft-Robettini\Robettini\ATM10\mods\ExplorersCompass-1.21.1-3.0.3-neoforge.jar
[29Dec2025 03:42:17.324] [main/DEBUG] [net.neoforged.fml.loading.moddiscovery.ModFileInfo/LOADING]: Found valid mod file ExplorersCompass-1.21.1-3.0.3-neoforge.jar with {explorerscompass} mods - versions {1.21.1-3.0.3-neoforge}
[29Dec2025 03:42:17.324] [main/INFO] [net.neoforged.fml.loading.moddiscovery.ModDiscoverer/SCAN]: Found mod file "ExplorersCompass-1.21.1-3.0.3-neoforge.jar" [locator: {mods folder locator at C:\Users\Leo\OneDrive\Desktop\Modding\Minecraft-Robettini\Robettini\ATM10\mods}, reader: mod manifest]
[29Dec2025 03:42:17.325] [main/DEBUG] [net.neoforged.fml.loading.moddiscovery.readers.JarModsDotTomlModFileReader/SCAN]: Found META-INF/neoforge.mods.toml mod of type null: C:\Users\Leo\OneDrive\Desktop\Modding\Minecraft-Robettini\Robettini\ATM10\mods\Explorify v1.6.4 f15-88.mod.jar
[29Dec2025 03:42:17.325] [main/DEBUG] [net.neoforged.fml.loading.moddiscovery.ModFileParser/LOADING]: Considering mod file candidate C:\Users\Leo\OneDrive\Desktop\Modding\Minecraft-Robettini\Robettini\ATM10\mods\Explorify v1.6.4 f15-88.mod.jar
[29Dec2025 03:42:17.326] [main/DEBUG] [net.neoforged.fml.loading.moddiscovery.ModFileInfo/LOADING]: Found valid mod file Explorify v1.6.4 f15-88.mod.jar with {explorify} mods - versions {1.6.4}
[29Dec2025 03:42:17.326] [main/INFO] [net.neoforged.fml.loading.moddiscovery.ModDiscoverer/SCAN]: Found mod file "Explorify v1.6.4 f15-88.mod.jar" [locator: {mods folder locator at C:\Users\Leo\OneDrive\Desktop\Modding\Minecraft-Robettini\Robettini\ATM10\mods}, reader: mod manifest]
[29Dec2025 03:42:17.327] [main/DEBUG] [net.neoforged.fml.loading.moddiscovery.readers.JarModsDotTomlModFileReader/SCAN]: Found META-INF/neoforge.mods.toml mod of type null: C:\Users\Leo\OneDrive\Desktop\Modding\Minecraft-Robettini\Robettini\ATM10\mods\extended-industrialization-1.15.22-1.21.1.jar
[29Dec2025 03:42:17.327] [main/DEBUG] [net.neoforged.fml.loading.moddiscovery.ModFileParser/LOADING]: Considering mod file candidate C:\Users\Leo\OneDrive\Desktop\Modding\Minecraft-Robettini\Robettini\ATM10\mods\extended-industrialization-1.15.22-1.21.1.jar
[29Dec2025 03:42:17.327] [main/DEBUG] [net.neoforged.fml.loading.moddiscovery.ModFileInfo/LOADING]: Found valid mod file extended-industrialization-1.15.22-1.21.1.jar with {extended_industrialization} mods - versions {1.15.22-1.21.1}
[29Dec2025 03:42:17.327] [main/INFO] [net.neoforged.fml.loading.moddiscovery.ModDiscoverer/SCAN]: Found mod file "extended-industrialization-1.15.22-1.21.1.jar" [locator: {mods folder locator at C:\Users\Leo\OneDrive\Desktop\Modding\Minecraft-Robettini\Robettini\ATM10\mods}, reader: mod manifest]
[29Dec2025 03:42:17.328] [main/DEBUG] [net.neoforged.fml.loading.moddiscovery.readers.JarModsDotTomlModFileReader/SCAN]: Found META-INF/neoforge.mods.toml mod of type null: C:\Users\Leo\OneDrive\Desktop\Modding\Minecraft-Robettini\Robettini\ATM10\mods\ExtendedAE-1.21-2.2.25-neoforge.jar
[29Dec2025 03:42:17.328] [main/DEBUG] [net.neoforged.fml.loading.moddiscovery.ModFileParser/LOADING]: Considering mod file candidate C:\Users\Leo\OneDrive\Desktop\Modding\Minecraft-Robettini\Robettini\ATM10\mods\ExtendedAE-1.21-2.2.25-neoforge.jar
[29Dec2025 03:42:17.329] [main/DEBUG] [net.neoforged.fml.loading.moddiscovery.ModFileInfo/LOADING]: Found valid mod file ExtendedAE-1.21-2.2.25-neoforge.jar with {extendedae} mods - versions {1.21-2.2.25-neoforge}
[29Dec2025 03:42:17.329] [main/INFO] [net.neoforged.fml.loading.moddiscovery.ModDiscoverer/SCAN]: Found mod file "ExtendedAE-1.21-2.2.25-neoforge.jar" [locator: {mods folder locator at C:\Users\Leo\OneDrive\Desktop\Modding\Minecraft-Robettini\Robettini\ATM10\mods}, reader: mod manifest]
[29Dec2025 03:42:17.330] [main/DEBUG] [net.neoforged.fml.loading.moddiscovery.readers.JarModsDotTomlModFileReader/SCAN]: Found META-INF/neoforge.mods.toml mod of type null: C:\Users\Leo\OneDrive\Desktop\Modding\Minecraft-Robettini\Robettini\ATM10\mods\ExtraDisks-1.21.1-4.0.14.jar
[29Dec2025 03:42:17.330] [main/DEBUG] [net.neoforged.fml.loading.moddiscovery.ModFileParser/LOADING]: Considering mod file candidate C:\Users\Leo\OneDrive\Desktop\Modding\Minecraft-Robettini\Robettini\ATM10\mods\ExtraDisks-1.21.1-4.0.14.jar
[29Dec2025 03:42:17.330] [main/DEBUG] [net.neoforged.fml.loading.moddiscovery.ModFileInfo/LOADING]: Found valid mod file ExtraDisks-1.21.1-4.0.14.jar with {extradisks} mods - versions {1.21.1-4.0.14}
[29Dec2025 03:42:17.330] [main/INFO] [net.neoforged.fml.loading.moddiscovery.ModDiscoverer/SCAN]: Found mod file "ExtraDisks-1.21.1-4.0.14.jar" [locator: {mods folder locator at C:\Users\Leo\OneDrive\Desktop\Modding\Minecraft-Robettini\Robettini\ATM10\mods}, reader: mod manifest]
[29Dec2025 03:42:17.331] [main/DEBUG] [net.neoforged.fml.loading.moddiscovery.readers.JarModsDotTomlModFileReader/SCAN]: Found META-INF/neoforge.mods.toml mod of type null: C:\Users\Leo\OneDrive\Desktop\Modding\Minecraft-Robettini\Robettini\ATM10\mods\ExtraStorage-1.21.1-5.0.7.jar
[29Dec2025 03:42:17.331] [main/DEBUG] [net.neoforged.fml.loading.moddiscovery.ModFileParser/LOADING]: Considering mod file candidate C:\Users\Leo\OneDrive\Desktop\Modding\Minecraft-Robettini\Robettini\ATM10\mods\ExtraStorage-1.21.1-5.0.7.jar
[29Dec2025 03:42:17.331] [main/DEBUG] [net.neoforged.fml.loading.moddiscovery.ModFileInfo/LOADING]: Found valid mod file ExtraStorage-1.21.1-5.0.7.jar with {extrastorage} mods - versions {5.0.7}
[29Dec2025 03:42:17.331] [main/INFO] [net.neoforged.fml.loading.moddiscovery.ModDiscoverer/SCAN]: Found mod file "ExtraStorage-1.21.1-5.0.7.jar" [locator: {mods folder locator at C:\Users\Leo\OneDrive\Desktop\Modding\Minecraft-Robettini\Robettini\ATM10\mods}, reader: mod manifest]
[29Dec2025 03:42:17.333] [main/DEBUG] [net.neoforged.fml.loading.moddiscovery.readers.JarModsDotTomlModFileReader/SCAN]: Found META-INF/neoforge.mods.toml mod of type null: C:\Users\Leo\OneDrive\Desktop\Modding\Minecraft-Robettini\Robettini\ATM10\mods\ExtremeReactors2-1.21.1-2.4.26.jar
[29Dec2025 03:42:17.333] [main/DEBUG] [net.neoforged.fml.loading.moddiscovery.ModFileParser/LOADING]: Considering mod file candidate C:\Users\Leo\OneDrive\Desktop\Modding\Minecraft-Robettini\Robettini\ATM10\mods\ExtremeReactors2-1.21.1-2.4.26.jar
[29Dec2025 03:42:17.333] [main/DEBUG] [net.neoforged.fml.loading.moddiscovery.ModFileInfo/LOADING]: Found valid mod file ExtremeReactors2-1.21.1-2.4.26.jar with {bigreactors} mods - versions {1.21.1-2.4.26}
[29Dec2025 03:42:17.333] [main/INFO] [net.neoforged.fml.loading.moddiscovery.ModDiscoverer/SCAN]: Found mod file "ExtremeReactors2-1.21.1-2.4.26.jar" [locator: {mods folder locator at C:\Users\Leo\OneDrive\Desktop\Modding\Minecraft-Robettini\Robettini\ATM10\mods}, reader: mod manifest]
[29Dec2025 03:42:17.334] [main/DEBUG] [net.neoforged.fml.loading.moddiscovery.readers.JarModsDotTomlModFileReader/SCAN]: Found META-INF/neoforge.mods.toml mod of type null: C:\Users\Leo\OneDrive\Desktop\Modding\Minecraft-Robettini\Robettini\ATM10\mods\factory_blocks-neoforge-1.4.0+mc1.21.1.jar
[29Dec2025 03:42:17.334] [main/DEBUG] [net.neoforged.fml.loading.moddiscovery.ModFileParser/LOADING]: Considering mod file candidate C:\Users\Leo\OneDrive\Desktop\Modding\Minecraft-Robettini\Robettini\ATM10\mods\factory_blocks-neoforge-1.4.0+mc1.21.1.jar
[29Dec2025 03:42:17.335] [main/DEBUG] [net.neoforged.fml.loading.moddiscovery.ModFileInfo/LOADING]: Found valid mod file factory_blocks-neoforge-1.4.0+mc1.21.1.jar with {factory_blocks} mods - versions {1.4.0+mc1.21.1}
[29Dec2025 03:42:17.335] [main/INFO] [net.neoforged.fml.loading.moddiscovery.ModDiscoverer/SCAN]: Found mod file "factory_blocks-neoforge-1.4.0+mc1.21.1.jar" [locator: {mods folder locator at C:\Users\Leo\OneDrive\Desktop\Modding\Minecraft-Robettini\Robettini\ATM10\mods}, reader: mod manifest]
[29Dec2025 03:42:17.336] [main/DEBUG] [net.neoforged.fml.loading.moddiscovery.readers.JarModsDotTomlModFileReader/SCAN]: Found META-INF/neoforge.mods.toml mod of type null: C:\Users\Leo\OneDrive\Desktop\Modding\Minecraft-Robettini\Robettini\ATM10\mods\FarmersDelight-1.21.1-1.2.9.jar
[29Dec2025 03:42:17.336] [main/DEBUG] [net.neoforged.fml.loading.moddiscovery.ModFileParser/LOADING]: Considering mod file candidate C:\Users\Leo\OneDrive\Desktop\Modding\Minecraft-Robettini\Robettini\ATM10\mods\FarmersDelight-1.21.1-1.2.9.jar
[29Dec2025 03:42:17.336] [main/DEBUG] [net.neoforged.fml.loading.moddiscovery.ModFileInfo/LOADING]: Found valid mod file FarmersDelight-1.21.1-1.2.9.jar with {farmersdelight} mods - versions {1.2.9}
[29Dec2025 03:42:17.336] [main/INFO] [net.neoforged.fml.loading.moddiscovery.ModDiscoverer/SCAN]: Found mod file "FarmersDelight-1.21.1-1.2.9.jar" [locator: {mods folder locator at C:\Users\Leo\OneDrive\Desktop\Modding\Minecraft-Robettini\Robettini\ATM10\mods}, reader: mod manifest]
[29Dec2025 03:42:17.337] [main/DEBUG] [net.neoforged.fml.loading.moddiscovery.readers.JarModsDotTomlModFileReader/SCAN]: Found META-INF/neoforge.mods.toml mod of type null: C:\Users\Leo\OneDrive\Desktop\Modding\Minecraft-Robettini\Robettini\ATM10\mods\farmingforblockheads-neoforge-1.21.1-21.1.10.jar
[29Dec2025 03:42:17.337] [main/DEBUG] [net.neoforged.fml.loading.moddiscovery.ModFileParser/LOADING]: Considering mod file candidate C:\Users\Leo\OneDrive\Desktop\Modding\Minecraft-Robettini\Robettini\ATM10\mods\farmingforblockheads-neoforge-1.21.1-21.1.10.jar
[29Dec2025 03:42:17.338] [main/DEBUG] [net.neoforged.fml.loading.moddiscovery.ModFileInfo/LOADING]: Found valid mod file farmingforblockheads-neoforge-1.21.1-21.1.10.jar with {farmingforblockheads} mods - versions {21.1.10}
[29Dec2025 03:42:17.338] [main/INFO] [net.neoforged.fml.loading.moddiscovery.ModDiscoverer/SCAN]: Found mod file "farmingforblockheads-neoforge-1.21.1-21.1.10.jar" [locator: {mods folder locator at C:\Users\Leo\OneDrive\Desktop\Modding\Minecraft-Robettini\Robettini\ATM10\mods}, reader: mod manifest]
[29Dec2025 03:42:17.339] [main/DEBUG] [net.neoforged.fml.loading.moddiscovery.readers.JarModsDotTomlModFileReader/SCAN]: Found META-INF/neoforge.mods.toml mod of type null: C:\Users\Leo\OneDrive\Desktop\Modding\Minecraft-Robettini\Robettini\ATM10\mods\FastFurnace-1.21.1-9.0.1.jar
[29Dec2025 03:42:17.339] [main/DEBUG] [net.neoforged.fml.loading.moddiscovery.ModFileParser/LOADING]: Considering mod file candidate C:\Users\Leo\OneDrive\Desktop\Modding\Minecraft-Robettini\Robettini\ATM10\mods\FastFurnace-1.21.1-9.0.1.jar
[29Dec2025 03:42:17.339] [main/DEBUG] [net.neoforged.fml.loading.moddiscovery.ModFileInfo/LOADING]: Found valid mod file FastFurnace-1.21.1-9.0.1.jar with {fastfurnace} mods - versions {9.0.1}
[29Dec2025 03:42:17.339] [main/INFO] [net.neoforged.fml.loading.moddiscovery.ModDiscoverer/SCAN]: Found mod file "FastFurnace-1.21.1-9.0.1.jar" [locator: {mods folder locator at C:\Users\Leo\OneDrive\Desktop\Modding\Minecraft-Robettini\Robettini\ATM10\mods}, reader: mod manifest]
[29Dec2025 03:42:17.340] [main/DEBUG] [net.neoforged.fml.loading.moddiscovery.readers.JarModsDotTomlModFileReader/SCAN]: Found META-INF/neoforge.mods.toml mod of type null: C:\Users\Leo\OneDrive\Desktop\Modding\Minecraft-Robettini\Robettini\ATM10\mods\FastSuite-1.21.1-6.0.5.jar
[29Dec2025 03:42:17.340] [main/DEBUG] [net.neoforged.fml.loading.moddiscovery.ModFileParser/LOADING]: Considering mod file candidate C:\Users\Leo\OneDrive\Desktop\Modding\Minecraft-Robettini\Robettini\ATM10\mods\FastSuite-1.21.1-6.0.5.jar
[29Dec2025 03:42:17.340] [main/DEBUG] [net.neoforged.fml.loading.moddiscovery.ModFileInfo/LOADING]: Found valid mod file FastSuite-1.21.1-6.0.5.jar with {fastsuite} mods - versions {6.0.5}
[29Dec2025 03:42:17.340] [main/INFO] [net.neoforged.fml.loading.moddiscovery.ModDiscoverer/SCAN]: Found mod file "FastSuite-1.21.1-6.0.5.jar" [locator: {mods folder locator at C:\Users\Leo\OneDrive\Desktop\Modding\Minecraft-Robettini\Robettini\ATM10\mods}, reader: mod manifest]
[29Dec2025 03:42:17.341] [main/DEBUG] [net.neoforged.fml.loading.moddiscovery.readers.JarModsDotTomlModFileReader/SCAN]: Found META-INF/neoforge.mods.toml mod of type null: C:\Users\Leo\OneDrive\Desktop\Modding\Minecraft-Robettini\Robettini\ATM10\mods\FastWorkbench-1.21.1-9.1.3.jar
[29Dec2025 03:42:17.341] [main/DEBUG] [net.neoforged.fml.loading.moddiscovery.ModFileParser/LOADING]: Considering mod file candidate C:\Users\Leo\OneDrive\Desktop\Modding\Minecraft-Robettini\Robettini\ATM10\mods\FastWorkbench-1.21.1-9.1.3.jar
[29Dec2025 03:42:17.341] [main/DEBUG] [net.neoforged.fml.loading.moddiscovery.ModFileInfo/LOADING]: Found valid mod file FastWorkbench-1.21.1-9.1.3.jar with {fastbench} mods - versions {9.1.3}
[29Dec2025 03:42:17.341] [main/INFO] [net.neoforged.fml.loading.moddiscovery.ModDiscoverer/SCAN]: Found mod file "FastWorkbench-1.21.1-9.1.3.jar" [locator: {mods folder locator at C:\Users\Leo\OneDrive\Desktop\Modding\Minecraft-Robettini\Robettini\ATM10\mods}, reader: mod manifest]
[29Dec2025 03:42:17.343] [main/DEBUG] [net.neoforged.fml.loading.moddiscovery.readers.JarModsDotTomlModFileReader/SCAN]: Found META-INF/neoforge.mods.toml mod of type null: C:\Users\Leo\OneDrive\Desktop\Modding\Minecraft-Robettini\Robettini\ATM10\mods\ferritecore-7.0.2-neoforge.jar
[29Dec2025 03:42:17.343] [main/DEBUG] [net.neoforged.fml.loading.moddiscovery.ModFileParser/LOADING]: Considering mod file candidate C:\Users\Leo\OneDrive\Desktop\Modding\Minecraft-Robettini\Robettini\ATM10\mods\ferritecore-7.0.2-neoforge.jar
[29Dec2025 03:42:17.344] [main/DEBUG] [net.neoforged.fml.loading.moddiscovery.ModFileInfo/LOADING]: Found valid mod file ferritecore-7.0.2-neoforge.jar with {ferritecore} mods - versions {7.0.2}
[29Dec2025 03:42:17.344] [main/INFO] [net.neoforged.fml.loading.moddiscovery.ModDiscoverer/SCAN]: Found mod file "ferritecore-7.0.2-neoforge.jar" [locator: {mods folder locator at C:\Users\Leo\OneDrive\Desktop\Modding\Minecraft-Robettini\Robettini\ATM10\mods}, reader: mod manifest]
[29Dec2025 03:42:17.345] [main/DEBUG] [net.neoforged.fml.loading.moddiscovery.readers.JarModsDotTomlModFileReader/SCAN]: Found META-INF/neoforge.mods.toml mod of type null: C:\Users\Leo\OneDrive\Desktop\Modding\Minecraft-Robettini\Robettini\ATM10\mods\fireproofboats-1.21.1-1.0.4.jar
[29Dec2025 03:42:17.345] [main/DEBUG] [net.neoforged.fml.loading.moddiscovery.ModFileParser/LOADING]: Considering mod file candidate C:\Users\Leo\OneDrive\Desktop\Modding\Minecraft-Robettini\Robettini\ATM10\mods\fireproofboats-1.21.1-1.0.4.jar
[29Dec2025 03:42:17.345] [main/DEBUG] [net.neoforged.fml.loading.moddiscovery.ModFileInfo/LOADING]: Found valid mod file fireproofboats-1.21.1-1.0.4.jar with {fireproofboats} mods - versions {1.21.1-1.0.4}
[29Dec2025 03:42:17.345] [main/INFO] [net.neoforged.fml.loading.moddiscovery.ModDiscoverer/SCAN]: Found mod file "fireproofboats-1.21.1-1.0.4.jar" [locator: {mods folder locator at C:\Users\Leo\OneDrive\Desktop\Modding\Minecraft-Robettini\Robettini\ATM10\mods}, reader: mod manifest]
[29Dec2025 03:42:17.347] [main/DEBUG] [net.neoforged.fml.loading.moddiscovery.readers.JarModsDotTomlModFileReader/SCAN]: Found META-INF/neoforge.mods.toml mod of type null: C:\Users\Leo\OneDrive\Desktop\Modding\Minecraft-Robettini\Robettini\ATM10\mods\flickerfix-1.21.0.jar
[29Dec2025 03:42:17.347] [main/DEBUG] [net.neoforged.fml.loading.moddiscovery.ModFileParser/LOADING]: Considering mod file candidate C:\Users\Leo\OneDrive\Desktop\Modding\Minecraft-Robettini\Robettini\ATM10\mods\flickerfix-1.21.0.jar
[29Dec2025 03:42:17.347] [main/DEBUG] [net.neoforged.fml.loading.moddiscovery.ModFileInfo/LOADING]: Found valid mod file flickerfix-1.21.0.jar with {flickerfix} mods - versions {4.0.1}
[29Dec2025 03:42:17.347] [main/INFO] [net.neoforged.fml.loading.moddiscovery.ModDiscoverer/SCAN]: Found mod file "flickerfix-1.21.0.jar" [locator: {mods folder locator at C:\Users\Leo\OneDrive\Desktop\Modding\Minecraft-Robettini\Robettini\ATM10\mods}, reader: mod manifest]
[29Dec2025 03:42:17.348] [main/DEBUG] [net.neoforged.fml.loading.moddiscovery.readers.JarModsDotTomlModFileReader/SCAN]: Found META-INF/neoforge.mods.toml mod of type null: C:\Users\Leo\OneDrive\Desktop\Modding\Minecraft-Robettini\Robettini\ATM10\mods\FluxNetworks-1.21.1-8.0.0.jar
[29Dec2025 03:42:17.348] [main/DEBUG] [net.neoforged.fml.loading.moddiscovery.ModFileParser/LOADING]: Considering mod file candidate C:\Users\Leo\OneDrive\Desktop\Modding\Minecraft-Robettini\Robettini\ATM10\mods\FluxNetworks-1.21.1-8.0.0.jar
[29Dec2025 03:42:17.348] [main/DEBUG] [net.neoforged.fml.loading.moddiscovery.ModFileInfo/LOADING]: Found valid mod file FluxNetworks-1.21.1-8.0.0.jar with {fluxnetworks} mods - versions {8.0.0}
[29Dec2025 03:42:17.348] [main/INFO] [net.neoforged.fml.loading.moddiscovery.ModDiscoverer/SCAN]: Found mod file "FluxNetworks-1.21.1-8.0.0.jar" [locator: {mods folder locator at C:\Users\Leo\OneDrive\Desktop\Modding\Minecraft-Robettini\Robettini\ATM10\mods}, reader: mod manifest]
[29Dec2025 03:42:17.350] [main/DEBUG] [net.neoforged.fml.loading.moddiscovery.readers.JarModsDotTomlModFileReader/SCAN]: Found META-INF/neoforge.mods.toml mod of type null: C:\Users\Leo\OneDrive\Desktop\Modding\Minecraft-Robettini\Robettini\ATM10\mods\forbidden_arcanus-2.6.1.jar
[29Dec2025 03:42:17.350] [main/DEBUG] [net.neoforged.fml.loading.moddiscovery.ModFileParser/LOADING]: Considering mod file candidate C:\Users\Leo\OneDrive\Desktop\Modding\Minecraft-Robettini\Robettini\ATM10\mods\forbidden_arcanus-2.6.1.jar
[29Dec2025 03:42:17.350] [main/DEBUG] [net.neoforged.fml.loading.moddiscovery.ModFileInfo/LOADING]: Found valid mod file forbidden_arcanus-2.6.1.jar with {forbidden_arcanus} mods - versions {2.6.1}
[29Dec2025 03:42:17.350] [main/INFO] [net.neoforged.fml.loading.moddiscovery.ModDiscoverer/SCAN]: Found mod file "forbidden_arcanus-2.6.1.jar" [locator: {mods folder locator at C:\Users\Leo\OneDrive\Desktop\Modding\Minecraft-Robettini\Robettini\ATM10\mods}, reader: mod manifest]
[29Dec2025 03:42:17.351] [main/DEBUG] [net.neoforged.fml.loading.moddiscovery.readers.JarModsDotTomlModFileReader/SCAN]: Found META-INF/neoforge.mods.toml mod of type null: C:\Users\Leo\OneDrive\Desktop\Modding\Minecraft-Robettini\Robettini\ATM10\mods\formations-1.0.4-neoforge-mc1.21.jar
[29Dec2025 03:42:17.351] [main/DEBUG] [net.neoforged.fml.loading.moddiscovery.ModFileParser/LOADING]: Considering mod file candidate C:\Users\Leo\OneDrive\Desktop\Modding\Minecraft-Robettini\Robettini\ATM10\mods\formations-1.0.4-neoforge-mc1.21.jar
[29Dec2025 03:42:17.351] [main/DEBUG] [net.neoforged.fml.loading.moddiscovery.ModFileInfo/LOADING]: Found valid mod file formations-1.0.4-neoforge-mc1.21.jar with {formations} mods - versions {1.0.4}
[29Dec2025 03:42:17.351] [main/INFO] [net.neoforged.fml.loading.moddiscovery.ModDiscoverer/SCAN]: Found mod file "formations-1.0.4-neoforge-mc1.21.jar" [locator: {mods folder locator at C:\Users\Leo\OneDrive\Desktop\Modding\Minecraft-Robettini\Robettini\ATM10\mods}, reader: mod manifest]
[29Dec2025 03:42:17.353] [main/DEBUG] [net.neoforged.fml.loading.moddiscovery.readers.JarModsDotTomlModFileReader/SCAN]: Found META-INF/neoforge.mods.toml mod of type null: C:\Users\Leo\OneDrive\Desktop\Modding\Minecraft-Robettini\Robettini\ATM10\mods\formationsnether-1.0.5-mc1.21+.jar
[29Dec2025 03:42:17.353] [main/DEBUG] [net.neoforged.fml.loading.moddiscovery.ModFileParser/LOADING]: Considering mod file candidate C:\Users\Leo\OneDrive\Desktop\Modding\Minecraft-Robettini\Robettini\ATM10\mods\formationsnether-1.0.5-mc1.21+.jar
[29Dec2025 03:42:17.353] [main/DEBUG] [net.neoforged.fml.loading.moddiscovery.ModFileInfo/LOADING]: Found valid mod file formationsnether-1.0.5-mc1.21+.jar with {formationsnether} mods - versions {1.0.5}
[29Dec2025 03:42:17.353] [main/INFO] [net.neoforged.fml.loading.moddiscovery.ModDiscoverer/SCAN]: Found mod file "formationsnether-1.0.5-mc1.21+.jar" [locator: {mods folder locator at C:\Users\Leo\OneDrive\Desktop\Modding\Minecraft-Robettini\Robettini\ATM10\mods}, reader: mod manifest]
[29Dec2025 03:42:17.354] [main/DEBUG] [net.neoforged.fml.loading.moddiscovery.readers.JarModsDotTomlModFileReader/SCAN]: Found META-INF/neoforge.mods.toml mod of type null: C:\Users\Leo\OneDrive\Desktop\Modding\Minecraft-Robettini\Robettini\ATM10\mods\formationsoverworld-1.0.5-mc1.21+.jar
[29Dec2025 03:42:17.354] [main/DEBUG] [net.neoforged.fml.loading.moddiscovery.ModFileParser/LOADING]: Considering mod file candidate C:\Users\Leo\OneDrive\Desktop\Modding\Minecraft-Robettini\Robettini\ATM10\mods\formationsoverworld-1.0.5-mc1.21+.jar
[29Dec2025 03:42:17.354] [main/DEBUG] [net.neoforged.fml.loading.moddiscovery.ModFileInfo/LOADING]: Found valid mod file formationsoverworld-1.0.5-mc1.21+.jar with {formationsoverworld} mods - versions {1.0.5}
[29Dec2025 03:42:17.354] [main/INFO] [net.neoforged.fml.loading.moddiscovery.ModDiscoverer/SCAN]: Found mod file "formationsoverworld-1.0.5-mc1.21+.jar" [locator: {mods folder locator at C:\Users\Leo\OneDrive\Desktop\Modding\Minecraft-Robettini\Robettini\ATM10\mods}, reader: mod manifest]
[29Dec2025 03:42:17.356] [main/DEBUG] [net.neoforged.fml.loading.moddiscovery.readers.JarModsDotTomlModFileReader/SCAN]: Found META-INF/neoforge.mods.toml mod of type null: C:\Users\Leo\OneDrive\Desktop\Modding\Minecraft-Robettini\Robettini\ATM10\mods\FramedBlocks-10.5.1.jar
[29Dec2025 03:42:17.356] [main/DEBUG] [net.neoforged.fml.loading.moddiscovery.ModFileParser/LOADING]: Considering mod file candidate C:\Users\Leo\OneDrive\Desktop\Modding\Minecraft-Robettini\Robettini\ATM10\mods\FramedBlocks-10.5.1.jar
[29Dec2025 03:42:17.356] [main/DEBUG] [net.neoforged.fml.loading.moddiscovery.ModFileInfo/LOADING]: Found valid mod file FramedBlocks-10.5.1.jar with {framedblocks} mods - versions {10.5.1}
[29Dec2025 03:42:17.356] [main/INFO] [net.neoforged.fml.loading.moddiscovery.ModDiscoverer/SCAN]: Found mod file "FramedBlocks-10.5.1.jar" [locator: {mods folder locator at C:\Users\Leo\OneDrive\Desktop\Modding\Minecraft-Robettini\Robettini\ATM10\mods}, reader: mod manifest]
[29Dec2025 03:42:17.357] [main/DEBUG] [net.neoforged.fml.loading.moddiscovery.readers.JarModsDotTomlModFileReader/SCAN]: Found META-INF/neoforge.mods.toml mod of type null: C:\Users\Leo\OneDrive\Desktop\Modding\Minecraft-Robettini\Robettini\ATM10\mods\framework-neoforge-1.21.1-0.13.5.jar
[29Dec2025 03:42:17.357] [main/DEBUG] [net.neoforged.fml.loading.moddiscovery.ModFileParser/LOADING]: Considering mod file candidate C:\Users\Leo\OneDrive\Desktop\Modding\Minecraft-Robettini\Robettini\ATM10\mods\framework-neoforge-1.21.1-0.13.5.jar
[29Dec2025 03:42:17.357] [main/DEBUG] [net.neoforged.fml.loading.moddiscovery.ModFileInfo/LOADING]: Found valid mod file framework-neoforge-1.21.1-0.13.5.jar with {framework} mods - versions {0.13.5}
[29Dec2025 03:42:17.357] [main/INFO] [net.neoforged.fml.loading.moddiscovery.ModDiscoverer/SCAN]: Found mod file "framework-neoforge-1.21.1-0.13.5.jar" [locator: {mods folder locator at C:\Users\Leo\OneDrive\Desktop\Modding\Minecraft-Robettini\Robettini\ATM10\mods}, reader: mod manifest]
[29Dec2025 03:42:17.358] [main/DEBUG] [net.neoforged.fml.loading.moddiscovery.readers.JarModsDotTomlModFileReader/SCAN]: Found META-INF/neoforge.mods.toml mod of type null: C:\Users\Leo\OneDrive\Desktop\Modding\Minecraft-Robettini\Robettini\ATM10\mods\ftb-chunks-neoforge-2101.1.13.jar
[29Dec2025 03:42:17.358] [main/DEBUG] [net.neoforged.fml.loading.moddiscovery.ModFileParser/LOADING]: Considering mod file candidate C:\Users\Leo\OneDrive\Desktop\Modding\Minecraft-Robettini\Robettini\ATM10\mods\ftb-chunks-neoforge-2101.1.13.jar
[29Dec2025 03:42:17.359] [main/DEBUG] [net.neoforged.fml.loading.moddiscovery.ModFileInfo/LOADING]: Found valid mod file ftb-chunks-neoforge-2101.1.13.jar with {ftbchunks} mods - versions {2101.1.13}
[29Dec2025 03:42:17.359] [main/INFO] [net.neoforged.fml.loading.moddiscovery.ModDiscoverer/SCAN]: Found mod file "ftb-chunks-neoforge-2101.1.13.jar" [locator: {mods folder locator at C:\Users\Leo\OneDrive\Desktop\Modding\Minecraft-Robettini\Robettini\ATM10\mods}, reader: mod manifest]
[29Dec2025 03:42:17.360] [main/DEBUG] [net.neoforged.fml.loading.moddiscovery.readers.JarModsDotTomlModFileReader/SCAN]: Found META-INF/neoforge.mods.toml mod of type null: C:\Users\Leo\OneDrive\Desktop\Modding\Minecraft-Robettini\Robettini\ATM10\mods\ftb-essentials-neoforge-2101.1.8.jar
[29Dec2025 03:42:17.360] [main/DEBUG] [net.neoforged.fml.loading.moddiscovery.ModFileParser/LOADING]: Considering mod file candidate C:\Users\Leo\OneDrive\Desktop\Modding\Minecraft-Robettini\Robettini\ATM10\mods\ftb-essentials-neoforge-2101.1.8.jar
[29Dec2025 03:42:17.360] [main/DEBUG] [net.neoforged.fml.loading.moddiscovery.ModFileInfo/LOADING]: Found valid mod file ftb-essentials-neoforge-2101.1.8.jar with {ftbessentials} mods - versions {2101.1.8}
[29Dec2025 03:42:17.360] [main/INFO] [net.neoforged.fml.loading.moddiscovery.ModDiscoverer/SCAN]: Found mod file "ftb-essentials-neoforge-2101.1.8.jar" [locator: {mods folder locator at C:\Users\Leo\OneDrive\Desktop\Modding\Minecraft-Robettini\Robettini\ATM10\mods}, reader: mod manifest]
[29Dec2025 03:42:17.361] [main/DEBUG] [net.neoforged.fml.loading.moddiscovery.readers.JarModsDotTomlModFileReader/SCAN]: Found META-INF/neoforge.mods.toml mod of type null: C:\Users\Leo\OneDrive\Desktop\Modding\Minecraft-Robettini\Robettini\ATM10\mods\ftb-filter-system-neoforge-21.1.3.jar
[29Dec2025 03:42:17.361] [main/DEBUG] [net.neoforged.fml.loading.moddiscovery.ModFileParser/LOADING]: Considering mod file candidate C:\Users\Leo\OneDrive\Desktop\Modding\Minecraft-Robettini\Robettini\ATM10\mods\ftb-filter-system-neoforge-21.1.3.jar
[29Dec2025 03:42:17.361] [main/DEBUG] [net.neoforged.fml.loading.moddiscovery.ModFileInfo/LOADING]: Found valid mod file ftb-filter-system-neoforge-21.1.3.jar with {ftbfiltersystem} mods - versions {21.1.3}
[29Dec2025 03:42:17.361] [main/INFO] [net.neoforged.fml.loading.moddiscovery.ModDiscoverer/SCAN]: Found mod file "ftb-filter-system-neoforge-21.1.3.jar" [locator: {mods folder locator at C:\Users\Leo\OneDrive\Desktop\Modding\Minecraft-Robettini\Robettini\ATM10\mods}, reader: mod manifest]
[29Dec2025 03:42:17.362] [main/DEBUG] [net.neoforged.fml.loading.moddiscovery.readers.JarModsDotTomlModFileReader/SCAN]: Found META-INF/neoforge.mods.toml mod of type null: C:\Users\Leo\OneDrive\Desktop\Modding\Minecraft-Robettini\Robettini\ATM10\mods\ftb-jei-extras-21.1.7.jar
[29Dec2025 03:42:17.362] [main/DEBUG] [net.neoforged.fml.loading.moddiscovery.ModFileParser/LOADING]: Considering mod file candidate C:\Users\Leo\OneDrive\Desktop\Modding\Minecraft-Robettini\Robettini\ATM10\mods\ftb-jei-extras-21.1.7.jar
[29Dec2025 03:42:17.363] [main/DEBUG] [net.neoforged.fml.loading.moddiscovery.ModFileInfo/LOADING]: Found valid mod file ftb-jei-extras-21.1.7.jar with {ftbjeiextras} mods - versions {21.1.7}
[29Dec2025 03:42:17.363] [main/INFO] [net.neoforged.fml.loading.moddiscovery.ModDiscoverer/SCAN]: Found mod file "ftb-jei-extras-21.1.7.jar" [locator: {mods folder locator at C:\Users\Leo\OneDrive\Desktop\Modding\Minecraft-Robettini\Robettini\ATM10\mods}, reader: mod manifest]
[29Dec2025 03:42:17.364] [main/DEBUG] [net.neoforged.fml.loading.moddiscovery.readers.JarModsDotTomlModFileReader/SCAN]: Found META-INF/neoforge.mods.toml mod of type null: C:\Users\Leo\OneDrive\Desktop\Modding\Minecraft-Robettini\Robettini\ATM10\mods\ftb-library-neoforge-2101.1.28.jar
[29Dec2025 03:42:17.365] [main/DEBUG] [net.neoforged.fml.loading.moddiscovery.ModFileParser/LOADING]: Considering mod file candidate C:\Users\Leo\OneDrive\Desktop\Modding\Minecraft-Robettini\Robettini\ATM10\mods\ftb-library-neoforge-2101.1.28.jar
[29Dec2025 03:42:17.365] [main/DEBUG] [net.neoforged.fml.loading.moddiscovery.ModFileInfo/LOADING]: Found valid mod file ftb-library-neoforge-2101.1.28.jar with {ftblibrary} mods - versions {2101.1.28}
[29Dec2025 03:42:17.365] [main/INFO] [net.neoforged.fml.loading.moddiscovery.ModDiscoverer/SCAN]: Found mod file "ftb-library-neoforge-2101.1.28.jar" [locator: {mods folder locator at C:\Users\Leo\OneDrive\Desktop\Modding\Minecraft-Robettini\Robettini\ATM10\mods}, reader: mod manifest]
[29Dec2025 03:42:17.366] [main/DEBUG] [net.neoforged.fml.loading.moddiscovery.readers.JarModsDotTomlModFileReader/SCAN]: Found META-INF/neoforge.mods.toml mod of type null: C:\Users\Leo\OneDrive\Desktop\Modding\Minecraft-Robettini\Robettini\ATM10\mods\ftb-quests-neoforge-2101.1.19.jar
[29Dec2025 03:42:17.366] [main/DEBUG] [net.neoforged.fml.loading.moddiscovery.ModFileParser/LOADING]: Considering mod file candidate C:\Users\Leo\OneDrive\Desktop\Modding\Minecraft-Robettini\Robettini\ATM10\mods\ftb-quests-neoforge-2101.1.19.jar
[29Dec2025 03:42:17.366] [main/DEBUG] [net.neoforged.fml.loading.moddiscovery.ModFileInfo/LOADING]: Found valid mod file ftb-quests-neoforge-2101.1.19.jar with {ftbquests} mods - versions {2101.1.19}
[29Dec2025 03:42:17.366] [main/INFO] [net.neoforged.fml.loading.moddiscovery.ModDiscoverer/SCAN]: Found mod file "ftb-quests-neoforge-2101.1.19.jar" [locator: {mods folder locator at C:\Users\Leo\OneDrive\Desktop\Modding\Minecraft-Robettini\Robettini\ATM10\mods}, reader: mod manifest]
[29Dec2025 03:42:17.367] [main/DEBUG] [net.neoforged.fml.loading.moddiscovery.readers.JarModsDotTomlModFileReader/SCAN]: Found META-INF/neoforge.mods.toml mod of type null: C:\Users\Leo\OneDrive\Desktop\Modding\Minecraft-Robettini\Robettini\ATM10\mods\ftb-ranks-neoforge-2101.1.3.jar
[29Dec2025 03:42:17.367] [main/DEBUG] [net.neoforged.fml.loading.moddiscovery.ModFileParser/LOADING]: Considering mod file candidate C:\Users\Leo\OneDrive\Desktop\Modding\Minecraft-Robettini\Robettini\ATM10\mods\ftb-ranks-neoforge-2101.1.3.jar
[29Dec2025 03:42:17.367] [main/DEBUG] [net.neoforged.fml.loading.moddiscovery.ModFileInfo/LOADING]: Found valid mod file ftb-ranks-neoforge-2101.1.3.jar with {ftbranks} mods - versions {2101.1.3}
[29Dec2025 03:42:17.367] [main/INFO] [net.neoforged.fml.loading.moddiscovery.ModDiscoverer/SCAN]: Found mod file "ftb-ranks-neoforge-2101.1.3.jar" [locator: {mods folder locator at C:\Users\Leo\OneDrive\Desktop\Modding\Minecraft-Robettini\Robettini\ATM10\mods}, reader: mod manifest]
[29Dec2025 03:42:17.368] [main/DEBUG] [net.neoforged.fml.loading.moddiscovery.readers.JarModsDotTomlModFileReader/SCAN]: Found META-INF/neoforge.mods.toml mod of type null: C:\Users\Leo\OneDrive\Desktop\Modding\Minecraft-Robettini\Robettini\ATM10\mods\ftb-teams-neoforge-2101.1.7.jar
[29Dec2025 03:42:17.368] [main/DEBUG] [net.neoforged.fml.loading.moddiscovery.ModFileParser/LOADING]: Considering mod file candidate C:\Users\Leo\OneDrive\Desktop\Modding\Minecraft-Robettini\Robettini\ATM10\mods\ftb-teams-neoforge-2101.1.7.jar
[29Dec2025 03:42:17.369] [main/DEBUG] [net.neoforged.fml.loading.moddiscovery.ModFileInfo/LOADING]: Found valid mod file ftb-teams-neoforge-2101.1.7.jar with {ftbteams} mods - versions {2101.1.7}
[29Dec2025 03:42:17.369] [main/INFO] [net.neoforged.fml.loading.moddiscovery.ModDiscoverer/SCAN]: Found mod file "ftb-teams-neoforge-2101.1.7.jar" [locator: {mods folder locator at C:\Users\Leo\OneDrive\Desktop\Modding\Minecraft-Robettini\Robettini\ATM10\mods}, reader: mod manifest]
[29Dec2025 03:42:17.370] [main/DEBUG] [net.neoforged.fml.loading.moddiscovery.readers.JarModsDotTomlModFileReader/SCAN]: Found META-INF/neoforge.mods.toml mod of type null: C:\Users\Leo\OneDrive\Desktop\Modding\Minecraft-Robettini\Robettini\ATM10\mods\ftb-ultimine-neoforge-2101.1.12.jar
[29Dec2025 03:42:17.370] [main/DEBUG] [net.neoforged.fml.loading.moddiscovery.ModFileParser/LOADING]: Considering mod file candidate C:\Users\Leo\OneDrive\Desktop\Modding\Minecraft-Robettini\Robettini\ATM10\mods\ftb-ultimine-neoforge-2101.1.12.jar
[29Dec2025 03:42:17.370] [main/DEBUG] [net.neoforged.fml.loading.moddiscovery.ModFileInfo/LOADING]: Found valid mod file ftb-ultimine-neoforge-2101.1.12.jar with {ftbultimine} mods - versions {2101.1.12}
[29Dec2025 03:42:17.370] [main/INFO] [net.neoforged.fml.loading.moddiscovery.ModDiscoverer/SCAN]: Found mod file "ftb-ultimine-neoforge-2101.1.12.jar" [locator: {mods folder locator at C:\Users\Leo\OneDrive\Desktop\Modding\Minecraft-Robettini\Robettini\ATM10\mods}, reader: mod manifest]
[29Dec2025 03:42:17.371] [main/DEBUG] [net.neoforged.fml.loading.moddiscovery.readers.JarModsDotTomlModFileReader/SCAN]: Found META-INF/neoforge.mods.toml mod of type null: C:\Users\Leo\OneDrive\Desktop\Modding\Minecraft-Robettini\Robettini\ATM10\mods\ftb-xmod-compat-neoforge-21.1.6.jar
[29Dec2025 03:42:17.371] [main/DEBUG] [net.neoforged.fml.loading.moddiscovery.ModFileParser/LOADING]: Considering mod file candidate C:\Users\Leo\OneDrive\Desktop\Modding\Minecraft-Robettini\Robettini\ATM10\mods\ftb-xmod-compat-neoforge-21.1.6.jar
[29Dec2025 03:42:17.371] [main/DEBUG] [net.neoforged.fml.loading.moddiscovery.ModFileInfo/LOADING]: Found valid mod file ftb-xmod-compat-neoforge-21.1.6.jar with {ftbxmodcompat} mods - versions {21.1.6}
[29Dec2025 03:42:17.371] [main/INFO] [net.neoforged.fml.loading.moddiscovery.ModDiscoverer/SCAN]: Found mod file "ftb-xmod-compat-neoforge-21.1.6.jar" [locator: {mods folder locator at C:\Users\Leo\OneDrive\Desktop\Modding\Minecraft-Robettini\Robettini\ATM10\mods}, reader: mod manifest]
[29Dec2025 03:42:17.372] [main/DEBUG] [net.neoforged.fml.loading.moddiscovery.readers.JarModsDotTomlModFileReader/SCAN]: Found META-INF/neoforge.mods.toml mod of type null: C:\Users\Leo\OneDrive\Desktop\Modding\Minecraft-Robettini\Robettini\ATM10\mods\ftbquestslangsplitter-1.0.5.jar
[29Dec2025 03:42:17.372] [main/DEBUG] [net.neoforged.fml.loading.moddiscovery.ModFileParser/LOADING]: Considering mod file candidate C:\Users\Leo\OneDrive\Desktop\Modding\Minecraft-Robettini\Robettini\ATM10\mods\ftbquestslangsplitter-1.0.5.jar
[29Dec2025 03:42:17.373] [main/DEBUG] [net.neoforged.fml.loading.moddiscovery.ModFileInfo/LOADING]: Found valid mod file ftbquestslangsplitter-1.0.5.jar with {ftbquestslangsplitter} mods - versions {1.0.5}
[29Dec2025 03:42:17.373] [main/INFO] [net.neoforged.fml.loading.moddiscovery.ModDiscoverer/SCAN]: Found mod file "ftbquestslangsplitter-1.0.5.jar" [locator: {mods folder locator at C:\Users\Leo\OneDrive\Desktop\Modding\Minecraft-Robettini\Robettini\ATM10\mods}, reader: mod manifest]
[29Dec2025 03:42:17.374] [main/DEBUG] [net.neoforged.fml.loading.moddiscovery.readers.JarModsDotTomlModFileReader/SCAN]: Found META-INF/neoforge.mods.toml mod of type null: C:\Users\Leo\OneDrive\Desktop\Modding\Minecraft-Robettini\Robettini\ATM10\mods\fuelgoeshere-1.21.1-1.2.0.jar
[29Dec2025 03:42:17.374] [main/DEBUG] [net.neoforged.fml.loading.moddiscovery.ModFileParser/LOADING]: Considering mod file candidate C:\Users\Leo\OneDrive\Desktop\Modding\Minecraft-Robettini\Robettini\ATM10\mods\fuelgoeshere-1.21.1-1.2.0.jar
[29Dec2025 03:42:17.374] [main/DEBUG] [net.neoforged.fml.loading.moddiscovery.ModFileInfo/LOADING]: Found valid mod file fuelgoeshere-1.21.1-1.2.0.jar with {fuelgoeshere} mods - versions {1.21.1-1.2.0}
[29Dec2025 03:42:17.374] [main/INFO] [net.neoforged.fml.loading.moddiscovery.ModDiscoverer/SCAN]: Found mod file "fuelgoeshere-1.21.1-1.2.0.jar" [locator: {mods folder locator at C:\Users\Leo\OneDrive\Desktop\Modding\Minecraft-Robettini\Robettini\ATM10\mods}, reader: mod manifest]
[29Dec2025 03:42:17.375] [main/DEBUG] [net.neoforged.fml.loading.moddiscovery.readers.JarModsDotTomlModFileReader/SCAN]: Found META-INF/neoforge.mods.toml mod of type null: C:\Users\Leo\OneDrive\Desktop\Modding\Minecraft-Robettini\Robettini\ATM10\mods\functionalstorage-1.21.1-1.5.5.jar
[29Dec2025 03:42:17.375] [main/DEBUG] [net.neoforged.fml.loading.moddiscovery.ModFileParser/LOADING]: Considering mod file candidate C:\Users\Leo\OneDrive\Desktop\Modding\Minecraft-Robettini\Robettini\ATM10\mods\functionalstorage-1.21.1-1.5.5.jar
[29Dec2025 03:42:17.375] [main/DEBUG] [net.neoforged.fml.loading.moddiscovery.ModFileInfo/LOADING]: Found valid mod file functionalstorage-1.21.1-1.5.5.jar with {functionalstorage} mods - versions {1.21.1-1.5.5}
[29Dec2025 03:42:17.375] [main/INFO] [net.neoforged.fml.loading.moddiscovery.ModDiscoverer/SCAN]: Found mod file "functionalstorage-1.21.1-1.5.5.jar" [locator: {mods folder locator at C:\Users\Leo\OneDrive\Desktop\Modding\Minecraft-Robettini\Robettini\ATM10\mods}, reader: mod manifest]
[29Dec2025 03:42:17.376] [main/DEBUG] [net.neoforged.fml.loading.moddiscovery.readers.JarModsDotTomlModFileReader/SCAN]: Found META-INF/neoforge.mods.toml mod of type null: C:\Users\Leo\OneDrive\Desktop\Modding\Minecraft-Robettini\Robettini\ATM10\mods\fusion-1.2.11b-neoforge-mc1.21.jar
[29Dec2025 03:42:17.376] [main/DEBUG] [net.neoforged.fml.loading.moddiscovery.ModFileParser/LOADING]: Considering mod file candidate C:\Users\Leo\OneDrive\Desktop\Modding\Minecraft-Robettini\Robettini\ATM10\mods\fusion-1.2.11b-neoforge-mc1.21.jar
[29Dec2025 03:42:17.377] [main/DEBUG] [net.neoforged.fml.loading.moddiscovery.ModFileInfo/LOADING]: Found valid mod file fusion-1.2.11b-neoforge-mc1.21.jar with {fusion} mods - versions {1.2.11+b}
[29Dec2025 03:42:17.377] [main/INFO] [net.neoforged.fml.loading.moddiscovery.ModDiscoverer/SCAN]: Found mod file "fusion-1.2.11b-neoforge-mc1.21.jar" [locator: {mods folder locator at C:\Users\Leo\OneDrive\Desktop\Modding\Minecraft-Robettini\Robettini\ATM10\mods}, reader: mod manifest]
[29Dec2025 03:42:17.378] [main/DEBUG] [net.neoforged.fml.loading.moddiscovery.readers.JarModsDotTomlModFileReader/SCAN]: Found META-INF/neoforge.mods.toml mod of type null: C:\Users\Leo\OneDrive\Desktop\Modding\Minecraft-Robettini\Robettini\ATM10\mods\fzzy_config-0.7.3+1.21+neoforge.jar
[29Dec2025 03:42:17.378] [main/DEBUG] [net.neoforged.fml.loading.moddiscovery.ModFileParser/LOADING]: Considering mod file candidate C:\Users\Leo\OneDrive\Desktop\Modding\Minecraft-Robettini\Robettini\ATM10\mods\fzzy_config-0.7.3+1.21+neoforge.jar
[29Dec2025 03:42:17.378] [main/DEBUG] [net.neoforged.fml.loading.moddiscovery.ModFileInfo/LOADING]: Found valid mod file fzzy_config-0.7.3+1.21+neoforge.jar with {fzzy_config} mods - versions {0.7.3+1.21+neoforge}
[29Dec2025 03:42:17.378] [main/INFO] [net.neoforged.fml.loading.moddiscovery.ModDiscoverer/SCAN]: Found mod file "fzzy_config-0.7.3+1.21+neoforge.jar" [locator: {mods folder locator at C:\Users\Leo\OneDrive\Desktop\Modding\Minecraft-Robettini\Robettini\ATM10\mods}, reader: mod manifest]
[29Dec2025 03:42:17.379] [main/DEBUG] [net.neoforged.fml.loading.moddiscovery.readers.JarModsDotTomlModFileReader/SCAN]: Found META-INF/neoforge.mods.toml mod of type null: C:\Users\Leo\OneDrive\Desktop\Modding\Minecraft-Robettini\Robettini\ATM10\mods\GatewaysToEternity-1.21.1-5.1.0.jar
[29Dec2025 03:42:17.379] [main/DEBUG] [net.neoforged.fml.loading.moddiscovery.ModFileParser/LOADING]: Considering mod file candidate C:\Users\Leo\OneDrive\Desktop\Modding\Minecraft-Robettini\Robettini\ATM10\mods\GatewaysToEternity-1.21.1-5.1.0.jar
[29Dec2025 03:42:17.379] [main/DEBUG] [net.neoforged.fml.loading.moddiscovery.ModFileInfo/LOADING]: Found valid mod file GatewaysToEternity-1.21.1-5.1.0.jar with {gateways} mods - versions {5.1.0}
[29Dec2025 03:42:17.379] [main/INFO] [net.neoforged.fml.loading.moddiscovery.ModDiscoverer/SCAN]: Found mod file "GatewaysToEternity-1.21.1-5.1.0.jar" [locator: {mods folder locator at C:\Users\Leo\OneDrive\Desktop\Modding\Minecraft-Robettini\Robettini\ATM10\mods}, reader: mod manifest]
[29Dec2025 03:42:17.381] [main/DEBUG] [net.neoforged.fml.loading.moddiscovery.readers.JarModsDotTomlModFileReader/SCAN]: Found META-INF/neoforge.mods.toml mod of type null: C:\Users\Leo\OneDrive\Desktop\Modding\Minecraft-Robettini\Robettini\ATM10\mods\geckolib-neoforge-1.21.1-4.8.2.jar
[29Dec2025 03:42:17.381] [main/DEBUG] [net.neoforged.fml.loading.moddiscovery.ModFileParser/LOADING]: Considering mod file candidate C:\Users\Leo\OneDrive\Desktop\Modding\Minecraft-Robettini\Robettini\ATM10\mods\geckolib-neoforge-1.21.1-4.8.2.jar
[29Dec2025 03:42:17.381] [main/DEBUG] [net.neoforged.fml.loading.moddiscovery.ModFileInfo/LOADING]: Found valid mod file geckolib-neoforge-1.21.1-4.8.2.jar with {geckolib} mods - versions {4.8.2}
[29Dec2025 03:42:17.381] [main/INFO] [net.neoforged.fml.loading.moddiscovery.ModDiscoverer/SCAN]: Found mod file "geckolib-neoforge-1.21.1-4.8.2.jar" [locator: {mods folder locator at C:\Users\Leo\OneDrive\Desktop\Modding\Minecraft-Robettini\Robettini\ATM10\mods}, reader: mod manifest]
[29Dec2025 03:42:17.382] [main/DEBUG] [net.neoforged.fml.loading.moddiscovery.readers.JarModsDotTomlModFileReader/SCAN]: Found META-INF/neoforge.mods.toml mod of type null: C:\Users\Leo\OneDrive\Desktop\Modding\Minecraft-Robettini\Robettini\ATM10\mods\generatorgalore-1.21.1-1.6.3.jar
[29Dec2025 03:42:17.382] [main/DEBUG] [net.neoforged.fml.loading.moddiscovery.ModFileParser/LOADING]: Considering mod file candidate C:\Users\Leo\OneDrive\Desktop\Modding\Minecraft-Robettini\Robettini\ATM10\mods\generatorgalore-1.21.1-1.6.3.jar
[29Dec2025 03:42:17.382] [main/DEBUG] [net.neoforged.fml.loading.moddiscovery.ModFileInfo/LOADING]: Found valid mod file generatorgalore-1.21.1-1.6.3.jar with {generatorgalore} mods - versions {1.21.1-1.6.3}
[29Dec2025 03:42:17.382] [main/INFO] [net.neoforged.fml.loading.moddiscovery.ModDiscoverer/SCAN]: Found mod file "generatorgalore-1.21.1-1.6.3.jar" [locator: {mods folder locator at C:\Users\Leo\OneDrive\Desktop\Modding\Minecraft-Robettini\Robettini\ATM10\mods}, reader: mod manifest]
[29Dec2025 03:42:17.383] [main/DEBUG] [net.neoforged.fml.loading.moddiscovery.readers.JarModsDotTomlModFileReader/SCAN]: Found META-INF/neoforge.mods.toml mod of type null: C:\Users\Leo\OneDrive\Desktop\Modding\Minecraft-Robettini\Robettini\ATM10\mods\getittogetherdrops-neoforge-1.21.5-1.4.jar
[29Dec2025 03:42:17.383] [main/DEBUG] [net.neoforged.fml.loading.moddiscovery.ModFileParser/LOADING]: Considering mod file candidate C:\Users\Leo\OneDrive\Desktop\Modding\Minecraft-Robettini\Robettini\ATM10\mods\getittogetherdrops-neoforge-1.21.5-1.4.jar
[29Dec2025 03:42:17.383] [main/DEBUG] [net.neoforged.fml.loading.moddiscovery.ModFileInfo/LOADING]: Found valid mod file getittogetherdrops-neoforge-1.21.5-1.4.jar with {getittogetherdrops} mods - versions {1.4}
[29Dec2025 03:42:17.383] [main/INFO] [net.neoforged.fml.loading.moddiscovery.ModDiscoverer/SCAN]: Found mod file "getittogetherdrops-neoforge-1.21.5-1.4.jar" [locator: {mods folder locator at C:\Users\Leo\OneDrive\Desktop\Modding\Minecraft-Robettini\Robettini\ATM10\mods}, reader: mod manifest]
[29Dec2025 03:42:17.385] [main/DEBUG] [net.neoforged.fml.loading.moddiscovery.readers.JarModsDotTomlModFileReader/SCAN]: Found META-INF/neoforge.mods.toml mod of type null: C:\Users\Leo\OneDrive\Desktop\Modding\Minecraft-Robettini\Robettini\ATM10\mods\Glassential-renewed-1.21.1-3.3.2.jar
[29Dec2025 03:42:17.385] [main/DEBUG] [net.neoforged.fml.loading.moddiscovery.ModFileParser/LOADING]: Considering mod file candidate C:\Users\Leo\OneDrive\Desktop\Modding\Minecraft-Robettini\Robettini\ATM10\mods\Glassential-renewed-1.21.1-3.3.2.jar
[29Dec2025 03:42:17.385] [main/DEBUG] [net.neoforged.fml.loading.moddiscovery.ModFileInfo/LOADING]: Found valid mod file Glassential-renewed-1.21.1-3.3.2.jar with {glassential} mods - versions {3.3.2}
[29Dec2025 03:42:17.385] [main/INFO] [net.neoforged.fml.loading.moddiscovery.ModDiscoverer/SCAN]: Found mod file "Glassential-renewed-1.21.1-3.3.2.jar" [locator: {mods folder locator at C:\Users\Leo\OneDrive\Desktop\Modding\Minecraft-Robettini\Robettini\ATM10\mods}, reader: mod manifest]
[29Dec2025 03:42:17.386] [main/DEBUG] [net.neoforged.fml.loading.moddiscovery.readers.JarModsDotTomlModFileReader/SCAN]: Found META-INF/neoforge.mods.toml mod of type null: C:\Users\Leo\OneDrive\Desktop\Modding\Minecraft-Robettini\Robettini\ATM10\mods\Glodium-1.21-2.2-neoforge.jar
[29Dec2025 03:42:17.386] [main/DEBUG] [net.neoforged.fml.loading.moddiscovery.ModFileParser/LOADING]: Considering mod file candidate C:\Users\Leo\OneDrive\Desktop\Modding\Minecraft-Robettini\Robettini\ATM10\mods\Glodium-1.21-2.2-neoforge.jar
[29Dec2025 03:42:17.386] [main/DEBUG] [net.neoforged.fml.loading.moddiscovery.ModFileInfo/LOADING]: Found valid mod file Glodium-1.21-2.2-neoforge.jar with {glodium} mods - versions {1.21-2.2-neoforge}
[29Dec2025 03:42:17.386] [main/INFO] [net.neoforged.fml.loading.moddiscovery.ModDiscoverer/SCAN]: Found mod file "Glodium-1.21-2.2-neoforge.jar" [locator: {mods folder locator at C:\Users\Leo\OneDrive\Desktop\Modding\Minecraft-Robettini\Robettini\ATM10\mods}, reader: mod manifest]
[29Dec2025 03:42:17.387] [main/DEBUG] [net.neoforged.fml.loading.moddiscovery.readers.JarModsDotTomlModFileReader/SCAN]: Found META-INF/neoforge.mods.toml mod of type null: C:\Users\Leo\OneDrive\Desktop\Modding\Minecraft-Robettini\Robettini\ATM10\mods\GravitationalModulatingAdditionalUnit-1.21.1-6.4.jar
[29Dec2025 03:42:17.387] [main/DEBUG] [net.neoforged.fml.loading.moddiscovery.ModFileParser/LOADING]: Considering mod file candidate C:\Users\Leo\OneDrive\Desktop\Modding\Minecraft-Robettini\Robettini\ATM10\mods\GravitationalModulatingAdditionalUnit-1.21.1-6.4.jar
[29Dec2025 03:42:17.387] [main/DEBUG] [net.neoforged.fml.loading.moddiscovery.ModFileInfo/LOADING]: Found valid mod file GravitationalModulatingAdditionalUnit-1.21.1-6.4.jar with {gmut} mods - versions {6.4}
[29Dec2025 03:42:17.387] [main/INFO] [net.neoforged.fml.loading.moddiscovery.ModDiscoverer/SCAN]: Found mod file "GravitationalModulatingAdditionalUnit-1.21.1-6.4.jar" [locator: {mods folder locator at C:\Users\Leo\OneDrive\Desktop\Modding\Minecraft-Robettini\Robettini\ATM10\mods}, reader: mod manifest]
[29Dec2025 03:42:17.389] [main/DEBUG] [net.neoforged.fml.loading.moddiscovery.readers.JarModsDotTomlModFileReader/SCAN]: Found META-INF/neoforge.mods.toml mod of type null: C:\Users\Leo\OneDrive\Desktop\Modding\Minecraft-Robettini\Robettini\ATM10\mods\guideme-21.1.15.jar
[29Dec2025 03:42:17.389] [main/DEBUG] [net.neoforged.fml.loading.moddiscovery.ModFileParser/LOADING]: Considering mod file candidate C:\Users\Leo\OneDrive\Desktop\Modding\Minecraft-Robettini\Robettini\ATM10\mods\guideme-21.1.15.jar
[29Dec2025 03:42:17.389] [main/DEBUG] [net.neoforged.fml.loading.moddiscovery.ModFileInfo/LOADING]: Found valid mod file guideme-21.1.15.jar with {guideme} mods - versions {21.1.15}
[29Dec2025 03:42:17.389] [main/INFO] [net.neoforged.fml.loading.moddiscovery.ModDiscoverer/SCAN]: Found mod file "guideme-21.1.15.jar" [locator: {mods folder locator at C:\Users\Leo\OneDrive\Desktop\Modding\Minecraft-Robettini\Robettini\ATM10\mods}, reader: mod manifest]
[29Dec2025 03:42:17.393] [main/DEBUG] [net.neoforged.fml.loading.moddiscovery.readers.JarModsDotTomlModFileReader/SCAN]: Found META-INF/neoforge.mods.toml mod of type null: C:\Users\Leo\OneDrive\Desktop\Modding\Minecraft-Robettini\Robettini\ATM10\mods\handcrafted-neoforge-1.21.1-4.0.3.jar
[29Dec2025 03:42:17.393] [main/DEBUG] [net.neoforged.fml.loading.moddiscovery.ModFileParser/LOADING]: Considering mod file candidate C:\Users\Leo\OneDrive\Desktop\Modding\Minecraft-Robettini\Robettini\ATM10\mods\handcrafted-neoforge-1.21.1-4.0.3.jar
[29Dec2025 03:42:17.393] [main/DEBUG] [net.neoforged.fml.loading.moddiscovery.ModFileInfo/LOADING]: Found valid mod file handcrafted-neoforge-1.21.1-4.0.3.jar with {handcrafted} mods - versions {4.0.3}
[29Dec2025 03:42:17.393] [main/INFO] [net.neoforged.fml.loading.moddiscovery.ModDiscoverer/SCAN]: Found mod file "handcrafted-neoforge-1.21.1-4.0.3.jar" [locator: {mods folder locator at C:\Users\Leo\OneDrive\Desktop\Modding\Minecraft-Robettini\Robettini\ATM10\mods}, reader: mod manifest]
[29Dec2025 03:42:17.394] [main/DEBUG] [net.neoforged.fml.loading.moddiscovery.readers.JarModsDotTomlModFileReader/SCAN]: Found META-INF/neoforge.mods.toml mod of type null: C:\Users\Leo\OneDrive\Desktop\Modding\Minecraft-Robettini\Robettini\ATM10\mods\hardenedarmadillos-1.21.1-0.2.0.jar
[29Dec2025 03:42:17.394] [main/DEBUG] [net.neoforged.fml.loading.moddiscovery.ModFileParser/LOADING]: Considering mod file candidate C:\Users\Leo\OneDrive\Desktop\Modding\Minecraft-Robettini\Robettini\ATM10\mods\hardenedarmadillos-1.21.1-0.2.0.jar
[29Dec2025 03:42:17.394] [main/DEBUG] [net.neoforged.fml.loading.moddiscovery.ModFileInfo/LOADING]: Found valid mod file hardenedarmadillos-1.21.1-0.2.0.jar with {hardenedarmadillos} mods - versions {1.21.1-0.2.0}
[29Dec2025 03:42:17.394] [main/INFO] [net.neoforged.fml.loading.moddiscovery.ModDiscoverer/SCAN]: Found mod file "hardenedarmadillos-1.21.1-0.2.0.jar" [locator: {mods folder locator at C:\Users\Leo\OneDrive\Desktop\Modding\Minecraft-Robettini\Robettini\ATM10\mods}, reader: mod manifest]
[29Dec2025 03:42:17.396] [main/DEBUG] [net.neoforged.fml.loading.moddiscovery.readers.JarModsDotTomlModFileReader/SCAN]: Found META-INF/neoforge.mods.toml mod of type null: C:\Users\Leo\OneDrive\Desktop\Modding\Minecraft-Robettini\Robettini\ATM10\mods\herbsandharvest-1.21.1-2.jar
[29Dec2025 03:42:17.396] [main/DEBUG] [net.neoforged.fml.loading.moddiscovery.ModFileParser/LOADING]: Considering mod file candidate C:\Users\Leo\OneDrive\Desktop\Modding\Minecraft-Robettini\Robettini\ATM10\mods\herbsandharvest-1.21.1-2.jar
[29Dec2025 03:42:17.396] [main/DEBUG] [net.neoforged.fml.loading.moddiscovery.ModFileInfo/LOADING]: Found valid mod file herbsandharvest-1.21.1-2.jar with {herbsandharvest} mods - versions {1.0.0}
[29Dec2025 03:42:17.396] [main/INFO] [net.neoforged.fml.loading.moddiscovery.ModDiscoverer/SCAN]: Found mod file "herbsandharvest-1.21.1-2.jar" [locator: {mods folder locator at C:\Users\Leo\OneDrive\Desktop\Modding\Minecraft-Robettini\Robettini\ATM10\mods}, reader: mod manifest]
[29Dec2025 03:42:17.397] [main/DEBUG] [net.neoforged.fml.loading.moddiscovery.readers.JarModsDotTomlModFileReader/SCAN]: Found META-INF/neoforge.mods.toml mod of type null: C:\Users\Leo\OneDrive\Desktop\Modding\Minecraft-Robettini\Robettini\ATM10\mods\heyberryshutup-1.21.0-2.0.4.jar
[29Dec2025 03:42:17.397] [main/DEBUG] [net.neoforged.fml.loading.moddiscovery.ModFileParser/LOADING]: Considering mod file candidate C:\Users\Leo\OneDrive\Desktop\Modding\Minecraft-Robettini\Robettini\ATM10\mods\heyberryshutup-1.21.0-2.0.4.jar
[29Dec2025 03:42:17.397] [main/DEBUG] [net.neoforged.fml.loading.moddiscovery.ModFileInfo/LOADING]: Found valid mod file heyberryshutup-1.21.0-2.0.4.jar with {heyberryshutup} mods - versions {1.21.0-2.0.4}
[29Dec2025 03:42:17.397] [main/INFO] [net.neoforged.fml.loading.moddiscovery.ModDiscoverer/SCAN]: Found mod file "heyberryshutup-1.21.0-2.0.4.jar" [locator: {mods folder locator at C:\Users\Leo\OneDrive\Desktop\Modding\Minecraft-Robettini\Robettini\ATM10\mods}, reader: mod manifest]
[29Dec2025 03:42:17.398] [main/DEBUG] [net.neoforged.fml.loading.moddiscovery.readers.JarModsDotTomlModFileReader/SCAN]: Found META-INF/neoforge.mods.toml mod of type null: C:\Users\Leo\OneDrive\Desktop\Modding\Minecraft-Robettini\Robettini\ATM10\mods\HostileNeuralNetworks-1.21.1-6.3.0.jar
[29Dec2025 03:42:17.398] [main/DEBUG] [net.neoforged.fml.loading.moddiscovery.ModFileParser/LOADING]: Considering mod file candidate C:\Users\Leo\OneDrive\Desktop\Modding\Minecraft-Robettini\Robettini\ATM10\mods\HostileNeuralNetworks-1.21.1-6.3.0.jar
[29Dec2025 03:42:17.399] [main/DEBUG] [net.neoforged.fml.loading.moddiscovery.ModFileInfo/LOADING]: Found valid mod file HostileNeuralNetworks-1.21.1-6.3.0.jar with {hostilenetworks} mods - versions {6.3.0}
[29Dec2025 03:42:17.399] [main/INFO] [net.neoforged.fml.loading.moddiscovery.ModDiscoverer/SCAN]: Found mod file "HostileNeuralNetworks-1.21.1-6.3.0.jar" [locator: {mods folder locator at C:\Users\Leo\OneDrive\Desktop\Modding\Minecraft-Robettini\Robettini\ATM10\mods}, reader: mod manifest]
[29Dec2025 03:42:17.400] [main/DEBUG] [net.neoforged.fml.loading.moddiscovery.readers.JarModsDotTomlModFileReader/SCAN]: Found META-INF/neoforge.mods.toml mod of type null: C:\Users\Leo\OneDrive\Desktop\Modding\Minecraft-Robettini\Robettini\ATM10\mods\hyperbox-1.21-6.0.0.1.jar
[29Dec2025 03:42:17.400] [main/DEBUG] [net.neoforged.fml.loading.moddiscovery.ModFileParser/LOADING]: Considering mod file candidate C:\Users\Leo\OneDrive\Desktop\Modding\Minecraft-Robettini\Robettini\ATM10\mods\hyperbox-1.21-6.0.0.1.jar
[29Dec2025 03:42:17.400] [main/DEBUG] [net.neoforged.fml.loading.moddiscovery.ModFileInfo/LOADING]: Found valid mod file hyperbox-1.21-6.0.0.1.jar with {hyperbox} mods - versions {6.0.0.1}
[29Dec2025 03:42:17.400] [main/INFO] [net.neoforged.fml.loading.moddiscovery.ModDiscoverer/SCAN]: Found mod file "hyperbox-1.21-6.0.0.1.jar" [locator: {mods folder locator at C:\Users\Leo\OneDrive\Desktop\Modding\Minecraft-Robettini\Robettini\ATM10\mods}, reader: mod manifest]
[29Dec2025 03:42:17.402] [main/DEBUG] [net.neoforged.fml.loading.moddiscovery.readers.JarModsDotTomlModFileReader/SCAN]: Found META-INF/neoforge.mods.toml mod of type null: C:\Users\Leo\OneDrive\Desktop\Modding\Minecraft-Robettini\Robettini\ATM10\mods\IceAndFireCE-1.1-1.21.1-neoforge.jar
[29Dec2025 03:42:17.402] [main/DEBUG] [net.neoforged.fml.loading.moddiscovery.ModFileParser/LOADING]: Considering mod file candidate C:\Users\Leo\OneDrive\Desktop\Modding\Minecraft-Robettini\Robettini\ATM10\mods\IceAndFireCE-1.1-1.21.1-neoforge.jar
[29Dec2025 03:42:17.402] [main/DEBUG] [net.neoforged.fml.loading.moddiscovery.ModFileInfo/LOADING]: Found valid mod file IceAndFireCE-1.1-1.21.1-neoforge.jar with {iceandfire} mods - versions {1.1}
[29Dec2025 03:42:17.402] [main/INFO] [net.neoforged.fml.loading.moddiscovery.ModDiscoverer/SCAN]: Found mod file "IceAndFireCE-1.1-1.21.1-neoforge.jar" [locator: {mods folder locator at C:\Users\Leo\OneDrive\Desktop\Modding\Minecraft-Robettini\Robettini\ATM10\mods}, reader: mod manifest]
[29Dec2025 03:42:17.403] [main/DEBUG] [net.neoforged.fml.loading.moddiscovery.readers.JarModsDotTomlModFileReader/SCAN]: Found META-INF/neoforge.mods.toml mod of type null: C:\Users\Leo\OneDrive\Desktop\Modding\Minecraft-Robettini\Robettini\ATM10\mods\illagerwarship-1.0.1-neoforge-1.21.1.jar
[29Dec2025 03:42:17.403] [main/DEBUG] [net.neoforged.fml.loading.moddiscovery.ModFileParser/LOADING]: Considering mod file candidate C:\Users\Leo\OneDrive\Desktop\Modding\Minecraft-Robettini\Robettini\ATM10\mods\illagerwarship-1.0.1-neoforge-1.21.1.jar
[29Dec2025 03:42:17.403] [main/DEBUG] [net.neoforged.fml.loading.moddiscovery.ModFileInfo/LOADING]: Found valid mod file illagerwarship-1.0.1-neoforge-1.21.1.jar with {illagerwarship} mods - versions {1.0.1}
[29Dec2025 03:42:17.403] [main/INFO] [net.neoforged.fml.loading.moddiscovery.ModDiscoverer/SCAN]: Found mod file "illagerwarship-1.0.1-neoforge-1.21.1.jar" [locator: {mods folder locator at C:\Users\Leo\OneDrive\Desktop\Modding\Minecraft-Robettini\Robettini\ATM10\mods}, reader: mod manifest]
[29Dec2025 03:42:17.404] [main/DEBUG] [net.neoforged.fml.loading.moddiscovery.readers.JarModsDotTomlModFileReader/SCAN]: Found META-INF/neoforge.mods.toml mod of type null: C:\Users\Leo\OneDrive\Desktop\Modding\Minecraft-Robettini\Robettini\ATM10\mods\imfast-NEOFORGE-1.0.2.jar
[29Dec2025 03:42:17.404] [main/DEBUG] [net.neoforged.fml.loading.moddiscovery.ModFileParser/LOADING]: Considering mod file candidate C:\Users\Leo\OneDrive\Desktop\Modding\Minecraft-Robettini\Robettini\ATM10\mods\imfast-NEOFORGE-1.0.2.jar
[29Dec2025 03:42:17.405] [main/DEBUG] [net.neoforged.fml.loading.moddiscovery.ModFileInfo/LOADING]: Found valid mod file imfast-NEOFORGE-1.0.2.jar with {imfast} mods - versions {1.0.2}
[29Dec2025 03:42:17.405] [main/INFO] [net.neoforged.fml.loading.moddiscovery.ModDiscoverer/SCAN]: Found mod file "imfast-NEOFORGE-1.0.2.jar" [locator: {mods folder locator at C:\Users\Leo\OneDrive\Desktop\Modding\Minecraft-Robettini\Robettini\ATM10\mods}, reader: mod manifest]
[29Dec2025 03:42:17.406] [main/DEBUG] [net.neoforged.fml.loading.moddiscovery.readers.JarModsDotTomlModFileReader/SCAN]: Found META-INF/neoforge.mods.toml mod of type null: C:\Users\Leo\OneDrive\Desktop\Modding\Minecraft-Robettini\Robettini\ATM10\mods\ImmediatelyFast-NeoForge-1.6.7+1.21.1.jar
[29Dec2025 03:42:17.406] [main/DEBUG] [net.neoforged.fml.loading.moddiscovery.ModFileParser/LOADING]: Considering mod file candidate C:\Users\Leo\OneDrive\Desktop\Modding\Minecraft-Robettini\Robettini\ATM10\mods\ImmediatelyFast-NeoForge-1.6.7+1.21.1.jar
[29Dec2025 03:42:17.406] [main/DEBUG] [net.neoforged.fml.loading.moddiscovery.ModFileInfo/LOADING]: Found valid mod file ImmediatelyFast-NeoForge-1.6.7+1.21.1.jar with {immediatelyfast} mods - versions {1.6.7+1.21.1}
[29Dec2025 03:42:17.406] [main/INFO] [net.neoforged.fml.loading.moddiscovery.ModDiscoverer/SCAN]: Found mod file "ImmediatelyFast-NeoForge-1.6.7+1.21.1.jar" [locator: {mods folder locator at C:\Users\Leo\OneDrive\Desktop\Modding\Minecraft-Robettini\Robettini\ATM10\mods}, reader: mod manifest]
[29Dec2025 03:42:17.407] [main/DEBUG] [net.neoforged.fml.loading.moddiscovery.readers.JarModsDotTomlModFileReader/SCAN]: Found META-INF/neoforge.mods.toml mod of type null: C:\Users\Leo\OneDrive\Desktop\Modding\Minecraft-Robettini\Robettini\ATM10\mods\Immersive-Energistics-1.1.0-beta.jar
[29Dec2025 03:42:17.407] [main/DEBUG] [net.neoforged.fml.loading.moddiscovery.ModFileParser/LOADING]: Considering mod file candidate C:\Users\Leo\OneDrive\Desktop\Modding\Minecraft-Robettini\Robettini\ATM10\mods\Immersive-Energistics-1.1.0-beta.jar
[29Dec2025 03:42:17.407] [main/DEBUG] [net.neoforged.fml.loading.moddiscovery.ModFileInfo/LOADING]: Found valid mod file Immersive-Energistics-1.1.0-beta.jar with {immeng} mods - versions {1.1.0-beta}
[29Dec2025 03:42:17.407] [main/INFO] [net.neoforged.fml.loading.moddiscovery.ModDiscoverer/SCAN]: Found mod file "Immersive-Energistics-1.1.0-beta.jar" [locator: {mods folder locator at C:\Users\Leo\OneDrive\Desktop\Modding\Minecraft-Robettini\Robettini\ATM10\mods}, reader: mod manifest]
[29Dec2025 03:42:17.410] [main/DEBUG] [net.neoforged.fml.loading.moddiscovery.readers.JarModsDotTomlModFileReader/SCAN]: Found META-INF/neoforge.mods.toml mod of type null: C:\Users\Leo\OneDrive\Desktop\Modding\Minecraft-Robettini\Robettini\ATM10\mods\ImmersiveEngineering-1.21.1-12.4.2-194.jar
[29Dec2025 03:42:17.410] [main/DEBUG] [net.neoforged.fml.loading.moddiscovery.ModFileParser/LOADING]: Considering mod file candidate C:\Users\Leo\OneDrive\Desktop\Modding\Minecraft-Robettini\Robettini\ATM10\mods\ImmersiveEngineering-1.21.1-12.4.2-194.jar
[29Dec2025 03:42:17.410] [main/DEBUG] [net.neoforged.fml.loading.moddiscovery.ModFileInfo/LOADING]: Found valid mod file ImmersiveEngineering-1.21.1-12.4.2-194.jar with {immersiveengineering} mods - versions {12.4.2-194}
[29Dec2025 03:42:17.410] [main/INFO] [net.neoforged.fml.loading.moddiscovery.ModDiscoverer/SCAN]: Found mod file "ImmersiveEngineering-1.21.1-12.4.2-194.jar" [locator: {mods folder locator at C:\Users\Leo\OneDrive\Desktop\Modding\Minecraft-Robettini\Robettini\ATM10\mods}, reader: mod manifest]
[29Dec2025 03:42:17.411] [main/DEBUG] [net.neoforged.fml.loading.moddiscovery.readers.JarModsDotTomlModFileReader/SCAN]: Found META-INF/neoforge.mods.toml mod of type null: C:\Users\Leo\OneDrive\Desktop\Modding\Minecraft-Robettini\Robettini\ATM10\mods\incontrol-1.21-10.2.1.jar
[29Dec2025 03:42:17.411] [main/DEBUG] [net.neoforged.fml.loading.moddiscovery.ModFileParser/LOADING]: Considering mod file candidate C:\Users\Leo\OneDrive\Desktop\Modding\Minecraft-Robettini\Robettini\ATM10\mods\incontrol-1.21-10.2.1.jar
[29Dec2025 03:42:17.411] [main/DEBUG] [net.neoforged.fml.loading.moddiscovery.ModFileInfo/LOADING]: Found valid mod file incontrol-1.21-10.2.1.jar with {incontrol} mods - versions {1.21-10.2.1}
[29Dec2025 03:42:17.411] [main/INFO] [net.neoforged.fml.loading.moddiscovery.ModDiscoverer/SCAN]: Found mod file "incontrol-1.21-10.2.1.jar" [locator: {mods folder locator at C:\Users\Leo\OneDrive\Desktop\Modding\Minecraft-Robettini\Robettini\ATM10\mods}, reader: mod manifest]
[29Dec2025 03:42:17.412] [main/DEBUG] [net.neoforged.fml.loading.moddiscovery.readers.JarModsDotTomlModFileReader/SCAN]: Found META-INF/neoforge.mods.toml mod of type null: C:\Users\Leo\OneDrive\Desktop\Modding\Minecraft-Robettini\Robettini\ATM10\mods\industrial-foregoing-souls-1.21.1-1.10.5.jar
[29Dec2025 03:42:17.412] [main/DEBUG] [net.neoforged.fml.loading.moddiscovery.ModFileParser/LOADING]: Considering mod file candidate C:\Users\Leo\OneDrive\Desktop\Modding\Minecraft-Robettini\Robettini\ATM10\mods\industrial-foregoing-souls-1.21.1-1.10.5.jar
[29Dec2025 03:42:17.413] [main/DEBUG] [net.neoforged.fml.loading.moddiscovery.ModFileInfo/LOADING]: Found valid mod file industrial-foregoing-souls-1.21.1-1.10.5.jar with {industrialforegoingsouls} mods - versions {1.10.5}
[29Dec2025 03:42:17.413] [main/INFO] [net.neoforged.fml.loading.moddiscovery.ModDiscoverer/SCAN]: Found mod file "industrial-foregoing-souls-1.21.1-1.10.5.jar" [locator: {mods folder locator at C:\Users\Leo\OneDrive\Desktop\Modding\Minecraft-Robettini\Robettini\ATM10\mods}, reader: mod manifest]
[29Dec2025 03:42:17.414] [main/DEBUG] [net.neoforged.fml.loading.moddiscovery.readers.JarModsDotTomlModFileReader/SCAN]: Found META-INF/neoforge.mods.toml mod of type null: C:\Users\Leo\OneDrive\Desktop\Modding\Minecraft-Robettini\Robettini\ATM10\mods\industrialforegoing-1.21-3.6.36.jar
[29Dec2025 03:42:17.414] [main/DEBUG] [net.neoforged.fml.loading.moddiscovery.ModFileParser/LOADING]: Considering mod file candidate C:\Users\Leo\OneDrive\Desktop\Modding\Minecraft-Robettini\Robettini\ATM10\mods\industrialforegoing-1.21-3.6.36.jar
[29Dec2025 03:42:17.414] [main/DEBUG] [net.neoforged.fml.loading.moddiscovery.ModFileInfo/LOADING]: Found valid mod file industrialforegoing-1.21-3.6.36.jar with {industrialforegoing} mods - versions {1.21-3.6.36}
[29Dec2025 03:42:17.414] [main/INFO] [net.neoforged.fml.loading.moddiscovery.ModDiscoverer/SCAN]: Found mod file "industrialforegoing-1.21-3.6.36.jar" [locator: {mods folder locator at C:\Users\Leo\OneDrive\Desktop\Modding\Minecraft-Robettini\Robettini\ATM10\mods}, reader: mod manifest]
[29Dec2025 03:42:17.416] [main/DEBUG] [net.neoforged.fml.loading.moddiscovery.readers.JarModsDotTomlModFileReader/SCAN]: Found META-INF/neoforge.mods.toml mod of type null: C:\Users\Leo\OneDrive\Desktop\Modding\Minecraft-Robettini\Robettini\ATM10\mods\industrialization_overdrive-1.10.7+1.21.1.jar
[29Dec2025 03:42:17.416] [main/DEBUG] [net.neoforged.fml.loading.moddiscovery.ModFileParser/LOADING]: Considering mod file candidate C:\Users\Leo\OneDrive\Desktop\Modding\Minecraft-Robettini\Robettini\ATM10\mods\industrialization_overdrive-1.10.7+1.21.1.jar
[29Dec2025 03:42:17.416] [main/DEBUG] [net.neoforged.fml.loading.moddiscovery.ModFileInfo/LOADING]: Found valid mod file industrialization_overdrive-1.10.7+1.21.1.jar with {industrialization_overdrive} mods - versions {1.10.7+1.21.1}
[29Dec2025 03:42:17.416] [main/INFO] [net.neoforged.fml.loading.moddiscovery.ModDiscoverer/SCAN]: Found mod file "industrialization_overdrive-1.10.7+1.21.1.jar" [locator: {mods folder locator at C:\Users\Leo\OneDrive\Desktop\Modding\Minecraft-Robettini\Robettini\ATM10\mods}, reader: mod manifest]
[29Dec2025 03:42:17.417] [main/DEBUG] [net.neoforged.fml.loading.moddiscovery.readers.JarModsDotTomlModFileReader/SCAN]: Found META-INF/neoforge.mods.toml mod of type null: C:\Users\Leo\OneDrive\Desktop\Modding\Minecraft-Robettini\Robettini\ATM10\mods\integratedcrafting-1.21.1-neoforge-1.3.4.jar
[29Dec2025 03:42:17.417] [main/DEBUG] [net.neoforged.fml.loading.moddiscovery.ModFileParser/LOADING]: Considering mod file candidate C:\Users\Leo\OneDrive\Desktop\Modding\Minecraft-Robettini\Robettini\ATM10\mods\integratedcrafting-1.21.1-neoforge-1.3.4.jar
[29Dec2025 03:42:17.417] [main/DEBUG] [net.neoforged.fml.loading.moddiscovery.ModFileInfo/LOADING]: Found valid mod file integratedcrafting-1.21.1-neoforge-1.3.4.jar with {integratedcrafting} mods - versions {1.3.4}
[29Dec2025 03:42:17.417] [main/INFO] [net.neoforged.fml.loading.moddiscovery.ModDiscoverer/SCAN]: Found mod file "integratedcrafting-1.21.1-neoforge-1.3.4.jar" [locator: {mods folder locator at C:\Users\Leo\OneDrive\Desktop\Modding\Minecraft-Robettini\Robettini\ATM10\mods}, reader: mod manifest]
[29Dec2025 03:42:17.419] [main/DEBUG] [net.neoforged.fml.loading.moddiscovery.readers.JarModsDotTomlModFileReader/SCAN]: Found META-INF/neoforge.mods.toml mod of type null: C:\Users\Leo\OneDrive\Desktop\Modding\Minecraft-Robettini\Robettini\ATM10\mods\integrateddynamics-1.21.1-neoforge-1.29.6.jar
[29Dec2025 03:42:17.419] [main/DEBUG] [net.neoforged.fml.loading.moddiscovery.ModFileParser/LOADING]: Considering mod file candidate C:\Users\Leo\OneDrive\Desktop\Modding\Minecraft-Robettini\Robettini\ATM10\mods\integrateddynamics-1.21.1-neoforge-1.29.6.jar
[29Dec2025 03:42:17.419] [main/DEBUG] [net.neoforged.fml.loading.moddiscovery.ModFileInfo/LOADING]: Found valid mod file integrateddynamics-1.21.1-neoforge-1.29.6.jar with {integrateddynamics,integrateddynamicscompat} mods - versions {1.29.6,1.0.0}
[29Dec2025 03:42:17.419] [main/INFO] [net.neoforged.fml.loading.moddiscovery.ModDiscoverer/SCAN]: Found mod file "integrateddynamics-1.21.1-neoforge-1.29.6.jar" [locator: {mods folder locator at C:\Users\Leo\OneDrive\Desktop\Modding\Minecraft-Robettini\Robettini\ATM10\mods}, reader: mod manifest]
[29Dec2025 03:42:17.423] [main/DEBUG] [net.neoforged.fml.loading.moddiscovery.readers.JarModsDotTomlModFileReader/SCAN]: Found META-INF/neoforge.mods.toml mod of type null: C:\Users\Leo\OneDrive\Desktop\Modding\Minecraft-Robettini\Robettini\ATM10\mods\integratedscripting-1.21.1-neoforge-1.0.19-295.jar
[29Dec2025 03:42:17.423] [main/DEBUG] [net.neoforged.fml.loading.moddiscovery.ModFileParser/LOADING]: Considering mod file candidate C:\Users\Leo\OneDrive\Desktop\Modding\Minecraft-Robettini\Robettini\ATM10\mods\integratedscripting-1.21.1-neoforge-1.0.19-295.jar
[29Dec2025 03:42:17.423] [main/DEBUG] [net.neoforged.fml.loading.moddiscovery.ModFileInfo/LOADING]: Found valid mod file integratedscripting-1.21.1-neoforge-1.0.19-295.jar with {integratedscripting} mods - versions {1.0.19}
[29Dec2025 03:42:17.423] [main/INFO] [net.neoforged.fml.loading.moddiscovery.ModDiscoverer/SCAN]: Found mod file "integratedscripting-1.21.1-neoforge-1.0.19-295.jar" [locator: {mods folder locator at C:\Users\Leo\OneDrive\Desktop\Modding\Minecraft-Robettini\Robettini\ATM10\mods}, reader: mod manifest]
[29Dec2025 03:42:17.425] [main/DEBUG] [net.neoforged.fml.loading.moddiscovery.readers.JarModsDotTomlModFileReader/SCAN]: Found META-INF/neoforge.mods.toml mod of type null: C:\Users\Leo\OneDrive\Desktop\Modding\Minecraft-Robettini\Robettini\ATM10\mods\integratedterminals-1.21.1-neoforge-1.6.21-649.jar
[29Dec2025 03:42:17.425] [main/DEBUG] [net.neoforged.fml.loading.moddiscovery.ModFileParser/LOADING]: Considering mod file candidate C:\Users\Leo\OneDrive\Desktop\Modding\Minecraft-Robettini\Robettini\ATM10\mods\integratedterminals-1.21.1-neoforge-1.6.21-649.jar
[29Dec2025 03:42:17.425] [main/DEBUG] [net.neoforged.fml.loading.moddiscovery.ModFileInfo/LOADING]: Found valid mod file integratedterminals-1.21.1-neoforge-1.6.21-649.jar with {integratedterminals,integratedterminalscompat} mods - versions {1.6.21,1.0.0}
[29Dec2025 03:42:17.425] [main/INFO] [net.neoforged.fml.loading.moddiscovery.ModDiscoverer/SCAN]: Found mod file "integratedterminals-1.21.1-neoforge-1.6.21-649.jar" [locator: {mods folder locator at C:\Users\Leo\OneDrive\Desktop\Modding\Minecraft-Robettini\Robettini\ATM10\mods}, reader: mod manifest]
[29Dec2025 03:42:17.426] [main/DEBUG] [net.neoforged.fml.loading.moddiscovery.readers.JarModsDotTomlModFileReader/SCAN]: Found META-INF/neoforge.mods.toml mod of type null: C:\Users\Leo\OneDrive\Desktop\Modding\Minecraft-Robettini\Robettini\ATM10\mods\integratedtunnels-1.21.1-neoforge-1.9.2-521.jar
[29Dec2025 03:42:17.426] [main/DEBUG] [net.neoforged.fml.loading.moddiscovery.ModFileParser/LOADING]: Considering mod file candidate C:\Users\Leo\OneDrive\Desktop\Modding\Minecraft-Robettini\Robettini\ATM10\mods\integratedtunnels-1.21.1-neoforge-1.9.2-521.jar
[29Dec2025 03:42:17.426] [main/DEBUG] [net.neoforged.fml.loading.moddiscovery.ModFileInfo/LOADING]: Found valid mod file integratedtunnels-1.21.1-neoforge-1.9.2-521.jar with {integratedtunnels,integratedtunnelscompat} mods - versions {1.9.2,1.9.2}
[29Dec2025 03:42:17.426] [main/INFO] [net.neoforged.fml.loading.moddiscovery.ModDiscoverer/SCAN]: Found mod file "integratedtunnels-1.21.1-neoforge-1.9.2-521.jar" [locator: {mods folder locator at C:\Users\Leo\OneDrive\Desktop\Modding\Minecraft-Robettini\Robettini\ATM10\mods}, reader: mod manifest]
[29Dec2025 03:42:17.427] [main/DEBUG] [net.neoforged.fml.loading.moddiscovery.readers.JarModsDotTomlModFileReader/SCAN]: Found META-INF/neoforge.mods.toml mod of type null: C:\Users\Leo\OneDrive\Desktop\Modding\Minecraft-Robettini\Robettini\ATM10\mods\interdimensionalwirelesstransmitter-neoforge-1.21.1-0.1.5.jar
[29Dec2025 03:42:17.427] [main/DEBUG] [net.neoforged.fml.loading.moddiscovery.ModFileParser/LOADING]: Considering mod file candidate C:\Users\Leo\OneDrive\Desktop\Modding\Minecraft-Robettini\Robettini\ATM10\mods\interdimensionalwirelesstransmitter-neoforge-1.21.1-0.1.5.jar
[29Dec2025 03:42:17.428] [main/DEBUG] [net.neoforged.fml.loading.moddiscovery.ModFileInfo/LOADING]: Found valid mod file interdimensionalwirelesstransmitter-neoforge-1.21.1-0.1.5.jar with {interdimensionalwirelesstransmitter} mods - versions {1.21.1-0.1.5}
[29Dec2025 03:42:17.428] [main/INFO] [net.neoforged.fml.loading.moddiscovery.ModDiscoverer/SCAN]: Found mod file "interdimensionalwirelesstransmitter-neoforge-1.21.1-0.1.5.jar" [locator: {mods folder locator at C:\Users\Leo\OneDrive\Desktop\Modding\Minecraft-Robettini\Robettini\ATM10\mods}, reader: mod manifest]
[29Dec2025 03:42:17.429] [main/DEBUG] [net.neoforged.fml.loading.moddiscovery.readers.JarModsDotTomlModFileReader/SCAN]: Found META-INF/neoforge.mods.toml mod of type null: C:\Users\Leo\OneDrive\Desktop\Modding\Minecraft-Robettini\Robettini\ATM10\mods\invtweaks-1.21.1-1.3.2.jar
[29Dec2025 03:42:17.429] [main/DEBUG] [net.neoforged.fml.loading.moddiscovery.ModFileParser/LOADING]: Considering mod file candidate C:\Users\Leo\OneDrive\Desktop\Modding\Minecraft-Robettini\Robettini\ATM10\mods\invtweaks-1.21.1-1.3.2.jar
[29Dec2025 03:42:17.429] [main/DEBUG] [net.neoforged.fml.loading.moddiscovery.ModFileInfo/LOADING]: Found valid mod file invtweaks-1.21.1-1.3.2.jar with {invtweaks} mods - versions {1.21.1-1.3.2}
[29Dec2025 03:42:17.429] [main/INFO] [net.neoforged.fml.loading.moddiscovery.ModDiscoverer/SCAN]: Found mod file "invtweaks-1.21.1-1.3.2.jar" [locator: {mods folder locator at C:\Users\Leo\OneDrive\Desktop\Modding\Minecraft-Robettini\Robettini\ATM10\mods}, reader: mod manifest]
[29Dec2025 03:42:17.430] [main/DEBUG] [net.neoforged.fml.loading.moddiscovery.readers.JarModsDotTomlModFileReader/SCAN]: Found META-INF/neoforge.mods.toml mod of type null: C:\Users\Leo\OneDrive\Desktop\Modding\Minecraft-Robettini\Robettini\ATM10\mods\ironfurnaces-neoforge-1.21.1-4.3.2.jar
[29Dec2025 03:42:17.430] [main/DEBUG] [net.neoforged.fml.loading.moddiscovery.ModFileParser/LOADING]: Considering mod file candidate C:\Users\Leo\OneDrive\Desktop\Modding\Minecraft-Robettini\Robettini\ATM10\mods\ironfurnaces-neoforge-1.21.1-4.3.2.jar
[29Dec2025 03:42:17.430] [main/DEBUG] [net.neoforged.fml.loading.moddiscovery.ModFileInfo/LOADING]: Found valid mod file ironfurnaces-neoforge-1.21.1-4.3.2.jar with {ironfurnaces} mods - versions {4.3.2}
[29Dec2025 03:42:17.430] [main/INFO] [net.neoforged.fml.loading.moddiscovery.ModDiscoverer/SCAN]: Found mod file "ironfurnaces-neoforge-1.21.1-4.3.2.jar" [locator: {mods folder locator at C:\Users\Leo\OneDrive\Desktop\Modding\Minecraft-Robettini\Robettini\ATM10\mods}, reader: mod manifest]
[29Dec2025 03:42:17.431] [main/DEBUG] [net.neoforged.fml.loading.moddiscovery.readers.JarModsDotTomlModFileReader/SCAN]: Found META-INF/neoforge.mods.toml mod of type null: C:\Users\Leo\OneDrive\Desktop\Modding\Minecraft-Robettini\Robettini\ATM10\mods\IronJetpacks-1.21.1-8.0.11.jar
[29Dec2025 03:42:17.431] [main/DEBUG] [net.neoforged.fml.loading.moddiscovery.ModFileParser/LOADING]: Considering mod file candidate C:\Users\Leo\OneDrive\Desktop\Modding\Minecraft-Robettini\Robettini\ATM10\mods\IronJetpacks-1.21.1-8.0.11.jar
[29Dec2025 03:42:17.432] [main/DEBUG] [net.neoforged.fml.loading.moddiscovery.ModFileInfo/LOADING]: Found valid mod file IronJetpacks-1.21.1-8.0.11.jar with {ironjetpacks} mods - versions {8.0.11}
[29Dec2025 03:42:17.432] [main/INFO] [net.neoforged.fml.loading.moddiscovery.ModDiscoverer/SCAN]: Found mod file "IronJetpacks-1.21.1-8.0.11.jar" [locator: {mods folder locator at C:\Users\Leo\OneDrive\Desktop\Modding\Minecraft-Robettini\Robettini\ATM10\mods}, reader: mod manifest]
[29Dec2025 03:42:17.433] [main/DEBUG] [net.neoforged.fml.loading.moddiscovery.readers.JarModsDotTomlModFileReader/SCAN]: Found META-INF/neoforge.mods.toml mod of type null: C:\Users\Leo\OneDrive\Desktop\Modding\Minecraft-Robettini\Robettini\ATM10\mods\irons_jewelry-1.21.1-1.5.3.jar
[29Dec2025 03:42:17.433] [main/DEBUG] [net.neoforged.fml.loading.moddiscovery.ModFileParser/LOADING]: Considering mod file candidate C:\Users\Leo\OneDrive\Desktop\Modding\Minecraft-Robettini\Robettini\ATM10\mods\irons_jewelry-1.21.1-1.5.3.jar
[29Dec2025 03:42:17.433] [main/DEBUG] [net.neoforged.fml.loading.moddiscovery.ModFileInfo/LOADING]: Found valid mod file irons_jewelry-1.21.1-1.5.3.jar with {irons_jewelry} mods - versions {1.21.1-1.5.3}
[29Dec2025 03:42:17.433] [main/INFO] [net.neoforged.fml.loading.moddiscovery.ModDiscoverer/SCAN]: Found mod file "irons_jewelry-1.21.1-1.5.3.jar" [locator: {mods folder locator at C:\Users\Leo\OneDrive\Desktop\Modding\Minecraft-Robettini\Robettini\ATM10\mods}, reader: mod manifest]
[29Dec2025 03:42:17.435] [main/DEBUG] [net.neoforged.fml.loading.moddiscovery.readers.JarModsDotTomlModFileReader/SCAN]: Found META-INF/neoforge.mods.toml mod of type null: C:\Users\Leo\OneDrive\Desktop\Modding\Minecraft-Robettini\Robettini\ATM10\mods\irons_spellbooks-1.21.1-3.14.8.jar
[29Dec2025 03:42:17.435] [main/DEBUG] [net.neoforged.fml.loading.moddiscovery.ModFileParser/LOADING]: Considering mod file candidate C:\Users\Leo\OneDrive\Desktop\Modding\Minecraft-Robettini\Robettini\ATM10\mods\irons_spellbooks-1.21.1-3.14.8.jar
[29Dec2025 03:42:17.435] [main/DEBUG] [net.neoforged.fml.loading.moddiscovery.ModFileInfo/LOADING]: Found valid mod file irons_spellbooks-1.21.1-3.14.8.jar with {irons_spellbooks} mods - versions {1.21.1-3.14.8}
[29Dec2025 03:42:17.435] [main/INFO] [net.neoforged.fml.loading.moddiscovery.ModDiscoverer/SCAN]: Found mod file "irons_spellbooks-1.21.1-3.14.8.jar" [locator: {mods folder locator at C:\Users\Leo\OneDrive\Desktop\Modding\Minecraft-Robettini\Robettini\ATM10\mods}, reader: mod manifest]
[29Dec2025 03:42:17.436] [main/DEBUG] [net.neoforged.fml.loading.moddiscovery.readers.JarModsDotTomlModFileReader/SCAN]: Found META-INF/neoforge.mods.toml mod of type null: C:\Users\Leo\OneDrive\Desktop\Modding\Minecraft-Robettini\Robettini\ATM10\mods\itemcollectors-1.1.10-neoforge-mc1.21.jar
[29Dec2025 03:42:17.436] [main/DEBUG] [net.neoforged.fml.loading.moddiscovery.ModFileParser/LOADING]: Considering mod file candidate C:\Users\Leo\OneDrive\Desktop\Modding\Minecraft-Robettini\Robettini\ATM10\mods\itemcollectors-1.1.10-neoforge-mc1.21.jar
[29Dec2025 03:42:17.436] [main/DEBUG] [net.neoforged.fml.loading.moddiscovery.ModFileInfo/LOADING]: Found valid mod file itemcollectors-1.1.10-neoforge-mc1.21.jar with {itemcollectors} mods - versions {1.1.10}
[29Dec2025 03:42:17.436] [main/INFO] [net.neoforged.fml.loading.moddiscovery.ModDiscoverer/SCAN]: Found mod file "itemcollectors-1.1.10-neoforge-mc1.21.jar" [locator: {mods folder locator at C:\Users\Leo\OneDrive\Desktop\Modding\Minecraft-Robettini\Robettini\ATM10\mods}, reader: mod manifest]
[29Dec2025 03:42:17.437] [main/DEBUG] [net.neoforged.fml.loading.moddiscovery.readers.JarModsDotTomlModFileReader/SCAN]: Found META-INF/neoforge.mods.toml mod of type null: C:\Users\Leo\OneDrive\Desktop\Modding\Minecraft-Robettini\Robettini\ATM10\mods\Jade-1.21.1-NeoForge-15.10.3.jar
[29Dec2025 03:42:17.437] [main/DEBUG] [net.neoforged.fml.loading.moddiscovery.ModFileParser/LOADING]: Considering mod file candidate C:\Users\Leo\OneDrive\Desktop\Modding\Minecraft-Robettini\Robettini\ATM10\mods\Jade-1.21.1-NeoForge-15.10.3.jar
[29Dec2025 03:42:17.438] [main/DEBUG] [net.neoforged.fml.loading.moddiscovery.ModFileInfo/LOADING]: Found valid mod file Jade-1.21.1-NeoForge-15.10.3.jar with {jade} mods - versions {15.10.3+neoforge}
[29Dec2025 03:42:17.438] [main/INFO] [net.neoforged.fml.loading.moddiscovery.ModDiscoverer/SCAN]: Found mod file "Jade-1.21.1-NeoForge-15.10.3.jar" [locator: {mods folder locator at C:\Users\Leo\OneDrive\Desktop\Modding\Minecraft-Robettini\Robettini\ATM10\mods}, reader: mod manifest]
[29Dec2025 03:42:17.439] [main/DEBUG] [net.neoforged.fml.loading.moddiscovery.readers.JarModsDotTomlModFileReader/SCAN]: Found META-INF/neoforge.mods.toml mod of type null: C:\Users\Leo\OneDrive\Desktop\Modding\Minecraft-Robettini\Robettini\ATM10\mods\jearchaeology-1.21.1-1.1.6.jar
[29Dec2025 03:42:17.439] [main/DEBUG] [net.neoforged.fml.loading.moddiscovery.ModFileParser/LOADING]: Considering mod file candidate C:\Users\Leo\OneDrive\Desktop\Modding\Minecraft-Robettini\Robettini\ATM10\mods\jearchaeology-1.21.1-1.1.6.jar
[29Dec2025 03:42:17.439] [main/DEBUG] [net.neoforged.fml.loading.moddiscovery.ModFileInfo/LOADING]: Found valid mod file jearchaeology-1.21.1-1.1.6.jar with {jearchaeology} mods - versions {1.21.1-1.1.6}
[29Dec2025 03:42:17.439] [main/INFO] [net.neoforged.fml.loading.moddiscovery.ModDiscoverer/SCAN]: Found mod file "jearchaeology-1.21.1-1.1.6.jar" [locator: {mods folder locator at C:\Users\Leo\OneDrive\Desktop\Modding\Minecraft-Robettini\Robettini\ATM10\mods}, reader: mod manifest]
[29Dec2025 03:42:17.440] [main/DEBUG] [net.neoforged.fml.loading.moddiscovery.readers.JarModsDotTomlModFileReader/SCAN]: Found META-INF/neoforge.mods.toml mod of type null: C:\Users\Leo\OneDrive\Desktop\Modding\Minecraft-Robettini\Robettini\ATM10\mods\jei-1.21.1-neoforge-19.25.1.332.jar
[29Dec2025 03:42:17.440] [main/DEBUG] [net.neoforged.fml.loading.moddiscovery.ModFileParser/LOADING]: Considering mod file candidate C:\Users\Leo\OneDrive\Desktop\Modding\Minecraft-Robettini\Robettini\ATM10\mods\jei-1.21.1-neoforge-19.25.1.332.jar
[29Dec2025 03:42:17.440] [main/DEBUG] [net.neoforged.fml.loading.moddiscovery.ModFileInfo/LOADING]: Found valid mod file jei-1.21.1-neoforge-19.25.1.332.jar with {jei} mods - versions {19.25.1.332}
[29Dec2025 03:42:17.440] [main/INFO] [net.neoforged.fml.loading.moddiscovery.ModDiscoverer/SCAN]: Found mod file "jei-1.21.1-neoforge-19.25.1.332.jar" [locator: {mods folder locator at C:\Users\Leo\OneDrive\Desktop\Modding\Minecraft-Robettini\Robettini\ATM10\mods}, reader: mod manifest]
[29Dec2025 03:42:17.442] [main/DEBUG] [net.neoforged.fml.loading.moddiscovery.readers.JarModsDotTomlModFileReader/SCAN]: Found META-INF/neoforge.mods.toml mod of type null: C:\Users\Leo\OneDrive\Desktop\Modding\Minecraft-Robettini\Robettini\ATM10\mods\journeymap-neoforge-1.21.1-6.0.0-beta.52.jar
[29Dec2025 03:42:17.442] [main/DEBUG] [net.neoforged.fml.loading.moddiscovery.ModFileParser/LOADING]: Considering mod file candidate C:\Users\Leo\OneDrive\Desktop\Modding\Minecraft-Robettini\Robettini\ATM10\mods\journeymap-neoforge-1.21.1-6.0.0-beta.52.jar
[29Dec2025 03:42:17.442] [main/DEBUG] [net.neoforged.fml.loading.moddiscovery.ModFileInfo/LOADING]: Found valid mod file journeymap-neoforge-1.21.1-6.0.0-beta.52.jar with {journeymap} mods - versions {1.21.1-6.0.0-beta.52}
[29Dec2025 03:42:17.442] [main/INFO] [net.neoforged.fml.loading.moddiscovery.ModDiscoverer/SCAN]: Found mod file "journeymap-neoforge-1.21.1-6.0.0-beta.52.jar" [locator: {mods folder locator at C:\Users\Leo\OneDrive\Desktop\Modding\Minecraft-Robettini\Robettini\ATM10\mods}, reader: mod manifest]
[29Dec2025 03:42:17.443] [main/DEBUG] [net.neoforged.fml.loading.moddiscovery.readers.JarModsDotTomlModFileReader/SCAN]: Found META-INF/neoforge.mods.toml mod of type null: C:\Users\Leo\OneDrive\Desktop\Modding\Minecraft-Robettini\Robettini\ATM10\mods\jumpboat-1.21.0-1.0.5.jar
[29Dec2025 03:42:17.443] [main/DEBUG] [net.neoforged.fml.loading.moddiscovery.ModFileParser/LOADING]: Considering mod file candidate C:\Users\Leo\OneDrive\Desktop\Modding\Minecraft-Robettini\Robettini\ATM10\mods\jumpboat-1.21.0-1.0.5.jar
[29Dec2025 03:42:17.443] [main/DEBUG] [net.neoforged.fml.loading.moddiscovery.ModFileInfo/LOADING]: Found valid mod file jumpboat-1.21.0-1.0.5.jar with {jumpboat} mods - versions {1.21.0-1.0.5}
[29Dec2025 03:42:17.443] [main/INFO] [net.neoforged.fml.loading.moddiscovery.ModDiscoverer/SCAN]: Found mod file "jumpboat-1.21.0-1.0.5.jar" [locator: {mods folder locator at C:\Users\Leo\OneDrive\Desktop\Modding\Minecraft-Robettini\Robettini\ATM10\mods}, reader: mod manifest]
[29Dec2025 03:42:17.444] [main/DEBUG] [net.neoforged.fml.loading.moddiscovery.readers.JarModsDotTomlModFileReader/SCAN]: Found META-INF/neoforge.mods.toml mod of type null: C:\Users\Leo\OneDrive\Desktop\Modding\Minecraft-Robettini\Robettini\ATM10\mods\Jupiter-2.2.2-neoforge.jar
[29Dec2025 03:42:17.444] [main/DEBUG] [net.neoforged.fml.loading.moddiscovery.ModFileParser/LOADING]: Considering mod file candidate C:\Users\Leo\OneDrive\Desktop\Modding\Minecraft-Robettini\Robettini\ATM10\mods\Jupiter-2.2.2-neoforge.jar
[29Dec2025 03:42:17.444] [main/DEBUG] [net.neoforged.fml.loading.moddiscovery.ModFileInfo/LOADING]: Found valid mod file Jupiter-2.2.2-neoforge.jar with {jupiter} mods - versions {2.2.2}
[29Dec2025 03:42:17.444] [main/INFO] [net.neoforged.fml.loading.moddiscovery.ModDiscoverer/SCAN]: Found mod file "Jupiter-2.2.2-neoforge.jar" [locator: {mods folder locator at C:\Users\Leo\OneDrive\Desktop\Modding\Minecraft-Robettini\Robettini\ATM10\mods}, reader: mod manifest]
[29Dec2025 03:42:17.446] [main/DEBUG] [net.neoforged.fml.loading.moddiscovery.readers.JarModsDotTomlModFileReader/SCAN]: Found META-INF/neoforge.mods.toml mod of type null: C:\Users\Leo\OneDrive\Desktop\Modding\Minecraft-Robettini\Robettini\ATM10\mods\justdirethings-1.5.5.jar
[29Dec2025 03:42:17.446] [main/DEBUG] [net.neoforged.fml.loading.moddiscovery.ModFileParser/LOADING]: Considering mod file candidate C:\Users\Leo\OneDrive\Desktop\Modding\Minecraft-Robettini\Robettini\ATM10\mods\justdirethings-1.5.5.jar
[29Dec2025 03:42:17.446] [main/DEBUG] [net.neoforged.fml.loading.moddiscovery.ModFileInfo/LOADING]: Found valid mod file justdirethings-1.5.5.jar with {justdirethings} mods - versions {1.5.5}
[29Dec2025 03:42:17.446] [main/INFO] [net.neoforged.fml.loading.moddiscovery.ModDiscoverer/SCAN]: Found mod file "justdirethings-1.5.5.jar" [locator: {mods folder locator at C:\Users\Leo\OneDrive\Desktop\Modding\Minecraft-Robettini\Robettini\ATM10\mods}, reader: mod manifest]
[29Dec2025 03:42:17.447] [main/DEBUG] [net.neoforged.fml.loading.moddiscovery.readers.JarModsDotTomlModFileReader/SCAN]: Found META-INF/MANIFEST.MF mod of type LIBRARY: C:\Users\Leo\OneDrive\Desktop\Modding\Minecraft-Robettini\Robettini\ATM10\mods\kotlinforforge-5.10.0-all.jar
[29Dec2025 03:42:17.448] [main/INFO] [net.neoforged.fml.loading.moddiscovery.ModDiscoverer/SCAN]: Found library file "kotlinforforge-5.10.0-all.jar" [locator: {mods folder locator at C:\Users\Leo\OneDrive\Desktop\Modding\Minecraft-Robettini\Robettini\ATM10\mods}, reader: mod manifest]
[29Dec2025 03:42:17.449] [main/DEBUG] [net.neoforged.fml.loading.moddiscovery.readers.JarModsDotTomlModFileReader/SCAN]: Found META-INF/neoforge.mods.toml mod of type null: C:\Users\Leo\OneDrive\Desktop\Modding\Minecraft-Robettini\Robettini\ATM10\mods\kubejs-neoforge-2101.7.2-build.348.jar
[29Dec2025 03:42:17.449] [main/DEBUG] [net.neoforged.fml.loading.moddiscovery.ModFileParser/LOADING]: Considering mod file candidate C:\Users\Leo\OneDrive\Desktop\Modding\Minecraft-Robettini\Robettini\ATM10\mods\kubejs-neoforge-2101.7.2-build.348.jar
[29Dec2025 03:42:17.449] [main/DEBUG] [net.neoforged.fml.loading.moddiscovery.ModFileInfo/LOADING]: Found valid mod file kubejs-neoforge-2101.7.2-build.348.jar with {kubejs} mods - versions {2101.7.2-build.348}
[29Dec2025 03:42:17.449] [main/INFO] [net.neoforged.fml.loading.moddiscovery.ModDiscoverer/SCAN]: Found mod file "kubejs-neoforge-2101.7.2-build.348.jar" [locator: {mods folder locator at C:\Users\Leo\OneDrive\Desktop\Modding\Minecraft-Robettini\Robettini\ATM10\mods}, reader: mod manifest]
[29Dec2025 03:42:17.450] [main/DEBUG] [net.neoforged.fml.loading.moddiscovery.readers.JarModsDotTomlModFileReader/SCAN]: Found META-INF/neoforge.mods.toml mod of type null: C:\Users\Leo\OneDrive\Desktop\Modding\Minecraft-Robettini\Robettini\ATM10\mods\kubejstweaks-1.0.5.jar
[29Dec2025 03:42:17.450] [main/DEBUG] [net.neoforged.fml.loading.moddiscovery.ModFileParser/LOADING]: Considering mod file candidate C:\Users\Leo\OneDrive\Desktop\Modding\Minecraft-Robettini\Robettini\ATM10\mods\kubejstweaks-1.0.5.jar
[29Dec2025 03:42:17.451] [main/DEBUG] [net.neoforged.fml.loading.moddiscovery.ModFileInfo/LOADING]: Found valid mod file kubejstweaks-1.0.5.jar with {kubejstweaks} mods - versions {1.0.5}
[29Dec2025 03:42:17.451] [main/INFO] [net.neoforged.fml.loading.moddiscovery.ModDiscoverer/SCAN]: Found mod file "kubejstweaks-1.0.5.jar" [locator: {mods folder locator at C:\Users\Leo\OneDrive\Desktop\Modding\Minecraft-Robettini\Robettini\ATM10\mods}, reader: mod manifest]
[29Dec2025 03:42:17.452] [main/DEBUG] [net.neoforged.fml.loading.moddiscovery.readers.JarModsDotTomlModFileReader/SCAN]: Found META-INF/neoforge.mods.toml mod of type null: C:\Users\Leo\OneDrive\Desktop\Modding\Minecraft-Robettini\Robettini\ATM10\mods\L_Ender's Cataclysm 1.21.1-3.16.jar
[29Dec2025 03:42:17.452] [main/DEBUG] [net.neoforged.fml.loading.moddiscovery.ModFileParser/LOADING]: Considering mod file candidate C:\Users\Leo\OneDrive\Desktop\Modding\Minecraft-Robettini\Robettini\ATM10\mods\L_Ender's Cataclysm 1.21.1-3.16.jar
[29Dec2025 03:42:17.453] [main/DEBUG] [net.neoforged.fml.loading.moddiscovery.ModFileInfo/LOADING]: Found valid mod file L_Ender's Cataclysm 1.21.1-3.16.jar with {cataclysm} mods - versions {3.16}
[29Dec2025 03:42:17.453] [main/INFO] [net.neoforged.fml.loading.moddiscovery.ModDiscoverer/SCAN]: Found mod file "L_Ender's Cataclysm 1.21.1-3.16.jar" [locator: {mods folder locator at C:\Users\Leo\OneDrive\Desktop\Modding\Minecraft-Robettini\Robettini\ATM10\mods}, reader: mod manifest]
[29Dec2025 03:42:17.454] [main/DEBUG] [net.neoforged.fml.loading.moddiscovery.readers.JarModsDotTomlModFileReader/SCAN]: Found META-INF/neoforge.mods.toml mod of type null: C:\Users\Leo\OneDrive\Desktop\Modding\Minecraft-Robettini\Robettini\ATM10\mods\laserbridges-1.21.1-neoforge-5.3.jar
[29Dec2025 03:42:17.454] [main/DEBUG] [net.neoforged.fml.loading.moddiscovery.ModFileParser/LOADING]: Considering mod file candidate C:\Users\Leo\OneDrive\Desktop\Modding\Minecraft-Robettini\Robettini\ATM10\mods\laserbridges-1.21.1-neoforge-5.3.jar
[29Dec2025 03:42:17.454] [main/DEBUG] [net.neoforged.fml.loading.moddiscovery.ModFileInfo/LOADING]: Found valid mod file laserbridges-1.21.1-neoforge-5.3.jar with {laserbridges} mods - versions {5.3}
[29Dec2025 03:42:17.454] [main/INFO] [net.neoforged.fml.loading.moddiscovery.ModDiscoverer/SCAN]: Found mod file "laserbridges-1.21.1-neoforge-5.3.jar" [locator: {mods folder locator at C:\Users\Leo\OneDrive\Desktop\Modding\Minecraft-Robettini\Robettini\ATM10\mods}, reader: mod manifest]
[29Dec2025 03:42:17.455] [main/DEBUG] [net.neoforged.fml.loading.moddiscovery.readers.JarModsDotTomlModFileReader/SCAN]: Found META-INF/neoforge.mods.toml mod of type null: C:\Users\Leo\OneDrive\Desktop\Modding\Minecraft-Robettini\Robettini\ATM10\mods\laserio-1.9.11.jar
[29Dec2025 03:42:17.455] [main/DEBUG] [net.neoforged.fml.loading.moddiscovery.ModFileParser/LOADING]: Considering mod file candidate C:\Users\Leo\OneDrive\Desktop\Modding\Minecraft-Robettini\Robettini\ATM10\mods\laserio-1.9.11.jar
[29Dec2025 03:42:17.455] [main/DEBUG] [net.neoforged.fml.loading.moddiscovery.ModFileInfo/LOADING]: Found valid mod file laserio-1.9.11.jar with {laserio} mods - versions {1.9.11}
[29Dec2025 03:42:17.455] [main/INFO] [net.neoforged.fml.loading.moddiscovery.ModDiscoverer/SCAN]: Found mod file "laserio-1.9.11.jar" [locator: {mods folder locator at C:\Users\Leo\OneDrive\Desktop\Modding\Minecraft-Robettini\Robettini\ATM10\mods}, reader: mod manifest]
[29Dec2025 03:42:17.456] [main/DEBUG] [net.neoforged.fml.loading.moddiscovery.readers.JarModsDotTomlModFileReader/SCAN]: Found META-INF/neoforge.mods.toml mod of type null: C:\Users\Leo\OneDrive\Desktop\Modding\Minecraft-Robettini\Robettini\ATM10\mods\lionfishapi-2.6.jar
[29Dec2025 03:42:17.456] [main/DEBUG] [net.neoforged.fml.loading.moddiscovery.ModFileParser/LOADING]: Considering mod file candidate C:\Users\Leo\OneDrive\Desktop\Modding\Minecraft-Robettini\Robettini\ATM10\mods\lionfishapi-2.6.jar
[29Dec2025 03:42:17.457] [main/DEBUG] [net.neoforged.fml.loading.moddiscovery.ModFileInfo/LOADING]: Found valid mod file lionfishapi-2.6.jar with {lionfishapi} mods - versions {2.6}
[29Dec2025 03:42:17.457] [main/INFO] [net.neoforged.fml.loading.moddiscovery.ModDiscoverer/SCAN]: Found mod file "lionfishapi-2.6.jar" [locator: {mods folder locator at C:\Users\Leo\OneDrive\Desktop\Modding\Minecraft-Robettini\Robettini\ATM10\mods}, reader: mod manifest]
[29Dec2025 03:42:17.458] [main/DEBUG] [net.neoforged.fml.loading.moddiscovery.readers.JarModsDotTomlModFileReader/SCAN]: Found META-INF/neoforge.mods.toml mod of type null: C:\Users\Leo\OneDrive\Desktop\Modding\Minecraft-Robettini\Robettini\ATM10\mods\lithostitched-1.5.0-neoforge-1.21.1.jar
[29Dec2025 03:42:17.458] [main/DEBUG] [net.neoforged.fml.loading.moddiscovery.ModFileParser/LOADING]: Considering mod file candidate C:\Users\Leo\OneDrive\Desktop\Modding\Minecraft-Robettini\Robettini\ATM10\mods\lithostitched-1.5.0-neoforge-1.21.1.jar
[29Dec2025 03:42:17.458] [main/DEBUG] [net.neoforged.fml.loading.moddiscovery.ModFileInfo/LOADING]: Found valid mod file lithostitched-1.5.0-neoforge-1.21.1.jar with {lithostitched} mods - versions {1.5.0}
[29Dec2025 03:42:17.458] [main/INFO] [net.neoforged.fml.loading.moddiscovery.ModDiscoverer/SCAN]: Found mod file "lithostitched-1.5.0-neoforge-1.21.1.jar" [locator: {mods folder locator at C:\Users\Leo\OneDrive\Desktop\Modding\Minecraft-Robettini\Robettini\ATM10\mods}, reader: mod manifest]
[29Dec2025 03:42:17.459] [main/DEBUG] [net.neoforged.fml.loading.moddiscovery.readers.JarModsDotTomlModFileReader/SCAN]: Found META-INF/neoforge.mods.toml mod of type null: C:\Users\Leo\OneDrive\Desktop\Modding\Minecraft-Robettini\Robettini\ATM10\mods\little-big-redstone-1.4.11-beta-1.21.1.jar
[29Dec2025 03:42:17.459] [main/DEBUG] [net.neoforged.fml.loading.moddiscovery.ModFileParser/LOADING]: Considering mod file candidate C:\Users\Leo\OneDrive\Desktop\Modding\Minecraft-Robettini\Robettini\ATM10\mods\little-big-redstone-1.4.11-beta-1.21.1.jar
[29Dec2025 03:42:17.459] [main/DEBUG] [net.neoforged.fml.loading.moddiscovery.ModFileInfo/LOADING]: Found valid mod file little-big-redstone-1.4.11-beta-1.21.1.jar with {little_big_redstone} mods - versions {1.4.11-beta-1.21.1}
[29Dec2025 03:42:17.459] [main/INFO] [net.neoforged.fml.loading.moddiscovery.ModDiscoverer/SCAN]: Found mod file "little-big-redstone-1.4.11-beta-1.21.1.jar" [locator: {mods folder locator at C:\Users\Leo\OneDrive\Desktop\Modding\Minecraft-Robettini\Robettini\ATM10\mods}, reader: mod manifest]
[29Dec2025 03:42:17.460] [main/DEBUG] [net.neoforged.fml.loading.moddiscovery.readers.JarModsDotTomlModFileReader/SCAN]: Found META-INF/neoforge.mods.toml mod of type null: C:\Users\Leo\OneDrive\Desktop\Modding\Minecraft-Robettini\Robettini\ATM10\mods\livingthings-neoforge-1.21.1-2.3.0.jar
[29Dec2025 03:42:17.460] [main/DEBUG] [net.neoforged.fml.loading.moddiscovery.ModFileParser/LOADING]: Considering mod file candidate C:\Users\Leo\OneDrive\Desktop\Modding\Minecraft-Robettini\Robettini\ATM10\mods\livingthings-neoforge-1.21.1-2.3.0.jar
[29Dec2025 03:42:17.461] [main/DEBUG] [net.neoforged.fml.loading.moddiscovery.ModFileInfo/LOADING]: Found valid mod file livingthings-neoforge-1.21.1-2.3.0.jar with {livingthings} mods - versions {1.21.1-2.3.0}
[29Dec2025 03:42:17.461] [main/INFO] [net.neoforged.fml.loading.moddiscovery.ModDiscoverer/SCAN]: Found mod file "livingthings-neoforge-1.21.1-2.3.0.jar" [locator: {mods folder locator at C:\Users\Leo\OneDrive\Desktop\Modding\Minecraft-Robettini\Robettini\ATM10\mods}, reader: mod manifest]
[29Dec2025 03:42:17.462] [main/DEBUG] [net.neoforged.fml.loading.moddiscovery.readers.JarModsDotTomlModFileReader/SCAN]: Found META-INF/neoforge.mods.toml mod of type null: C:\Users\Leo\OneDrive\Desktop\Modding\Minecraft-Robettini\Robettini\ATM10\mods\lmft-1.1.1+1.21.9-neoforge.jar
[29Dec2025 03:42:17.462] [main/DEBUG] [net.neoforged.fml.loading.moddiscovery.ModFileParser/LOADING]: Considering mod file candidate C:\Users\Leo\OneDrive\Desktop\Modding\Minecraft-Robettini\Robettini\ATM10\mods\lmft-1.1.1+1.21.9-neoforge.jar
[29Dec2025 03:42:17.462] [main/DEBUG] [net.neoforged.fml.loading.moddiscovery.ModFileInfo/LOADING]: Found valid mod file lmft-1.1.1+1.21.9-neoforge.jar with {lmft} mods - versions {1.1.1+1.21.9}
[29Dec2025 03:42:17.462] [main/INFO] [net.neoforged.fml.loading.moddiscovery.ModDiscoverer/SCAN]: Found mod file "lmft-1.1.1+1.21.9-neoforge.jar" [locator: {mods folder locator at C:\Users\Leo\OneDrive\Desktop\Modding\Minecraft-Robettini\Robettini\ATM10\mods}, reader: mod manifest]
[29Dec2025 03:42:17.463] [main/DEBUG] [net.neoforged.fml.loading.moddiscovery.readers.JarModsDotTomlModFileReader/SCAN]: Found META-INF/neoforge.mods.toml mod of type null: C:\Users\Leo\OneDrive\Desktop\Modding\Minecraft-Robettini\Robettini\ATM10\mods\lootr-neoforge-1.21-1.10.35.95.jar
[29Dec2025 03:42:17.463] [main/DEBUG] [net.neoforged.fml.loading.moddiscovery.ModFileParser/LOADING]: Considering mod file candidate C:\Users\Leo\OneDrive\Desktop\Modding\Minecraft-Robettini\Robettini\ATM10\mods\lootr-neoforge-1.21-1.10.35.95.jar
[29Dec2025 03:42:17.463] [main/DEBUG] [net.neoforged.fml.loading.moddiscovery.ModFileInfo/LOADING]: Found valid mod file lootr-neoforge-1.21-1.10.35.95.jar with {lootr} mods - versions {1.21-1.10.35.95}
[29Dec2025 03:42:17.463] [main/INFO] [net.neoforged.fml.loading.moddiscovery.ModDiscoverer/SCAN]: Found mod file "lootr-neoforge-1.21-1.10.35.95.jar" [locator: {mods folder locator at C:\Users\Leo\OneDrive\Desktop\Modding\Minecraft-Robettini\Robettini\ATM10\mods}, reader: mod manifest]
[29Dec2025 03:42:17.464] [main/DEBUG] [net.neoforged.fml.loading.moddiscovery.readers.JarModsDotTomlModFileReader/SCAN]: Found META-INF/neoforge.mods.toml mod of type null: C:\Users\Leo\OneDrive\Desktop\Modding\Minecraft-Robettini\Robettini\ATM10\mods\luminax-1.3.1_neoforge_1.21.1.jar
[29Dec2025 03:42:17.464] [main/DEBUG] [net.neoforged.fml.loading.moddiscovery.ModFileParser/LOADING]: Considering mod file candidate C:\Users\Leo\OneDrive\Desktop\Modding\Minecraft-Robettini\Robettini\ATM10\mods\luminax-1.3.1_neoforge_1.21.1.jar
[29Dec2025 03:42:17.465] [main/DEBUG] [net.neoforged.fml.loading.moddiscovery.ModFileInfo/LOADING]: Found valid mod file luminax-1.3.1_neoforge_1.21.1.jar with {luminax} mods - versions {1.3.1}
[29Dec2025 03:42:17.465] [main/INFO] [net.neoforged.fml.loading.moddiscovery.ModDiscoverer/SCAN]: Found mod file "luminax-1.3.1_neoforge_1.21.1.jar" [locator: {mods folder locator at C:\Users\Leo\OneDrive\Desktop\Modding\Minecraft-Robettini\Robettini\ATM10\mods}, reader: mod manifest]
[29Dec2025 03:42:17.466] [main/DEBUG] [net.neoforged.fml.loading.moddiscovery.readers.JarModsDotTomlModFileReader/SCAN]: Found META-INF/neoforge.mods.toml mod of type null: C:\Users\Leo\OneDrive\Desktop\Modding\Minecraft-Robettini\Robettini\ATM10\mods\mahoutsukai-1.21.1-v1.36.20.jar
[29Dec2025 03:42:17.466] [main/DEBUG] [net.neoforged.fml.loading.moddiscovery.ModFileParser/LOADING]: Considering mod file candidate C:\Users\Leo\OneDrive\Desktop\Modding\Minecraft-Robettini\Robettini\ATM10\mods\mahoutsukai-1.21.1-v1.36.20.jar
[29Dec2025 03:42:17.466] [main/DEBUG] [net.neoforged.fml.loading.moddiscovery.ModFileInfo/LOADING]: Found valid mod file mahoutsukai-1.21.1-v1.36.20.jar with {mahoutsukai} mods - versions {1.21.1-v1.36.20}
[29Dec2025 03:42:17.466] [main/INFO] [net.neoforged.fml.loading.moddiscovery.ModDiscoverer/SCAN]: Found mod file "mahoutsukai-1.21.1-v1.36.20.jar" [locator: {mods folder locator at C:\Users\Leo\OneDrive\Desktop\Modding\Minecraft-Robettini\Robettini\ATM10\mods}, reader: mod manifest]
[29Dec2025 03:42:17.467] [main/DEBUG] [net.neoforged.fml.loading.moddiscovery.readers.JarModsDotTomlModFileReader/SCAN]: Found META-INF/neoforge.mods.toml mod of type null: C:\Users\Leo\OneDrive\Desktop\Modding\Minecraft-Robettini\Robettini\ATM10\mods\mcjtylib-1.21-9.0.19.jar
[29Dec2025 03:42:17.467] [main/DEBUG] [net.neoforged.fml.loading.moddiscovery.ModFileParser/LOADING]: Considering mod file candidate C:\Users\Leo\OneDrive\Desktop\Modding\Minecraft-Robettini\Robettini\ATM10\mods\mcjtylib-1.21-9.0.19.jar
[29Dec2025 03:42:17.467] [main/DEBUG] [net.neoforged.fml.loading.moddiscovery.ModFileInfo/LOADING]: Found valid mod file mcjtylib-1.21-9.0.19.jar with {mcjtylib} mods - versions {1.21-9.0.19}
[29Dec2025 03:42:17.467] [main/INFO] [net.neoforged.fml.loading.moddiscovery.ModDiscoverer/SCAN]: Found mod file "mcjtylib-1.21-9.0.19.jar" [locator: {mods folder locator at C:\Users\Leo\OneDrive\Desktop\Modding\Minecraft-Robettini\Robettini\ATM10\mods}, reader: mod manifest]
[29Dec2025 03:42:17.468] [main/DEBUG] [net.neoforged.fml.loading.moddiscovery.readers.JarModsDotTomlModFileReader/SCAN]: Found META-INF/neoforge.mods.toml mod of type null: C:\Users\Leo\OneDrive\Desktop\Modding\Minecraft-Robettini\Robettini\ATM10\mods\mcw-bridges-3.1.1-mc1.21.1neoforge.jar
[29Dec2025 03:42:17.468] [main/DEBUG] [net.neoforged.fml.loading.moddiscovery.ModFileParser/LOADING]: Considering mod file candidate C:\Users\Leo\OneDrive\Desktop\Modding\Minecraft-Robettini\Robettini\ATM10\mods\mcw-bridges-3.1.1-mc1.21.1neoforge.jar
[29Dec2025 03:42:17.469] [main/DEBUG] [net.neoforged.fml.loading.moddiscovery.ModFileInfo/LOADING]: Found valid mod file mcw-bridges-3.1.1-mc1.21.1neoforge.jar with {mcwbridges} mods - versions {3.1.1}
[29Dec2025 03:42:17.469] [main/INFO] [net.neoforged.fml.loading.moddiscovery.ModDiscoverer/SCAN]: Found mod file "mcw-bridges-3.1.1-mc1.21.1neoforge.jar" [locator: {mods folder locator at C:\Users\Leo\OneDrive\Desktop\Modding\Minecraft-Robettini\Robettini\ATM10\mods}, reader: mod manifest]
[29Dec2025 03:42:17.470] [main/DEBUG] [net.neoforged.fml.loading.moddiscovery.readers.JarModsDotTomlModFileReader/SCAN]: Found META-INF/neoforge.mods.toml mod of type null: C:\Users\Leo\OneDrive\Desktop\Modding\Minecraft-Robettini\Robettini\ATM10\mods\mcw-doors-1.1.2-mc1.21.1neoforge.jar
[29Dec2025 03:42:17.470] [main/DEBUG] [net.neoforged.fml.loading.moddiscovery.ModFileParser/LOADING]: Considering mod file candidate C:\Users\Leo\OneDrive\Desktop\Modding\Minecraft-Robettini\Robettini\ATM10\mods\mcw-doors-1.1.2-mc1.21.1neoforge.jar
[29Dec2025 03:42:17.470] [main/DEBUG] [net.neoforged.fml.loading.moddiscovery.ModFileInfo/LOADING]: Found valid mod file mcw-doors-1.1.2-mc1.21.1neoforge.jar with {mcwdoors} mods - versions {1.1.2}
[29Dec2025 03:42:17.470] [main/INFO] [net.neoforged.fml.loading.moddiscovery.ModDiscoverer/SCAN]: Found mod file "mcw-doors-1.1.2-mc1.21.1neoforge.jar" [locator: {mods folder locator at C:\Users\Leo\OneDrive\Desktop\Modding\Minecraft-Robettini\Robettini\ATM10\mods}, reader: mod manifest]
[29Dec2025 03:42:17.471] [main/DEBUG] [net.neoforged.fml.loading.moddiscovery.readers.JarModsDotTomlModFileReader/SCAN]: Found META-INF/neoforge.mods.toml mod of type null: C:\Users\Leo\OneDrive\Desktop\Modding\Minecraft-Robettini\Robettini\ATM10\mods\mcw-fences-1.2.0-1.21.1neoforge.jar
[29Dec2025 03:42:17.471] [main/DEBUG] [net.neoforged.fml.loading.moddiscovery.ModFileParser/LOADING]: Considering mod file candidate C:\Users\Leo\OneDrive\Desktop\Modding\Minecraft-Robettini\Robettini\ATM10\mods\mcw-fences-1.2.0-1.21.1neoforge.jar
[29Dec2025 03:42:17.471] [main/DEBUG] [net.neoforged.fml.loading.moddiscovery.ModFileInfo/LOADING]: Found valid mod file mcw-fences-1.2.0-1.21.1neoforge.jar with {mcwfences} mods - versions {1.2.0}
[29Dec2025 03:42:17.471] [main/INFO] [net.neoforged.fml.loading.moddiscovery.ModDiscoverer/SCAN]: Found mod file "mcw-fences-1.2.0-1.21.1neoforge.jar" [locator: {mods folder locator at C:\Users\Leo\OneDrive\Desktop\Modding\Minecraft-Robettini\Robettini\ATM10\mods}, reader: mod manifest]
[29Dec2025 03:42:17.473] [main/DEBUG] [net.neoforged.fml.loading.moddiscovery.readers.JarModsDotTomlModFileReader/SCAN]: Found META-INF/neoforge.mods.toml mod of type null: C:\Users\Leo\OneDrive\Desktop\Modding\Minecraft-Robettini\Robettini\ATM10\mods\mcw-furniture-3.4.1-mc1.21.1neoforge.jar
[29Dec2025 03:42:17.473] [main/DEBUG] [net.neoforged.fml.loading.moddiscovery.ModFileParser/LOADING]: Considering mod file candidate C:\Users\Leo\OneDrive\Desktop\Modding\Minecraft-Robettini\Robettini\ATM10\mods\mcw-furniture-3.4.1-mc1.21.1neoforge.jar
[29Dec2025 03:42:17.473] [main/DEBUG] [net.neoforged.fml.loading.moddiscovery.ModFileInfo/LOADING]: Found valid mod file mcw-furniture-3.4.1-mc1.21.1neoforge.jar with {mcwfurnitures} mods - versions {3.4.1}
[29Dec2025 03:42:17.473] [main/INFO] [net.neoforged.fml.loading.moddiscovery.ModDiscoverer/SCAN]: Found mod file "mcw-furniture-3.4.1-mc1.21.1neoforge.jar" [locator: {mods folder locator at C:\Users\Leo\OneDrive\Desktop\Modding\Minecraft-Robettini\Robettini\ATM10\mods}, reader: mod manifest]
[29Dec2025 03:42:17.474] [main/DEBUG] [net.neoforged.fml.loading.moddiscovery.readers.JarModsDotTomlModFileReader/SCAN]: Found META-INF/neoforge.mods.toml mod of type null: C:\Users\Leo\OneDrive\Desktop\Modding\Minecraft-Robettini\Robettini\ATM10\mods\mcw-lights-1.1.2-mc1.21.1neoforge.jar
[29Dec2025 03:42:17.474] [main/DEBUG] [net.neoforged.fml.loading.moddiscovery.ModFileParser/LOADING]: Considering mod file candidate C:\Users\Leo\OneDrive\Desktop\Modding\Minecraft-Robettini\Robettini\ATM10\mods\mcw-lights-1.1.2-mc1.21.1neoforge.jar
[29Dec2025 03:42:17.475] [main/DEBUG] [net.neoforged.fml.loading.moddiscovery.ModFileInfo/LOADING]: Found valid mod file mcw-lights-1.1.2-mc1.21.1neoforge.jar with {mcwlights} mods - versions {1.1.2}
[29Dec2025 03:42:17.475] [main/INFO] [net.neoforged.fml.loading.moddiscovery.ModDiscoverer/SCAN]: Found mod file "mcw-lights-1.1.2-mc1.21.1neoforge.jar" [locator: {mods folder locator at C:\Users\Leo\OneDrive\Desktop\Modding\Minecraft-Robettini\Robettini\ATM10\mods}, reader: mod manifest]
[29Dec2025 03:42:17.476] [main/DEBUG] [net.neoforged.fml.loading.moddiscovery.readers.JarModsDotTomlModFileReader/SCAN]: Found META-INF/neoforge.mods.toml mod of type null: C:\Users\Leo\OneDrive\Desktop\Modding\Minecraft-Robettini\Robettini\ATM10\mods\mcw-mcwholidays-1.1.1-mc1.21.1neoforge.jar
[29Dec2025 03:42:17.476] [main/DEBUG] [net.neoforged.fml.loading.moddiscovery.ModFileParser/LOADING]: Considering mod file candidate C:\Users\Leo\OneDrive\Desktop\Modding\Minecraft-Robettini\Robettini\ATM10\mods\mcw-mcwholidays-1.1.1-mc1.21.1neoforge.jar
[29Dec2025 03:42:17.476] [main/DEBUG] [net.neoforged.fml.loading.moddiscovery.ModFileInfo/LOADING]: Found valid mod file mcw-mcwholidays-1.1.1-mc1.21.1neoforge.jar with {mcwholidays} mods - versions {1.1.1}
[29Dec2025 03:42:17.476] [main/INFO] [net.neoforged.fml.loading.moddiscovery.ModDiscoverer/SCAN]: Found mod file "mcw-mcwholidays-1.1.1-mc1.21.1neoforge.jar" [locator: {mods folder locator at C:\Users\Leo\OneDrive\Desktop\Modding\Minecraft-Robettini\Robettini\ATM10\mods}, reader: mod manifest]
[29Dec2025 03:42:17.477] [main/DEBUG] [net.neoforged.fml.loading.moddiscovery.readers.JarModsDotTomlModFileReader/SCAN]: Found META-INF/neoforge.mods.toml mod of type null: C:\Users\Leo\OneDrive\Desktop\Modding\Minecraft-Robettini\Robettini\ATM10\mods\mcw-mcwpaths-1.1.1-mc1.21.1neoforge.jar
[29Dec2025 03:42:17.477] [main/DEBUG] [net.neoforged.fml.loading.moddiscovery.ModFileParser/LOADING]: Considering mod file candidate C:\Users\Leo\OneDrive\Desktop\Modding\Minecraft-Robettini\Robettini\ATM10\mods\mcw-mcwpaths-1.1.1-mc1.21.1neoforge.jar
[29Dec2025 03:42:17.477] [main/DEBUG] [net.neoforged.fml.loading.moddiscovery.ModFileInfo/LOADING]: Found valid mod file mcw-mcwpaths-1.1.1-mc1.21.1neoforge.jar with {mcwpaths} mods - versions {1.1.1}
[29Dec2025 03:42:17.477] [main/INFO] [net.neoforged.fml.loading.moddiscovery.ModDiscoverer/SCAN]: Found mod file "mcw-mcwpaths-1.1.1-mc1.21.1neoforge.jar" [locator: {mods folder locator at C:\Users\Leo\OneDrive\Desktop\Modding\Minecraft-Robettini\Robettini\ATM10\mods}, reader: mod manifest]
[29Dec2025 03:42:17.479] [main/DEBUG] [net.neoforged.fml.loading.moddiscovery.readers.JarModsDotTomlModFileReader/SCAN]: Found META-INF/neoforge.mods.toml mod of type null: C:\Users\Leo\OneDrive\Desktop\Modding\Minecraft-Robettini\Robettini\ATM10\mods\mcw-mcwwindows-2.4.1-mc1.21.1neoforge.jar
[29Dec2025 03:42:17.479] [main/DEBUG] [net.neoforged.fml.loading.moddiscovery.ModFileParser/LOADING]: Considering mod file candidate C:\Users\Leo\OneDrive\Desktop\Modding\Minecraft-Robettini\Robettini\ATM10\mods\mcw-mcwwindows-2.4.1-mc1.21.1neoforge.jar
[29Dec2025 03:42:17.479] [main/DEBUG] [net.neoforged.fml.loading.moddiscovery.ModFileInfo/LOADING]: Found valid mod file mcw-mcwwindows-2.4.1-mc1.21.1neoforge.jar with {mcwwindows} mods - versions {2.4.1}
[29Dec2025 03:42:17.479] [main/INFO] [net.neoforged.fml.loading.moddiscovery.ModDiscoverer/SCAN]: Found mod file "mcw-mcwwindows-2.4.1-mc1.21.1neoforge.jar" [locator: {mods folder locator at C:\Users\Leo\OneDrive\Desktop\Modding\Minecraft-Robettini\Robettini\ATM10\mods}, reader: mod manifest]
[29Dec2025 03:42:17.481] [main/DEBUG] [net.neoforged.fml.loading.moddiscovery.readers.JarModsDotTomlModFileReader/SCAN]: Found META-INF/neoforge.mods.toml mod of type null: C:\Users\Leo\OneDrive\Desktop\Modding\Minecraft-Robettini\Robettini\ATM10\mods\mcw-roofs-2.3.2-mc1.21.1neoforge.jar
[29Dec2025 03:42:17.481] [main/DEBUG] [net.neoforged.fml.loading.moddiscovery.ModFileParser/LOADING]: Considering mod file candidate C:\Users\Leo\OneDrive\Desktop\Modding\Minecraft-Robettini\Robettini\ATM10\mods\mcw-roofs-2.3.2-mc1.21.1neoforge.jar
[29Dec2025 03:42:17.481] [main/DEBUG] [net.neoforged.fml.loading.moddiscovery.ModFileInfo/LOADING]: Found valid mod file mcw-roofs-2.3.2-mc1.21.1neoforge.jar with {mcwroofs} mods - versions {2.3.2}
[29Dec2025 03:42:17.481] [main/INFO] [net.neoforged.fml.loading.moddiscovery.ModDiscoverer/SCAN]: Found mod file "mcw-roofs-2.3.2-mc1.21.1neoforge.jar" [locator: {mods folder locator at C:\Users\Leo\OneDrive\Desktop\Modding\Minecraft-Robettini\Robettini\ATM10\mods}, reader: mod manifest]
[29Dec2025 03:42:17.482] [main/DEBUG] [net.neoforged.fml.loading.moddiscovery.readers.JarModsDotTomlModFileReader/SCAN]: Found META-INF/neoforge.mods.toml mod of type null: C:\Users\Leo\OneDrive\Desktop\Modding\Minecraft-Robettini\Robettini\ATM10\mods\mcw-stairs-1.0.1-1.21.1neoforge.jar
[29Dec2025 03:42:17.482] [main/DEBUG] [net.neoforged.fml.loading.moddiscovery.ModFileParser/LOADING]: Considering mod file candidate C:\Users\Leo\OneDrive\Desktop\Modding\Minecraft-Robettini\Robettini\ATM10\mods\mcw-stairs-1.0.1-1.21.1neoforge.jar
[29Dec2025 03:42:17.482] [main/DEBUG] [net.neoforged.fml.loading.moddiscovery.ModFileInfo/LOADING]: Found valid mod file mcw-stairs-1.0.1-1.21.1neoforge.jar with {mcwstairs} mods - versions {1.0.1}
[29Dec2025 03:42:17.482] [main/INFO] [net.neoforged.fml.loading.moddiscovery.ModDiscoverer/SCAN]: Found mod file "mcw-stairs-1.0.1-1.21.1neoforge.jar" [locator: {mods folder locator at C:\Users\Leo\OneDrive\Desktop\Modding\Minecraft-Robettini\Robettini\ATM10\mods}, reader: mod manifest]
[29Dec2025 03:42:17.483] [main/DEBUG] [net.neoforged.fml.loading.moddiscovery.readers.JarModsDotTomlModFileReader/SCAN]: Found META-INF/neoforge.mods.toml mod of type null: C:\Users\Leo\OneDrive\Desktop\Modding\Minecraft-Robettini\Robettini\ATM10\mods\mcw-trapdoors-1.1.5-mc1.21.1neoforge.jar
[29Dec2025 03:42:17.483] [main/DEBUG] [net.neoforged.fml.loading.moddiscovery.ModFileParser/LOADING]: Considering mod file candidate C:\Users\Leo\OneDrive\Desktop\Modding\Minecraft-Robettini\Robettini\ATM10\mods\mcw-trapdoors-1.1.5-mc1.21.1neoforge.jar
[29Dec2025 03:42:17.483] [main/DEBUG] [net.neoforged.fml.loading.moddiscovery.ModFileInfo/LOADING]: Found valid mod file mcw-trapdoors-1.1.5-mc1.21.1neoforge.jar with {mcwtrpdoors} mods - versions {1.1.5}
[29Dec2025 03:42:17.483] [main/INFO] [net.neoforged.fml.loading.moddiscovery.ModDiscoverer/SCAN]: Found mod file "mcw-trapdoors-1.1.5-mc1.21.1neoforge.jar" [locator: {mods folder locator at C:\Users\Leo\OneDrive\Desktop\Modding\Minecraft-Robettini\Robettini\ATM10\mods}, reader: mod manifest]
[29Dec2025 03:42:17.484] [main/DEBUG] [net.neoforged.fml.loading.moddiscovery.readers.JarModsDotTomlModFileReader/SCAN]: Found META-INF/neoforge.mods.toml mod of type null: C:\Users\Leo\OneDrive\Desktop\Modding\Minecraft-Robettini\Robettini\ATM10\mods\Measurements-neoforge-1.21.1-3.0.3.jar
[29Dec2025 03:42:17.484] [main/DEBUG] [net.neoforged.fml.loading.moddiscovery.ModFileParser/LOADING]: Considering mod file candidate C:\Users\Leo\OneDrive\Desktop\Modding\Minecraft-Robettini\Robettini\ATM10\mods\Measurements-neoforge-1.21.1-3.0.3.jar
[29Dec2025 03:42:17.485] [main/DEBUG] [net.neoforged.fml.loading.moddiscovery.ModFileInfo/LOADING]: Found valid mod file Measurements-neoforge-1.21.1-3.0.3.jar with {measurements} mods - versions {3.0.3}
[29Dec2025 03:42:17.485] [main/INFO] [net.neoforged.fml.loading.moddiscovery.ModDiscoverer/SCAN]: Found mod file "Measurements-neoforge-1.21.1-3.0.3.jar" [locator: {mods folder locator at C:\Users\Leo\OneDrive\Desktop\Modding\Minecraft-Robettini\Robettini\ATM10\mods}, reader: mod manifest]
[29Dec2025 03:42:17.486] [main/DEBUG] [net.neoforged.fml.loading.moddiscovery.readers.JarModsDotTomlModFileReader/SCAN]: Found META-INF/neoforge.mods.toml mod of type null: C:\Users\Leo\OneDrive\Desktop\Modding\Minecraft-Robettini\Robettini\ATM10\mods\megacells-4.10.1.jar
[29Dec2025 03:42:17.486] [main/DEBUG] [net.neoforged.fml.loading.moddiscovery.ModFileParser/LOADING]: Considering mod file candidate C:\Users\Leo\OneDrive\Desktop\Modding\Minecraft-Robettini\Robettini\ATM10\mods\megacells-4.10.1.jar
[29Dec2025 03:42:17.486] [main/DEBUG] [net.neoforged.fml.loading.moddiscovery.ModFileInfo/LOADING]: Found valid mod file megacells-4.10.1.jar with {megacells} mods - versions {4.10.1}
[29Dec2025 03:42:17.486] [main/INFO] [net.neoforged.fml.loading.moddiscovery.ModDiscoverer/SCAN]: Found mod file "megacells-4.10.1.jar" [locator: {mods folder locator at C:\Users\Leo\OneDrive\Desktop\Modding\Minecraft-Robettini\Robettini\ATM10\mods}, reader: mod manifest]
[29Dec2025 03:42:17.488] [main/DEBUG] [net.neoforged.fml.loading.moddiscovery.readers.JarModsDotTomlModFileReader/SCAN]: Found META-INF/neoforge.mods.toml mod of type null: C:\Users\Leo\OneDrive\Desktop\Modding\Minecraft-Robettini\Robettini\ATM10\mods\Mekanism-1.21.1-10.7.17.83.jar
[29Dec2025 03:42:17.488] [main/DEBUG] [net.neoforged.fml.loading.moddiscovery.ModFileParser/LOADING]: Considering mod file candidate C:\Users\Leo\OneDrive\Desktop\Modding\Minecraft-Robettini\Robettini\ATM10\mods\Mekanism-1.21.1-10.7.17.83.jar
[29Dec2025 03:42:17.488] [main/DEBUG] [net.neoforged.fml.loading.moddiscovery.ModFileInfo/LOADING]: Found valid mod file Mekanism-1.21.1-10.7.17.83.jar with {mekanism} mods - versions {10.7.17}
[29Dec2025 03:42:17.488] [main/INFO] [net.neoforged.fml.loading.moddiscovery.ModDiscoverer/SCAN]: Found mod file "Mekanism-1.21.1-10.7.17.83.jar" [locator: {mods folder locator at C:\Users\Leo\OneDrive\Desktop\Modding\Minecraft-Robettini\Robettini\ATM10\mods}, reader: mod manifest]
[29Dec2025 03:42:17.490] [main/DEBUG] [net.neoforged.fml.loading.moddiscovery.readers.JarModsDotTomlModFileReader/SCAN]: Found META-INF/neoforge.mods.toml mod of type null: C:\Users\Leo\OneDrive\Desktop\Modding\Minecraft-Robettini\Robettini\ATM10\mods\mekanismcovers-1.3-BETA+1.21.jar
[29Dec2025 03:42:17.490] [main/DEBUG] [net.neoforged.fml.loading.moddiscovery.ModFileParser/LOADING]: Considering mod file candidate C:\Users\Leo\OneDrive\Desktop\Modding\Minecraft-Robettini\Robettini\ATM10\mods\mekanismcovers-1.3-BETA+1.21.jar
[29Dec2025 03:42:17.490] [main/DEBUG] [net.neoforged.fml.loading.moddiscovery.ModFileInfo/LOADING]: Found valid mod file mekanismcovers-1.3-BETA+1.21.jar with {mekanismcovers} mods - versions {1.3-BETA+1.21}
[29Dec2025 03:42:17.490] [main/INFO] [net.neoforged.fml.loading.moddiscovery.ModDiscoverer/SCAN]: Found mod file "mekanismcovers-1.3-BETA+1.21.jar" [locator: {mods folder locator at C:\Users\Leo\OneDrive\Desktop\Modding\Minecraft-Robettini\Robettini\ATM10\mods}, reader: mod manifest]
[29Dec2025 03:42:17.492] [main/DEBUG] [net.neoforged.fml.loading.moddiscovery.readers.JarModsDotTomlModFileReader/SCAN]: Found META-INF/neoforge.mods.toml mod of type null: C:\Users\Leo\OneDrive\Desktop\Modding\Minecraft-Robettini\Robettini\ATM10\mods\MekanismGenerators-1.21.1-10.7.17.83.jar
[29Dec2025 03:42:17.492] [main/DEBUG] [net.neoforged.fml.loading.moddiscovery.ModFileParser/LOADING]: Considering mod file candidate C:\Users\Leo\OneDrive\Desktop\Modding\Minecraft-Robettini\Robettini\ATM10\mods\MekanismGenerators-1.21.1-10.7.17.83.jar
[29Dec2025 03:42:17.492] [main/DEBUG] [net.neoforged.fml.loading.moddiscovery.ModFileInfo/LOADING]: Found valid mod file MekanismGenerators-1.21.1-10.7.17.83.jar with {mekanismgenerators} mods - versions {10.7.17}
[29Dec2025 03:42:17.492] [main/INFO] [net.neoforged.fml.loading.moddiscovery.ModDiscoverer/SCAN]: Found mod file "MekanismGenerators-1.21.1-10.7.17.83.jar" [locator: {mods folder locator at C:\Users\Leo\OneDrive\Desktop\Modding\Minecraft-Robettini\Robettini\ATM10\mods}, reader: mod manifest]
[29Dec2025 03:42:17.493] [main/DEBUG] [net.neoforged.fml.loading.moddiscovery.readers.JarModsDotTomlModFileReader/SCAN]: Found META-INF/neoforge.mods.toml mod of type null: C:\Users\Leo\OneDrive\Desktop\Modding\Minecraft-Robettini\Robettini\ATM10\mods\MekanismTools-1.21.1-10.7.17.83.jar
[29Dec2025 03:42:17.493] [main/DEBUG] [net.neoforged.fml.loading.moddiscovery.ModFileParser/LOADING]: Considering mod file candidate C:\Users\Leo\OneDrive\Desktop\Modding\Minecraft-Robettini\Robettini\ATM10\mods\MekanismTools-1.21.1-10.7.17.83.jar
[29Dec2025 03:42:17.493] [main/DEBUG] [net.neoforged.fml.loading.moddiscovery.ModFileInfo/LOADING]: Found valid mod file MekanismTools-1.21.1-10.7.17.83.jar with {mekanismtools} mods - versions {10.7.17}
[29Dec2025 03:42:17.493] [main/INFO] [net.neoforged.fml.loading.moddiscovery.ModDiscoverer/SCAN]: Found mod file "MekanismTools-1.21.1-10.7.17.83.jar" [locator: {mods folder locator at C:\Users\Leo\OneDrive\Desktop\Modding\Minecraft-Robettini\Robettini\ATM10\mods}, reader: mod manifest]
[29Dec2025 03:42:17.494] [main/DEBUG] [net.neoforged.fml.loading.moddiscovery.readers.JarModsDotTomlModFileReader/SCAN]: Found META-INF/neoforge.mods.toml mod of type null: C:\Users\Leo\OneDrive\Desktop\Modding\Minecraft-Robettini\Robettini\ATM10\mods\mekanisticrouters-1.1.1.jar
[29Dec2025 03:42:17.494] [main/DEBUG] [net.neoforged.fml.loading.moddiscovery.ModFileParser/LOADING]: Considering mod file candidate C:\Users\Leo\OneDrive\Desktop\Modding\Minecraft-Robettini\Robettini\ATM10\mods\mekanisticrouters-1.1.1.jar
[29Dec2025 03:42:17.495] [main/DEBUG] [net.neoforged.fml.loading.moddiscovery.ModFileInfo/LOADING]: Found valid mod file mekanisticrouters-1.1.1.jar with {mekanisticrouters} mods - versions {1.1.1}
[29Dec2025 03:42:17.495] [main/INFO] [net.neoforged.fml.loading.moddiscovery.ModDiscoverer/SCAN]: Found mod file "mekanisticrouters-1.1.1.jar" [locator: {mods folder locator at C:\Users\Leo\OneDrive\Desktop\Modding\Minecraft-Robettini\Robettini\ATM10\mods}, reader: mod manifest]
[29Dec2025 03:42:17.496] [main/DEBUG] [net.neoforged.fml.loading.moddiscovery.readers.JarModsDotTomlModFileReader/SCAN]: Found META-INF/neoforge.mods.toml mod of type null: C:\Users\Leo\OneDrive\Desktop\Modding\Minecraft-Robettini\Robettini\ATM10\mods\mekmm-1.21.1-1.2.0.jar
[29Dec2025 03:42:17.496] [main/DEBUG] [net.neoforged.fml.loading.moddiscovery.ModFileParser/LOADING]: Considering mod file candidate C:\Users\Leo\OneDrive\Desktop\Modding\Minecraft-Robettini\Robettini\ATM10\mods\mekmm-1.21.1-1.2.0.jar
[29Dec2025 03:42:17.497] [main/DEBUG] [net.neoforged.fml.loading.moddiscovery.ModFileInfo/LOADING]: Found valid mod file mekmm-1.21.1-1.2.0.jar with {mekmm} mods - versions {1.2.0-SNAPSHOT+a955da4}
[29Dec2025 03:42:17.497] [main/INFO] [net.neoforged.fml.loading.moddiscovery.ModDiscoverer/SCAN]: Found mod file "mekmm-1.21.1-1.2.0.jar" [locator: {mods folder locator at C:\Users\Leo\OneDrive\Desktop\Modding\Minecraft-Robettini\Robettini\ATM10\mods}, reader: mod manifest]
[29Dec2025 03:42:17.498] [main/DEBUG] [net.neoforged.fml.loading.moddiscovery.readers.JarModsDotTomlModFileReader/SCAN]: Found META-INF/neoforge.mods.toml mod of type null: C:\Users\Leo\OneDrive\Desktop\Modding\Minecraft-Robettini\Robettini\ATM10\mods\melody_neoforge_1.0.10_MC_1.21.jar
[29Dec2025 03:42:17.498] [main/DEBUG] [net.neoforged.fml.loading.moddiscovery.ModFileParser/LOADING]: Considering mod file candidate C:\Users\Leo\OneDrive\Desktop\Modding\Minecraft-Robettini\Robettini\ATM10\mods\melody_neoforge_1.0.10_MC_1.21.jar
[29Dec2025 03:42:17.498] [main/DEBUG] [net.neoforged.fml.loading.moddiscovery.ModFileInfo/LOADING]: Found valid mod file melody_neoforge_1.0.10_MC_1.21.jar with {melody} mods - versions {1.0.10}
[29Dec2025 03:42:17.498] [main/INFO] [net.neoforged.fml.loading.moddiscovery.ModDiscoverer/SCAN]: Found mod file "melody_neoforge_1.0.10_MC_1.21.jar" [locator: {mods folder locator at C:\Users\Leo\OneDrive\Desktop\Modding\Minecraft-Robettini\Robettini\ATM10\mods}, reader: mod manifest]
[29Dec2025 03:42:17.499] [main/DEBUG] [net.neoforged.fml.loading.moddiscovery.readers.JarModsDotTomlModFileReader/SCAN]: Found META-INF/neoforge.mods.toml mod of type null: C:\Users\Leo\OneDrive\Desktop\Modding\Minecraft-Robettini\Robettini\ATM10\mods\memorysettings-1.21-5.9.jar
[29Dec2025 03:42:17.499] [main/DEBUG] [net.neoforged.fml.loading.moddiscovery.ModFileParser/LOADING]: Considering mod file candidate C:\Users\Leo\OneDrive\Desktop\Modding\Minecraft-Robettini\Robettini\ATM10\mods\memorysettings-1.21-5.9.jar
[29Dec2025 03:42:17.500] [main/DEBUG] [net.neoforged.fml.loading.moddiscovery.ModFileInfo/LOADING]: Found valid mod file memorysettings-1.21-5.9.jar with {memorysettings} mods - versions {5.9}
[29Dec2025 03:42:17.500] [main/INFO] [net.neoforged.fml.loading.moddiscovery.ModDiscoverer/SCAN]: Found mod file "memorysettings-1.21-5.9.jar" [locator: {mods folder locator at C:\Users\Leo\OneDrive\Desktop\Modding\Minecraft-Robettini\Robettini\ATM10\mods}, reader: mod manifest]
[29Dec2025 03:42:17.501] [main/DEBUG] [net.neoforged.fml.loading.moddiscovery.readers.JarModsDotTomlModFileReader/SCAN]: Found META-INF/neoforge.mods.toml mod of type null: C:\Users\Leo\OneDrive\Desktop\Modding\Minecraft-Robettini\Robettini\ATM10\mods\merequester-neoforge-1.21.1-1.4.1.jar
[29Dec2025 03:42:17.501] [main/DEBUG] [net.neoforged.fml.loading.moddiscovery.ModFileParser/LOADING]: Considering mod file candidate C:\Users\Leo\OneDrive\Desktop\Modding\Minecraft-Robettini\Robettini\ATM10\mods\merequester-neoforge-1.21.1-1.4.1.jar
[29Dec2025 03:42:17.501] [main/DEBUG] [net.neoforged.fml.loading.moddiscovery.ModFileInfo/LOADING]: Found valid mod file merequester-neoforge-1.21.1-1.4.1.jar with {merequester} mods - versions {1.21.1-1.4.1}
[29Dec2025 03:42:17.501] [main/INFO] [net.neoforged.fml.loading.moddiscovery.ModDiscoverer/SCAN]: Found mod file "merequester-neoforge-1.21.1-1.4.1.jar" [locator: {mods folder locator at C:\Users\Leo\OneDrive\Desktop\Modding\Minecraft-Robettini\Robettini\ATM10\mods}, reader: mod manifest]
[29Dec2025 03:42:17.503] [main/DEBUG] [net.neoforged.fml.loading.moddiscovery.readers.JarModsDotTomlModFileReader/SCAN]: Found META-INF/neoforge.mods.toml mod of type null: C:\Users\Leo\OneDrive\Desktop\Modding\Minecraft-Robettini\Robettini\ATM10\mods\merrymaking-1.21.1-13.jar
[29Dec2025 03:42:17.503] [main/DEBUG] [net.neoforged.fml.loading.moddiscovery.ModFileParser/LOADING]: Considering mod file candidate C:\Users\Leo\OneDrive\Desktop\Modding\Minecraft-Robettini\Robettini\ATM10\mods\merrymaking-1.21.1-13.jar
[29Dec2025 03:42:17.503] [main/DEBUG] [net.neoforged.fml.loading.moddiscovery.ModFileInfo/LOADING]: Found valid mod file merrymaking-1.21.1-13.jar with {merrymaking} mods - versions {1.21.1-13}
[29Dec2025 03:42:17.503] [main/INFO] [net.neoforged.fml.loading.moddiscovery.ModDiscoverer/SCAN]: Found mod file "merrymaking-1.21.1-13.jar" [locator: {mods folder locator at C:\Users\Leo\OneDrive\Desktop\Modding\Minecraft-Robettini\Robettini\ATM10\mods}, reader: mod manifest]
[29Dec2025 03:42:17.504] [main/DEBUG] [net.neoforged.fml.loading.moddiscovery.readers.JarModsDotTomlModFileReader/SCAN]: Found META-INF/neoforge.mods.toml mod of type null: C:\Users\Leo\OneDrive\Desktop\Modding\Minecraft-Robettini\Robettini\ATM10\mods\mffs-5.4.25.jar
[29Dec2025 03:42:17.504] [main/DEBUG] [net.neoforged.fml.loading.moddiscovery.ModFileParser/LOADING]: Considering mod file candidate C:\Users\Leo\OneDrive\Desktop\Modding\Minecraft-Robettini\Robettini\ATM10\mods\mffs-5.4.25.jar
[29Dec2025 03:42:17.505] [main/DEBUG] [net.neoforged.fml.loading.moddiscovery.ModFileInfo/LOADING]: Found valid mod file mffs-5.4.25.jar with {mffs} mods - versions {5.4.25}
[29Dec2025 03:42:17.505] [main/INFO] [net.neoforged.fml.loading.moddiscovery.ModDiscoverer/SCAN]: Found mod file "mffs-5.4.25.jar" [locator: {mods folder locator at C:\Users\Leo\OneDrive\Desktop\Modding\Minecraft-Robettini\Robettini\ATM10\mods}, reader: mod manifest]
[29Dec2025 03:42:17.506] [main/DEBUG] [net.neoforged.fml.loading.moddiscovery.readers.JarModsDotTomlModFileReader/SCAN]: Found META-INF/neoforge.mods.toml mod of type null: C:\Users\Leo\OneDrive\Desktop\Modding\Minecraft-Robettini\Robettini\ATM10\mods\mifa-neoforge-1.21.x-2.1.0.jar
[29Dec2025 03:42:17.506] [main/DEBUG] [net.neoforged.fml.loading.moddiscovery.ModFileParser/LOADING]: Considering mod file candidate C:\Users\Leo\OneDrive\Desktop\Modding\Minecraft-Robettini\Robettini\ATM10\mods\mifa-neoforge-1.21.x-2.1.0.jar
[29Dec2025 03:42:17.506] [main/DEBUG] [net.neoforged.fml.loading.moddiscovery.ModFileInfo/LOADING]: Found valid mod file mifa-neoforge-1.21.x-2.1.0.jar with {mifa} mods - versions {2.1.0}
[29Dec2025 03:42:17.506] [main/INFO] [net.neoforged.fml.loading.moddiscovery.ModDiscoverer/SCAN]: Found mod file "mifa-neoforge-1.21.x-2.1.0.jar" [locator: {mods folder locator at C:\Users\Leo\OneDrive\Desktop\Modding\Minecraft-Robettini\Robettini\ATM10\mods}, reader: mod manifest]
[29Dec2025 03:42:17.511] [main/DEBUG] [net.neoforged.fml.loading.moddiscovery.readers.JarModsDotTomlModFileReader/SCAN]: Found META-INF/neoforge.mods.toml mod of type null: C:\Users\Leo\OneDrive\Desktop\Modding\Minecraft-Robettini\Robettini\ATM10\mods\minecolonies-1.1.1218-1.21.1-snapshot.jar
[29Dec2025 03:42:17.511] [main/DEBUG] [net.neoforged.fml.loading.moddiscovery.ModFileParser/LOADING]: Considering mod file candidate C:\Users\Leo\OneDrive\Desktop\Modding\Minecraft-Robettini\Robettini\ATM10\mods\minecolonies-1.1.1218-1.21.1-snapshot.jar
[29Dec2025 03:42:17.511] [main/DEBUG] [net.neoforged.fml.loading.moddiscovery.ModFileInfo/LOADING]: Found valid mod file minecolonies-1.1.1218-1.21.1-snapshot.jar with {minecolonies} mods - versions {1.1.1218-1.21.1-snapshot}
[29Dec2025 03:42:17.511] [main/INFO] [net.neoforged.fml.loading.moddiscovery.ModDiscoverer/SCAN]: Found mod file "minecolonies-1.1.1218-1.21.1-snapshot.jar" [locator: {mods folder locator at C:\Users\Leo\OneDrive\Desktop\Modding\Minecraft-Robettini\Robettini\ATM10\mods}, reader: mod manifest]
[29Dec2025 03:42:17.512] [main/DEBUG] [net.neoforged.fml.loading.moddiscovery.readers.JarModsDotTomlModFileReader/SCAN]: Found META-INF/neoforge.mods.toml mod of type null: C:\Users\Leo\OneDrive\Desktop\Modding\Minecraft-Robettini\Robettini\ATM10\mods\mininggadgets-1.18.6.jar
[29Dec2025 03:42:17.512] [main/DEBUG] [net.neoforged.fml.loading.moddiscovery.ModFileParser/LOADING]: Considering mod file candidate C:\Users\Leo\OneDrive\Desktop\Modding\Minecraft-Robettini\Robettini\ATM10\mods\mininggadgets-1.18.6.jar
[29Dec2025 03:42:17.513] [main/DEBUG] [net.neoforged.fml.loading.moddiscovery.ModFileInfo/LOADING]: Found valid mod file mininggadgets-1.18.6.jar with {mininggadgets} mods - versions {1.18.6}
[29Dec2025 03:42:17.513] [main/INFO] [net.neoforged.fml.loading.moddiscovery.ModDiscoverer/SCAN]: Found mod file "mininggadgets-1.18.6.jar" [locator: {mods folder locator at C:\Users\Leo\OneDrive\Desktop\Modding\Minecraft-Robettini\Robettini\ATM10\mods}, reader: mod manifest]
[29Dec2025 03:42:17.514] [main/DEBUG] [net.neoforged.fml.loading.moddiscovery.readers.JarModsDotTomlModFileReader/SCAN]: Found META-INF/neoforge.mods.toml mod of type null: C:\Users\Leo\OneDrive\Desktop\Modding\Minecraft-Robettini\Robettini\ATM10\mods\mob_grinding_utils-1.1.10+mc1.21.1.jar
[29Dec2025 03:42:17.514] [main/DEBUG] [net.neoforged.fml.loading.moddiscovery.ModFileParser/LOADING]: Considering mod file candidate C:\Users\Leo\OneDrive\Desktop\Modding\Minecraft-Robettini\Robettini\ATM10\mods\mob_grinding_utils-1.1.10+mc1.21.1.jar
[29Dec2025 03:42:17.514] [main/DEBUG] [net.neoforged.fml.loading.moddiscovery.ModFileInfo/LOADING]: Found valid mod file mob_grinding_utils-1.1.10+mc1.21.1.jar with {mob_grinding_utils} mods - versions {1.1.10+mc1.21.1}
[29Dec2025 03:42:17.514] [main/INFO] [net.neoforged.fml.loading.moddiscovery.ModDiscoverer/SCAN]: Found mod file "mob_grinding_utils-1.1.10+mc1.21.1.jar" [locator: {mods folder locator at C:\Users\Leo\OneDrive\Desktop\Modding\Minecraft-Robettini\Robettini\ATM10\mods}, reader: mod manifest]
[29Dec2025 03:42:17.515] [main/DEBUG] [net.neoforged.fml.loading.moddiscovery.readers.JarModsDotTomlModFileReader/SCAN]: Found META-INF/neoforge.mods.toml mod of type null: C:\Users\Leo\OneDrive\Desktop\Modding\Minecraft-Robettini\Robettini\ATM10\mods\Modern-Dynamics-0.9.6.jar
[29Dec2025 03:42:17.515] [main/DEBUG] [net.neoforged.fml.loading.moddiscovery.ModFileParser/LOADING]: Considering mod file candidate C:\Users\Leo\OneDrive\Desktop\Modding\Minecraft-Robettini\Robettini\ATM10\mods\Modern-Dynamics-0.9.6.jar
[29Dec2025 03:42:17.515] [main/DEBUG] [net.neoforged.fml.loading.moddiscovery.ModFileInfo/LOADING]: Found valid mod file Modern-Dynamics-0.9.6.jar with {moderndynamics} mods - versions {0.9.6}
[29Dec2025 03:42:17.515] [main/INFO] [net.neoforged.fml.loading.moddiscovery.ModDiscoverer/SCAN]: Found mod file "Modern-Dynamics-0.9.6.jar" [locator: {mods folder locator at C:\Users\Leo\OneDrive\Desktop\Modding\Minecraft-Robettini\Robettini\ATM10\mods}, reader: mod manifest]
[29Dec2025 03:42:17.518] [main/DEBUG] [net.neoforged.fml.loading.moddiscovery.readers.JarModsDotTomlModFileReader/SCAN]: Found META-INF/neoforge.mods.toml mod of type null: C:\Users\Leo\OneDrive\Desktop\Modding\Minecraft-Robettini\Robettini\ATM10\mods\Modern-Industrialization-2.4.0.jar
[29Dec2025 03:42:17.518] [main/DEBUG] [net.neoforged.fml.loading.moddiscovery.ModFileParser/LOADING]: Considering mod file candidate C:\Users\Leo\OneDrive\Desktop\Modding\Minecraft-Robettini\Robettini\ATM10\mods\Modern-Industrialization-2.4.0.jar
[29Dec2025 03:42:17.519] [main/DEBUG] [net.neoforged.fml.loading.moddiscovery.ModFileInfo/LOADING]: Found valid mod file Modern-Industrialization-2.4.0.jar with {modern_industrialization} mods - versions {2.4.0}
[29Dec2025 03:42:17.519] [main/INFO] [net.neoforged.fml.loading.moddiscovery.ModDiscoverer/SCAN]: Found mod file "Modern-Industrialization-2.4.0.jar" [locator: {mods folder locator at C:\Users\Leo\OneDrive\Desktop\Modding\Minecraft-Robettini\Robettini\ATM10\mods}, reader: mod manifest]
[29Dec2025 03:42:17.520] [main/DEBUG] [net.neoforged.fml.loading.moddiscovery.readers.JarModsDotTomlModFileReader/SCAN]: Found META-INF/neoforge.mods.toml mod of type null: C:\Users\Leo\OneDrive\Desktop\Modding\Minecraft-Robettini\Robettini\ATM10\mods\modernfix-neoforge-5.25.1+mc1.21.1.jar
[29Dec2025 03:42:17.520] [main/DEBUG] [net.neoforged.fml.loading.moddiscovery.ModFileParser/LOADING]: Considering mod file candidate C:\Users\Leo\OneDrive\Desktop\Modding\Minecraft-Robettini\Robettini\ATM10\mods\modernfix-neoforge-5.25.1+mc1.21.1.jar
[29Dec2025 03:42:17.521] [main/DEBUG] [net.neoforged.fml.loading.moddiscovery.ModFileInfo/LOADING]: Found valid mod file modernfix-neoforge-5.25.1+mc1.21.1.jar with {modernfix} mods - versions {5.25.1+mc1.21.1}
[29Dec2025 03:42:17.521] [main/INFO] [net.neoforged.fml.loading.moddiscovery.ModDiscoverer/SCAN]: Found mod file "modernfix-neoforge-5.25.1+mc1.21.1.jar" [locator: {mods folder locator at C:\Users\Leo\OneDrive\Desktop\Modding\Minecraft-Robettini\Robettini\ATM10\mods}, reader: mod manifest]
[29Dec2025 03:42:17.522] [main/DEBUG] [net.neoforged.fml.loading.moddiscovery.readers.JarModsDotTomlModFileReader/SCAN]: Found META-INF/neoforge.mods.toml mod of type null: C:\Users\Leo\OneDrive\Desktop\Modding\Minecraft-Robettini\Robettini\ATM10\mods\modonomicon-1.21.1-neoforge-1.117.2.jar
[29Dec2025 03:42:17.522] [main/DEBUG] [net.neoforged.fml.loading.moddiscovery.ModFileParser/LOADING]: Considering mod file candidate C:\Users\Leo\OneDrive\Desktop\Modding\Minecraft-Robettini\Robettini\ATM10\mods\modonomicon-1.21.1-neoforge-1.117.2.jar
[29Dec2025 03:42:17.522] [main/DEBUG] [net.neoforged.fml.loading.moddiscovery.ModFileInfo/LOADING]: Found valid mod file modonomicon-1.21.1-neoforge-1.117.2.jar with {modonomicon} mods - versions {1.117.2}
[29Dec2025 03:42:17.522] [main/INFO] [net.neoforged.fml.loading.moddiscovery.ModDiscoverer/SCAN]: Found mod file "modonomicon-1.21.1-neoforge-1.117.2.jar" [locator: {mods folder locator at C:\Users\Leo\OneDrive\Desktop\Modding\Minecraft-Robettini\Robettini\ATM10\mods}, reader: mod manifest]
[29Dec2025 03:42:17.523] [main/DEBUG] [net.neoforged.fml.loading.moddiscovery.readers.JarModsDotTomlModFileReader/SCAN]: Found META-INF/neoforge.mods.toml mod of type null: C:\Users\Leo\OneDrive\Desktop\Modding\Minecraft-Robettini\Robettini\ATM10\mods\modular-routers-13.2.3+mc1.21.1.jar
[29Dec2025 03:42:17.524] [main/DEBUG] [net.neoforged.fml.loading.moddiscovery.ModFileParser/LOADING]: Considering mod file candidate C:\Users\Leo\OneDrive\Desktop\Modding\Minecraft-Robettini\Robettini\ATM10\mods\modular-routers-13.2.3+mc1.21.1.jar
[29Dec2025 03:42:17.524] [main/DEBUG] [net.neoforged.fml.loading.moddiscovery.ModFileInfo/LOADING]: Found valid mod file modular-routers-13.2.3+mc1.21.1.jar with {modularrouters} mods - versions {13.2.3}
[29Dec2025 03:42:17.524] [main/INFO] [net.neoforged.fml.loading.moddiscovery.ModDiscoverer/SCAN]: Found mod file "modular-routers-13.2.3+mc1.21.1.jar" [locator: {mods folder locator at C:\Users\Leo\OneDrive\Desktop\Modding\Minecraft-Robettini\Robettini\ATM10\mods}, reader: mod manifest]
[29Dec2025 03:42:17.525] [main/DEBUG] [net.neoforged.fml.loading.moddiscovery.readers.JarModsDotTomlModFileReader/SCAN]: Found META-INF/neoforge.mods.toml mod of type null: C:\Users\Leo\OneDrive\Desktop\Modding\Minecraft-Robettini\Robettini\ATM10\mods\ModularBees-1.21.1-2.3-neoforge.jar
[29Dec2025 03:42:17.525] [main/DEBUG] [net.neoforged.fml.loading.moddiscovery.ModFileParser/LOADING]: Considering mod file candidate C:\Users\Leo\OneDrive\Desktop\Modding\Minecraft-Robettini\Robettini\ATM10\mods\ModularBees-1.21.1-2.3-neoforge.jar
[29Dec2025 03:42:17.525] [main/DEBUG] [net.neoforged.fml.loading.moddiscovery.ModFileInfo/LOADING]: Found valid mod file ModularBees-1.21.1-2.3-neoforge.jar with {modularbees} mods - versions {1.21.1-2.3-neoforge}
[29Dec2025 03:42:17.525] [main/INFO] [net.neoforged.fml.loading.moddiscovery.ModDiscoverer/SCAN]: Found mod file "ModularBees-1.21.1-2.3-neoforge.jar" [locator: {mods folder locator at C:\Users\Leo\OneDrive\Desktop\Modding\Minecraft-Robettini\Robettini\ATM10\mods}, reader: mod manifest]
[29Dec2025 03:42:17.526] [main/DEBUG] [net.neoforged.fml.loading.moddiscovery.readers.JarModsDotTomlModFileReader/SCAN]: Found META-INF/neoforge.mods.toml mod of type null: C:\Users\Leo\OneDrive\Desktop\Modding\Minecraft-Robettini\Robettini\ATM10\mods\monolib-neoforge-1.21.1-2.1.0.jar
[29Dec2025 03:42:17.526] [main/DEBUG] [net.neoforged.fml.loading.moddiscovery.ModFileParser/LOADING]: Considering mod file candidate C:\Users\Leo\OneDrive\Desktop\Modding\Minecraft-Robettini\Robettini\ATM10\mods\monolib-neoforge-1.21.1-2.1.0.jar
[29Dec2025 03:42:17.527] [main/DEBUG] [net.neoforged.fml.loading.moddiscovery.ModFileInfo/LOADING]: Found valid mod file monolib-neoforge-1.21.1-2.1.0.jar with {monolib} mods - versions {2.1.0}
[29Dec2025 03:42:17.527] [main/INFO] [net.neoforged.fml.loading.moddiscovery.ModDiscoverer/SCAN]: Found mod file "monolib-neoforge-1.21.1-2.1.0.jar" [locator: {mods folder locator at C:\Users\Leo\OneDrive\Desktop\Modding\Minecraft-Robettini\Robettini\ATM10\mods}, reader: mod manifest]
[29Dec2025 03:42:17.528] [main/DEBUG] [net.neoforged.fml.loading.moddiscovery.readers.JarModsDotTomlModFileReader/SCAN]: Found META-INF/neoforge.mods.toml mod of type null: C:\Users\Leo\OneDrive\Desktop\Modding\Minecraft-Robettini\Robettini\ATM10\mods\moogs_structures-1.1.0-1.21-1.21.1-neoforge.jar
[29Dec2025 03:42:17.528] [main/DEBUG] [net.neoforged.fml.loading.moddiscovery.ModFileParser/LOADING]: Considering mod file candidate C:\Users\Leo\OneDrive\Desktop\Modding\Minecraft-Robettini\Robettini\ATM10\mods\moogs_structures-1.1.0-1.21-1.21.1-neoforge.jar
[29Dec2025 03:42:17.528] [main/DEBUG] [net.neoforged.fml.loading.moddiscovery.ModFileInfo/LOADING]: Found valid mod file moogs_structures-1.1.0-1.21-1.21.1-neoforge.jar with {moogs_structures} mods - versions {1.1.0-1.21-1.21.1}
[29Dec2025 03:42:17.528] [main/INFO] [net.neoforged.fml.loading.moddiscovery.ModDiscoverer/SCAN]: Found mod file "moogs_structures-1.1.0-1.21-1.21.1-neoforge.jar" [locator: {mods folder locator at C:\Users\Leo\OneDrive\Desktop\Modding\Minecraft-Robettini\Robettini\ATM10\mods}, reader: mod manifest]
[29Dec2025 03:42:17.529] [main/DEBUG] [net.neoforged.fml.loading.moddiscovery.readers.JarModsDotTomlModFileReader/SCAN]: Found META-INF/neoforge.mods.toml mod of type null: C:\Users\Leo\OneDrive\Desktop\Modding\Minecraft-Robettini\Robettini\ATM10\mods\MoogsEndStructures-1.21-2.0.0.jar
[29Dec2025 03:42:17.529] [main/DEBUG] [net.neoforged.fml.loading.moddiscovery.ModFileParser/LOADING]: Considering mod file candidate C:\Users\Leo\OneDrive\Desktop\Modding\Minecraft-Robettini\Robettini\ATM10\mods\MoogsEndStructures-1.21-2.0.0.jar
[29Dec2025 03:42:17.529] [main/DEBUG] [net.neoforged.fml.loading.moddiscovery.ModFileInfo/LOADING]: Found valid mod file MoogsEndStructures-1.21-2.0.0.jar with {mes} mods - versions {2.0.0}
[29Dec2025 03:42:17.529] [main/INFO] [net.neoforged.fml.loading.moddiscovery.ModDiscoverer/SCAN]: Found mod file "MoogsEndStructures-1.21-2.0.0.jar" [locator: {mods folder locator at C:\Users\Leo\OneDrive\Desktop\Modding\Minecraft-Robettini\Robettini\ATM10\mods}, reader: mod manifest]
[29Dec2025 03:42:17.530] [main/DEBUG] [net.neoforged.fml.loading.moddiscovery.readers.JarModsDotTomlModFileReader/SCAN]: Found META-INF/neoforge.mods.toml mod of type null: C:\Users\Leo\OneDrive\Desktop\Modding\Minecraft-Robettini\Robettini\ATM10\mods\MoogsNetherStructures-1.21-2.0.1.jar
[29Dec2025 03:42:17.530] [main/DEBUG] [net.neoforged.fml.loading.moddiscovery.ModFileParser/LOADING]: Considering mod file candidate C:\Users\Leo\OneDrive\Desktop\Modding\Minecraft-Robettini\Robettini\ATM10\mods\MoogsNetherStructures-1.21-2.0.1.jar
[29Dec2025 03:42:17.531] [main/DEBUG] [net.neoforged.fml.loading.moddiscovery.ModFileInfo/LOADING]: Found valid mod file MoogsNetherStructures-1.21-2.0.1.jar with {mns} mods - versions {2.0.1}
[29Dec2025 03:42:17.531] [main/INFO] [net.neoforged.fml.loading.moddiscovery.ModDiscoverer/SCAN]: Found mod file "MoogsNetherStructures-1.21-2.0.1.jar" [locator: {mods folder locator at C:\Users\Leo\OneDrive\Desktop\Modding\Minecraft-Robettini\Robettini\ATM10\mods}, reader: mod manifest]
[29Dec2025 03:42:17.532] [main/DEBUG] [net.neoforged.fml.loading.moddiscovery.readers.JarModsDotTomlModFileReader/SCAN]: Found META-INF/neoforge.mods.toml mod of type null: C:\Users\Leo\OneDrive\Desktop\Modding\Minecraft-Robettini\Robettini\ATM10\mods\MoogsSoaringStructures-1.21-2.0.0.jar
[29Dec2025 03:42:17.532] [main/DEBUG] [net.neoforged.fml.loading.moddiscovery.ModFileParser/LOADING]: Considering mod file candidate C:\Users\Leo\OneDrive\Desktop\Modding\Minecraft-Robettini\Robettini\ATM10\mods\MoogsSoaringStructures-1.21-2.0.0.jar
[29Dec2025 03:42:17.532] [main/DEBUG] [net.neoforged.fml.loading.moddiscovery.ModFileInfo/LOADING]: Found valid mod file MoogsSoaringStructures-1.21-2.0.0.jar with {mss} mods - versions {2.0.0}
[29Dec2025 03:42:17.532] [main/INFO] [net.neoforged.fml.loading.moddiscovery.ModDiscoverer/SCAN]: Found mod file "MoogsSoaringStructures-1.21-2.0.0.jar" [locator: {mods folder locator at C:\Users\Leo\OneDrive\Desktop\Modding\Minecraft-Robettini\Robettini\ATM10\mods}, reader: mod manifest]
[29Dec2025 03:42:17.533] [main/DEBUG] [net.neoforged.fml.loading.moddiscovery.readers.JarModsDotTomlModFileReader/SCAN]: Found META-INF/neoforge.mods.toml mod of type null: C:\Users\Leo\OneDrive\Desktop\Modding\Minecraft-Robettini\Robettini\ATM10\mods\MoogsVoyagerStructures-1.21-5.0.2.jar
[29Dec2025 03:42:17.533] [main/DEBUG] [net.neoforged.fml.loading.moddiscovery.ModFileParser/LOADING]: Considering mod file candidate C:\Users\Leo\OneDrive\Desktop\Modding\Minecraft-Robettini\Robettini\ATM10\mods\MoogsVoyagerStructures-1.21-5.0.2.jar
[29Dec2025 03:42:17.533] [main/DEBUG] [net.neoforged.fml.loading.moddiscovery.ModFileInfo/LOADING]: Found valid mod file MoogsVoyagerStructures-1.21-5.0.2.jar with {mvs} mods - versions {5.0.2}
[29Dec2025 03:42:17.533] [main/INFO] [net.neoforged.fml.loading.moddiscovery.ModDiscoverer/SCAN]: Found mod file "MoogsVoyagerStructures-1.21-5.0.2.jar" [locator: {mods folder locator at C:\Users\Leo\OneDrive\Desktop\Modding\Minecraft-Robettini\Robettini\ATM10\mods}, reader: mod manifest]
[29Dec2025 03:42:17.534] [main/DEBUG] [net.neoforged.fml.loading.moddiscovery.readers.JarModsDotTomlModFileReader/SCAN]: Found META-INF/neoforge.mods.toml mod of type null: C:\Users\Leo\OneDrive\Desktop\Modding\Minecraft-Robettini\Robettini\ATM10\mods\moonlight-1.21-2.26.8-neoforge.jar
[29Dec2025 03:42:17.534] [main/DEBUG] [net.neoforged.fml.loading.moddiscovery.ModFileParser/LOADING]: Considering mod file candidate C:\Users\Leo\OneDrive\Desktop\Modding\Minecraft-Robettini\Robettini\ATM10\mods\moonlight-1.21-2.26.8-neoforge.jar
[29Dec2025 03:42:17.535] [main/DEBUG] [net.neoforged.fml.loading.moddiscovery.ModFileInfo/LOADING]: Found valid mod file moonlight-1.21-2.26.8-neoforge.jar with {moonlight} mods - versions {1.21-2.26.6}
[29Dec2025 03:42:17.535] [main/INFO] [net.neoforged.fml.loading.moddiscovery.ModDiscoverer/SCAN]: Found mod file "moonlight-1.21-2.26.8-neoforge.jar" [locator: {mods folder locator at C:\Users\Leo\OneDrive\Desktop\Modding\Minecraft-Robettini\Robettini\ATM10\mods}, reader: mod manifest]
[29Dec2025 03:42:17.536] [main/DEBUG] [net.neoforged.fml.loading.moddiscovery.readers.JarModsDotTomlModFileReader/SCAN]: Found META-INF/neoforge.mods.toml mod of type null: C:\Users\Leo\OneDrive\Desktop\Modding\Minecraft-Robettini\Robettini\ATM10\mods\moredragoneggs-5.0.jar
[29Dec2025 03:42:17.536] [main/DEBUG] [net.neoforged.fml.loading.moddiscovery.ModFileParser/LOADING]: Considering mod file candidate C:\Users\Leo\OneDrive\Desktop\Modding\Minecraft-Robettini\Robettini\ATM10\mods\moredragoneggs-5.0.jar
[29Dec2025 03:42:17.536] [main/DEBUG] [net.neoforged.fml.loading.moddiscovery.ModFileInfo/LOADING]: Found valid mod file moredragoneggs-5.0.jar with {moredragoneggs} mods - versions {5.0}
[29Dec2025 03:42:17.536] [main/INFO] [net.neoforged.fml.loading.moddiscovery.ModDiscoverer/SCAN]: Found mod file "moredragoneggs-5.0.jar" [locator: {mods folder locator at C:\Users\Leo\OneDrive\Desktop\Modding\Minecraft-Robettini\Robettini\ATM10\mods}, reader: mod manifest]
[29Dec2025 03:42:17.537] [main/DEBUG] [net.neoforged.fml.loading.moddiscovery.readers.JarModsDotTomlModFileReader/SCAN]: Found META-INF/neoforge.mods.toml mod of type null: C:\Users\Leo\OneDrive\Desktop\Modding\Minecraft-Robettini\Robettini\ATM10\mods\morered-1.21.1-6.0.0.3.jar
[29Dec2025 03:42:17.537] [main/DEBUG] [net.neoforged.fml.loading.moddiscovery.ModFileParser/LOADING]: Considering mod file candidate C:\Users\Leo\OneDrive\Desktop\Modding\Minecraft-Robettini\Robettini\ATM10\mods\morered-1.21.1-6.0.0.3.jar
[29Dec2025 03:42:17.537] [main/DEBUG] [net.neoforged.fml.loading.moddiscovery.ModFileInfo/LOADING]: Found valid mod file morered-1.21.1-6.0.0.3.jar with {morered} mods - versions {6.0.0.3}
[29Dec2025 03:42:17.537] [main/INFO] [net.neoforged.fml.loading.moddiscovery.ModDiscoverer/SCAN]: Found mod file "morered-1.21.1-6.0.0.3.jar" [locator: {mods folder locator at C:\Users\Leo\OneDrive\Desktop\Modding\Minecraft-Robettini\Robettini\ATM10\mods}, reader: mod manifest]
[29Dec2025 03:42:17.539] [main/DEBUG] [net.neoforged.fml.loading.moddiscovery.readers.JarModsDotTomlModFileReader/SCAN]: Found META-INF/neoforge.mods.toml mod of type null: C:\Users\Leo\OneDrive\Desktop\Modding\Minecraft-Robettini\Robettini\ATM10\mods\MoreRed-CCT-Compat-1.21.1-1.3.0.jar
[29Dec2025 03:42:17.539] [main/DEBUG] [net.neoforged.fml.loading.moddiscovery.ModFileParser/LOADING]: Considering mod file candidate C:\Users\Leo\OneDrive\Desktop\Modding\Minecraft-Robettini\Robettini\ATM10\mods\MoreRed-CCT-Compat-1.21.1-1.3.0.jar
[29Dec2025 03:42:17.539] [main/DEBUG] [net.neoforged.fml.loading.moddiscovery.ModFileInfo/LOADING]: Found valid mod file MoreRed-CCT-Compat-1.21.1-1.3.0.jar with {moreredxcctcompat} mods - versions {1.21.1-1.3.0}
[29Dec2025 03:42:17.539] [main/INFO] [net.neoforged.fml.loading.moddiscovery.ModDiscoverer/SCAN]: Found mod file "MoreRed-CCT-Compat-1.21.1-1.3.0.jar" [locator: {mods folder locator at C:\Users\Leo\OneDrive\Desktop\Modding\Minecraft-Robettini\Robettini\ATM10\mods}, reader: mod manifest]
[29Dec2025 03:42:17.540] [main/DEBUG] [net.neoforged.fml.loading.moddiscovery.readers.JarModsDotTomlModFileReader/SCAN]: Found META-INF/neoforge.mods.toml mod of type null: C:\Users\Leo\OneDrive\Desktop\Modding\Minecraft-Robettini\Robettini\ATM10\mods\mostructures-neoforge-1.6.0+1.21.1.jar
[29Dec2025 03:42:17.540] [main/DEBUG] [net.neoforged.fml.loading.moddiscovery.ModFileParser/LOADING]: Considering mod file candidate C:\Users\Leo\OneDrive\Desktop\Modding\Minecraft-Robettini\Robettini\ATM10\mods\mostructures-neoforge-1.6.0+1.21.1.jar
[29Dec2025 03:42:17.540] [main/DEBUG] [net.neoforged.fml.loading.moddiscovery.ModFileInfo/LOADING]: Found valid mod file mostructures-neoforge-1.6.0+1.21.1.jar with {mostructures} mods - versions {1.6.0+1.21.1}
[29Dec2025 03:42:17.540] [main/INFO] [net.neoforged.fml.loading.moddiscovery.ModDiscoverer/SCAN]: Found mod file "mostructures-neoforge-1.6.0+1.21.1.jar" [locator: {mods folder locator at C:\Users\Leo\OneDrive\Desktop\Modding\Minecraft-Robettini\Robettini\ATM10\mods}, reader: mod manifest]
[29Dec2025 03:42:17.541] [main/DEBUG] [net.neoforged.fml.loading.moddiscovery.readers.JarModsDotTomlModFileReader/SCAN]: Found META-INF/neoforge.mods.toml mod of type null: C:\Users\Leo\OneDrive\Desktop\Modding\Minecraft-Robettini\Robettini\ATM10\mods\MouseTweaks-neoforge-mc1.21-2.26.1.jar
[29Dec2025 03:42:17.541] [main/DEBUG] [net.neoforged.fml.loading.moddiscovery.ModFileParser/LOADING]: Considering mod file candidate C:\Users\Leo\OneDrive\Desktop\Modding\Minecraft-Robettini\Robettini\ATM10\mods\MouseTweaks-neoforge-mc1.21-2.26.1.jar
[29Dec2025 03:42:17.541] [main/DEBUG] [net.neoforged.fml.loading.moddiscovery.ModFileInfo/LOADING]: Found valid mod file MouseTweaks-neoforge-mc1.21-2.26.1.jar with {mousetweaks} mods - versions {2.26.1}
[29Dec2025 03:42:17.541] [main/INFO] [net.neoforged.fml.loading.moddiscovery.ModDiscoverer/SCAN]: Found mod file "MouseTweaks-neoforge-mc1.21-2.26.1.jar" [locator: {mods folder locator at C:\Users\Leo\OneDrive\Desktop\Modding\Minecraft-Robettini\Robettini\ATM10\mods}, reader: mod manifest]
[29Dec2025 03:42:17.542] [main/DEBUG] [net.neoforged.fml.loading.moddiscovery.readers.JarModsDotTomlModFileReader/SCAN]: Found META-INF/neoforge.mods.toml mod of type null: C:\Users\Leo\OneDrive\Desktop\Modding\Minecraft-Robettini\Robettini\ATM10\mods\multipiston-1.2.58-1.21.1.jar
[29Dec2025 03:42:17.542] [main/DEBUG] [net.neoforged.fml.loading.moddiscovery.ModFileParser/LOADING]: Considering mod file candidate C:\Users\Leo\OneDrive\Desktop\Modding\Minecraft-Robettini\Robettini\ATM10\mods\multipiston-1.2.58-1.21.1.jar
[29Dec2025 03:42:17.542] [main/DEBUG] [net.neoforged.fml.loading.moddiscovery.ModFileInfo/LOADING]: Found valid mod file multipiston-1.2.58-1.21.1.jar with {multipiston} mods - versions {1.2.58-1.21.1}
[29Dec2025 03:42:17.542] [main/INFO] [net.neoforged.fml.loading.moddiscovery.ModDiscoverer/SCAN]: Found mod file "multipiston-1.2.58-1.21.1.jar" [locator: {mods folder locator at C:\Users\Leo\OneDrive\Desktop\Modding\Minecraft-Robettini\Robettini\ATM10\mods}, reader: mod manifest]
[29Dec2025 03:42:17.544] [main/DEBUG] [net.neoforged.fml.loading.moddiscovery.readers.JarModsDotTomlModFileReader/SCAN]: Found META-INF/neoforge.mods.toml mod of type null: C:\Users\Leo\OneDrive\Desktop\Modding\Minecraft-Robettini\Robettini\ATM10\mods\MysticalAgradditions-1.21.1-8.0.10.jar
[29Dec2025 03:42:17.544] [main/DEBUG] [net.neoforged.fml.loading.moddiscovery.ModFileParser/LOADING]: Considering mod file candidate C:\Users\Leo\OneDrive\Desktop\Modding\Minecraft-Robettini\Robettini\ATM10\mods\MysticalAgradditions-1.21.1-8.0.10.jar
[29Dec2025 03:42:17.544] [main/DEBUG] [net.neoforged.fml.loading.moddiscovery.ModFileInfo/LOADING]: Found valid mod file MysticalAgradditions-1.21.1-8.0.10.jar with {mysticalagradditions} mods - versions {8.0.10}
[29Dec2025 03:42:17.544] [main/INFO] [net.neoforged.fml.loading.moddiscovery.ModDiscoverer/SCAN]: Found mod file "MysticalAgradditions-1.21.1-8.0.10.jar" [locator: {mods folder locator at C:\Users\Leo\OneDrive\Desktop\Modding\Minecraft-Robettini\Robettini\ATM10\mods}, reader: mod manifest]
[29Dec2025 03:42:17.545] [main/DEBUG] [net.neoforged.fml.loading.moddiscovery.readers.JarModsDotTomlModFileReader/SCAN]: Found META-INF/neoforge.mods.toml mod of type null: C:\Users\Leo\OneDrive\Desktop\Modding\Minecraft-Robettini\Robettini\ATM10\mods\MysticalAgriculture-1.21.1-8.0.20.jar
[29Dec2025 03:42:17.545] [main/DEBUG] [net.neoforged.fml.loading.moddiscovery.ModFileParser/LOADING]: Considering mod file candidate C:\Users\Leo\OneDrive\Desktop\Modding\Minecraft-Robettini\Robettini\ATM10\mods\MysticalAgriculture-1.21.1-8.0.20.jar
[29Dec2025 03:42:17.546] [main/DEBUG] [net.neoforged.fml.loading.moddiscovery.ModFileInfo/LOADING]: Found valid mod file MysticalAgriculture-1.21.1-8.0.20.jar with {mysticalagriculture} mods - versions {8.0.20}
[29Dec2025 03:42:17.546] [main/INFO] [net.neoforged.fml.loading.moddiscovery.ModDiscoverer/SCAN]: Found mod file "MysticalAgriculture-1.21.1-8.0.20.jar" [locator: {mods folder locator at C:\Users\Leo\OneDrive\Desktop\Modding\Minecraft-Robettini\Robettini\ATM10\mods}, reader: mod manifest]
[29Dec2025 03:42:17.547] [main/DEBUG] [net.neoforged.fml.loading.moddiscovery.readers.JarModsDotTomlModFileReader/SCAN]: Found META-INF/neoforge.mods.toml mod of type null: C:\Users\Leo\OneDrive\Desktop\Modding\Minecraft-Robettini\Robettini\ATM10\mods\MysticalCustomization-1.21.1-6.0.0.jar
[29Dec2025 03:42:17.547] [main/DEBUG] [net.neoforged.fml.loading.moddiscovery.ModFileParser/LOADING]: Considering mod file candidate C:\Users\Leo\OneDrive\Desktop\Modding\Minecraft-Robettini\Robettini\ATM10\mods\MysticalCustomization-1.21.1-6.0.0.jar
[29Dec2025 03:42:17.547] [main/DEBUG] [net.neoforged.fml.loading.moddiscovery.ModFileInfo/LOADING]: Found valid mod file MysticalCustomization-1.21.1-6.0.0.jar with {mysticalcustomization} mods - versions {6.0.0}
[29Dec2025 03:42:17.547] [main/INFO] [net.neoforged.fml.loading.moddiscovery.ModDiscoverer/SCAN]: Found mod file "MysticalCustomization-1.21.1-6.0.0.jar" [locator: {mods folder locator at C:\Users\Leo\OneDrive\Desktop\Modding\Minecraft-Robettini\Robettini\ATM10\mods}, reader: mod manifest]
[29Dec2025 03:42:17.548] [main/DEBUG] [net.neoforged.fml.loading.moddiscovery.readers.JarModsDotTomlModFileReader/SCAN]: Found META-INF/neoforge.mods.toml mod of type null: C:\Users\Leo\OneDrive\Desktop\Modding\Minecraft-Robettini\Robettini\ATM10\mods\NaturesAura-41.9.jar
[29Dec2025 03:42:17.548] [main/DEBUG] [net.neoforged.fml.loading.moddiscovery.ModFileParser/LOADING]: Considering mod file candidate C:\Users\Leo\OneDrive\Desktop\Modding\Minecraft-Robettini\Robettini\ATM10\mods\NaturesAura-41.9.jar
[29Dec2025 03:42:17.548] [main/DEBUG] [net.neoforged.fml.loading.moddiscovery.ModFileInfo/LOADING]: Found valid mod file NaturesAura-41.9.jar with {naturesaura} mods - versions {41.9}
[29Dec2025 03:42:17.548] [main/INFO] [net.neoforged.fml.loading.moddiscovery.ModDiscoverer/SCAN]: Found mod file "NaturesAura-41.9.jar" [locator: {mods folder locator at C:\Users\Leo\OneDrive\Desktop\Modding\Minecraft-Robettini\Robettini\ATM10\mods}, reader: mod manifest]
[29Dec2025 03:42:17.549] [main/DEBUG] [net.neoforged.fml.loading.moddiscovery.readers.JarModsDotTomlModFileReader/SCAN]: Found META-INF/neoforge.mods.toml mod of type null: C:\Users\Leo\OneDrive\Desktop\Modding\Minecraft-Robettini\Robettini\ATM10\mods\NaturesCompass-1.21.1-3.0.3-neoforge.jar
[29Dec2025 03:42:17.549] [main/DEBUG] [net.neoforged.fml.loading.moddiscovery.ModFileParser/LOADING]: Considering mod file candidate C:\Users\Leo\OneDrive\Desktop\Modding\Minecraft-Robettini\Robettini\ATM10\mods\NaturesCompass-1.21.1-3.0.3-neoforge.jar
[29Dec2025 03:42:17.550] [main/DEBUG] [net.neoforged.fml.loading.moddiscovery.ModFileInfo/LOADING]: Found valid mod file NaturesCompass-1.21.1-3.0.3-neoforge.jar with {naturescompass} mods - versions {1.21.1-3.0.2-neoforge}
[29Dec2025 03:42:17.550] [main/INFO] [net.neoforged.fml.loading.moddiscovery.ModDiscoverer/SCAN]: Found mod file "NaturesCompass-1.21.1-3.0.3-neoforge.jar" [locator: {mods folder locator at C:\Users\Leo\OneDrive\Desktop\Modding\Minecraft-Robettini\Robettini\ATM10\mods}, reader: mod manifest]
[29Dec2025 03:42:17.551] [main/DEBUG] [net.neoforged.fml.loading.moddiscovery.readers.JarModsDotTomlModFileReader/SCAN]: Found META-INF/neoforge.mods.toml mod of type null: C:\Users\Leo\OneDrive\Desktop\Modding\Minecraft-Robettini\Robettini\ATM10\mods\netherportalfix-neoforge-1.21.1-21.1.1.jar
[29Dec2025 03:42:17.551] [main/DEBUG] [net.neoforged.fml.loading.moddiscovery.ModFileParser/LOADING]: Considering mod file candidate C:\Users\Leo\OneDrive\Desktop\Modding\Minecraft-Robettini\Robettini\ATM10\mods\netherportalfix-neoforge-1.21.1-21.1.1.jar
[29Dec2025 03:42:17.551] [main/DEBUG] [net.neoforged.fml.loading.moddiscovery.ModFileInfo/LOADING]: Found valid mod file netherportalfix-neoforge-1.21.1-21.1.1.jar with {netherportalfix} mods - versions {21.1.1}
[29Dec2025 03:42:17.551] [main/INFO] [net.neoforged.fml.loading.moddiscovery.ModDiscoverer/SCAN]: Found mod file "netherportalfix-neoforge-1.21.1-21.1.1.jar" [locator: {mods folder locator at C:\Users\Leo\OneDrive\Desktop\Modding\Minecraft-Robettini\Robettini\ATM10\mods}, reader: mod manifest]
[29Dec2025 03:42:17.552] [main/DEBUG] [net.neoforged.fml.loading.moddiscovery.readers.JarModsDotTomlModFileReader/SCAN]: Found META-INF/neoforge.mods.toml mod of type null: C:\Users\Leo\OneDrive\Desktop\Modding\Minecraft-Robettini\Robettini\ATM10\mods\NoChatReports-NEOFORGE-1.21.1-v2.9.1.jar
[29Dec2025 03:42:17.552] [main/DEBUG] [net.neoforged.fml.loading.moddiscovery.ModFileParser/LOADING]: Considering mod file candidate C:\Users\Leo\OneDrive\Desktop\Modding\Minecraft-Robettini\Robettini\ATM10\mods\NoChatReports-NEOFORGE-1.21.1-v2.9.1.jar
[29Dec2025 03:42:17.552] [main/DEBUG] [net.neoforged.fml.loading.moddiscovery.ModFileInfo/LOADING]: Found valid mod file NoChatReports-NEOFORGE-1.21.1-v2.9.1.jar with {nochatreports} mods - versions {1.21.1-v2.9.1}
[29Dec2025 03:42:17.552] [main/INFO] [net.neoforged.fml.loading.moddiscovery.ModDiscoverer/SCAN]: Found mod file "NoChatReports-NEOFORGE-1.21.1-v2.9.1.jar" [locator: {mods folder locator at C:\Users\Leo\OneDrive\Desktop\Modding\Minecraft-Robettini\Robettini\ATM10\mods}, reader: mod manifest]
[29Dec2025 03:42:17.553] [main/DEBUG] [net.neoforged.fml.loading.moddiscovery.readers.JarModsDotTomlModFileReader/SCAN]: Found META-INF/neoforge.mods.toml mod of type null: C:\Users\Leo\OneDrive\Desktop\Modding\Minecraft-Robettini\Robettini\ATM10\mods\not_enough_glyphs-1.21.1-4.2.3.0.jar
[29Dec2025 03:42:17.553] [main/DEBUG] [net.neoforged.fml.loading.moddiscovery.ModFileParser/LOADING]: Considering mod file candidate C:\Users\Leo\OneDrive\Desktop\Modding\Minecraft-Robettini\Robettini\ATM10\mods\not_enough_glyphs-1.21.1-4.2.3.0.jar
[29Dec2025 03:42:17.554] [main/DEBUG] [net.neoforged.fml.loading.moddiscovery.ModFileInfo/LOADING]: Found valid mod file not_enough_glyphs-1.21.1-4.2.3.0.jar with {not_enough_glyphs} mods - versions {4.2.3.0}
[29Dec2025 03:42:17.554] [main/INFO] [net.neoforged.fml.loading.moddiscovery.ModDiscoverer/SCAN]: Found mod file "not_enough_glyphs-1.21.1-4.2.3.0.jar" [locator: {mods folder locator at C:\Users\Leo\OneDrive\Desktop\Modding\Minecraft-Robettini\Robettini\ATM10\mods}, reader: mod manifest]
[29Dec2025 03:42:17.555] [main/DEBUG] [net.neoforged.fml.loading.moddiscovery.readers.JarModsDotTomlModFileReader/SCAN]: Found META-INF/neoforge.mods.toml mod of type null: C:\Users\Leo\OneDrive\Desktop\Modding\Minecraft-Robettini\Robettini\ATM10\mods\notenoughanimations-neoforge-1.10.6-mc1.21.1.jar
[29Dec2025 03:42:17.555] [main/DEBUG] [net.neoforged.fml.loading.moddiscovery.ModFileParser/LOADING]: Considering mod file candidate C:\Users\Leo\OneDrive\Desktop\Modding\Minecraft-Robettini\Robettini\ATM10\mods\notenoughanimations-neoforge-1.10.6-mc1.21.1.jar
[29Dec2025 03:42:17.555] [main/DEBUG] [net.neoforged.fml.loading.moddiscovery.ModFileInfo/LOADING]: Found valid mod file notenoughanimations-neoforge-1.10.6-mc1.21.1.jar with {notenoughanimations} mods - versions {1.10.6}
[29Dec2025 03:42:17.555] [main/INFO] [net.neoforged.fml.loading.moddiscovery.ModDiscoverer/SCAN]: Found mod file "notenoughanimations-neoforge-1.10.6-mc1.21.1.jar" [locator: {mods folder locator at C:\Users\Leo\OneDrive\Desktop\Modding\Minecraft-Robettini\Robettini\ATM10\mods}, reader: mod manifest]
[29Dec2025 03:42:17.556] [main/DEBUG] [net.neoforged.fml.loading.moddiscovery.readers.JarModsDotTomlModFileReader/SCAN]: Found META-INF/neoforge.mods.toml mod of type null: C:\Users\Leo\OneDrive\Desktop\Modding\Minecraft-Robettini\Robettini\ATM10\mods\novillagerdm-1.21.1-6.0.0.jar
[29Dec2025 03:42:17.556] [main/DEBUG] [net.neoforged.fml.loading.moddiscovery.ModFileParser/LOADING]: Considering mod file candidate C:\Users\Leo\OneDrive\Desktop\Modding\Minecraft-Robettini\Robettini\ATM10\mods\novillagerdm-1.21.1-6.0.0.jar
[29Dec2025 03:42:17.556] [main/DEBUG] [net.neoforged.fml.loading.moddiscovery.ModFileInfo/LOADING]: Found valid mod file novillagerdm-1.21.1-6.0.0.jar with {novillagerdm} mods - versions {6.0.0}
[29Dec2025 03:42:17.556] [main/INFO] [net.neoforged.fml.loading.moddiscovery.ModDiscoverer/SCAN]: Found mod file "novillagerdm-1.21.1-6.0.0.jar" [locator: {mods folder locator at C:\Users\Leo\OneDrive\Desktop\Modding\Minecraft-Robettini\Robettini\ATM10\mods}, reader: mod manifest]
[29Dec2025 03:42:17.557] [main/DEBUG] [net.neoforged.fml.loading.moddiscovery.readers.JarModsDotTomlModFileReader/SCAN]: Found META-INF/neoforge.mods.toml mod of type null: C:\Users\Leo\OneDrive\Desktop\Modding\Minecraft-Robettini\Robettini\ATM10\mods\Nullscape_1.21.x_v1.2.14.jar
[29Dec2025 03:42:17.557] [main/DEBUG] [net.neoforged.fml.loading.moddiscovery.ModFileParser/LOADING]: Considering mod file candidate C:\Users\Leo\OneDrive\Desktop\Modding\Minecraft-Robettini\Robettini\ATM10\mods\Nullscape_1.21.x_v1.2.14.jar
[29Dec2025 03:42:17.557] [main/DEBUG] [net.neoforged.fml.loading.moddiscovery.ModFileInfo/LOADING]: Found valid mod file Nullscape_1.21.x_v1.2.14.jar with {nullscape} mods - versions {1.2.14}
[29Dec2025 03:42:17.557] [main/INFO] [net.neoforged.fml.loading.moddiscovery.ModDiscoverer/SCAN]: Found mod file "Nullscape_1.21.x_v1.2.14.jar" [locator: {mods folder locator at C:\Users\Leo\OneDrive\Desktop\Modding\Minecraft-Robettini\Robettini\ATM10\mods}, reader: mod manifest]
[29Dec2025 03:42:17.558] [main/DEBUG] [net.neoforged.fml.loading.moddiscovery.readers.JarModsDotTomlModFileReader/SCAN]: Found META-INF/neoforge.mods.toml mod of type null: C:\Users\Leo\OneDrive\Desktop\Modding\Minecraft-Robettini\Robettini\ATM10\mods\observable-5.4.4.jar
[29Dec2025 03:42:17.558] [main/DEBUG] [net.neoforged.fml.loading.moddiscovery.ModFileParser/LOADING]: Considering mod file candidate C:\Users\Leo\OneDrive\Desktop\Modding\Minecraft-Robettini\Robettini\ATM10\mods\observable-5.4.4.jar
[29Dec2025 03:42:17.559] [main/DEBUG] [net.neoforged.fml.loading.moddiscovery.ModFileInfo/LOADING]: Found valid mod file observable-5.4.4.jar with {observable} mods - versions {5.4.4}
[29Dec2025 03:42:17.559] [main/INFO] [net.neoforged.fml.loading.moddiscovery.ModDiscoverer/SCAN]: Found mod file "observable-5.4.4.jar" [locator: {mods folder locator at C:\Users\Leo\OneDrive\Desktop\Modding\Minecraft-Robettini\Robettini\ATM10\mods}, reader: mod manifest]
[29Dec2025 03:42:17.561] [main/DEBUG] [net.neoforged.fml.loading.moddiscovery.readers.JarModsDotTomlModFileReader/SCAN]: Found META-INF/neoforge.mods.toml mod of type null: C:\Users\Leo\OneDrive\Desktop\Modding\Minecraft-Robettini\Robettini\ATM10\mods\occultism-1.21.1-neoforge-1.197.0.jar
[29Dec2025 03:42:17.561] [main/DEBUG] [net.neoforged.fml.loading.moddiscovery.ModFileParser/LOADING]: Considering mod file candidate C:\Users\Leo\OneDrive\Desktop\Modding\Minecraft-Robettini\Robettini\ATM10\mods\occultism-1.21.1-neoforge-1.197.0.jar
[29Dec2025 03:42:17.561] [main/DEBUG] [net.neoforged.fml.loading.moddiscovery.ModFileInfo/LOADING]: Found valid mod file occultism-1.21.1-neoforge-1.197.0.jar with {occultism} mods - versions {1.197.0}
[29Dec2025 03:42:17.561] [main/INFO] [net.neoforged.fml.loading.moddiscovery.ModDiscoverer/SCAN]: Found mod file "occultism-1.21.1-neoforge-1.197.0.jar" [locator: {mods folder locator at C:\Users\Leo\OneDrive\Desktop\Modding\Minecraft-Robettini\Robettini\ATM10\mods}, reader: mod manifest]
[29Dec2025 03:42:17.562] [main/DEBUG] [net.neoforged.fml.loading.moddiscovery.readers.JarModsDotTomlModFileReader/SCAN]: Found META-INF/neoforge.mods.toml mod of type null: C:\Users\Leo\OneDrive\Desktop\Modding\Minecraft-Robettini\Robettini\ATM10\mods\occultism_kubejs-1.21.1-neoforge-1.10.0.jar
[29Dec2025 03:42:17.562] [main/DEBUG] [net.neoforged.fml.loading.moddiscovery.ModFileParser/LOADING]: Considering mod file candidate C:\Users\Leo\OneDrive\Desktop\Modding\Minecraft-Robettini\Robettini\ATM10\mods\occultism_kubejs-1.21.1-neoforge-1.10.0.jar
[29Dec2025 03:42:17.562] [main/DEBUG] [net.neoforged.fml.loading.moddiscovery.ModFileInfo/LOADING]: Found valid mod file occultism_kubejs-1.21.1-neoforge-1.10.0.jar with {occultism_kubejs} mods - versions {1.10.0}
[29Dec2025 03:42:17.562] [main/INFO] [net.neoforged.fml.loading.moddiscovery.ModDiscoverer/SCAN]: Found mod file "occultism_kubejs-1.21.1-neoforge-1.10.0.jar" [locator: {mods folder locator at C:\Users\Leo\OneDrive\Desktop\Modding\Minecraft-Robettini\Robettini\ATM10\mods}, reader: mod manifest]
[29Dec2025 03:42:17.563] [main/DEBUG] [net.neoforged.fml.loading.moddiscovery.readers.JarModsDotTomlModFileReader/SCAN]: Found META-INF/neoforge.mods.toml mod of type null: C:\Users\Leo\OneDrive\Desktop\Modding\Minecraft-Robettini\Robettini\ATM10\mods\OctoLib-NEOFORGE-0.5.0.1.jar
[29Dec2025 03:42:17.563] [main/DEBUG] [net.neoforged.fml.loading.moddiscovery.ModFileParser/LOADING]: Considering mod file candidate C:\Users\Leo\OneDrive\Desktop\Modding\Minecraft-Robettini\Robettini\ATM10\mods\OctoLib-NEOFORGE-0.5.0.1.jar
[29Dec2025 03:42:17.563] [main/DEBUG] [net.neoforged.fml.loading.moddiscovery.ModFileInfo/LOADING]: Found valid mod file OctoLib-NEOFORGE-0.5.0.1.jar with {octolib} mods - versions {0.5.0.1}
[29Dec2025 03:42:17.563] [main/INFO] [net.neoforged.fml.loading.moddiscovery.ModDiscoverer/SCAN]: Found mod file "OctoLib-NEOFORGE-0.5.0.1.jar" [locator: {mods folder locator at C:\Users\Leo\OneDrive\Desktop\Modding\Minecraft-Robettini\Robettini\ATM10\mods}, reader: mod manifest]
[29Dec2025 03:42:17.566] [main/DEBUG] [net.neoforged.fml.loading.moddiscovery.readers.JarModsDotTomlModFileReader/SCAN]: Found META-INF/neoforge.mods.toml mod of type null: C:\Users\Leo\OneDrive\Desktop\Modding\Minecraft-Robettini\Robettini\ATM10\mods\Oh-The-Biomes-Weve-Gone-NeoForge-2.5.1.jar
[29Dec2025 03:42:17.566] [main/DEBUG] [net.neoforged.fml.loading.moddiscovery.ModFileParser/LOADING]: Considering mod file candidate C:\Users\Leo\OneDrive\Desktop\Modding\Minecraft-Robettini\Robettini\ATM10\mods\Oh-The-Biomes-Weve-Gone-NeoForge-2.5.1.jar
[29Dec2025 03:42:17.566] [main/DEBUG] [net.neoforged.fml.loading.moddiscovery.ModFileInfo/LOADING]: Found valid mod file Oh-The-Biomes-Weve-Gone-NeoForge-2.5.1.jar with {biomeswevegone} mods - versions {2.5.1}
[29Dec2025 03:42:17.566] [main/INFO] [net.neoforged.fml.loading.moddiscovery.ModDiscoverer/SCAN]: Found mod file "Oh-The-Biomes-Weve-Gone-NeoForge-2.5.1.jar" [locator: {mods folder locator at C:\Users\Leo\OneDrive\Desktop\Modding\Minecraft-Robettini\Robettini\ATM10\mods}, reader: mod manifest]
[29Dec2025 03:42:17.567] [main/DEBUG] [net.neoforged.fml.loading.moddiscovery.readers.JarModsDotTomlModFileReader/SCAN]: Found META-INF/neoforge.mods.toml mod of type null: C:\Users\Leo\OneDrive\Desktop\Modding\Minecraft-Robettini\Robettini\ATM10\mods\Oh-The-Trees-Youll-Grow-neoforge-1.21.1-5.1.2.jar
[29Dec2025 03:42:17.567] [main/DEBUG] [net.neoforged.fml.loading.moddiscovery.ModFileParser/LOADING]: Considering mod file candidate C:\Users\Leo\OneDrive\Desktop\Modding\Minecraft-Robettini\Robettini\ATM10\mods\Oh-The-Trees-Youll-Grow-neoforge-1.21.1-5.1.2.jar
[29Dec2025 03:42:17.567] [main/DEBUG] [net.neoforged.fml.loading.moddiscovery.ModFileInfo/LOADING]: Found valid mod file Oh-The-Trees-Youll-Grow-neoforge-1.21.1-5.1.2.jar with {ohthetreesyoullgrow} mods - versions {5.1.2}
[29Dec2025 03:42:17.567] [main/INFO] [net.neoforged.fml.loading.moddiscovery.ModDiscoverer/SCAN]: Found mod file "Oh-The-Trees-Youll-Grow-neoforge-1.21.1-5.1.2.jar" [locator: {mods folder locator at C:\Users\Leo\OneDrive\Desktop\Modding\Minecraft-Robettini\Robettini\ATM10\mods}, reader: mod manifest]
[29Dec2025 03:42:17.568] [main/DEBUG] [net.neoforged.fml.loading.moddiscovery.readers.JarModsDotTomlModFileReader/SCAN]: Found META-INF/neoforge.mods.toml mod of type null: C:\Users\Leo\OneDrive\Desktop\Modding\Minecraft-Robettini\Robettini\ATM10\mods\omegaconfig-neoforge-1.5.1.jar
[29Dec2025 03:42:17.568] [main/DEBUG] [net.neoforged.fml.loading.moddiscovery.ModFileParser/LOADING]: Considering mod file candidate C:\Users\Leo\OneDrive\Desktop\Modding\Minecraft-Robettini\Robettini\ATM10\mods\omegaconfig-neoforge-1.5.1.jar
[29Dec2025 03:42:17.569] [main/DEBUG] [net.neoforged.fml.loading.moddiscovery.ModFileInfo/LOADING]: Found valid mod file omegaconfig-neoforge-1.5.1.jar with {omegaconfig} mods - versions {1.5.1}
[29Dec2025 03:42:17.569] [main/INFO] [net.neoforged.fml.loading.moddiscovery.ModDiscoverer/SCAN]: Found mod file "omegaconfig-neoforge-1.5.1.jar" [locator: {mods folder locator at C:\Users\Leo\OneDrive\Desktop\Modding\Minecraft-Robettini\Robettini\ATM10\mods}, reader: mod manifest]
[29Dec2025 03:42:17.570] [main/DEBUG] [net.neoforged.fml.loading.moddiscovery.readers.JarModsDotTomlModFileReader/SCAN]: Found META-INF/neoforge.mods.toml mod of type null: C:\Users\Leo\OneDrive\Desktop\Modding\Minecraft-Robettini\Robettini\ATM10\mods\OpenLoader-neoforge-1.21.1-21.1.5.jar
[29Dec2025 03:42:17.570] [main/DEBUG] [net.neoforged.fml.loading.moddiscovery.ModFileParser/LOADING]: Considering mod file candidate C:\Users\Leo\OneDrive\Desktop\Modding\Minecraft-Robettini\Robettini\ATM10\mods\OpenLoader-neoforge-1.21.1-21.1.5.jar
[29Dec2025 03:42:17.570] [main/DEBUG] [net.neoforged.fml.loading.moddiscovery.ModFileInfo/LOADING]: Found valid mod file OpenLoader-neoforge-1.21.1-21.1.5.jar with {openloader} mods - versions {21.1.5}
[29Dec2025 03:42:17.570] [main/INFO] [net.neoforged.fml.loading.moddiscovery.ModDiscoverer/SCAN]: Found mod file "OpenLoader-neoforge-1.21.1-21.1.5.jar" [locator: {mods folder locator at C:\Users\Leo\OneDrive\Desktop\Modding\Minecraft-Robettini\Robettini\ATM10\mods}, reader: mod manifest]
[29Dec2025 03:42:17.571] [main/DEBUG] [net.neoforged.fml.loading.moddiscovery.readers.JarModsDotTomlModFileReader/SCAN]: Found META-INF/neoforge.mods.toml mod of type null: C:\Users\Leo\OneDrive\Desktop\Modding\Minecraft-Robettini\Robettini\ATM10\mods\oracle_index-neoforge-0.5.0.jar
[29Dec2025 03:42:17.571] [main/DEBUG] [net.neoforged.fml.loading.moddiscovery.ModFileParser/LOADING]: Considering mod file candidate C:\Users\Leo\OneDrive\Desktop\Modding\Minecraft-Robettini\Robettini\ATM10\mods\oracle_index-neoforge-0.5.0.jar
[29Dec2025 03:42:17.571] [main/DEBUG] [net.neoforged.fml.loading.moddiscovery.ModFileInfo/LOADING]: Found valid mod file oracle_index-neoforge-0.5.0.jar with {oracle_index} mods - versions {0.5.0}
[29Dec2025 03:42:17.571] [main/INFO] [net.neoforged.fml.loading.moddiscovery.ModDiscoverer/SCAN]: Found mod file "oracle_index-neoforge-0.5.0.jar" [locator: {mods folder locator at C:\Users\Leo\OneDrive\Desktop\Modding\Minecraft-Robettini\Robettini\ATM10\mods}, reader: mod manifest]
[29Dec2025 03:42:17.573] [main/DEBUG] [net.neoforged.fml.loading.moddiscovery.readers.JarModsDotTomlModFileReader/SCAN]: Found META-INF/neoforge.mods.toml mod of type null: C:\Users\Leo\OneDrive\Desktop\Modding\Minecraft-Robettini\Robettini\ATM10\mods\oritech-neoforge-1.21.1-0.19.6.jar
[29Dec2025 03:42:17.573] [main/DEBUG] [net.neoforged.fml.loading.moddiscovery.ModFileParser/LOADING]: Considering mod file candidate C:\Users\Leo\OneDrive\Desktop\Modding\Minecraft-Robettini\Robettini\ATM10\mods\oritech-neoforge-1.21.1-0.19.6.jar
[29Dec2025 03:42:17.573] [main/DEBUG] [net.neoforged.fml.loading.moddiscovery.ModFileInfo/LOADING]: Found valid mod file oritech-neoforge-1.21.1-0.19.6.jar with {oritech} mods - versions {0.19.6}
[29Dec2025 03:42:17.573] [main/INFO] [net.neoforged.fml.loading.moddiscovery.ModDiscoverer/SCAN]: Found mod file "oritech-neoforge-1.21.1-0.19.6.jar" [locator: {mods folder locator at C:\Users\Leo\OneDrive\Desktop\Modding\Minecraft-Robettini\Robettini\ATM10\mods}, reader: mod manifest]
[29Dec2025 03:42:17.574] [main/DEBUG] [net.neoforged.fml.loading.moddiscovery.readers.JarModsDotTomlModFileReader/SCAN]: Found META-INF/neoforge.mods.toml mod of type null: C:\Users\Leo\OneDrive\Desktop\Modding\Minecraft-Robettini\Robettini\ATM10\mods\overloadedarmorbar-neoforge-1.21-2.jar
[29Dec2025 03:42:17.574] [main/DEBUG] [net.neoforged.fml.loading.moddiscovery.ModFileParser/LOADING]: Considering mod file candidate C:\Users\Leo\OneDrive\Desktop\Modding\Minecraft-Robettini\Robettini\ATM10\mods\overloadedarmorbar-neoforge-1.21-2.jar
[29Dec2025 03:42:17.574] [main/DEBUG] [net.neoforged.fml.loading.moddiscovery.ModFileInfo/LOADING]: Found valid mod file overloadedarmorbar-neoforge-1.21-2.jar with {overloadedarmorbar} mods - versions {2}
[29Dec2025 03:42:17.574] [main/INFO] [net.neoforged.fml.loading.moddiscovery.ModDiscoverer/SCAN]: Found mod file "overloadedarmorbar-neoforge-1.21-2.jar" [locator: {mods folder locator at C:\Users\Leo\OneDrive\Desktop\Modding\Minecraft-Robettini\Robettini\ATM10\mods}, reader: mod manifest]
[29Dec2025 03:42:17.575] [main/DEBUG] [net.neoforged.fml.loading.moddiscovery.readers.JarModsDotTomlModFileReader/SCAN]: Found META-INF/neoforge.mods.toml mod of type null: C:\Users\Leo\OneDrive\Desktop\Modding\Minecraft-Robettini\Robettini\ATM10\mods\owo-lib-neoforge-0.12.15.5-beta.1+1.21.jar
[29Dec2025 03:42:17.575] [main/DEBUG] [net.neoforged.fml.loading.moddiscovery.ModFileParser/LOADING]: Considering mod file candidate C:\Users\Leo\OneDrive\Desktop\Modding\Minecraft-Robettini\Robettini\ATM10\mods\owo-lib-neoforge-0.12.15.5-beta.1+1.21.jar
[29Dec2025 03:42:17.576] [main/DEBUG] [net.neoforged.fml.loading.moddiscovery.ModFileInfo/LOADING]: Found valid mod file owo-lib-neoforge-0.12.15.5-beta.1+1.21.jar with {owo} mods - versions {0.12.15.5-beta.1+1.21}
[29Dec2025 03:42:17.576] [main/INFO] [net.neoforged.fml.loading.moddiscovery.ModDiscoverer/SCAN]: Found mod file "owo-lib-neoforge-0.12.15.5-beta.1+1.21.jar" [locator: {mods folder locator at C:\Users\Leo\OneDrive\Desktop\Modding\Minecraft-Robettini\Robettini\ATM10\mods}, reader: mod manifest]
[29Dec2025 03:42:17.577] [main/DEBUG] [net.neoforged.fml.loading.moddiscovery.readers.JarModsDotTomlModFileReader/SCAN]: Found META-INF/neoforge.mods.toml mod of type null: C:\Users\Leo\OneDrive\Desktop\Modding\Minecraft-Robettini\Robettini\ATM10\mods\pamhc2crops-NEOFORGE-1.21.1-1.0.2.jar
[29Dec2025 03:42:17.577] [main/DEBUG] [net.neoforged.fml.loading.moddiscovery.ModFileParser/LOADING]: Considering mod file candidate C:\Users\Leo\OneDrive\Desktop\Modding\Minecraft-Robettini\Robettini\ATM10\mods\pamhc2crops-NEOFORGE-1.21.1-1.0.2.jar
[29Dec2025 03:42:17.577] [main/DEBUG] [net.neoforged.fml.loading.moddiscovery.ModFileInfo/LOADING]: Found valid mod file pamhc2crops-NEOFORGE-1.21.1-1.0.2.jar with {pamhc2crops} mods - versions {1.0.2}
[29Dec2025 03:42:17.577] [main/INFO] [net.neoforged.fml.loading.moddiscovery.ModDiscoverer/SCAN]: Found mod file "pamhc2crops-NEOFORGE-1.21.1-1.0.2.jar" [locator: {mods folder locator at C:\Users\Leo\OneDrive\Desktop\Modding\Minecraft-Robettini\Robettini\ATM10\mods}, reader: mod manifest]
[29Dec2025 03:42:17.578] [main/DEBUG] [net.neoforged.fml.loading.moddiscovery.readers.JarModsDotTomlModFileReader/SCAN]: Found META-INF/neoforge.mods.toml mod of type null: C:\Users\Leo\OneDrive\Desktop\Modding\Minecraft-Robettini\Robettini\ATM10\mods\pamhc2foodcore-NEOFORGE-1.21.1-1.0.4.jar
[29Dec2025 03:42:17.578] [main/DEBUG] [net.neoforged.fml.loading.moddiscovery.ModFileParser/LOADING]: Considering mod file candidate C:\Users\Leo\OneDrive\Desktop\Modding\Minecraft-Robettini\Robettini\ATM10\mods\pamhc2foodcore-NEOFORGE-1.21.1-1.0.4.jar
[29Dec2025 03:42:17.579] [main/DEBUG] [net.neoforged.fml.loading.moddiscovery.ModFileInfo/LOADING]: Found valid mod file pamhc2foodcore-NEOFORGE-1.21.1-1.0.4.jar with {pamhc2foodcore} mods - versions {1.0.4}
[29Dec2025 03:42:17.579] [main/INFO] [net.neoforged.fml.loading.moddiscovery.ModDiscoverer/SCAN]: Found mod file "pamhc2foodcore-NEOFORGE-1.21.1-1.0.4.jar" [locator: {mods folder locator at C:\Users\Leo\OneDrive\Desktop\Modding\Minecraft-Robettini\Robettini\ATM10\mods}, reader: mod manifest]
[29Dec2025 03:42:17.580] [main/DEBUG] [net.neoforged.fml.loading.moddiscovery.readers.JarModsDotTomlModFileReader/SCAN]: Found META-INF/neoforge.mods.toml mod of type null: C:\Users\Leo\OneDrive\Desktop\Modding\Minecraft-Robettini\Robettini\ATM10\mods\pamhc2foodextended-NEOFORGE-1.21.1-1.0.0.jar
[29Dec2025 03:42:17.580] [main/DEBUG] [net.neoforged.fml.loading.moddiscovery.ModFileParser/LOADING]: Considering mod file candidate C:\Users\Leo\OneDrive\Desktop\Modding\Minecraft-Robettini\Robettini\ATM10\mods\pamhc2foodextended-NEOFORGE-1.21.1-1.0.0.jar
[29Dec2025 03:42:17.580] [main/DEBUG] [net.neoforged.fml.loading.moddiscovery.ModFileInfo/LOADING]: Found valid mod file pamhc2foodextended-NEOFORGE-1.21.1-1.0.0.jar with {pamhc2foodextended} mods - versions {1.0.0}
[29Dec2025 03:42:17.580] [main/INFO] [net.neoforged.fml.loading.moddiscovery.ModDiscoverer/SCAN]: Found mod file "pamhc2foodextended-NEOFORGE-1.21.1-1.0.0.jar" [locator: {mods folder locator at C:\Users\Leo\OneDrive\Desktop\Modding\Minecraft-Robettini\Robettini\ATM10\mods}, reader: mod manifest]
[29Dec2025 03:42:17.581] [main/DEBUG] [net.neoforged.fml.loading.moddiscovery.readers.JarModsDotTomlModFileReader/SCAN]: Found META-INF/neoforge.mods.toml mod of type null: C:\Users\Leo\OneDrive\Desktop\Modding\Minecraft-Robettini\Robettini\ATM10\mods\pamhc2trees-NEOFORGE-1.21.1-1.0.4.jar
[29Dec2025 03:42:17.581] [main/DEBUG] [net.neoforged.fml.loading.moddiscovery.ModFileParser/LOADING]: Considering mod file candidate C:\Users\Leo\OneDrive\Desktop\Modding\Minecraft-Robettini\Robettini\ATM10\mods\pamhc2trees-NEOFORGE-1.21.1-1.0.4.jar
[29Dec2025 03:42:17.582] [main/DEBUG] [net.neoforged.fml.loading.moddiscovery.ModFileInfo/LOADING]: Found valid mod file pamhc2trees-NEOFORGE-1.21.1-1.0.4.jar with {pamhc2trees} mods - versions {1.0.4}
[29Dec2025 03:42:17.582] [main/INFO] [net.neoforged.fml.loading.moddiscovery.ModDiscoverer/SCAN]: Found mod file "pamhc2trees-NEOFORGE-1.21.1-1.0.4.jar" [locator: {mods folder locator at C:\Users\Leo\OneDrive\Desktop\Modding\Minecraft-Robettini\Robettini\ATM10\mods}, reader: mod manifest]
[29Dec2025 03:42:17.583] [main/DEBUG] [net.neoforged.fml.loading.moddiscovery.readers.JarModsDotTomlModFileReader/SCAN]: Found META-INF/neoforge.mods.toml mod of type null: C:\Users\Leo\OneDrive\Desktop\Modding\Minecraft-Robettini\Robettini\ATM10\mods\Patchouli-1.21.1-92-NEOFORGE.jar
[29Dec2025 03:42:17.583] [main/DEBUG] [net.neoforged.fml.loading.moddiscovery.ModFileParser/LOADING]: Considering mod file candidate C:\Users\Leo\OneDrive\Desktop\Modding\Minecraft-Robettini\Robettini\ATM10\mods\Patchouli-1.21.1-92-NEOFORGE.jar
[29Dec2025 03:42:17.583] [main/DEBUG] [net.neoforged.fml.loading.moddiscovery.ModFileInfo/LOADING]: Found valid mod file Patchouli-1.21.1-92-NEOFORGE.jar with {patchouli} mods - versions {1.21.1-92-NEOFORGE}
[29Dec2025 03:42:17.583] [main/INFO] [net.neoforged.fml.loading.moddiscovery.ModDiscoverer/SCAN]: Found mod file "Patchouli-1.21.1-92-NEOFORGE.jar" [locator: {mods folder locator at C:\Users\Leo\OneDrive\Desktop\Modding\Minecraft-Robettini\Robettini\ATM10\mods}, reader: mod manifest]
[29Dec2025 03:42:17.584] [main/DEBUG] [net.neoforged.fml.loading.moddiscovery.readers.JarModsDotTomlModFileReader/SCAN]: Found META-INF/neoforge.mods.toml mod of type null: C:\Users\Leo\OneDrive\Desktop\Modding\Minecraft-Robettini\Robettini\ATM10\mods\pipez-neoforge-1.21.1-1.2.19.jar
[29Dec2025 03:42:17.584] [main/DEBUG] [net.neoforged.fml.loading.moddiscovery.ModFileParser/LOADING]: Considering mod file candidate C:\Users\Leo\OneDrive\Desktop\Modding\Minecraft-Robettini\Robettini\ATM10\mods\pipez-neoforge-1.21.1-1.2.19.jar
[29Dec2025 03:42:17.584] [main/DEBUG] [net.neoforged.fml.loading.moddiscovery.ModFileInfo/LOADING]: Found valid mod file pipez-neoforge-1.21.1-1.2.19.jar with {pipez} mods - versions {1.21.1-1.2.19}
[29Dec2025 03:42:17.584] [main/INFO] [net.neoforged.fml.loading.moddiscovery.ModDiscoverer/SCAN]: Found mod file "pipez-neoforge-1.21.1-1.2.19.jar" [locator: {mods folder locator at C:\Users\Leo\OneDrive\Desktop\Modding\Minecraft-Robettini\Robettini\ATM10\mods}, reader: mod manifest]
[29Dec2025 03:42:17.586] [main/DEBUG] [net.neoforged.fml.loading.moddiscovery.readers.JarModsDotTomlModFileReader/SCAN]: Found META-INF/neoforge.mods.toml mod of type null: C:\Users\Leo\OneDrive\Desktop\Modding\Minecraft-Robettini\Robettini\ATM10\mods\Placebo-1.21.1-9.9.1.jar
[29Dec2025 03:42:17.586] [main/DEBUG] [net.neoforged.fml.loading.moddiscovery.ModFileParser/LOADING]: Considering mod file candidate C:\Users\Leo\OneDrive\Desktop\Modding\Minecraft-Robettini\Robettini\ATM10\mods\Placebo-1.21.1-9.9.1.jar
[29Dec2025 03:42:17.586] [main/DEBUG] [net.neoforged.fml.loading.moddiscovery.ModFileInfo/LOADING]: Found valid mod file Placebo-1.21.1-9.9.1.jar with {placebo} mods - versions {9.9.1}
[29Dec2025 03:42:17.586] [main/INFO] [net.neoforged.fml.loading.moddiscovery.ModDiscoverer/SCAN]: Found mod file "Placebo-1.21.1-9.9.1.jar" [locator: {mods folder locator at C:\Users\Leo\OneDrive\Desktop\Modding\Minecraft-Robettini\Robettini\ATM10\mods}, reader: mod manifest]
[29Dec2025 03:42:17.587] [main/DEBUG] [net.neoforged.fml.loading.moddiscovery.readers.JarModsDotTomlModFileReader/SCAN]: Found META-INF/neoforge.mods.toml mod of type null: C:\Users\Leo\OneDrive\Desktop\Modding\Minecraft-Robettini\Robettini\ATM10\mods\player-animation-lib-forge-2.0.1+1.21.1.jar
[29Dec2025 03:42:17.587] [main/DEBUG] [net.neoforged.fml.loading.moddiscovery.ModFileParser/LOADING]: Considering mod file candidate C:\Users\Leo\OneDrive\Desktop\Modding\Minecraft-Robettini\Robettini\ATM10\mods\player-animation-lib-forge-2.0.1+1.21.1.jar
[29Dec2025 03:42:17.587] [main/DEBUG] [net.neoforged.fml.loading.moddiscovery.ModFileInfo/LOADING]: Found valid mod file player-animation-lib-forge-2.0.1+1.21.1.jar with {playeranimator} mods - versions {2.0.1+1.21.1}
[29Dec2025 03:42:17.587] [main/INFO] [net.neoforged.fml.loading.moddiscovery.ModDiscoverer/SCAN]: Found mod file "player-animation-lib-forge-2.0.1+1.21.1.jar" [locator: {mods folder locator at C:\Users\Leo\OneDrive\Desktop\Modding\Minecraft-Robettini\Robettini\ATM10\mods}, reader: mod manifest]
[29Dec2025 03:42:17.589] [main/DEBUG] [net.neoforged.fml.loading.moddiscovery.readers.JarModsDotTomlModFileReader/SCAN]: Found META-INF/neoforge.mods.toml mod of type null: C:\Users\Leo\OneDrive\Desktop\Modding\Minecraft-Robettini\Robettini\ATM10\mods\pneumaticcraft-repressurized-8.2.13+mc1.21.1.jar
[29Dec2025 03:42:17.589] [main/DEBUG] [net.neoforged.fml.loading.moddiscovery.ModFileParser/LOADING]: Considering mod file candidate C:\Users\Leo\OneDrive\Desktop\Modding\Minecraft-Robettini\Robettini\ATM10\mods\pneumaticcraft-repressurized-8.2.13+mc1.21.1.jar
[29Dec2025 03:42:17.589] [main/DEBUG] [net.neoforged.fml.loading.moddiscovery.ModFileInfo/LOADING]: Found valid mod file pneumaticcraft-repressurized-8.2.13+mc1.21.1.jar with {pneumaticcraft} mods - versions {8.2.13}
[29Dec2025 03:42:17.589] [main/INFO] [net.neoforged.fml.loading.moddiscovery.ModDiscoverer/SCAN]: Found mod file "pneumaticcraft-repressurized-8.2.13+mc1.21.1.jar" [locator: {mods folder locator at C:\Users\Leo\OneDrive\Desktop\Modding\Minecraft-Robettini\Robettini\ATM10\mods}, reader: mod manifest]
[29Dec2025 03:42:17.590] [main/DEBUG] [net.neoforged.fml.loading.moddiscovery.readers.JarModsDotTomlModFileReader/SCAN]: Found META-INF/neoforge.mods.toml mod of type null: C:\Users\Leo\OneDrive\Desktop\Modding\Minecraft-Robettini\Robettini\ATM10\mods\pocketstorage-1.2.5+1.21.1-b3.jar
[29Dec2025 03:42:17.590] [main/DEBUG] [net.neoforged.fml.loading.moddiscovery.ModFileParser/LOADING]: Considering mod file candidate C:\Users\Leo\OneDrive\Desktop\Modding\Minecraft-Robettini\Robettini\ATM10\mods\pocketstorage-1.2.5+1.21.1-b3.jar
[29Dec2025 03:42:17.590] [main/DEBUG] [net.neoforged.fml.loading.moddiscovery.ModFileInfo/LOADING]: Found valid mod file pocketstorage-1.2.5+1.21.1-b3.jar with {pocketstorage} mods - versions {1.2.5}
[29Dec2025 03:42:17.590] [main/INFO] [net.neoforged.fml.loading.moddiscovery.ModDiscoverer/SCAN]: Found mod file "pocketstorage-1.2.5+1.21.1-b3.jar" [locator: {mods folder locator at C:\Users\Leo\OneDrive\Desktop\Modding\Minecraft-Robettini\Robettini\ATM10\mods}, reader: mod manifest]
[29Dec2025 03:42:17.591] [main/DEBUG] [net.neoforged.fml.loading.moddiscovery.readers.JarModsDotTomlModFileReader/SCAN]: Found META-INF/neoforge.mods.toml mod of type null: C:\Users\Leo\OneDrive\Desktop\Modding\Minecraft-Robettini\Robettini\ATM10\mods\polyeng-0.4.1.jar
[29Dec2025 03:42:17.591] [main/DEBUG] [net.neoforged.fml.loading.moddiscovery.ModFileParser/LOADING]: Considering mod file candidate C:\Users\Leo\OneDrive\Desktop\Modding\Minecraft-Robettini\Robettini\ATM10\mods\polyeng-0.4.1.jar
[29Dec2025 03:42:17.591] [main/DEBUG] [net.neoforged.fml.loading.moddiscovery.ModFileInfo/LOADING]: Found valid mod file polyeng-0.4.1.jar with {polyeng} mods - versions {0.4.1}
[29Dec2025 03:42:17.591] [main/INFO] [net.neoforged.fml.loading.moddiscovery.ModDiscoverer/SCAN]: Found mod file "polyeng-0.4.1.jar" [locator: {mods folder locator at C:\Users\Leo\OneDrive\Desktop\Modding\Minecraft-Robettini\Robettini\ATM10\mods}, reader: mod manifest]
[29Dec2025 03:42:17.593] [main/DEBUG] [net.neoforged.fml.loading.moddiscovery.readers.JarModsDotTomlModFileReader/SCAN]: Found META-INF/neoforge.mods.toml mod of type null: C:\Users\Leo\OneDrive\Desktop\Modding\Minecraft-Robettini\Robettini\ATM10\mods\polylib-2100.1.0-build.183-neoforge.jar
[29Dec2025 03:42:17.593] [main/DEBUG] [net.neoforged.fml.loading.moddiscovery.ModFileParser/LOADING]: Considering mod file candidate C:\Users\Leo\OneDrive\Desktop\Modding\Minecraft-Robettini\Robettini\ATM10\mods\polylib-2100.1.0-build.183-neoforge.jar
[29Dec2025 03:42:17.593] [main/DEBUG] [net.neoforged.fml.loading.moddiscovery.ModFileInfo/LOADING]: Found valid mod file polylib-2100.1.0-build.183-neoforge.jar with {polylib} mods - versions {2100.1.0-build.183}
[29Dec2025 03:42:17.593] [main/INFO] [net.neoforged.fml.loading.moddiscovery.ModDiscoverer/SCAN]: Found mod file "polylib-2100.1.0-build.183-neoforge.jar" [locator: {mods folder locator at C:\Users\Leo\OneDrive\Desktop\Modding\Minecraft-Robettini\Robettini\ATM10\mods}, reader: mod manifest]
[29Dec2025 03:42:17.594] [main/DEBUG] [net.neoforged.fml.loading.moddiscovery.readers.JarModsDotTomlModFileReader/SCAN]: Found META-INF/neoforge.mods.toml mod of type null: C:\Users\Leo\OneDrive\Desktop\Modding\Minecraft-Robettini\Robettini\ATM10\mods\polymorph-neoforge-1.1.0+1.21.1.jar
[29Dec2025 03:42:17.594] [main/DEBUG] [net.neoforged.fml.loading.moddiscovery.ModFileParser/LOADING]: Considering mod file candidate C:\Users\Leo\OneDrive\Desktop\Modding\Minecraft-Robettini\Robettini\ATM10\mods\polymorph-neoforge-1.1.0+1.21.1.jar
[29Dec2025 03:42:17.594] [main/DEBUG] [net.neoforged.fml.loading.moddiscovery.ModFileInfo/LOADING]: Found valid mod file polymorph-neoforge-1.1.0+1.21.1.jar with {polymorph} mods - versions {1.1.0+1.21.1}
[29Dec2025 03:42:17.594] [main/INFO] [net.neoforged.fml.loading.moddiscovery.ModDiscoverer/SCAN]: Found mod file "polymorph-neoforge-1.1.0+1.21.1.jar" [locator: {mods folder locator at C:\Users\Leo\OneDrive\Desktop\Modding\Minecraft-Robettini\Robettini\ATM10\mods}, reader: mod manifest]
[29Dec2025 03:42:17.595] [main/DEBUG] [net.neoforged.fml.loading.moddiscovery.readers.JarModsDotTomlModFileReader/SCAN]: Found META-INF/neoforge.mods.toml mod of type null: C:\Users\Leo\OneDrive\Desktop\Modding\Minecraft-Robettini\Robettini\ATM10\mods\ponderjs-neoforge-1.21.1-2.3.0.jar
[29Dec2025 03:42:17.595] [main/DEBUG] [net.neoforged.fml.loading.moddiscovery.ModFileParser/LOADING]: Considering mod file candidate C:\Users\Leo\OneDrive\Desktop\Modding\Minecraft-Robettini\Robettini\ATM10\mods\ponderjs-neoforge-1.21.1-2.3.0.jar
[29Dec2025 03:42:17.595] [main/DEBUG] [net.neoforged.fml.loading.moddiscovery.ModFileInfo/LOADING]: Found valid mod file ponderjs-neoforge-1.21.1-2.3.0.jar with {ponderjs} mods - versions {1.21.1-2.3.0}
[29Dec2025 03:42:17.595] [main/INFO] [net.neoforged.fml.loading.moddiscovery.ModDiscoverer/SCAN]: Found mod file "ponderjs-neoforge-1.21.1-2.3.0.jar" [locator: {mods folder locator at C:\Users\Leo\OneDrive\Desktop\Modding\Minecraft-Robettini\Robettini\ATM10\mods}, reader: mod manifest]
[29Dec2025 03:42:17.596] [main/DEBUG] [net.neoforged.fml.loading.moddiscovery.readers.JarModsDotTomlModFileReader/SCAN]: Found META-INF/neoforge.mods.toml mod of type null: C:\Users\Leo\OneDrive\Desktop\Modding\Minecraft-Robettini\Robettini\ATM10\mods\potionsmaster-21.1.113-0.7.1-packdev.jar
[29Dec2025 03:42:17.596] [main/DEBUG] [net.neoforged.fml.loading.moddiscovery.ModFileParser/LOADING]: Considering mod file candidate C:\Users\Leo\OneDrive\Desktop\Modding\Minecraft-Robettini\Robettini\ATM10\mods\potionsmaster-21.1.113-0.7.1-packdev.jar
[29Dec2025 03:42:17.597] [main/DEBUG] [net.neoforged.fml.loading.moddiscovery.ModFileInfo/LOADING]: Found valid mod file potionsmaster-21.1.113-0.7.1-packdev.jar with {potionsmaster} mods - versions {0.7.1-packdev}
[29Dec2025 03:42:17.597] [main/INFO] [net.neoforged.fml.loading.moddiscovery.ModDiscoverer/SCAN]: Found mod file "potionsmaster-21.1.113-0.7.1-packdev.jar" [locator: {mods folder locator at C:\Users\Leo\OneDrive\Desktop\Modding\Minecraft-Robettini\Robettini\ATM10\mods}, reader: mod manifest]
[29Dec2025 03:42:17.598] [main/DEBUG] [net.neoforged.fml.loading.moddiscovery.readers.JarModsDotTomlModFileReader/SCAN]: Found META-INF/neoforge.mods.toml mod of type null: C:\Users\Leo\OneDrive\Desktop\Modding\Minecraft-Robettini\Robettini\ATM10\mods\Powah-6.2.7.jar
[29Dec2025 03:42:17.598] [main/DEBUG] [net.neoforged.fml.loading.moddiscovery.ModFileParser/LOADING]: Considering mod file candidate C:\Users\Leo\OneDrive\Desktop\Modding\Minecraft-Robettini\Robettini\ATM10\mods\Powah-6.2.7.jar
[29Dec2025 03:42:17.598] [main/DEBUG] [net.neoforged.fml.loading.moddiscovery.ModFileInfo/LOADING]: Found valid mod file Powah-6.2.7.jar with {powah} mods - versions {6.2.7}
[29Dec2025 03:42:17.598] [main/INFO] [net.neoforged.fml.loading.moddiscovery.ModDiscoverer/SCAN]: Found mod file "Powah-6.2.7.jar" [locator: {mods folder locator at C:\Users\Leo\OneDrive\Desktop\Modding\Minecraft-Robettini\Robettini\ATM10\mods}, reader: mod manifest]
[29Dec2025 03:42:17.599] [main/DEBUG] [net.neoforged.fml.loading.moddiscovery.readers.JarModsDotTomlModFileReader/SCAN]: Found META-INF/neoforge.mods.toml mod of type null: C:\Users\Leo\OneDrive\Desktop\Modding\Minecraft-Robettini\Robettini\ATM10\mods\prickle-neoforge-1.21.1-21.1.11.jar
[29Dec2025 03:42:17.599] [main/DEBUG] [net.neoforged.fml.loading.moddiscovery.ModFileParser/LOADING]: Considering mod file candidate C:\Users\Leo\OneDrive\Desktop\Modding\Minecraft-Robettini\Robettini\ATM10\mods\prickle-neoforge-1.21.1-21.1.11.jar
[29Dec2025 03:42:17.599] [main/DEBUG] [net.neoforged.fml.loading.moddiscovery.ModFileInfo/LOADING]: Found valid mod file prickle-neoforge-1.21.1-21.1.11.jar with {prickle} mods - versions {21.1.11}
[29Dec2025 03:42:17.599] [main/INFO] [net.neoforged.fml.loading.moddiscovery.ModDiscoverer/SCAN]: Found mod file "prickle-neoforge-1.21.1-21.1.11.jar" [locator: {mods folder locator at C:\Users\Leo\OneDrive\Desktop\Modding\Minecraft-Robettini\Robettini\ATM10\mods}, reader: mod manifest]
[29Dec2025 03:42:17.602] [main/DEBUG] [net.neoforged.fml.loading.moddiscovery.readers.JarModsDotTomlModFileReader/SCAN]: Found META-INF/neoforge.mods.toml mod of type null: C:\Users\Leo\OneDrive\Desktop\Modding\Minecraft-Robettini\Robettini\ATM10\mods\productivebees-1.21.1-13.11.1.jar
[29Dec2025 03:42:17.602] [main/DEBUG] [net.neoforged.fml.loading.moddiscovery.ModFileParser/LOADING]: Considering mod file candidate C:\Users\Leo\OneDrive\Desktop\Modding\Minecraft-Robettini\Robettini\ATM10\mods\productivebees-1.21.1-13.11.1.jar
[29Dec2025 03:42:17.602] [main/DEBUG] [net.neoforged.fml.loading.moddiscovery.ModFileInfo/LOADING]: Found valid mod file productivebees-1.21.1-13.11.1.jar with {productivebees} mods - versions {1.21.1-13.11.1}
[29Dec2025 03:42:17.602] [main/INFO] [net.neoforged.fml.loading.moddiscovery.ModDiscoverer/SCAN]: Found mod file "productivebees-1.21.1-13.11.1.jar" [locator: {mods folder locator at C:\Users\Leo\OneDrive\Desktop\Modding\Minecraft-Robettini\Robettini\ATM10\mods}, reader: mod manifest]
[29Dec2025 03:42:17.603] [main/DEBUG] [net.neoforged.fml.loading.moddiscovery.readers.JarModsDotTomlModFileReader/SCAN]: Found META-INF/neoforge.mods.toml mod of type null: C:\Users\Leo\OneDrive\Desktop\Modding\Minecraft-Robettini\Robettini\ATM10\mods\productivemetalworks-1.21.1-1.13.2.jar
[29Dec2025 03:42:17.603] [main/DEBUG] [net.neoforged.fml.loading.moddiscovery.ModFileParser/LOADING]: Considering mod file candidate C:\Users\Leo\OneDrive\Desktop\Modding\Minecraft-Robettini\Robettini\ATM10\mods\productivemetalworks-1.21.1-1.13.2.jar
[29Dec2025 03:42:17.603] [main/DEBUG] [net.neoforged.fml.loading.moddiscovery.ModFileInfo/LOADING]: Found valid mod file productivemetalworks-1.21.1-1.13.2.jar with {productivemetalworks} mods - versions {1.21.1-1.13.2}
[29Dec2025 03:42:17.603] [main/INFO] [net.neoforged.fml.loading.moddiscovery.ModDiscoverer/SCAN]: Found mod file "productivemetalworks-1.21.1-1.13.2.jar" [locator: {mods folder locator at C:\Users\Leo\OneDrive\Desktop\Modding\Minecraft-Robettini\Robettini\ATM10\mods}, reader: mod manifest]
[29Dec2025 03:42:17.609] [main/DEBUG] [net.neoforged.fml.loading.moddiscovery.readers.JarModsDotTomlModFileReader/SCAN]: Found META-INF/neoforge.mods.toml mod of type null: C:\Users\Leo\OneDrive\Desktop\Modding\Minecraft-Robettini\Robettini\ATM10\mods\productivetrees-1.21.1-0.7.1.jar
[29Dec2025 03:42:17.609] [main/DEBUG] [net.neoforged.fml.loading.moddiscovery.ModFileParser/LOADING]: Considering mod file candidate C:\Users\Leo\OneDrive\Desktop\Modding\Minecraft-Robettini\Robettini\ATM10\mods\productivetrees-1.21.1-0.7.1.jar
[29Dec2025 03:42:17.609] [main/DEBUG] [net.neoforged.fml.loading.moddiscovery.ModFileInfo/LOADING]: Found valid mod file productivetrees-1.21.1-0.7.1.jar with {productivetrees} mods - versions {1.21.1-0.7.1}
[29Dec2025 03:42:17.609] [main/INFO] [net.neoforged.fml.loading.moddiscovery.ModDiscoverer/SCAN]: Found mod file "productivetrees-1.21.1-0.7.1.jar" [locator: {mods folder locator at C:\Users\Leo\OneDrive\Desktop\Modding\Minecraft-Robettini\Robettini\ATM10\mods}, reader: mod manifest]
[29Dec2025 03:42:17.610] [main/DEBUG] [net.neoforged.fml.loading.moddiscovery.readers.JarModsDotTomlModFileReader/SCAN]: Found META-INF/neoforge.mods.toml mod of type null: C:\Users\Leo\OneDrive\Desktop\Modding\Minecraft-Robettini\Robettini\ATM10\mods\pylons-1.21.1-5.2.1.jar
[29Dec2025 03:42:17.610] [main/DEBUG] [net.neoforged.fml.loading.moddiscovery.ModFileParser/LOADING]: Considering mod file candidate C:\Users\Leo\OneDrive\Desktop\Modding\Minecraft-Robettini\Robettini\ATM10\mods\pylons-1.21.1-5.2.1.jar
[29Dec2025 03:42:17.610] [main/DEBUG] [net.neoforged.fml.loading.moddiscovery.ModFileInfo/LOADING]: Found valid mod file pylons-1.21.1-5.2.1.jar with {pylons} mods - versions {5.2.1}
[29Dec2025 03:42:17.610] [main/INFO] [net.neoforged.fml.loading.moddiscovery.ModDiscoverer/SCAN]: Found mod file "pylons-1.21.1-5.2.1.jar" [locator: {mods folder locator at C:\Users\Leo\OneDrive\Desktop\Modding\Minecraft-Robettini\Robettini\ATM10\mods}, reader: mod manifest]
[29Dec2025 03:42:17.612] [main/DEBUG] [net.neoforged.fml.loading.moddiscovery.readers.JarModsDotTomlModFileReader/SCAN]: Found META-INF/neoforge.mods.toml mod of type null: C:\Users\Leo\OneDrive\Desktop\Modding\Minecraft-Robettini\Robettini\ATM10\mods\railcraft-reborn-1.21.1-1.2.9.jar
[29Dec2025 03:42:17.612] [main/DEBUG] [net.neoforged.fml.loading.moddiscovery.ModFileParser/LOADING]: Considering mod file candidate C:\Users\Leo\OneDrive\Desktop\Modding\Minecraft-Robettini\Robettini\ATM10\mods\railcraft-reborn-1.21.1-1.2.9.jar
[29Dec2025 03:42:17.613] [main/DEBUG] [net.neoforged.fml.loading.moddiscovery.ModFileInfo/LOADING]: Found valid mod file railcraft-reborn-1.21.1-1.2.9.jar with {railcraft} mods - versions {1.2.9}
[29Dec2025 03:42:17.613] [main/INFO] [net.neoforged.fml.loading.moddiscovery.ModDiscoverer/SCAN]: Found mod file "railcraft-reborn-1.21.1-1.2.9.jar" [locator: {mods folder locator at C:\Users\Leo\OneDrive\Desktop\Modding\Minecraft-Robettini\Robettini\ATM10\mods}, reader: mod manifest]
[29Dec2025 03:42:17.614] [main/DEBUG] [net.neoforged.fml.loading.moddiscovery.readers.JarModsDotTomlModFileReader/SCAN]: Found META-INF/neoforge.mods.toml mod of type null: C:\Users\Leo\OneDrive\Desktop\Modding\Minecraft-Robettini\Robettini\ATM10\mods\rangedpumps-1.3.0.jar
[29Dec2025 03:42:17.614] [main/DEBUG] [net.neoforged.fml.loading.moddiscovery.ModFileParser/LOADING]: Considering mod file candidate C:\Users\Leo\OneDrive\Desktop\Modding\Minecraft-Robettini\Robettini\ATM10\mods\rangedpumps-1.3.0.jar
[29Dec2025 03:42:17.614] [main/DEBUG] [net.neoforged.fml.loading.moddiscovery.ModFileInfo/LOADING]: Found valid mod file rangedpumps-1.3.0.jar with {rangedpumps} mods - versions {1.3.0}
[29Dec2025 03:42:17.614] [main/INFO] [net.neoforged.fml.loading.moddiscovery.ModDiscoverer/SCAN]: Found mod file "rangedpumps-1.3.0.jar" [locator: {mods folder locator at C:\Users\Leo\OneDrive\Desktop\Modding\Minecraft-Robettini\Robettini\ATM10\mods}, reader: mod manifest]
[29Dec2025 03:42:17.615] [main/DEBUG] [net.neoforged.fml.loading.moddiscovery.readers.JarModsDotTomlModFileReader/SCAN]: Found META-INF/neoforge.mods.toml mod of type null: C:\Users\Leo\OneDrive\Desktop\Modding\Minecraft-Robettini\Robettini\ATM10\mods\rarcompat-1.21-0.9.6.jar
[29Dec2025 03:42:17.615] [main/DEBUG] [net.neoforged.fml.loading.moddiscovery.ModFileParser/LOADING]: Considering mod file candidate C:\Users\Leo\OneDrive\Desktop\Modding\Minecraft-Robettini\Robettini\ATM10\mods\rarcompat-1.21-0.9.6.jar
[29Dec2025 03:42:17.615] [main/DEBUG] [net.neoforged.fml.loading.moddiscovery.ModFileInfo/LOADING]: Found valid mod file rarcompat-1.21-0.9.6.jar with {rarcompat} mods - versions {0.9.6}
[29Dec2025 03:42:17.615] [main/INFO] [net.neoforged.fml.loading.moddiscovery.ModDiscoverer/SCAN]: Found mod file "rarcompat-1.21-0.9.6.jar" [locator: {mods folder locator at C:\Users\Leo\OneDrive\Desktop\Modding\Minecraft-Robettini\Robettini\ATM10\mods}, reader: mod manifest]
[29Dec2025 03:42:17.616] [main/DEBUG] [net.neoforged.fml.loading.moddiscovery.readers.JarModsDotTomlModFileReader/SCAN]: Found META-INF/neoforge.mods.toml mod of type null: C:\Users\Leo\OneDrive\Desktop\Modding\Minecraft-Robettini\Robettini\ATM10\mods\reap-neoforge-1.21.1-1.1.2.jar
[29Dec2025 03:42:17.616] [main/DEBUG] [net.neoforged.fml.loading.moddiscovery.ModFileParser/LOADING]: Considering mod file candidate C:\Users\Leo\OneDrive\Desktop\Modding\Minecraft-Robettini\Robettini\ATM10\mods\reap-neoforge-1.21.1-1.1.2.jar
[29Dec2025 03:42:17.616] [main/DEBUG] [net.neoforged.fml.loading.moddiscovery.ModFileInfo/LOADING]: Found valid mod file reap-neoforge-1.21.1-1.1.2.jar with {reap} mods - versions {1.21.1-1.1.2}
[29Dec2025 03:42:17.616] [main/INFO] [net.neoforged.fml.loading.moddiscovery.ModDiscoverer/SCAN]: Found mod file "reap-neoforge-1.21.1-1.1.2.jar" [locator: {mods folder locator at C:\Users\Leo\OneDrive\Desktop\Modding\Minecraft-Robettini\Robettini\ATM10\mods}, reader: mod manifest]
[29Dec2025 03:42:17.617] [main/DEBUG] [net.neoforged.fml.loading.moddiscovery.readers.JarModsDotTomlModFileReader/SCAN]: Found META-INF/neoforge.mods.toml mod of type null: C:\Users\Leo\OneDrive\Desktop\Modding\Minecraft-Robettini\Robettini\ATM10\mods\rebind_narrator-1.21.1-neoforge-2025.10.21.jar
[29Dec2025 03:42:17.617] [main/DEBUG] [net.neoforged.fml.loading.moddiscovery.ModFileParser/LOADING]: Considering mod file candidate C:\Users\Leo\OneDrive\Desktop\Modding\Minecraft-Robettini\Robettini\ATM10\mods\rebind_narrator-1.21.1-neoforge-2025.10.21.jar
[29Dec2025 03:42:17.617] [main/DEBUG] [net.neoforged.fml.loading.moddiscovery.ModFileInfo/LOADING]: Found valid mod file rebind_narrator-1.21.1-neoforge-2025.10.21.jar with {rebind_narrator} mods - versions {2025.10.21}
[29Dec2025 03:42:17.617] [main/INFO] [net.neoforged.fml.loading.moddiscovery.ModDiscoverer/SCAN]: Found mod file "rebind_narrator-1.21.1-neoforge-2025.10.21.jar" [locator: {mods folder locator at C:\Users\Leo\OneDrive\Desktop\Modding\Minecraft-Robettini\Robettini\ATM10\mods}, reader: mod manifest]
[29Dec2025 03:42:17.619] [main/DEBUG] [net.neoforged.fml.loading.moddiscovery.readers.JarModsDotTomlModFileReader/SCAN]: Found META-INF/neoforge.mods.toml mod of type null: C:\Users\Leo\OneDrive\Desktop\Modding\Minecraft-Robettini\Robettini\ATM10\mods\rechiseled-1.1.6a-neoforge-mc1.21.jar
[29Dec2025 03:42:17.619] [main/DEBUG] [net.neoforged.fml.loading.moddiscovery.ModFileParser/LOADING]: Considering mod file candidate C:\Users\Leo\OneDrive\Desktop\Modding\Minecraft-Robettini\Robettini\ATM10\mods\rechiseled-1.1.6a-neoforge-mc1.21.jar
[29Dec2025 03:42:17.620] [main/DEBUG] [net.neoforged.fml.loading.moddiscovery.ModFileInfo/LOADING]: Found valid mod file rechiseled-1.1.6a-neoforge-mc1.21.jar with {rechiseled} mods - versions {1.1.6+a}
[29Dec2025 03:42:17.620] [main/INFO] [net.neoforged.fml.loading.moddiscovery.ModDiscoverer/SCAN]: Found mod file "rechiseled-1.1.6a-neoforge-mc1.21.jar" [locator: {mods folder locator at C:\Users\Leo\OneDrive\Desktop\Modding\Minecraft-Robettini\Robettini\ATM10\mods}, reader: mod manifest]
[29Dec2025 03:42:17.621] [main/DEBUG] [net.neoforged.fml.loading.moddiscovery.readers.JarModsDotTomlModFileReader/SCAN]: Found META-INF/neoforge.mods.toml mod of type null: C:\Users\Leo\OneDrive\Desktop\Modding\Minecraft-Robettini\Robettini\ATM10\mods\rechiseled_chipped-1.4.1-1.21.1.jar
[29Dec2025 03:42:17.621] [main/DEBUG] [net.neoforged.fml.loading.moddiscovery.ModFileParser/LOADING]: Considering mod file candidate C:\Users\Leo\OneDrive\Desktop\Modding\Minecraft-Robettini\Robettini\ATM10\mods\rechiseled_chipped-1.4.1-1.21.1.jar
[29Dec2025 03:42:17.621] [main/DEBUG] [net.neoforged.fml.loading.moddiscovery.ModFileInfo/LOADING]: Found valid mod file rechiseled_chipped-1.4.1-1.21.1.jar with {rechiseled_chipped} mods - versions {1.3}
[29Dec2025 03:42:17.621] [main/INFO] [net.neoforged.fml.loading.moddiscovery.ModDiscoverer/SCAN]: Found mod file "rechiseled_chipped-1.4.1-1.21.1.jar" [locator: {mods folder locator at C:\Users\Leo\OneDrive\Desktop\Modding\Minecraft-Robettini\Robettini\ATM10\mods}, reader: mod manifest]
[29Dec2025 03:42:17.623] [main/DEBUG] [net.neoforged.fml.loading.moddiscovery.readers.JarModsDotTomlModFileReader/SCAN]: Found META-INF/neoforge.mods.toml mod of type null: C:\Users\Leo\OneDrive\Desktop\Modding\Minecraft-Robettini\Robettini\ATM10\mods\rechiseledcreate-1.0.2a-neoforge-mc1.21.jar
[29Dec2025 03:42:17.623] [main/DEBUG] [net.neoforged.fml.loading.moddiscovery.ModFileParser/LOADING]: Considering mod file candidate C:\Users\Leo\OneDrive\Desktop\Modding\Minecraft-Robettini\Robettini\ATM10\mods\rechiseledcreate-1.0.2a-neoforge-mc1.21.jar
[29Dec2025 03:42:17.623] [main/DEBUG] [net.neoforged.fml.loading.moddiscovery.ModFileInfo/LOADING]: Found valid mod file rechiseledcreate-1.0.2a-neoforge-mc1.21.jar with {rechiseledcreate} mods - versions {1.0.2+a}
[29Dec2025 03:42:17.623] [main/INFO] [net.neoforged.fml.loading.moddiscovery.ModDiscoverer/SCAN]: Found mod file "rechiseledcreate-1.0.2a-neoforge-mc1.21.jar" [locator: {mods folder locator at C:\Users\Leo\OneDrive\Desktop\Modding\Minecraft-Robettini\Robettini\ATM10\mods}, reader: mod manifest]
[29Dec2025 03:42:17.625] [main/DEBUG] [net.neoforged.fml.loading.moddiscovery.readers.JarModsDotTomlModFileReader/SCAN]: Found META-INF/neoforge.mods.toml mod of type null: C:\Users\Leo\OneDrive\Desktop\Modding\Minecraft-Robettini\Robettini\ATM10\mods\redstonepen-1.21-neoforge-1.11.42.jar
[29Dec2025 03:42:17.625] [main/DEBUG] [net.neoforged.fml.loading.moddiscovery.ModFileParser/LOADING]: Considering mod file candidate C:\Users\Leo\OneDrive\Desktop\Modding\Minecraft-Robettini\Robettini\ATM10\mods\redstonepen-1.21-neoforge-1.11.42.jar
[29Dec2025 03:42:17.626] [main/DEBUG] [net.neoforged.fml.loading.moddiscovery.ModFileInfo/LOADING]: Found valid mod file redstonepen-1.21-neoforge-1.11.42.jar with {redstonepen} mods - versions {1.11.42}
[29Dec2025 03:42:17.626] [main/INFO] [net.neoforged.fml.loading.moddiscovery.ModDiscoverer/SCAN]: Found mod file "redstonepen-1.21-neoforge-1.11.42.jar" [locator: {mods folder locator at C:\Users\Leo\OneDrive\Desktop\Modding\Minecraft-Robettini\Robettini\ATM10\mods}, reader: mod manifest]
[29Dec2025 03:42:17.627] [main/DEBUG] [net.neoforged.fml.loading.moddiscovery.readers.JarModsDotTomlModFileReader/SCAN]: Found META-INF/neoforge.mods.toml mod of type null: C:\Users\Leo\OneDrive\Desktop\Modding\Minecraft-Robettini\Robettini\ATM10\mods\refined-types-1.21.1-0.2.9.jar
[29Dec2025 03:42:17.627] [main/DEBUG] [net.neoforged.fml.loading.moddiscovery.ModFileParser/LOADING]: Considering mod file candidate C:\Users\Leo\OneDrive\Desktop\Modding\Minecraft-Robettini\Robettini\ATM10\mods\refined-types-1.21.1-0.2.9.jar
[29Dec2025 03:42:17.627] [main/DEBUG] [net.neoforged.fml.loading.moddiscovery.ModFileInfo/LOADING]: Found valid mod file refined-types-1.21.1-0.2.9.jar with {refinedtypes} mods - versions {1.21.1-0.2.9}
[29Dec2025 03:42:17.627] [main/INFO] [net.neoforged.fml.loading.moddiscovery.ModDiscoverer/SCAN]: Found mod file "refined-types-1.21.1-0.2.9.jar" [locator: {mods folder locator at C:\Users\Leo\OneDrive\Desktop\Modding\Minecraft-Robettini\Robettini\ATM10\mods}, reader: mod manifest]
[29Dec2025 03:42:17.628] [main/DEBUG] [net.neoforged.fml.loading.moddiscovery.readers.JarModsDotTomlModFileReader/SCAN]: Found META-INF/neoforge.mods.toml mod of type null: C:\Users\Leo\OneDrive\Desktop\Modding\Minecraft-Robettini\Robettini\ATM10\mods\refinedstorage-curios-integration-1.0.0.jar
[29Dec2025 03:42:17.628] [main/DEBUG] [net.neoforged.fml.loading.moddiscovery.ModFileParser/LOADING]: Considering mod file candidate C:\Users\Leo\OneDrive\Desktop\Modding\Minecraft-Robettini\Robettini\ATM10\mods\refinedstorage-curios-integration-1.0.0.jar
[29Dec2025 03:42:17.628] [main/DEBUG] [net.neoforged.fml.loading.moddiscovery.ModFileInfo/LOADING]: Found valid mod file refinedstorage-curios-integration-1.0.0.jar with {refinedstorage_curios_integration} mods - versions {1.0.0}
[29Dec2025 03:42:17.628] [main/INFO] [net.neoforged.fml.loading.moddiscovery.ModDiscoverer/SCAN]: Found mod file "refinedstorage-curios-integration-1.0.0.jar" [locator: {mods folder locator at C:\Users\Leo\OneDrive\Desktop\Modding\Minecraft-Robettini\Robettini\ATM10\mods}, reader: mod manifest]
[29Dec2025 03:42:17.629] [main/DEBUG] [net.neoforged.fml.loading.moddiscovery.readers.JarModsDotTomlModFileReader/SCAN]: Found META-INF/neoforge.mods.toml mod of type null: C:\Users\Leo\OneDrive\Desktop\Modding\Minecraft-Robettini\Robettini\ATM10\mods\refinedstorage-jei-integration-neoforge-1.0.0.jar
[29Dec2025 03:42:17.629] [main/DEBUG] [net.neoforged.fml.loading.moddiscovery.ModFileParser/LOADING]: Considering mod file candidate C:\Users\Leo\OneDrive\Desktop\Modding\Minecraft-Robettini\Robettini\ATM10\mods\refinedstorage-jei-integration-neoforge-1.0.0.jar
[29Dec2025 03:42:17.629] [main/DEBUG] [net.neoforged.fml.loading.moddiscovery.ModFileInfo/LOADING]: Found valid mod file refinedstorage-jei-integration-neoforge-1.0.0.jar with {refinedstorage_jei_integration} mods - versions {1.0.0}
[29Dec2025 03:42:17.629] [main/INFO] [net.neoforged.fml.loading.moddiscovery.ModDiscoverer/SCAN]: Found mod file "refinedstorage-jei-integration-neoforge-1.0.0.jar" [locator: {mods folder locator at C:\Users\Leo\OneDrive\Desktop\Modding\Minecraft-Robettini\Robettini\ATM10\mods}, reader: mod manifest]
[29Dec2025 03:42:17.630] [main/DEBUG] [net.neoforged.fml.loading.moddiscovery.readers.JarModsDotTomlModFileReader/SCAN]: Found META-INF/neoforge.mods.toml mod of type null: C:\Users\Leo\OneDrive\Desktop\Modding\Minecraft-Robettini\Robettini\ATM10\mods\refinedstorage-mekanism-integration-1.1.1.jar
[29Dec2025 03:42:17.630] [main/DEBUG] [net.neoforged.fml.loading.moddiscovery.ModFileParser/LOADING]: Considering mod file candidate C:\Users\Leo\OneDrive\Desktop\Modding\Minecraft-Robettini\Robettini\ATM10\mods\refinedstorage-mekanism-integration-1.1.1.jar
[29Dec2025 03:42:17.630] [main/DEBUG] [net.neoforged.fml.loading.moddiscovery.ModFileInfo/LOADING]: Found valid mod file refinedstorage-mekanism-integration-1.1.1.jar with {refinedstorage_mekanism_integration} mods - versions {1.1.1}
[29Dec2025 03:42:17.630] [main/INFO] [net.neoforged.fml.loading.moddiscovery.ModDiscoverer/SCAN]: Found mod file "refinedstorage-mekanism-integration-1.1.1.jar" [locator: {mods folder locator at C:\Users\Leo\OneDrive\Desktop\Modding\Minecraft-Robettini\Robettini\ATM10\mods}, reader: mod manifest]
[29Dec2025 03:42:17.632] [main/DEBUG] [net.neoforged.fml.loading.moddiscovery.readers.JarModsDotTomlModFileReader/SCAN]: Found META-INF/neoforge.mods.toml mod of type null: C:\Users\Leo\OneDrive\Desktop\Modding\Minecraft-Robettini\Robettini\ATM10\mods\refinedstorage-neoforge-2.0.0.jar
[29Dec2025 03:42:17.632] [main/DEBUG] [net.neoforged.fml.loading.moddiscovery.ModFileParser/LOADING]: Considering mod file candidate C:\Users\Leo\OneDrive\Desktop\Modding\Minecraft-Robettini\Robettini\ATM10\mods\refinedstorage-neoforge-2.0.0.jar
[29Dec2025 03:42:17.632] [main/DEBUG] [net.neoforged.fml.loading.moddiscovery.ModFileInfo/LOADING]: Found valid mod file refinedstorage-neoforge-2.0.0.jar with {refinedstorage} mods - versions {2.0.0}
[29Dec2025 03:42:17.632] [main/INFO] [net.neoforged.fml.loading.moddiscovery.ModDiscoverer/SCAN]: Found mod file "refinedstorage-neoforge-2.0.0.jar" [locator: {mods folder locator at C:\Users\Leo\OneDrive\Desktop\Modding\Minecraft-Robettini\Robettini\ATM10\mods}, reader: mod manifest]
[29Dec2025 03:42:17.633] [main/DEBUG] [net.neoforged.fml.loading.moddiscovery.readers.JarModsDotTomlModFileReader/SCAN]: Found META-INF/neoforge.mods.toml mod of type null: C:\Users\Leo\OneDrive\Desktop\Modding\Minecraft-Robettini\Robettini\ATM10\mods\refinedstorage-quartz-arsenal-neoforge-1.0.6.jar
[29Dec2025 03:42:17.633] [main/DEBUG] [net.neoforged.fml.loading.moddiscovery.ModFileParser/LOADING]: Considering mod file candidate C:\Users\Leo\OneDrive\Desktop\Modding\Minecraft-Robettini\Robettini\ATM10\mods\refinedstorage-quartz-arsenal-neoforge-1.0.6.jar
[29Dec2025 03:42:17.634] [main/DEBUG] [net.neoforged.fml.loading.moddiscovery.ModFileInfo/LOADING]: Found valid mod file refinedstorage-quartz-arsenal-neoforge-1.0.6.jar with {refinedstorage_quartz_arsenal} mods - versions {1.0.6}
[29Dec2025 03:42:17.634] [main/INFO] [net.neoforged.fml.loading.moddiscovery.ModDiscoverer/SCAN]: Found mod file "refinedstorage-quartz-arsenal-neoforge-1.0.6.jar" [locator: {mods folder locator at C:\Users\Leo\OneDrive\Desktop\Modding\Minecraft-Robettini\Robettini\ATM10\mods}, reader: mod manifest]
[29Dec2025 03:42:17.636] [main/DEBUG] [net.neoforged.fml.loading.moddiscovery.readers.JarModsDotTomlModFileReader/SCAN]: Found META-INF/neoforge.mods.toml mod of type null: C:\Users\Leo\OneDrive\Desktop\Modding\Minecraft-Robettini\Robettini\ATM10\mods\refurbished_furniture-neoforge-1.21.1-1.0.20.jar
[29Dec2025 03:42:17.636] [main/DEBUG] [net.neoforged.fml.loading.moddiscovery.ModFileParser/LOADING]: Considering mod file candidate C:\Users\Leo\OneDrive\Desktop\Modding\Minecraft-Robettini\Robettini\ATM10\mods\refurbished_furniture-neoforge-1.21.1-1.0.20.jar
[29Dec2025 03:42:17.636] [main/DEBUG] [net.neoforged.fml.loading.moddiscovery.ModFileInfo/LOADING]: Found valid mod file refurbished_furniture-neoforge-1.21.1-1.0.20.jar with {refurbished_furniture} mods - versions {1.0.20}
[29Dec2025 03:42:17.636] [main/INFO] [net.neoforged.fml.loading.moddiscovery.ModDiscoverer/SCAN]: Found mod file "refurbished_furniture-neoforge-1.21.1-1.0.20.jar" [locator: {mods folder locator at C:\Users\Leo\OneDrive\Desktop\Modding\Minecraft-Robettini\Robettini\ATM10\mods}, reader: mod manifest]
[29Dec2025 03:42:17.638] [main/DEBUG] [net.neoforged.fml.loading.moddiscovery.readers.JarModsDotTomlModFileReader/SCAN]: Found META-INF/neoforge.mods.toml mod of type null: C:\Users\Leo\OneDrive\Desktop\Modding\Minecraft-Robettini\Robettini\ATM10\mods\regions_unexplored-neoforge-1.21.1-0.5.6.1.jar
[29Dec2025 03:42:17.638] [main/DEBUG] [net.neoforged.fml.loading.moddiscovery.ModFileParser/LOADING]: Considering mod file candidate C:\Users\Leo\OneDrive\Desktop\Modding\Minecraft-Robettini\Robettini\ATM10\mods\regions_unexplored-neoforge-1.21.1-0.5.6.1.jar
[29Dec2025 03:42:17.638] [main/DEBUG] [net.neoforged.fml.loading.moddiscovery.ModFileInfo/LOADING]: Found valid mod file regions_unexplored-neoforge-1.21.1-0.5.6.1.jar with {regions_unexplored} mods - versions {0.5.6.1}
[29Dec2025 03:42:17.638] [main/INFO] [net.neoforged.fml.loading.moddiscovery.ModDiscoverer/SCAN]: Found mod file "regions_unexplored-neoforge-1.21.1-0.5.6.1.jar" [locator: {mods folder locator at C:\Users\Leo\OneDrive\Desktop\Modding\Minecraft-Robettini\Robettini\ATM10\mods}, reader: mod manifest]
[29Dec2025 03:42:17.639] [main/DEBUG] [net.neoforged.fml.loading.moddiscovery.readers.JarModsDotTomlModFileReader/SCAN]: Found META-INF/neoforge.mods.toml mod of type null: C:\Users\Leo\OneDrive\Desktop\Modding\Minecraft-Robettini\Robettini\ATM10\mods\relics-1.21.1-0.10.7.5.jar
[29Dec2025 03:42:17.639] [main/DEBUG] [net.neoforged.fml.loading.moddiscovery.ModFileParser/LOADING]: Considering mod file candidate C:\Users\Leo\OneDrive\Desktop\Modding\Minecraft-Robettini\Robettini\ATM10\mods\relics-1.21.1-0.10.7.5.jar
[29Dec2025 03:42:17.639] [main/DEBUG] [net.neoforged.fml.loading.moddiscovery.ModFileInfo/LOADING]: Found valid mod file relics-1.21.1-0.10.7.5.jar with {relics} mods - versions {0.10.7.5}
[29Dec2025 03:42:17.639] [main/INFO] [net.neoforged.fml.loading.moddiscovery.ModDiscoverer/SCAN]: Found mod file "relics-1.21.1-0.10.7.5.jar" [locator: {mods folder locator at C:\Users\Leo\OneDrive\Desktop\Modding\Minecraft-Robettini\Robettini\ATM10\mods}, reader: mod manifest]
[29Dec2025 03:42:17.641] [main/DEBUG] [net.neoforged.fml.loading.moddiscovery.readers.JarModsDotTomlModFileReader/SCAN]: Found META-INF/neoforge.mods.toml mod of type null: C:\Users\Leo\OneDrive\Desktop\Modding\Minecraft-Robettini\Robettini\ATM10\mods\reliquary-1.21.1-2.0.62.1310.jar
[29Dec2025 03:42:17.641] [main/DEBUG] [net.neoforged.fml.loading.moddiscovery.ModFileParser/LOADING]: Considering mod file candidate C:\Users\Leo\OneDrive\Desktop\Modding\Minecraft-Robettini\Robettini\ATM10\mods\reliquary-1.21.1-2.0.62.1310.jar
[29Dec2025 03:42:17.641] [main/DEBUG] [net.neoforged.fml.loading.moddiscovery.ModFileInfo/LOADING]: Found valid mod file reliquary-1.21.1-2.0.62.1310.jar with {reliquary} mods - versions {2.0.62}
[29Dec2025 03:42:17.641] [main/INFO] [net.neoforged.fml.loading.moddiscovery.ModDiscoverer/SCAN]: Found mod file "reliquary-1.21.1-2.0.62.1310.jar" [locator: {mods folder locator at C:\Users\Leo\OneDrive\Desktop\Modding\Minecraft-Robettini\Robettini\ATM10\mods}, reader: mod manifest]
[29Dec2025 03:42:17.642] [main/DEBUG] [net.neoforged.fml.loading.moddiscovery.readers.JarModsDotTomlModFileReader/SCAN]: Found META-INF/neoforge.mods.toml mod of type null: C:\Users\Leo\OneDrive\Desktop\Modding\Minecraft-Robettini\Robettini\ATM10\mods\repeatable_trial_vaults-neoforge-1.21-1.0.2.jar
[29Dec2025 03:42:17.642] [main/DEBUG] [net.neoforged.fml.loading.moddiscovery.ModFileParser/LOADING]: Considering mod file candidate C:\Users\Leo\OneDrive\Desktop\Modding\Minecraft-Robettini\Robettini\ATM10\mods\repeatable_trial_vaults-neoforge-1.21-1.0.2.jar
[29Dec2025 03:42:17.642] [main/DEBUG] [net.neoforged.fml.loading.moddiscovery.ModFileInfo/LOADING]: Found valid mod file repeatable_trial_vaults-neoforge-1.21-1.0.2.jar with {repeatable_trial_vaults} mods - versions {1.0.2}
[29Dec2025 03:42:17.642] [main/INFO] [net.neoforged.fml.loading.moddiscovery.ModDiscoverer/SCAN]: Found mod file "repeatable_trial_vaults-neoforge-1.21-1.0.2.jar" [locator: {mods folder locator at C:\Users\Leo\OneDrive\Desktop\Modding\Minecraft-Robettini\Robettini\ATM10\mods}, reader: mod manifest]
[29Dec2025 03:42:17.644] [main/DEBUG] [net.neoforged.fml.loading.moddiscovery.readers.JarModsDotTomlModFileReader/SCAN]: Found META-INF/neoforge.mods.toml mod of type null: C:\Users\Leo\OneDrive\Desktop\Modding\Minecraft-Robettini\Robettini\ATM10\mods\repurposed_structures-7.5.17+1.21.1-neoforge.jar
[29Dec2025 03:42:17.644] [main/DEBUG] [net.neoforged.fml.loading.moddiscovery.ModFileParser/LOADING]: Considering mod file candidate C:\Users\Leo\OneDrive\Desktop\Modding\Minecraft-Robettini\Robettini\ATM10\mods\repurposed_structures-7.5.17+1.21.1-neoforge.jar
[29Dec2025 03:42:17.644] [main/DEBUG] [net.neoforged.fml.loading.moddiscovery.ModFileInfo/LOADING]: Found valid mod file repurposed_structures-7.5.17+1.21.1-neoforge.jar with {repurposed_structures} mods - versions {7.5.17+1.21.1-neoforge}
[29Dec2025 03:42:17.644] [main/INFO] [net.neoforged.fml.loading.moddiscovery.ModDiscoverer/SCAN]: Found mod file "repurposed_structures-7.5.17+1.21.1-neoforge.jar" [locator: {mods folder locator at C:\Users\Leo\OneDrive\Desktop\Modding\Minecraft-Robettini\Robettini\ATM10\mods}, reader: mod manifest]
[29Dec2025 03:42:17.645] [main/DEBUG] [net.neoforged.fml.loading.moddiscovery.readers.JarModsDotTomlModFileReader/SCAN]: Found META-INF/neoforge.mods.toml mod of type null: C:\Users\Leo\OneDrive\Desktop\Modding\Minecraft-Robettini\Robettini\ATM10\mods\resourcefulconfig-neoforge-1.21-3.0.11.jar
[29Dec2025 03:42:17.646] [main/DEBUG] [net.neoforged.fml.loading.moddiscovery.ModFileParser/LOADING]: Considering mod file candidate C:\Users\Leo\OneDrive\Desktop\Modding\Minecraft-Robettini\Robettini\ATM10\mods\resourcefulconfig-neoforge-1.21-3.0.11.jar
[29Dec2025 03:42:17.646] [main/DEBUG] [net.neoforged.fml.loading.moddiscovery.ModFileInfo/LOADING]: Found valid mod file resourcefulconfig-neoforge-1.21-3.0.11.jar with {resourcefulconfig} mods - versions {3.0.11}
[29Dec2025 03:42:17.646] [main/INFO] [net.neoforged.fml.loading.moddiscovery.ModDiscoverer/SCAN]: Found mod file "resourcefulconfig-neoforge-1.21-3.0.11.jar" [locator: {mods folder locator at C:\Users\Leo\OneDrive\Desktop\Modding\Minecraft-Robettini\Robettini\ATM10\mods}, reader: mod manifest]
[29Dec2025 03:42:17.647] [main/DEBUG] [net.neoforged.fml.loading.moddiscovery.readers.JarModsDotTomlModFileReader/SCAN]: Found META-INF/neoforge.mods.toml mod of type null: C:\Users\Leo\OneDrive\Desktop\Modding\Minecraft-Robettini\Robettini\ATM10\mods\resourcefullib-neoforge-1.21-3.0.12.jar
[29Dec2025 03:42:17.647] [main/DEBUG] [net.neoforged.fml.loading.moddiscovery.ModFileParser/LOADING]: Considering mod file candidate C:\Users\Leo\OneDrive\Desktop\Modding\Minecraft-Robettini\Robettini\ATM10\mods\resourcefullib-neoforge-1.21-3.0.12.jar
[29Dec2025 03:42:17.647] [main/DEBUG] [net.neoforged.fml.loading.moddiscovery.ModFileInfo/LOADING]: Found valid mod file resourcefullib-neoforge-1.21-3.0.12.jar with {resourcefullib} mods - versions {3.0.12}
[29Dec2025 03:42:17.647] [main/INFO] [net.neoforged.fml.loading.moddiscovery.ModDiscoverer/SCAN]: Found mod file "resourcefullib-neoforge-1.21-3.0.12.jar" [locator: {mods folder locator at C:\Users\Leo\OneDrive\Desktop\Modding\Minecraft-Robettini\Robettini\ATM10\mods}, reader: mod manifest]
[29Dec2025 03:42:17.648] [main/DEBUG] [net.neoforged.fml.loading.moddiscovery.readers.JarModsDotTomlModFileReader/SCAN]: Found META-INF/neoforge.mods.toml mod of type null: C:\Users\Leo\OneDrive\Desktop\Modding\Minecraft-Robettini\Robettini\ATM10\mods\restrictions-1.21-7.0.3.jar
[29Dec2025 03:42:17.648] [main/DEBUG] [net.neoforged.fml.loading.moddiscovery.ModFileParser/LOADING]: Considering mod file candidate C:\Users\Leo\OneDrive\Desktop\Modding\Minecraft-Robettini\Robettini\ATM10\mods\restrictions-1.21-7.0.3.jar
[29Dec2025 03:42:17.648] [main/DEBUG] [net.neoforged.fml.loading.moddiscovery.ModFileInfo/LOADING]: Found valid mod file restrictions-1.21-7.0.3.jar with {restrictions} mods - versions {1.21-7.0.3}
[29Dec2025 03:42:17.648] [main/INFO] [net.neoforged.fml.loading.moddiscovery.ModDiscoverer/SCAN]: Found mod file "restrictions-1.21-7.0.3.jar" [locator: {mods folder locator at C:\Users\Leo\OneDrive\Desktop\Modding\Minecraft-Robettini\Robettini\ATM10\mods}, reader: mod manifest]
[29Dec2025 03:42:17.649] [main/DEBUG] [net.neoforged.fml.loading.moddiscovery.readers.JarModsDotTomlModFileReader/SCAN]: Found META-INF/neoforge.mods.toml mod of type null: C:\Users\Leo\OneDrive\Desktop\Modding\Minecraft-Robettini\Robettini\ATM10\mods\rftoolsbase-1.21-6.0.10.jar
[29Dec2025 03:42:17.649] [main/DEBUG] [net.neoforged.fml.loading.moddiscovery.ModFileParser/LOADING]: Considering mod file candidate C:\Users\Leo\OneDrive\Desktop\Modding\Minecraft-Robettini\Robettini\ATM10\mods\rftoolsbase-1.21-6.0.10.jar
[29Dec2025 03:42:17.649] [main/DEBUG] [net.neoforged.fml.loading.moddiscovery.ModFileInfo/LOADING]: Found valid mod file rftoolsbase-1.21-6.0.10.jar with {rftoolsbase} mods - versions {1.21-6.0.10}
[29Dec2025 03:42:17.649] [main/INFO] [net.neoforged.fml.loading.moddiscovery.ModDiscoverer/SCAN]: Found mod file "rftoolsbase-1.21-6.0.10.jar" [locator: {mods folder locator at C:\Users\Leo\OneDrive\Desktop\Modding\Minecraft-Robettini\Robettini\ATM10\mods}, reader: mod manifest]
[29Dec2025 03:42:17.650] [main/DEBUG] [net.neoforged.fml.loading.moddiscovery.readers.JarModsDotTomlModFileReader/SCAN]: Found META-INF/neoforge.mods.toml mod of type null: C:\Users\Leo\OneDrive\Desktop\Modding\Minecraft-Robettini\Robettini\ATM10\mods\rftoolsbuilder-1.21-7.0.4.jar
[29Dec2025 03:42:17.650] [main/DEBUG] [net.neoforged.fml.loading.moddiscovery.ModFileParser/LOADING]: Considering mod file candidate C:\Users\Leo\OneDrive\Desktop\Modding\Minecraft-Robettini\Robettini\ATM10\mods\rftoolsbuilder-1.21-7.0.4.jar
[29Dec2025 03:42:17.651] [main/DEBUG] [net.neoforged.fml.loading.moddiscovery.ModFileInfo/LOADING]: Found valid mod file rftoolsbuilder-1.21-7.0.4.jar with {rftoolsbuilder} mods - versions {1.21-7.0.4}
[29Dec2025 03:42:17.651] [main/INFO] [net.neoforged.fml.loading.moddiscovery.ModDiscoverer/SCAN]: Found mod file "rftoolsbuilder-1.21-7.0.4.jar" [locator: {mods folder locator at C:\Users\Leo\OneDrive\Desktop\Modding\Minecraft-Robettini\Robettini\ATM10\mods}, reader: mod manifest]
[29Dec2025 03:42:17.652] [main/DEBUG] [net.neoforged.fml.loading.moddiscovery.readers.JarModsDotTomlModFileReader/SCAN]: Found META-INF/neoforge.mods.toml mod of type null: C:\Users\Leo\OneDrive\Desktop\Modding\Minecraft-Robettini\Robettini\ATM10\mods\rftoolspower-1.21-7.0.5.jar
[29Dec2025 03:42:17.652] [main/DEBUG] [net.neoforged.fml.loading.moddiscovery.ModFileParser/LOADING]: Considering mod file candidate C:\Users\Leo\OneDrive\Desktop\Modding\Minecraft-Robettini\Robettini\ATM10\mods\rftoolspower-1.21-7.0.5.jar
[29Dec2025 03:42:17.652] [main/DEBUG] [net.neoforged.fml.loading.moddiscovery.ModFileInfo/LOADING]: Found valid mod file rftoolspower-1.21-7.0.5.jar with {rftoolspower} mods - versions {1.21-7.0.5}
[29Dec2025 03:42:17.652] [main/INFO] [net.neoforged.fml.loading.moddiscovery.ModDiscoverer/SCAN]: Found mod file "rftoolspower-1.21-7.0.5.jar" [locator: {mods folder locator at C:\Users\Leo\OneDrive\Desktop\Modding\Minecraft-Robettini\Robettini\ATM10\mods}, reader: mod manifest]
[29Dec2025 03:42:17.653] [main/DEBUG] [net.neoforged.fml.loading.moddiscovery.readers.JarModsDotTomlModFileReader/SCAN]: Found META-INF/neoforge.mods.toml mod of type null: C:\Users\Leo\OneDrive\Desktop\Modding\Minecraft-Robettini\Robettini\ATM10\mods\rftoolsstorage-1.21-6.0.4.jar
[29Dec2025 03:42:17.653] [main/DEBUG] [net.neoforged.fml.loading.moddiscovery.ModFileParser/LOADING]: Considering mod file candidate C:\Users\Leo\OneDrive\Desktop\Modding\Minecraft-Robettini\Robettini\ATM10\mods\rftoolsstorage-1.21-6.0.4.jar
[29Dec2025 03:42:17.653] [main/DEBUG] [net.neoforged.fml.loading.moddiscovery.ModFileInfo/LOADING]: Found valid mod file rftoolsstorage-1.21-6.0.4.jar with {rftoolsstorage} mods - versions {1.21-6.0.4}
[29Dec2025 03:42:17.653] [main/INFO] [net.neoforged.fml.loading.moddiscovery.ModDiscoverer/SCAN]: Found mod file "rftoolsstorage-1.21-6.0.4.jar" [locator: {mods folder locator at C:\Users\Leo\OneDrive\Desktop\Modding\Minecraft-Robettini\Robettini\ATM10\mods}, reader: mod manifest]
[29Dec2025 03:42:17.654] [main/DEBUG] [net.neoforged.fml.loading.moddiscovery.readers.JarModsDotTomlModFileReader/SCAN]: Found META-INF/neoforge.mods.toml mod of type null: C:\Users\Leo\OneDrive\Desktop\Modding\Minecraft-Robettini\Robettini\ATM10\mods\rftoolsutility-1.21-7.0.10.jar
[29Dec2025 03:42:17.654] [main/DEBUG] [net.neoforged.fml.loading.moddiscovery.ModFileParser/LOADING]: Considering mod file candidate C:\Users\Leo\OneDrive\Desktop\Modding\Minecraft-Robettini\Robettini\ATM10\mods\rftoolsutility-1.21-7.0.10.jar
[29Dec2025 03:42:17.654] [main/DEBUG] [net.neoforged.fml.loading.moddiscovery.ModFileInfo/LOADING]: Found valid mod file rftoolsutility-1.21-7.0.10.jar with {rftoolsutility} mods - versions {1.21-7.0.10}
[29Dec2025 03:42:17.654] [main/INFO] [net.neoforged.fml.loading.moddiscovery.ModDiscoverer/SCAN]: Found mod file "rftoolsutility-1.21-7.0.10.jar" [locator: {mods folder locator at C:\Users\Leo\OneDrive\Desktop\Modding\Minecraft-Robettini\Robettini\ATM10\mods}, reader: mod manifest]
[29Dec2025 03:42:17.656] [main/DEBUG] [net.neoforged.fml.loading.moddiscovery.readers.JarModsDotTomlModFileReader/SCAN]: Found META-INF/neoforge.mods.toml mod of type null: C:\Users\Leo\OneDrive\Desktop\Modding\Minecraft-Robettini\Robettini\ATM10\mods\rhino-2101.2.7-build.81.jar
[29Dec2025 03:42:17.656] [main/DEBUG] [net.neoforged.fml.loading.moddiscovery.ModFileParser/LOADING]: Considering mod file candidate C:\Users\Leo\OneDrive\Desktop\Modding\Minecraft-Robettini\Robettini\ATM10\mods\rhino-2101.2.7-build.81.jar
[29Dec2025 03:42:17.656] [main/DEBUG] [net.neoforged.fml.loading.moddiscovery.ModFileInfo/LOADING]: Found valid mod file rhino-2101.2.7-build.81.jar with {rhino} mods - versions {2101.2.7-build.81}
[29Dec2025 03:42:17.656] [main/INFO] [net.neoforged.fml.loading.moddiscovery.ModDiscoverer/SCAN]: Found mod file "rhino-2101.2.7-build.81.jar" [locator: {mods folder locator at C:\Users\Leo\OneDrive\Desktop\Modding\Minecraft-Robettini\Robettini\ATM10\mods}, reader: mod manifest]
[29Dec2025 03:42:17.657] [main/DEBUG] [net.neoforged.fml.loading.moddiscovery.readers.JarModsDotTomlModFileReader/SCAN]: Found META-INF/neoforge.mods.toml mod of type null: C:\Users\Leo\OneDrive\Desktop\Modding\Minecraft-Robettini\Robettini\ATM10\mods\RootsClassic-1.21.1-1.5.6.jar
[29Dec2025 03:42:17.657] [main/DEBUG] [net.neoforged.fml.loading.moddiscovery.ModFileParser/LOADING]: Considering mod file candidate C:\Users\Leo\OneDrive\Desktop\Modding\Minecraft-Robettini\Robettini\ATM10\mods\RootsClassic-1.21.1-1.5.6.jar
[29Dec2025 03:42:17.657] [main/DEBUG] [net.neoforged.fml.loading.moddiscovery.ModFileInfo/LOADING]: Found valid mod file RootsClassic-1.21.1-1.5.6.jar with {rootsclassic} mods - versions {1.21.1-1.5.6}
[29Dec2025 03:42:17.657] [main/INFO] [net.neoforged.fml.loading.moddiscovery.ModDiscoverer/SCAN]: Found mod file "RootsClassic-1.21.1-1.5.6.jar" [locator: {mods folder locator at C:\Users\Leo\OneDrive\Desktop\Modding\Minecraft-Robettini\Robettini\ATM10\mods}, reader: mod manifest]
[29Dec2025 03:42:17.658] [main/DEBUG] [net.neoforged.fml.loading.moddiscovery.readers.JarModsDotTomlModFileReader/SCAN]: Found META-INF/neoforge.mods.toml mod of type null: C:\Users\Leo\OneDrive\Desktop\Modding\Minecraft-Robettini\Robettini\ATM10\mods\sawmill-1.21-1.7.2-neoforge.jar
[29Dec2025 03:42:17.658] [main/DEBUG] [net.neoforged.fml.loading.moddiscovery.ModFileParser/LOADING]: Considering mod file candidate C:\Users\Leo\OneDrive\Desktop\Modding\Minecraft-Robettini\Robettini\ATM10\mods\sawmill-1.21-1.7.2-neoforge.jar
[29Dec2025 03:42:17.658] [main/DEBUG] [net.neoforged.fml.loading.moddiscovery.ModFileInfo/LOADING]: Found valid mod file sawmill-1.21-1.7.2-neoforge.jar with {sawmill} mods - versions {1.21-1.7.1}
[29Dec2025 03:42:17.658] [main/INFO] [net.neoforged.fml.loading.moddiscovery.ModDiscoverer/SCAN]: Found mod file "sawmill-1.21-1.7.2-neoforge.jar" [locator: {mods folder locator at C:\Users\Leo\OneDrive\Desktop\Modding\Minecraft-Robettini\Robettini\ATM10\mods}, reader: mod manifest]
[29Dec2025 03:42:17.675] [main/DEBUG] [net.neoforged.fml.loading.moddiscovery.readers.JarModsDotTomlModFileReader/SCAN]: Found META-INF/MANIFEST.MF mod of type LIBRARY: C:\Users\Leo\OneDrive\Desktop\Modding\Minecraft-Robettini\Robettini\ATM10\mods\ScalableCatsForce-NeoForge-3.7.1-build-11-with-library.jar
[29Dec2025 03:42:17.675] [main/INFO] [net.neoforged.fml.loading.moddiscovery.ModDiscoverer/SCAN]: Found library file "ScalableCatsForce-NeoForge-3.7.1-build-11-with-library.jar" [locator: {mods folder locator at C:\Users\Leo\OneDrive\Desktop\Modding\Minecraft-Robettini\Robettini\ATM10\mods}, reader: mod manifest]
[29Dec2025 03:42:17.677] [main/DEBUG] [net.neoforged.fml.loading.moddiscovery.readers.JarModsDotTomlModFileReader/SCAN]: Found META-INF/neoforge.mods.toml mod of type null: C:\Users\Leo\OneDrive\Desktop\Modding\Minecraft-Robettini\Robettini\ATM10\mods\Searchables-neoforge-1.21.1-1.0.2.jar
[29Dec2025 03:42:17.677] [main/DEBUG] [net.neoforged.fml.loading.moddiscovery.ModFileParser/LOADING]: Considering mod file candidate C:\Users\Leo\OneDrive\Desktop\Modding\Minecraft-Robettini\Robettini\ATM10\mods\Searchables-neoforge-1.21.1-1.0.2.jar
[29Dec2025 03:42:17.677] [main/DEBUG] [net.neoforged.fml.loading.moddiscovery.ModFileInfo/LOADING]: Found valid mod file Searchables-neoforge-1.21.1-1.0.2.jar with {searchables} mods - versions {1.0.2}
[29Dec2025 03:42:17.677] [main/INFO] [net.neoforged.fml.loading.moddiscovery.ModDiscoverer/SCAN]: Found mod file "Searchables-neoforge-1.21.1-1.0.2.jar" [locator: {mods folder locator at C:\Users\Leo\OneDrive\Desktop\Modding\Minecraft-Robettini\Robettini\ATM10\mods}, reader: mod manifest]
[29Dec2025 03:42:17.678] [main/DEBUG] [net.neoforged.fml.loading.moddiscovery.readers.JarModsDotTomlModFileReader/SCAN]: Found META-INF/neoforge.mods.toml mod of type null: C:\Users\Leo\OneDrive\Desktop\Modding\Minecraft-Robettini\Robettini\ATM10\mods\sgearmetalworks-1.21.1-1.4.6.jar
[29Dec2025 03:42:17.678] [main/DEBUG] [net.neoforged.fml.loading.moddiscovery.ModFileParser/LOADING]: Considering mod file candidate C:\Users\Leo\OneDrive\Desktop\Modding\Minecraft-Robettini\Robettini\ATM10\mods\sgearmetalworks-1.21.1-1.4.6.jar
[29Dec2025 03:42:17.679] [main/DEBUG] [net.neoforged.fml.loading.moddiscovery.ModFileInfo/LOADING]: Found valid mod file sgearmetalworks-1.21.1-1.4.6.jar with {sgearmetalworks} mods - versions {1.21.1-1.4.6}
[29Dec2025 03:42:17.679] [main/INFO] [net.neoforged.fml.loading.moddiscovery.ModDiscoverer/SCAN]: Found mod file "sgearmetalworks-1.21.1-1.4.6.jar" [locator: {mods folder locator at C:\Users\Leo\OneDrive\Desktop\Modding\Minecraft-Robettini\Robettini\ATM10\mods}, reader: mod manifest]
[29Dec2025 03:42:17.680] [main/DEBUG] [net.neoforged.fml.loading.moddiscovery.readers.JarModsDotTomlModFileReader/SCAN]: Found META-INF/neoforge.mods.toml mod of type null: C:\Users\Leo\OneDrive\Desktop\Modding\Minecraft-Robettini\Robettini\ATM10\mods\shiny-1.21.1-1.2.5.jar
[29Dec2025 03:42:17.680] [main/DEBUG] [net.neoforged.fml.loading.moddiscovery.ModFileParser/LOADING]: Considering mod file candidate C:\Users\Leo\OneDrive\Desktop\Modding\Minecraft-Robettini\Robettini\ATM10\mods\shiny-1.21.1-1.2.5.jar
[29Dec2025 03:42:17.680] [main/DEBUG] [net.neoforged.fml.loading.moddiscovery.ModFileInfo/LOADING]: Found valid mod file shiny-1.21.1-1.2.5.jar with {shiny} mods - versions {1.21.1-1.2.5}
[29Dec2025 03:42:17.680] [main/INFO] [net.neoforged.fml.loading.moddiscovery.ModDiscoverer/SCAN]: Found mod file "shiny-1.21.1-1.2.5.jar" [locator: {mods folder locator at C:\Users\Leo\OneDrive\Desktop\Modding\Minecraft-Robettini\Robettini\ATM10\mods}, reader: mod manifest]
[29Dec2025 03:42:17.681] [main/DEBUG] [net.neoforged.fml.loading.moddiscovery.readers.JarModsDotTomlModFileReader/SCAN]: Found META-INF/neoforge.mods.toml mod of type null: C:\Users\Leo\OneDrive\Desktop\Modding\Minecraft-Robettini\Robettini\ATM10\mods\shrink-2.0.1.47-neoforge.jar
[29Dec2025 03:42:17.681] [main/DEBUG] [net.neoforged.fml.loading.moddiscovery.ModFileParser/LOADING]: Considering mod file candidate C:\Users\Leo\OneDrive\Desktop\Modding\Minecraft-Robettini\Robettini\ATM10\mods\shrink-2.0.1.47-neoforge.jar
[29Dec2025 03:42:17.681] [main/DEBUG] [net.neoforged.fml.loading.moddiscovery.ModFileInfo/LOADING]: Found valid mod file shrink-2.0.1.47-neoforge.jar with {shrink} mods - versions {2.0.1.47}
[29Dec2025 03:42:17.681] [main/INFO] [net.neoforged.fml.loading.moddiscovery.ModDiscoverer/SCAN]: Found mod file "shrink-2.0.1.47-neoforge.jar" [locator: {mods folder locator at C:\Users\Leo\OneDrive\Desktop\Modding\Minecraft-Robettini\Robettini\ATM10\mods}, reader: mod manifest]
[29Dec2025 03:42:17.683] [main/DEBUG] [net.neoforged.fml.loading.moddiscovery.readers.JarModsDotTomlModFileReader/SCAN]: Found META-INF/neoforge.mods.toml mod of type null: C:\Users\Leo\OneDrive\Desktop\Modding\Minecraft-Robettini\Robettini\ATM10\mods\silent-gear-1.21.1-neoforge-4.0.30.jar
[29Dec2025 03:42:17.683] [main/DEBUG] [net.neoforged.fml.loading.moddiscovery.ModFileParser/LOADING]: Considering mod file candidate C:\Users\Leo\OneDrive\Desktop\Modding\Minecraft-Robettini\Robettini\ATM10\mods\silent-gear-1.21.1-neoforge-4.0.30.jar
[29Dec2025 03:42:17.683] [main/DEBUG] [net.neoforged.fml.loading.moddiscovery.ModFileInfo/LOADING]: Found valid mod file silent-gear-1.21.1-neoforge-4.0.30.jar with {silentgear} mods - versions {4.0.30}
[29Dec2025 03:42:17.683] [main/INFO] [net.neoforged.fml.loading.moddiscovery.ModDiscoverer/SCAN]: Found mod file "silent-gear-1.21.1-neoforge-4.0.30.jar" [locator: {mods folder locator at C:\Users\Leo\OneDrive\Desktop\Modding\Minecraft-Robettini\Robettini\ATM10\mods}, reader: mod manifest]
[29Dec2025 03:42:17.684] [main/DEBUG] [net.neoforged.fml.loading.moddiscovery.readers.JarModsDotTomlModFileReader/SCAN]: Found META-INF/neoforge.mods.toml mod of type null: C:\Users\Leo\OneDrive\Desktop\Modding\Minecraft-Robettini\Robettini\ATM10\mods\silent-lib-1.21.1-neoforge-10.5.1.jar
[29Dec2025 03:42:17.684] [main/DEBUG] [net.neoforged.fml.loading.moddiscovery.ModFileParser/LOADING]: Considering mod file candidate C:\Users\Leo\OneDrive\Desktop\Modding\Minecraft-Robettini\Robettini\ATM10\mods\silent-lib-1.21.1-neoforge-10.5.1.jar
[29Dec2025 03:42:17.684] [main/DEBUG] [net.neoforged.fml.loading.moddiscovery.ModFileInfo/LOADING]: Found valid mod file silent-lib-1.21.1-neoforge-10.5.1.jar with {silentlib} mods - versions {10.5.1}
[29Dec2025 03:42:17.684] [main/INFO] [net.neoforged.fml.loading.moddiscovery.ModDiscoverer/SCAN]: Found mod file "silent-lib-1.21.1-neoforge-10.5.1.jar" [locator: {mods folder locator at C:\Users\Leo\OneDrive\Desktop\Modding\Minecraft-Robettini\Robettini\ATM10\mods}, reader: mod manifest]
[29Dec2025 03:42:17.686] [main/DEBUG] [net.neoforged.fml.loading.moddiscovery.readers.JarModsDotTomlModFileReader/SCAN]: Found META-INF/neoforge.mods.toml mod of type null: C:\Users\Leo\OneDrive\Desktop\Modding\Minecraft-Robettini\Robettini\ATM10\mods\silentgems-1.21.1-neoforge-5.1.2.1.jar
[29Dec2025 03:42:17.686] [main/DEBUG] [net.neoforged.fml.loading.moddiscovery.ModFileParser/LOADING]: Considering mod file candidate C:\Users\Leo\OneDrive\Desktop\Modding\Minecraft-Robettini\Robettini\ATM10\mods\silentgems-1.21.1-neoforge-5.1.2.1.jar
[29Dec2025 03:42:17.686] [main/DEBUG] [net.neoforged.fml.loading.moddiscovery.ModFileInfo/LOADING]: Found valid mod file silentgems-1.21.1-neoforge-5.1.2.1.jar with {silentgems} mods - versions {5.1.2.1}
[29Dec2025 03:42:17.686] [main/INFO] [net.neoforged.fml.loading.moddiscovery.ModDiscoverer/SCAN]: Found mod file "silentgems-1.21.1-neoforge-5.1.2.1.jar" [locator: {mods folder locator at C:\Users\Leo\OneDrive\Desktop\Modding\Minecraft-Robettini\Robettini\ATM10\mods}, reader: mod manifest]
[29Dec2025 03:42:17.687] [main/DEBUG] [net.neoforged.fml.loading.moddiscovery.readers.JarModsDotTomlModFileReader/SCAN]: Found META-INF/neoforge.mods.toml mod of type null: C:\Users\Leo\OneDrive\Desktop\Modding\Minecraft-Robettini\Robettini\ATM10\mods\simplemagnets-1.1.12c-neoforge-mc1.21.jar
[29Dec2025 03:42:17.687] [main/DEBUG] [net.neoforged.fml.loading.moddiscovery.ModFileParser/LOADING]: Considering mod file candidate C:\Users\Leo\OneDrive\Desktop\Modding\Minecraft-Robettini\Robettini\ATM10\mods\simplemagnets-1.1.12c-neoforge-mc1.21.jar
[29Dec2025 03:42:17.687] [main/DEBUG] [net.neoforged.fml.loading.moddiscovery.ModFileInfo/LOADING]: Found valid mod file simplemagnets-1.1.12c-neoforge-mc1.21.jar with {simplemagnets} mods - versions {1.1.12+c}
[29Dec2025 03:42:17.687] [main/INFO] [net.neoforged.fml.loading.moddiscovery.ModDiscoverer/SCAN]: Found mod file "simplemagnets-1.1.12c-neoforge-mc1.21.jar" [locator: {mods folder locator at C:\Users\Leo\OneDrive\Desktop\Modding\Minecraft-Robettini\Robettini\ATM10\mods}, reader: mod manifest]
[29Dec2025 03:42:17.688] [main/DEBUG] [net.neoforged.fml.loading.moddiscovery.readers.JarModsDotTomlModFileReader/SCAN]: Found META-INF/neoforge.mods.toml mod of type null: C:\Users\Leo\OneDrive\Desktop\Modding\Minecraft-Robettini\Robettini\ATM10\mods\simplylight-1.5.3+1.21.1-b4.jar
[29Dec2025 03:42:17.688] [main/DEBUG] [net.neoforged.fml.loading.moddiscovery.ModFileParser/LOADING]: Considering mod file candidate C:\Users\Leo\OneDrive\Desktop\Modding\Minecraft-Robettini\Robettini\ATM10\mods\simplylight-1.5.3+1.21.1-b4.jar
[29Dec2025 03:42:17.688] [main/DEBUG] [net.neoforged.fml.loading.moddiscovery.ModFileInfo/LOADING]: Found valid mod file simplylight-1.5.3+1.21.1-b4.jar with {simplylight} mods - versions {1.5.3}
[29Dec2025 03:42:17.688] [main/INFO] [net.neoforged.fml.loading.moddiscovery.ModDiscoverer/SCAN]: Found mod file "simplylight-1.5.3+1.21.1-b4.jar" [locator: {mods folder locator at C:\Users\Leo\OneDrive\Desktop\Modding\Minecraft-Robettini\Robettini\ATM10\mods}, reader: mod manifest]
[29Dec2025 03:42:17.689] [main/DEBUG] [net.neoforged.fml.loading.moddiscovery.readers.JarModsDotTomlModFileReader/SCAN]: Found META-INF/neoforge.mods.toml mod of type null: C:\Users\Leo\OneDrive\Desktop\Modding\Minecraft-Robettini\Robettini\ATM10\mods\SmartBrainLib-neoforge-1.21.1-1.16.11.jar
[29Dec2025 03:42:17.689] [main/DEBUG] [net.neoforged.fml.loading.moddiscovery.ModFileParser/LOADING]: Considering mod file candidate C:\Users\Leo\OneDrive\Desktop\Modding\Minecraft-Robettini\Robettini\ATM10\mods\SmartBrainLib-neoforge-1.21.1-1.16.11.jar
[29Dec2025 03:42:17.690] [main/DEBUG] [net.neoforged.fml.loading.moddiscovery.ModFileInfo/LOADING]: Found valid mod file SmartBrainLib-neoforge-1.21.1-1.16.11.jar with {smartbrainlib} mods - versions {1.16.11}
[29Dec2025 03:42:17.690] [main/INFO] [net.neoforged.fml.loading.moddiscovery.ModDiscoverer/SCAN]: Found mod file "SmartBrainLib-neoforge-1.21.1-1.16.11.jar" [locator: {mods folder locator at C:\Users\Leo\OneDrive\Desktop\Modding\Minecraft-Robettini\Robettini\ATM10\mods}, reader: mod manifest]
[29Dec2025 03:42:17.691] [main/DEBUG] [net.neoforged.fml.loading.moddiscovery.readers.JarModsDotTomlModFileReader/SCAN]: Found META-INF/neoforge.mods.toml mod of type null: C:\Users\Leo\OneDrive\Desktop\Modding\Minecraft-Robettini\Robettini\ATM10\mods\solcarrot-1.21.1-1.16.5.jar
[29Dec2025 03:42:17.691] [main/DEBUG] [net.neoforged.fml.loading.moddiscovery.ModFileParser/LOADING]: Considering mod file candidate C:\Users\Leo\OneDrive\Desktop\Modding\Minecraft-Robettini\Robettini\ATM10\mods\solcarrot-1.21.1-1.16.5.jar
[29Dec2025 03:42:17.691] [main/DEBUG] [net.neoforged.fml.loading.moddiscovery.ModFileInfo/LOADING]: Found valid mod file solcarrot-1.21.1-1.16.5.jar with {solcarrot} mods - versions {1.16.5}
[29Dec2025 03:42:17.691] [main/INFO] [net.neoforged.fml.loading.moddiscovery.ModDiscoverer/SCAN]: Found mod file "solcarrot-1.21.1-1.16.5.jar" [locator: {mods folder locator at C:\Users\Leo\OneDrive\Desktop\Modding\Minecraft-Robettini\Robettini\ATM10\mods}, reader: mod manifest]
[29Dec2025 03:42:17.692] [main/DEBUG] [net.neoforged.fml.loading.moddiscovery.readers.JarModsDotTomlModFileReader/SCAN]: Found META-INF/neoforge.mods.toml mod of type null: C:\Users\Leo\OneDrive\Desktop\Modding\Minecraft-Robettini\Robettini\ATM10\mods\sophisticatedbackpacks-1.21.1-3.25.14.1410.jar
[29Dec2025 03:42:17.692] [main/DEBUG] [net.neoforged.fml.loading.moddiscovery.ModFileParser/LOADING]: Considering mod file candidate C:\Users\Leo\OneDrive\Desktop\Modding\Minecraft-Robettini\Robettini\ATM10\mods\sophisticatedbackpacks-1.21.1-3.25.14.1410.jar
[29Dec2025 03:42:17.692] [main/DEBUG] [net.neoforged.fml.loading.moddiscovery.ModFileInfo/LOADING]: Found valid mod file sophisticatedbackpacks-1.21.1-3.25.14.1410.jar with {sophisticatedbackpacks} mods - versions {3.25.14}
[29Dec2025 03:42:17.692] [main/INFO] [net.neoforged.fml.loading.moddiscovery.ModDiscoverer/SCAN]: Found mod file "sophisticatedbackpacks-1.21.1-3.25.14.1410.jar" [locator: {mods folder locator at C:\Users\Leo\OneDrive\Desktop\Modding\Minecraft-Robettini\Robettini\ATM10\mods}, reader: mod manifest]
[29Dec2025 03:42:17.693] [main/DEBUG] [net.neoforged.fml.loading.moddiscovery.readers.JarModsDotTomlModFileReader/SCAN]: Found META-INF/neoforge.mods.toml mod of type null: C:\Users\Leo\OneDrive\Desktop\Modding\Minecraft-Robettini\Robettini\ATM10\mods\sophisticatedbackpackscreateintegration-1.21.1-0.1.5.29.jar
[29Dec2025 03:42:17.693] [main/DEBUG] [net.neoforged.fml.loading.moddiscovery.ModFileParser/LOADING]: Considering mod file candidate C:\Users\Leo\OneDrive\Desktop\Modding\Minecraft-Robettini\Robettini\ATM10\mods\sophisticatedbackpackscreateintegration-1.21.1-0.1.5.29.jar
[29Dec2025 03:42:17.694] [main/DEBUG] [net.neoforged.fml.loading.moddiscovery.ModFileInfo/LOADING]: Found valid mod file sophisticatedbackpackscreateintegration-1.21.1-0.1.5.29.jar with {sophisticatedbackpackscreateintegration} mods - versions {0.1.5}
[29Dec2025 03:42:17.694] [main/INFO] [net.neoforged.fml.loading.moddiscovery.ModDiscoverer/SCAN]: Found mod file "sophisticatedbackpackscreateintegration-1.21.1-0.1.5.29.jar" [locator: {mods folder locator at C:\Users\Leo\OneDrive\Desktop\Modding\Minecraft-Robettini\Robettini\ATM10\mods}, reader: mod manifest]
[29Dec2025 03:42:17.695] [main/DEBUG] [net.neoforged.fml.loading.moddiscovery.readers.JarModsDotTomlModFileReader/SCAN]: Found META-INF/neoforge.mods.toml mod of type null: C:\Users\Leo\OneDrive\Desktop\Modding\Minecraft-Robettini\Robettini\ATM10\mods\sophisticatedcore-1.21.1-1.3.89.1239.jar
[29Dec2025 03:42:17.695] [main/DEBUG] [net.neoforged.fml.loading.moddiscovery.ModFileParser/LOADING]: Considering mod file candidate C:\Users\Leo\OneDrive\Desktop\Modding\Minecraft-Robettini\Robettini\ATM10\mods\sophisticatedcore-1.21.1-1.3.89.1239.jar
[29Dec2025 03:42:17.695] [main/DEBUG] [net.neoforged.fml.loading.moddiscovery.ModFileInfo/LOADING]: Found valid mod file sophisticatedcore-1.21.1-1.3.89.1239.jar with {sophisticatedcore} mods - versions {1.3.89}
[29Dec2025 03:42:17.695] [main/INFO] [net.neoforged.fml.loading.moddiscovery.ModDiscoverer/SCAN]: Found mod file "sophisticatedcore-1.21.1-1.3.89.1239.jar" [locator: {mods folder locator at C:\Users\Leo\OneDrive\Desktop\Modding\Minecraft-Robettini\Robettini\ATM10\mods}, reader: mod manifest]
[29Dec2025 03:42:17.696] [main/DEBUG] [net.neoforged.fml.loading.moddiscovery.readers.JarModsDotTomlModFileReader/SCAN]: Found META-INF/neoforge.mods.toml mod of type null: C:\Users\Leo\OneDrive\Desktop\Modding\Minecraft-Robettini\Robettini\ATM10\mods\sophisticatedstorage-1.21.1-1.5.16.1369.jar
[29Dec2025 03:42:17.696] [main/DEBUG] [net.neoforged.fml.loading.moddiscovery.ModFileParser/LOADING]: Considering mod file candidate C:\Users\Leo\OneDrive\Desktop\Modding\Minecraft-Robettini\Robettini\ATM10\mods\sophisticatedstorage-1.21.1-1.5.16.1369.jar
[29Dec2025 03:42:17.696] [main/DEBUG] [net.neoforged.fml.loading.moddiscovery.ModFileInfo/LOADING]: Found valid mod file sophisticatedstorage-1.21.1-1.5.16.1369.jar with {sophisticatedstorage} mods - versions {1.5.16}
[29Dec2025 03:42:17.696] [main/INFO] [net.neoforged.fml.loading.moddiscovery.ModDiscoverer/SCAN]: Found mod file "sophisticatedstorage-1.21.1-1.5.16.1369.jar" [locator: {mods folder locator at C:\Users\Leo\OneDrive\Desktop\Modding\Minecraft-Robettini\Robettini\ATM10\mods}, reader: mod manifest]
[29Dec2025 03:42:17.697] [main/DEBUG] [net.neoforged.fml.loading.moddiscovery.readers.JarModsDotTomlModFileReader/SCAN]: Found META-INF/neoforge.mods.toml mod of type null: C:\Users\Leo\OneDrive\Desktop\Modding\Minecraft-Robettini\Robettini\ATM10\mods\sophisticatedstoragecreateintegration-1.21.1-0.1.13.54.jar
[29Dec2025 03:42:17.698] [main/DEBUG] [net.neoforged.fml.loading.moddiscovery.ModFileParser/LOADING]: Considering mod file candidate C:\Users\Leo\OneDrive\Desktop\Modding\Minecraft-Robettini\Robettini\ATM10\mods\sophisticatedstoragecreateintegration-1.21.1-0.1.13.54.jar
[29Dec2025 03:42:17.698] [main/DEBUG] [net.neoforged.fml.loading.moddiscovery.ModFileInfo/LOADING]: Found valid mod file sophisticatedstoragecreateintegration-1.21.1-0.1.13.54.jar with {sophisticatedstoragecreateintegration} mods - versions {0.1.13}
[29Dec2025 03:42:17.698] [main/INFO] [net.neoforged.fml.loading.moddiscovery.ModDiscoverer/SCAN]: Found mod file "sophisticatedstoragecreateintegration-1.21.1-0.1.13.54.jar" [locator: {mods folder locator at C:\Users\Leo\OneDrive\Desktop\Modding\Minecraft-Robettini\Robettini\ATM10\mods}, reader: mod manifest]
[29Dec2025 03:42:17.699] [main/DEBUG] [net.neoforged.fml.loading.moddiscovery.readers.JarModsDotTomlModFileReader/SCAN]: Found META-INF/neoforge.mods.toml mod of type null: C:\Users\Leo\OneDrive\Desktop\Modding\Minecraft-Robettini\Robettini\ATM10\mods\sophisticatedstorageinmotion-1.21.1-0.10.24.155.jar
[29Dec2025 03:42:17.699] [main/DEBUG] [net.neoforged.fml.loading.moddiscovery.ModFileParser/LOADING]: Considering mod file candidate C:\Users\Leo\OneDrive\Desktop\Modding\Minecraft-Robettini\Robettini\ATM10\mods\sophisticatedstorageinmotion-1.21.1-0.10.24.155.jar
[29Dec2025 03:42:17.699] [main/DEBUG] [net.neoforged.fml.loading.moddiscovery.ModFileInfo/LOADING]: Found valid mod file sophisticatedstorageinmotion-1.21.1-0.10.24.155.jar with {sophisticatedstorageinmotion} mods - versions {0.10.24}
[29Dec2025 03:42:17.699] [main/INFO] [net.neoforged.fml.loading.moddiscovery.ModDiscoverer/SCAN]: Found mod file "sophisticatedstorageinmotion-1.21.1-0.10.24.155.jar" [locator: {mods folder locator at C:\Users\Leo\OneDrive\Desktop\Modding\Minecraft-Robettini\Robettini\ATM10\mods}, reader: mod manifest]
[29Dec2025 03:42:17.700] [main/DEBUG] [net.neoforged.fml.loading.moddiscovery.readers.JarModsDotTomlModFileReader/SCAN]: Found META-INF/neoforge.mods.toml mod of type null: C:\Users\Leo\OneDrive\Desktop\Modding\Minecraft-Robettini\Robettini\ATM10\mods\soulplied_energistics-1.0.2.jar
[29Dec2025 03:42:17.700] [main/DEBUG] [net.neoforged.fml.loading.moddiscovery.ModFileParser/LOADING]: Considering mod file candidate C:\Users\Leo\OneDrive\Desktop\Modding\Minecraft-Robettini\Robettini\ATM10\mods\soulplied_energistics-1.0.2.jar
[29Dec2025 03:42:17.700] [main/DEBUG] [net.neoforged.fml.loading.moddiscovery.ModFileInfo/LOADING]: Found valid mod file soulplied_energistics-1.0.2.jar with {soulplied_energistics} mods - versions {1.0.2}
[29Dec2025 03:42:17.700] [main/INFO] [net.neoforged.fml.loading.moddiscovery.ModDiscoverer/SCAN]: Found mod file "soulplied_energistics-1.0.2.jar" [locator: {mods folder locator at C:\Users\Leo\OneDrive\Desktop\Modding\Minecraft-Robettini\Robettini\ATM10\mods}, reader: mod manifest]
[29Dec2025 03:42:17.702] [main/DEBUG] [net.neoforged.fml.loading.moddiscovery.readers.JarModsDotTomlModFileReader/SCAN]: Found META-INF/neoforge.mods.toml mod of type null: C:\Users\Leo\OneDrive\Desktop\Modding\Minecraft-Robettini\Robettini\ATM10\mods\spark-1.10.124-neoforge.jar
[29Dec2025 03:42:17.702] [main/DEBUG] [net.neoforged.fml.loading.moddiscovery.ModFileParser/LOADING]: Considering mod file candidate C:\Users\Leo\OneDrive\Desktop\Modding\Minecraft-Robettini\Robettini\ATM10\mods\spark-1.10.124-neoforge.jar
[29Dec2025 03:42:17.702] [main/DEBUG] [net.neoforged.fml.loading.moddiscovery.ModFileInfo/LOADING]: Found valid mod file spark-1.10.124-neoforge.jar with {spark} mods - versions {1.10.124}
[29Dec2025 03:42:17.702] [main/INFO] [net.neoforged.fml.loading.moddiscovery.ModDiscoverer/SCAN]: Found mod file "spark-1.10.124-neoforge.jar" [locator: {mods folder locator at C:\Users\Leo\OneDrive\Desktop\Modding\Minecraft-Robettini\Robettini\ATM10\mods}, reader: mod manifest]
[29Dec2025 03:42:17.703] [main/DEBUG] [net.neoforged.fml.loading.moddiscovery.readers.JarModsDotTomlModFileReader/SCAN]: Found META-INF/neoforge.mods.toml mod of type null: C:\Users\Leo\OneDrive\Desktop\Modding\Minecraft-Robettini\Robettini\ATM10\mods\starbunclemania-1.21.1-1.5.2.jar
[29Dec2025 03:42:17.703] [main/DEBUG] [net.neoforged.fml.loading.moddiscovery.ModFileParser/LOADING]: Considering mod file candidate C:\Users\Leo\OneDrive\Desktop\Modding\Minecraft-Robettini\Robettini\ATM10\mods\starbunclemania-1.21.1-1.5.2.jar
[29Dec2025 03:42:17.703] [main/DEBUG] [net.neoforged.fml.loading.moddiscovery.ModFileInfo/LOADING]: Found valid mod file starbunclemania-1.21.1-1.5.2.jar with {starbunclemania} mods - versions {1.5.2}
[29Dec2025 03:42:17.703] [main/INFO] [net.neoforged.fml.loading.moddiscovery.ModDiscoverer/SCAN]: Found mod file "starbunclemania-1.21.1-1.5.2.jar" [locator: {mods folder locator at C:\Users\Leo\OneDrive\Desktop\Modding\Minecraft-Robettini\Robettini\ATM10\mods}, reader: mod manifest]
[29Dec2025 03:42:17.704] [main/DEBUG] [net.neoforged.fml.loading.moddiscovery.readers.JarModsDotTomlModFileReader/SCAN]: Found META-INF/neoforge.mods.toml mod of type null: C:\Users\Leo\OneDrive\Desktop\Modding\Minecraft-Robettini\Robettini\ATM10\mods\stevescarts-1.21-1.2.16-neoforge.jar
[29Dec2025 03:42:17.704] [main/DEBUG] [net.neoforged.fml.loading.moddiscovery.ModFileParser/LOADING]: Considering mod file candidate C:\Users\Leo\OneDrive\Desktop\Modding\Minecraft-Robettini\Robettini\ATM10\mods\stevescarts-1.21-1.2.16-neoforge.jar
[29Dec2025 03:42:17.705] [main/DEBUG] [net.neoforged.fml.loading.moddiscovery.ModFileInfo/LOADING]: Found valid mod file stevescarts-1.21-1.2.16-neoforge.jar with {stevescarts} mods - versions {1.2.16}
[29Dec2025 03:42:17.705] [main/INFO] [net.neoforged.fml.loading.moddiscovery.ModDiscoverer/SCAN]: Found mod file "stevescarts-1.21-1.2.16-neoforge.jar" [locator: {mods folder locator at C:\Users\Leo\OneDrive\Desktop\Modding\Minecraft-Robettini\Robettini\ATM10\mods}, reader: mod manifest]
[29Dec2025 03:42:17.706] [main/DEBUG] [net.neoforged.fml.loading.moddiscovery.readers.JarModsDotTomlModFileReader/SCAN]: Found META-INF/neoforge.mods.toml mod of type null: C:\Users\Leo\OneDrive\Desktop\Modding\Minecraft-Robettini\Robettini\ATM10\mods\storagedelight-25.06.24-1.21-neoforge.jar
[29Dec2025 03:42:17.706] [main/DEBUG] [net.neoforged.fml.loading.moddiscovery.ModFileParser/LOADING]: Considering mod file candidate C:\Users\Leo\OneDrive\Desktop\Modding\Minecraft-Robettini\Robettini\ATM10\mods\storagedelight-25.06.24-1.21-neoforge.jar
[29Dec2025 03:42:17.706] [main/DEBUG] [net.neoforged.fml.loading.moddiscovery.ModFileInfo/LOADING]: Found valid mod file storagedelight-25.06.24-1.21-neoforge.jar with {storagedelight} mods - versions {25.06.24-1.21-neoforge}
[29Dec2025 03:42:17.706] [main/INFO] [net.neoforged.fml.loading.moddiscovery.ModDiscoverer/SCAN]: Found mod file "storagedelight-25.06.24-1.21-neoforge.jar" [locator: {mods folder locator at C:\Users\Leo\OneDrive\Desktop\Modding\Minecraft-Robettini\Robettini\ATM10\mods}, reader: mod manifest]
[29Dec2025 03:42:17.707] [main/DEBUG] [net.neoforged.fml.loading.moddiscovery.readers.JarModsDotTomlModFileReader/SCAN]: Found META-INF/neoforge.mods.toml mod of type null: C:\Users\Leo\OneDrive\Desktop\Modding\Minecraft-Robettini\Robettini\ATM10\mods\Structory_1.21.x_v1.3.12.jar
[29Dec2025 03:42:17.707] [main/DEBUG] [net.neoforged.fml.loading.moddiscovery.ModFileParser/LOADING]: Considering mod file candidate C:\Users\Leo\OneDrive\Desktop\Modding\Minecraft-Robettini\Robettini\ATM10\mods\Structory_1.21.x_v1.3.12.jar
[29Dec2025 03:42:17.707] [main/DEBUG] [net.neoforged.fml.loading.moddiscovery.ModFileInfo/LOADING]: Found valid mod file Structory_1.21.x_v1.3.12.jar with {structory} mods - versions {1.3.13}
[29Dec2025 03:42:17.707] [main/INFO] [net.neoforged.fml.loading.moddiscovery.ModDiscoverer/SCAN]: Found mod file "Structory_1.21.x_v1.3.12.jar" [locator: {mods folder locator at C:\Users\Leo\OneDrive\Desktop\Modding\Minecraft-Robettini\Robettini\ATM10\mods}, reader: mod manifest]
[29Dec2025 03:42:17.708] [main/DEBUG] [net.neoforged.fml.loading.moddiscovery.readers.JarModsDotTomlModFileReader/SCAN]: Found META-INF/neoforge.mods.toml mod of type null: C:\Users\Leo\OneDrive\Desktop\Modding\Minecraft-Robettini\Robettini\ATM10\mods\Structory_Towers_1.21.x_v1.0.14.jar
[29Dec2025 03:42:17.708] [main/DEBUG] [net.neoforged.fml.loading.moddiscovery.ModFileParser/LOADING]: Considering mod file candidate C:\Users\Leo\OneDrive\Desktop\Modding\Minecraft-Robettini\Robettini\ATM10\mods\Structory_Towers_1.21.x_v1.0.14.jar
[29Dec2025 03:42:17.709] [main/DEBUG] [net.neoforged.fml.loading.moddiscovery.ModFileInfo/LOADING]: Found valid mod file Structory_Towers_1.21.x_v1.0.14.jar with {structory_towers} mods - versions {1.0.14}
[29Dec2025 03:42:17.709] [main/INFO] [net.neoforged.fml.loading.moddiscovery.ModDiscoverer/SCAN]: Found mod file "Structory_Towers_1.21.x_v1.0.14.jar" [locator: {mods folder locator at C:\Users\Leo\OneDrive\Desktop\Modding\Minecraft-Robettini\Robettini\ATM10\mods}, reader: mod manifest]
[29Dec2025 03:42:17.710] [main/DEBUG] [net.neoforged.fml.loading.moddiscovery.readers.JarModsDotTomlModFileReader/SCAN]: Found META-INF/neoforge.mods.toml mod of type null: C:\Users\Leo\OneDrive\Desktop\Modding\Minecraft-Robettini\Robettini\ATM10\mods\structurize-1.0.796-1.21.1-snapshot.jar
[29Dec2025 03:42:17.710] [main/DEBUG] [net.neoforged.fml.loading.moddiscovery.ModFileParser/LOADING]: Considering mod file candidate C:\Users\Leo\OneDrive\Desktop\Modding\Minecraft-Robettini\Robettini\ATM10\mods\structurize-1.0.796-1.21.1-snapshot.jar
[29Dec2025 03:42:17.710] [main/DEBUG] [net.neoforged.fml.loading.moddiscovery.ModFileInfo/LOADING]: Found valid mod file structurize-1.0.796-1.21.1-snapshot.jar with {structurize} mods - versions {1.0.796-1.21.1-snapshot}
[29Dec2025 03:42:17.710] [main/INFO] [net.neoforged.fml.loading.moddiscovery.ModDiscoverer/SCAN]: Found mod file "structurize-1.0.796-1.21.1-snapshot.jar" [locator: {mods folder locator at C:\Users\Leo\OneDrive\Desktop\Modding\Minecraft-Robettini\Robettini\ATM10\mods}, reader: mod manifest]
[29Dec2025 03:42:17.712] [main/DEBUG] [net.neoforged.fml.loading.moddiscovery.readers.JarModsDotTomlModFileReader/SCAN]: Found META-INF/neoforge.mods.toml mod of type null: C:\Users\Leo\OneDrive\Desktop\Modding\Minecraft-Robettini\Robettini\ATM10\mods\stylecolonies-1.15.43-1.21.1.jar
[29Dec2025 03:42:17.712] [main/DEBUG] [net.neoforged.fml.loading.moddiscovery.ModFileParser/LOADING]: Considering mod file candidate C:\Users\Leo\OneDrive\Desktop\Modding\Minecraft-Robettini\Robettini\ATM10\mods\stylecolonies-1.15.43-1.21.1.jar
[29Dec2025 03:42:17.712] [main/DEBUG] [net.neoforged.fml.loading.moddiscovery.ModFileInfo/LOADING]: Found valid mod file stylecolonies-1.15.43-1.21.1.jar with {stylecolonies} mods - versions {1.15.43-1.21.1}
[29Dec2025 03:42:17.712] [main/INFO] [net.neoforged.fml.loading.moddiscovery.ModDiscoverer/SCAN]: Found mod file "stylecolonies-1.15.43-1.21.1.jar" [locator: {mods folder locator at C:\Users\Leo\OneDrive\Desktop\Modding\Minecraft-Robettini\Robettini\ATM10\mods}, reader: mod manifest]
[29Dec2025 03:42:17.714] [main/DEBUG] [net.neoforged.fml.loading.moddiscovery.readers.JarModsDotTomlModFileReader/SCAN]: Found META-INF/neoforge.mods.toml mod of type null: C:\Users\Leo\OneDrive\Desktop\Modding\Minecraft-Robettini\Robettini\ATM10\mods\Super Factory Manager (SFM)-MC1.21.1-4.28.0.jar
[29Dec2025 03:42:17.714] [main/DEBUG] [net.neoforged.fml.loading.moddiscovery.ModFileParser/LOADING]: Considering mod file candidate C:\Users\Leo\OneDrive\Desktop\Modding\Minecraft-Robettini\Robettini\ATM10\mods\Super Factory Manager (SFM)-MC1.21.1-4.28.0.jar
[29Dec2025 03:42:17.714] [main/DEBUG] [net.neoforged.fml.loading.moddiscovery.ModFileInfo/LOADING]: Found valid mod file Super Factory Manager (SFM)-MC1.21.1-4.28.0.jar with {sfm} mods - versions {4.28.0}
[29Dec2025 03:42:17.714] [main/INFO] [net.neoforged.fml.loading.moddiscovery.ModDiscoverer/SCAN]: Found mod file "Super Factory Manager (SFM)-MC1.21.1-4.28.0.jar" [locator: {mods folder locator at C:\Users\Leo\OneDrive\Desktop\Modding\Minecraft-Robettini\Robettini\ATM10\mods}, reader: mod manifest]
[29Dec2025 03:42:17.715] [main/DEBUG] [net.neoforged.fml.loading.moddiscovery.readers.JarModsDotTomlModFileReader/SCAN]: Found META-INF/neoforge.mods.toml mod of type null: C:\Users\Leo\OneDrive\Desktop\Modding\Minecraft-Robettini\Robettini\ATM10\mods\supermartijn642configlib-1.1.8-neoforge-mc1.21.jar
[29Dec2025 03:42:17.715] [main/DEBUG] [net.neoforged.fml.loading.moddiscovery.ModFileParser/LOADING]: Considering mod file candidate C:\Users\Leo\OneDrive\Desktop\Modding\Minecraft-Robettini\Robettini\ATM10\mods\supermartijn642configlib-1.1.8-neoforge-mc1.21.jar
[29Dec2025 03:42:17.715] [main/DEBUG] [net.neoforged.fml.loading.moddiscovery.ModFileInfo/LOADING]: Found valid mod file supermartijn642configlib-1.1.8-neoforge-mc1.21.jar with {supermartijn642configlib} mods - versions {1.1.8}
[29Dec2025 03:42:17.715] [main/INFO] [net.neoforged.fml.loading.moddiscovery.ModDiscoverer/SCAN]: Found mod file "supermartijn642configlib-1.1.8-neoforge-mc1.21.jar" [locator: {mods folder locator at C:\Users\Leo\OneDrive\Desktop\Modding\Minecraft-Robettini\Robettini\ATM10\mods}, reader: mod manifest]
[29Dec2025 03:42:17.716] [main/DEBUG] [net.neoforged.fml.loading.moddiscovery.readers.JarModsDotTomlModFileReader/SCAN]: Found META-INF/neoforge.mods.toml mod of type null: C:\Users\Leo\OneDrive\Desktop\Modding\Minecraft-Robettini\Robettini\ATM10\mods\supermartijn642corelib-1.1.18a-neoforge-mc1.21.jar
[29Dec2025 03:42:17.716] [main/DEBUG] [net.neoforged.fml.loading.moddiscovery.ModFileParser/LOADING]: Considering mod file candidate C:\Users\Leo\OneDrive\Desktop\Modding\Minecraft-Robettini\Robettini\ATM10\mods\supermartijn642corelib-1.1.18a-neoforge-mc1.21.jar
[29Dec2025 03:42:17.716] [main/DEBUG] [net.neoforged.fml.loading.moddiscovery.ModFileInfo/LOADING]: Found valid mod file supermartijn642corelib-1.1.18a-neoforge-mc1.21.jar with {supermartijn642corelib} mods - versions {1.1.18+a}
[29Dec2025 03:42:17.716] [main/INFO] [net.neoforged.fml.loading.moddiscovery.ModDiscoverer/SCAN]: Found mod file "supermartijn642corelib-1.1.18a-neoforge-mc1.21.jar" [locator: {mods folder locator at C:\Users\Leo\OneDrive\Desktop\Modding\Minecraft-Robettini\Robettini\ATM10\mods}, reader: mod manifest]
[29Dec2025 03:42:17.718] [main/DEBUG] [net.neoforged.fml.loading.moddiscovery.readers.JarModsDotTomlModFileReader/SCAN]: Found META-INF/neoforge.mods.toml mod of type null: C:\Users\Leo\OneDrive\Desktop\Modding\Minecraft-Robettini\Robettini\ATM10\mods\supplementaries-1.21-3.4.20-neoforge.jar
[29Dec2025 03:42:17.718] [main/DEBUG] [net.neoforged.fml.loading.moddiscovery.ModFileParser/LOADING]: Considering mod file candidate C:\Users\Leo\OneDrive\Desktop\Modding\Minecraft-Robettini\Robettini\ATM10\mods\supplementaries-1.21-3.4.20-neoforge.jar
[29Dec2025 03:42:17.719] [main/DEBUG] [net.neoforged.fml.loading.moddiscovery.ModFileInfo/LOADING]: Found valid mod file supplementaries-1.21-3.4.20-neoforge.jar with {supplementaries} mods - versions {1.21-3.4.20}
[29Dec2025 03:42:17.719] [main/INFO] [net.neoforged.fml.loading.moddiscovery.ModDiscoverer/SCAN]: Found mod file "supplementaries-1.21-3.4.20-neoforge.jar" [locator: {mods folder locator at C:\Users\Leo\OneDrive\Desktop\Modding\Minecraft-Robettini\Robettini\ATM10\mods}, reader: mod manifest]
[29Dec2025 03:42:17.720] [main/DEBUG] [net.neoforged.fml.loading.moddiscovery.readers.JarModsDotTomlModFileReader/SCAN]: Found META-INF/neoforge.mods.toml mod of type null: C:\Users\Leo\OneDrive\Desktop\Modding\Minecraft-Robettini\Robettini\ATM10\mods\sushigocrafting-1.21-0.6.5.jar
[29Dec2025 03:42:17.720] [main/DEBUG] [net.neoforged.fml.loading.moddiscovery.ModFileParser/LOADING]: Considering mod file candidate C:\Users\Leo\OneDrive\Desktop\Modding\Minecraft-Robettini\Robettini\ATM10\mods\sushigocrafting-1.21-0.6.5.jar
[29Dec2025 03:42:17.720] [main/DEBUG] [net.neoforged.fml.loading.moddiscovery.ModFileInfo/LOADING]: Found valid mod file sushigocrafting-1.21-0.6.5.jar with {sushigocrafting} mods - versions {0.6.5}
[29Dec2025 03:42:17.720] [main/INFO] [net.neoforged.fml.loading.moddiscovery.ModDiscoverer/SCAN]: Found mod file "sushigocrafting-1.21-0.6.5.jar" [locator: {mods folder locator at C:\Users\Leo\OneDrive\Desktop\Modding\Minecraft-Robettini\Robettini\ATM10\mods}, reader: mod manifest]
[29Dec2025 03:42:17.721] [main/DEBUG] [net.neoforged.fml.loading.moddiscovery.readers.JarModsDotTomlModFileReader/SCAN]: Found META-INF/neoforge.mods.toml mod of type null: C:\Users\Leo\OneDrive\Desktop\Modding\Minecraft-Robettini\Robettini\ATM10\mods\sussysniffers-1.21.1-0.1.3.jar
[29Dec2025 03:42:17.721] [main/DEBUG] [net.neoforged.fml.loading.moddiscovery.ModFileParser/LOADING]: Considering mod file candidate C:\Users\Leo\OneDrive\Desktop\Modding\Minecraft-Robettini\Robettini\ATM10\mods\sussysniffers-1.21.1-0.1.3.jar
[29Dec2025 03:42:17.721] [main/DEBUG] [net.neoforged.fml.loading.moddiscovery.ModFileInfo/LOADING]: Found valid mod file sussysniffers-1.21.1-0.1.3.jar with {sussysniffers} mods - versions {1.21.1-0.1.3}
[29Dec2025 03:42:17.721] [main/INFO] [net.neoforged.fml.loading.moddiscovery.ModDiscoverer/SCAN]: Found mod file "sussysniffers-1.21.1-0.1.3.jar" [locator: {mods folder locator at C:\Users\Leo\OneDrive\Desktop\Modding\Minecraft-Robettini\Robettini\ATM10\mods}, reader: mod manifest]
[29Dec2025 03:42:17.723] [main/DEBUG] [net.neoforged.fml.loading.moddiscovery.readers.JarModsDotTomlModFileReader/SCAN]: Found META-INF/neoforge.mods.toml mod of type null: C:\Users\Leo\OneDrive\Desktop\Modding\Minecraft-Robettini\Robettini\ATM10\mods\t_and_t-neoforge-fabric-1.13.7+1.21.1.jar
[29Dec2025 03:42:17.723] [main/DEBUG] [net.neoforged.fml.loading.moddiscovery.ModFileParser/LOADING]: Considering mod file candidate C:\Users\Leo\OneDrive\Desktop\Modding\Minecraft-Robettini\Robettini\ATM10\mods\t_and_t-neoforge-fabric-1.13.7+1.21.1.jar
[29Dec2025 03:42:17.723] [main/DEBUG] [net.neoforged.fml.loading.moddiscovery.ModFileInfo/LOADING]: Found valid mod file t_and_t-neoforge-fabric-1.13.7+1.21.1.jar with {t_and_t} mods - versions {1.13.7}
[29Dec2025 03:42:17.723] [main/INFO] [net.neoforged.fml.loading.moddiscovery.ModDiscoverer/SCAN]: Found mod file "t_and_t-neoforge-fabric-1.13.7+1.21.1.jar" [locator: {mods folder locator at C:\Users\Leo\OneDrive\Desktop\Modding\Minecraft-Robettini\Robettini\ATM10\mods}, reader: mod manifest]
[29Dec2025 03:42:17.724] [main/DEBUG] [net.neoforged.fml.loading.moddiscovery.readers.JarModsDotTomlModFileReader/SCAN]: Found META-INF/neoforge.mods.toml mod of type null: C:\Users\Leo\OneDrive\Desktop\Modding\Minecraft-Robettini\Robettini\ATM10\mods\tempad-1.21.1-3.0.4-all.jar
[29Dec2025 03:42:17.724] [main/DEBUG] [net.neoforged.fml.loading.moddiscovery.ModFileParser/LOADING]: Considering mod file candidate C:\Users\Leo\OneDrive\Desktop\Modding\Minecraft-Robettini\Robettini\ATM10\mods\tempad-1.21.1-3.0.4-all.jar
[29Dec2025 03:42:17.725] [main/DEBUG] [net.neoforged.fml.loading.moddiscovery.ModFileInfo/LOADING]: Found valid mod file tempad-1.21.1-3.0.4-all.jar with {tempad} mods - versions {3.0.4}
[29Dec2025 03:42:17.725] [main/INFO] [net.neoforged.fml.loading.moddiscovery.ModDiscoverer/SCAN]: Found mod file "tempad-1.21.1-3.0.4-all.jar" [locator: {mods folder locator at C:\Users\Leo\OneDrive\Desktop\Modding\Minecraft-Robettini\Robettini\ATM10\mods}, reader: mod manifest]
[29Dec2025 03:42:17.726] [main/DEBUG] [net.neoforged.fml.loading.moddiscovery.readers.JarModsDotTomlModFileReader/SCAN]: Found META-INF/neoforge.mods.toml mod of type null: C:\Users\Leo\OneDrive\Desktop\Modding\Minecraft-Robettini\Robettini\ATM10\mods\TerraBlender-neoforge-1.21.1-4.1.0.8.jar
[29Dec2025 03:42:17.726] [main/DEBUG] [net.neoforged.fml.loading.moddiscovery.ModFileParser/LOADING]: Considering mod file candidate C:\Users\Leo\OneDrive\Desktop\Modding\Minecraft-Robettini\Robettini\ATM10\mods\TerraBlender-neoforge-1.21.1-4.1.0.8.jar
[29Dec2025 03:42:17.726] [main/DEBUG] [net.neoforged.fml.loading.moddiscovery.ModFileInfo/LOADING]: Found valid mod file TerraBlender-neoforge-1.21.1-4.1.0.8.jar with {terrablender} mods - versions {4.1.0.8}
[29Dec2025 03:42:17.726] [main/INFO] [net.neoforged.fml.loading.moddiscovery.ModDiscoverer/SCAN]: Found mod file "TerraBlender-neoforge-1.21.1-4.1.0.8.jar" [locator: {mods folder locator at C:\Users\Leo\OneDrive\Desktop\Modding\Minecraft-Robettini\Robettini\ATM10\mods}, reader: mod manifest]
[29Dec2025 03:42:17.727] [main/DEBUG] [net.neoforged.fml.loading.moddiscovery.readers.JarModsDotTomlModFileReader/SCAN]: Found META-INF/neoforge.mods.toml mod of type null: C:\Users\Leo\OneDrive\Desktop\Modding\Minecraft-Robettini\Robettini\ATM10\mods\tesseract-api-neoforge-1.11.0-1.21.1.jar
[29Dec2025 03:42:17.727] [main/DEBUG] [net.neoforged.fml.loading.moddiscovery.ModFileParser/LOADING]: Considering mod file candidate C:\Users\Leo\OneDrive\Desktop\Modding\Minecraft-Robettini\Robettini\ATM10\mods\tesseract-api-neoforge-1.11.0-1.21.1.jar
[29Dec2025 03:42:17.727] [main/DEBUG] [net.neoforged.fml.loading.moddiscovery.ModFileInfo/LOADING]: Found valid mod file tesseract-api-neoforge-1.11.0-1.21.1.jar with {tesseract_api} mods - versions {1.11.0-1.21.1}
[29Dec2025 03:42:17.727] [main/INFO] [net.neoforged.fml.loading.moddiscovery.ModDiscoverer/SCAN]: Found mod file "tesseract-api-neoforge-1.11.0-1.21.1.jar" [locator: {mods folder locator at C:\Users\Leo\OneDrive\Desktop\Modding\Minecraft-Robettini\Robettini\ATM10\mods}, reader: mod manifest]
[29Dec2025 03:42:17.729] [main/DEBUG] [net.neoforged.fml.loading.moddiscovery.readers.JarModsDotTomlModFileReader/SCAN]: Found META-INF/neoforge.mods.toml mod of type null: C:\Users\Leo\OneDrive\Desktop\Modding\Minecraft-Robettini\Robettini\ATM10\mods\the_bumblezone-7.11.6+1.21.1-neoforge.jar
[29Dec2025 03:42:17.729] [main/DEBUG] [net.neoforged.fml.loading.moddiscovery.ModFileParser/LOADING]: Considering mod file candidate C:\Users\Leo\OneDrive\Desktop\Modding\Minecraft-Robettini\Robettini\ATM10\mods\the_bumblezone-7.11.6+1.21.1-neoforge.jar
[29Dec2025 03:42:17.730] [main/DEBUG] [net.neoforged.fml.loading.moddiscovery.ModFileInfo/LOADING]: Found valid mod file the_bumblezone-7.11.6+1.21.1-neoforge.jar with {the_bumblezone} mods - versions {7.11.6+1.21.1-neoforge}
[29Dec2025 03:42:17.730] [main/INFO] [net.neoforged.fml.loading.moddiscovery.ModDiscoverer/SCAN]: Found mod file "the_bumblezone-7.11.6+1.21.1-neoforge.jar" [locator: {mods folder locator at C:\Users\Leo\OneDrive\Desktop\Modding\Minecraft-Robettini\Robettini\ATM10\mods}, reader: mod manifest]
[29Dec2025 03:42:17.731] [main/DEBUG] [net.neoforged.fml.loading.moddiscovery.readers.JarModsDotTomlModFileReader/SCAN]: Found META-INF/neoforge.mods.toml mod of type null: C:\Users\Leo\OneDrive\Desktop\Modding\Minecraft-Robettini\Robettini\ATM10\mods\The_Undergarden-1.21.1-0.9.3.jar
[29Dec2025 03:42:17.731] [main/DEBUG] [net.neoforged.fml.loading.moddiscovery.ModFileParser/LOADING]: Considering mod file candidate C:\Users\Leo\OneDrive\Desktop\Modding\Minecraft-Robettini\Robettini\ATM10\mods\The_Undergarden-1.21.1-0.9.3.jar
[29Dec2025 03:42:17.732] [main/DEBUG] [net.neoforged.fml.loading.moddiscovery.ModFileInfo/LOADING]: Found valid mod file The_Undergarden-1.21.1-0.9.3.jar with {undergarden} mods - versions {0.9.3}
[29Dec2025 03:42:17.732] [main/INFO] [net.neoforged.fml.loading.moddiscovery.ModDiscoverer/SCAN]: Found mod file "The_Undergarden-1.21.1-0.9.3.jar" [locator: {mods folder locator at C:\Users\Leo\OneDrive\Desktop\Modding\Minecraft-Robettini\Robettini\ATM10\mods}, reader: mod manifest]
[29Dec2025 03:42:17.733] [main/DEBUG] [net.neoforged.fml.loading.moddiscovery.readers.JarModsDotTomlModFileReader/SCAN]: Found META-INF/neoforge.mods.toml mod of type null: C:\Users\Leo\OneDrive\Desktop\Modding\Minecraft-Robettini\Robettini\ATM10\mods\theurgy-1.21.1-neoforge-1.68.0.jar
[29Dec2025 03:42:17.733] [main/DEBUG] [net.neoforged.fml.loading.moddiscovery.ModFileParser/LOADING]: Considering mod file candidate C:\Users\Leo\OneDrive\Desktop\Modding\Minecraft-Robettini\Robettini\ATM10\mods\theurgy-1.21.1-neoforge-1.68.0.jar
[29Dec2025 03:42:17.733] [main/DEBUG] [net.neoforged.fml.loading.moddiscovery.ModFileInfo/LOADING]: Found valid mod file theurgy-1.21.1-neoforge-1.68.0.jar with {theurgy} mods - versions {1.68.0}
[29Dec2025 03:42:17.733] [main/INFO] [net.neoforged.fml.loading.moddiscovery.ModDiscoverer/SCAN]: Found mod file "theurgy-1.21.1-neoforge-1.68.0.jar" [locator: {mods folder locator at C:\Users\Leo\OneDrive\Desktop\Modding\Minecraft-Robettini\Robettini\ATM10\mods}, reader: mod manifest]
[29Dec2025 03:42:17.735] [main/DEBUG] [net.neoforged.fml.loading.moddiscovery.readers.JarModsDotTomlModFileReader/SCAN]: Found META-INF/neoforge.mods.toml mod of type null: C:\Users\Leo\OneDrive\Desktop\Modding\Minecraft-Robettini\Robettini\ATM10\mods\theurgy_kubejs-1.21.1-neoforge-1.5.1.jar
[29Dec2025 03:42:17.735] [main/DEBUG] [net.neoforged.fml.loading.moddiscovery.ModFileParser/LOADING]: Considering mod file candidate C:\Users\Leo\OneDrive\Desktop\Modding\Minecraft-Robettini\Robettini\ATM10\mods\theurgy_kubejs-1.21.1-neoforge-1.5.1.jar
[29Dec2025 03:42:17.735] [main/DEBUG] [net.neoforged.fml.loading.moddiscovery.ModFileInfo/LOADING]: Found valid mod file theurgy_kubejs-1.21.1-neoforge-1.5.1.jar with {theurgy_kubejs} mods - versions {1.5.1}
[29Dec2025 03:42:17.735] [main/INFO] [net.neoforged.fml.loading.moddiscovery.ModDiscoverer/SCAN]: Found mod file "theurgy_kubejs-1.21.1-neoforge-1.5.1.jar" [locator: {mods folder locator at C:\Users\Leo\OneDrive\Desktop\Modding\Minecraft-Robettini\Robettini\ATM10\mods}, reader: mod manifest]
[29Dec2025 03:42:17.736] [main/DEBUG] [net.neoforged.fml.loading.moddiscovery.readers.JarModsDotTomlModFileReader/SCAN]: Found META-INF/neoforge.mods.toml mod of type null: C:\Users\Leo\OneDrive\Desktop\Modding\Minecraft-Robettini\Robettini\ATM10\mods\tiab-neoforge-6.5.0.jar
[29Dec2025 03:42:17.736] [main/DEBUG] [net.neoforged.fml.loading.moddiscovery.ModFileParser/LOADING]: Considering mod file candidate C:\Users\Leo\OneDrive\Desktop\Modding\Minecraft-Robettini\Robettini\ATM10\mods\tiab-neoforge-6.5.0.jar
[29Dec2025 03:42:17.736] [main/DEBUG] [net.neoforged.fml.loading.moddiscovery.ModFileInfo/LOADING]: Found valid mod file tiab-neoforge-6.5.0.jar with {tiab} mods - versions {6.5.0}
[29Dec2025 03:42:17.736] [main/INFO] [net.neoforged.fml.loading.moddiscovery.ModDiscoverer/SCAN]: Found mod file "tiab-neoforge-6.5.0.jar" [locator: {mods folder locator at C:\Users\Leo\OneDrive\Desktop\Modding\Minecraft-Robettini\Robettini\ATM10\mods}, reader: mod manifest]
[29Dec2025 03:42:17.737] [main/DEBUG] [net.neoforged.fml.loading.moddiscovery.readers.JarModsDotTomlModFileReader/SCAN]: Found META-INF/neoforge.mods.toml mod of type null: C:\Users\Leo\OneDrive\Desktop\Modding\Minecraft-Robettini\Robettini\ATM10\mods\titanium-1.21-4.0.40.jar
[29Dec2025 03:42:17.737] [main/DEBUG] [net.neoforged.fml.loading.moddiscovery.ModFileParser/LOADING]: Considering mod file candidate C:\Users\Leo\OneDrive\Desktop\Modding\Minecraft-Robettini\Robettini\ATM10\mods\titanium-1.21-4.0.40.jar
[29Dec2025 03:42:17.737] [main/DEBUG] [net.neoforged.fml.loading.moddiscovery.ModFileInfo/LOADING]: Found valid mod file titanium-1.21-4.0.40.jar with {titanium} mods - versions {4.0.40}
[29Dec2025 03:42:17.737] [main/INFO] [net.neoforged.fml.loading.moddiscovery.ModDiscoverer/SCAN]: Found mod file "titanium-1.21-4.0.40.jar" [locator: {mods folder locator at C:\Users\Leo\OneDrive\Desktop\Modding\Minecraft-Robettini\Robettini\ATM10\mods}, reader: mod manifest]
[29Dec2025 03:42:17.738] [main/DEBUG] [net.neoforged.fml.loading.moddiscovery.readers.JarModsDotTomlModFileReader/SCAN]: Found META-INF/neoforge.mods.toml mod of type null: C:\Users\Leo\OneDrive\Desktop\Modding\Minecraft-Robettini\Robettini\ATM10\mods\ToastControl-1.21.1-9.0.1.jar
[29Dec2025 03:42:17.738] [main/DEBUG] [net.neoforged.fml.loading.moddiscovery.ModFileParser/LOADING]: Considering mod file candidate C:\Users\Leo\OneDrive\Desktop\Modding\Minecraft-Robettini\Robettini\ATM10\mods\ToastControl-1.21.1-9.0.1.jar
[29Dec2025 03:42:17.739] [main/DEBUG] [net.neoforged.fml.loading.moddiscovery.ModFileInfo/LOADING]: Found valid mod file ToastControl-1.21.1-9.0.1.jar with {toastcontrol} mods - versions {9.0.1}
[29Dec2025 03:42:17.739] [main/INFO] [net.neoforged.fml.loading.moddiscovery.ModDiscoverer/SCAN]: Found mod file "ToastControl-1.21.1-9.0.1.jar" [locator: {mods folder locator at C:\Users\Leo\OneDrive\Desktop\Modding\Minecraft-Robettini\Robettini\ATM10\mods}, reader: mod manifest]
[29Dec2025 03:42:17.740] [main/DEBUG] [net.neoforged.fml.loading.moddiscovery.readers.JarModsDotTomlModFileReader/SCAN]: Found META-INF/neoforge.mods.toml mod of type null: C:\Users\Leo\OneDrive\Desktop\Modding\Minecraft-Robettini\Robettini\ATM10\mods\tombstone-neoforge-1.21.1-9.4.8.jar
[29Dec2025 03:42:17.740] [main/DEBUG] [net.neoforged.fml.loading.moddiscovery.ModFileParser/LOADING]: Considering mod file candidate C:\Users\Leo\OneDrive\Desktop\Modding\Minecraft-Robettini\Robettini\ATM10\mods\tombstone-neoforge-1.21.1-9.4.8.jar
[29Dec2025 03:42:17.740] [main/DEBUG] [net.neoforged.fml.loading.moddiscovery.ModFileInfo/LOADING]: Found valid mod file tombstone-neoforge-1.21.1-9.4.8.jar with {tombstone} mods - versions {9.4.8}
[29Dec2025 03:42:17.740] [main/INFO] [net.neoforged.fml.loading.moddiscovery.ModDiscoverer/SCAN]: Found mod file "tombstone-neoforge-1.21.1-9.4.8.jar" [locator: {mods folder locator at C:\Users\Leo\OneDrive\Desktop\Modding\Minecraft-Robettini\Robettini\ATM10\mods}, reader: mod manifest]
[29Dec2025 03:42:17.741] [main/DEBUG] [net.neoforged.fml.loading.moddiscovery.readers.JarModsDotTomlModFileReader/SCAN]: Found META-INF/neoforge.mods.toml mod of type null: C:\Users\Leo\OneDrive\Desktop\Modding\Minecraft-Robettini\Robettini\ATM10\mods\ToolBelt-1.21.1-2.2.7.jar
[29Dec2025 03:42:17.741] [main/DEBUG] [net.neoforged.fml.loading.moddiscovery.ModFileParser/LOADING]: Considering mod file candidate C:\Users\Leo\OneDrive\Desktop\Modding\Minecraft-Robettini\Robettini\ATM10\mods\ToolBelt-1.21.1-2.2.7.jar
[29Dec2025 03:42:17.741] [main/DEBUG] [net.neoforged.fml.loading.moddiscovery.ModFileInfo/LOADING]: Found valid mod file ToolBelt-1.21.1-2.2.7.jar with {toolbelt} mods - versions {2.2.7}
[29Dec2025 03:42:17.741] [main/INFO] [net.neoforged.fml.loading.moddiscovery.ModDiscoverer/SCAN]: Found mod file "ToolBelt-1.21.1-2.2.7.jar" [locator: {mods folder locator at C:\Users\Leo\OneDrive\Desktop\Modding\Minecraft-Robettini\Robettini\ATM10\mods}, reader: mod manifest]
[29Dec2025 03:42:17.742] [main/DEBUG] [net.neoforged.fml.loading.moddiscovery.readers.JarModsDotTomlModFileReader/SCAN]: Found META-INF/neoforge.mods.toml mod of type null: C:\Users\Leo\OneDrive\Desktop\Modding\Minecraft-Robettini\Robettini\ATM10\mods\torchmaster-neoforge-1.21.1-21.1.9.jar
[29Dec2025 03:42:17.742] [main/DEBUG] [net.neoforged.fml.loading.moddiscovery.ModFileParser/LOADING]: Considering mod file candidate C:\Users\Leo\OneDrive\Desktop\Modding\Minecraft-Robettini\Robettini\ATM10\mods\torchmaster-neoforge-1.21.1-21.1.9.jar
[29Dec2025 03:42:17.742] [main/DEBUG] [net.neoforged.fml.loading.moddiscovery.ModFileInfo/LOADING]: Found valid mod file torchmaster-neoforge-1.21.1-21.1.9.jar with {torchmaster} mods - versions {21.1.9}
[29Dec2025 03:42:17.742] [main/INFO] [net.neoforged.fml.loading.moddiscovery.ModDiscoverer/SCAN]: Found mod file "torchmaster-neoforge-1.21.1-21.1.9.jar" [locator: {mods folder locator at C:\Users\Leo\OneDrive\Desktop\Modding\Minecraft-Robettini\Robettini\ATM10\mods}, reader: mod manifest]
[29Dec2025 03:42:17.744] [main/DEBUG] [net.neoforged.fml.loading.moddiscovery.readers.JarModsDotTomlModFileReader/SCAN]: Found META-INF/neoforge.mods.toml mod of type null: C:\Users\Leo\OneDrive\Desktop\Modding\Minecraft-Robettini\Robettini\ATM10\mods\towntalk-1.2.0.jar
[29Dec2025 03:42:17.744] [main/DEBUG] [net.neoforged.fml.loading.moddiscovery.ModFileParser/LOADING]: Considering mod file candidate C:\Users\Leo\OneDrive\Desktop\Modding\Minecraft-Robettini\Robettini\ATM10\mods\towntalk-1.2.0.jar
[29Dec2025 03:42:17.744] [main/DEBUG] [net.neoforged.fml.loading.moddiscovery.ModFileInfo/LOADING]: Found valid mod file towntalk-1.2.0.jar with {towntalk} mods - versions {1.2.0}
[29Dec2025 03:42:17.744] [main/INFO] [net.neoforged.fml.loading.moddiscovery.ModDiscoverer/SCAN]: Found mod file "towntalk-1.2.0.jar" [locator: {mods folder locator at C:\Users\Leo\OneDrive\Desktop\Modding\Minecraft-Robettini\Robettini\ATM10\mods}, reader: mod manifest]
[29Dec2025 03:42:17.745] [main/DEBUG] [net.neoforged.fml.loading.moddiscovery.readers.JarModsDotTomlModFileReader/SCAN]: Found META-INF/neoforge.mods.toml mod of type null: C:\Users\Leo\OneDrive\Desktop\Modding\Minecraft-Robettini\Robettini\ATM10\mods\transfer_labels-0.1.7.jar
[29Dec2025 03:42:17.745] [main/DEBUG] [net.neoforged.fml.loading.moddiscovery.ModFileParser/LOADING]: Considering mod file candidate C:\Users\Leo\OneDrive\Desktop\Modding\Minecraft-Robettini\Robettini\ATM10\mods\transfer_labels-0.1.7.jar
[29Dec2025 03:42:17.746] [main/DEBUG] [net.neoforged.fml.loading.moddiscovery.ModFileInfo/LOADING]: Found valid mod file transfer_labels-0.1.7.jar with {transfer_labels} mods - versions {0.1.7}
[29Dec2025 03:42:17.746] [main/INFO] [net.neoforged.fml.loading.moddiscovery.ModDiscoverer/SCAN]: Found mod file "transfer_labels-0.1.7.jar" [locator: {mods folder locator at C:\Users\Leo\OneDrive\Desktop\Modding\Minecraft-Robettini\Robettini\ATM10\mods}, reader: mod manifest]
[29Dec2025 03:42:17.747] [main/DEBUG] [net.neoforged.fml.loading.moddiscovery.readers.JarModsDotTomlModFileReader/SCAN]: Found META-INF/neoforge.mods.toml mod of type null: C:\Users\Leo\OneDrive\Desktop\Modding\Minecraft-Robettini\Robettini\ATM10\mods\trashcans-1.0.18c-neoforge-mc1.21.jar
[29Dec2025 03:42:17.747] [main/DEBUG] [net.neoforged.fml.loading.moddiscovery.ModFileParser/LOADING]: Considering mod file candidate C:\Users\Leo\OneDrive\Desktop\Modding\Minecraft-Robettini\Robettini\ATM10\mods\trashcans-1.0.18c-neoforge-mc1.21.jar
[29Dec2025 03:42:17.747] [main/DEBUG] [net.neoforged.fml.loading.moddiscovery.ModFileInfo/LOADING]: Found valid mod file trashcans-1.0.18c-neoforge-mc1.21.jar with {trashcans} mods - versions {1.0.18+c}
[29Dec2025 03:42:17.747] [main/INFO] [net.neoforged.fml.loading.moddiscovery.ModDiscoverer/SCAN]: Found mod file "trashcans-1.0.18c-neoforge-mc1.21.jar" [locator: {mods folder locator at C:\Users\Leo\OneDrive\Desktop\Modding\Minecraft-Robettini\Robettini\ATM10\mods}, reader: mod manifest]
[29Dec2025 03:42:17.748] [main/DEBUG] [net.neoforged.fml.loading.moddiscovery.readers.JarModsDotTomlModFileReader/SCAN]: Found META-INF/neoforge.mods.toml mod of type null: C:\Users\Leo\OneDrive\Desktop\Modding\Minecraft-Robettini\Robettini\ATM10\mods\trashslot-neoforge-1.21.1-21.1.4.jar
[29Dec2025 03:42:17.748] [main/DEBUG] [net.neoforged.fml.loading.moddiscovery.ModFileParser/LOADING]: Considering mod file candidate C:\Users\Leo\OneDrive\Desktop\Modding\Minecraft-Robettini\Robettini\ATM10\mods\trashslot-neoforge-1.21.1-21.1.4.jar
[29Dec2025 03:42:17.748] [main/DEBUG] [net.neoforged.fml.loading.moddiscovery.ModFileInfo/LOADING]: Found valid mod file trashslot-neoforge-1.21.1-21.1.4.jar with {trashslot} mods - versions {21.1.4}
[29Dec2025 03:42:17.748] [main/INFO] [net.neoforged.fml.loading.moddiscovery.ModDiscoverer/SCAN]: Found mod file "trashslot-neoforge-1.21.1-21.1.4.jar" [locator: {mods folder locator at C:\Users\Leo\OneDrive\Desktop\Modding\Minecraft-Robettini\Robettini\ATM10\mods}, reader: mod manifest]
[29Dec2025 03:42:17.749] [main/DEBUG] [net.neoforged.fml.loading.moddiscovery.readers.JarModsDotTomlModFileReader/SCAN]: Found META-INF/neoforge.mods.toml mod of type null: C:\Users\Leo\OneDrive\Desktop\Modding\Minecraft-Robettini\Robettini\ATM10\mods\treetap-1.21.1-0.4.5.jar
[29Dec2025 03:42:17.749] [main/DEBUG] [net.neoforged.fml.loading.moddiscovery.ModFileParser/LOADING]: Considering mod file candidate C:\Users\Leo\OneDrive\Desktop\Modding\Minecraft-Robettini\Robettini\ATM10\mods\treetap-1.21.1-0.4.5.jar
[29Dec2025 03:42:17.749] [main/DEBUG] [net.neoforged.fml.loading.moddiscovery.ModFileInfo/LOADING]: Found valid mod file treetap-1.21.1-0.4.5.jar with {treetap} mods - versions {1.21.1-0.4.5}
[29Dec2025 03:42:17.749] [main/INFO] [net.neoforged.fml.loading.moddiscovery.ModDiscoverer/SCAN]: Found mod file "treetap-1.21.1-0.4.5.jar" [locator: {mods folder locator at C:\Users\Leo\OneDrive\Desktop\Modding\Minecraft-Robettini\Robettini\ATM10\mods}, reader: mod manifest]
[29Dec2025 03:42:17.750] [main/DEBUG] [net.neoforged.fml.loading.moddiscovery.readers.JarModsDotTomlModFileReader/SCAN]: Found META-INF/neoforge.mods.toml mod of type null: C:\Users\Leo\OneDrive\Desktop\Modding\Minecraft-Robettini\Robettini\ATM10\mods\trophymanager-1.21.1-2.3.0.jar
[29Dec2025 03:42:17.750] [main/DEBUG] [net.neoforged.fml.loading.moddiscovery.ModFileParser/LOADING]: Considering mod file candidate C:\Users\Leo\OneDrive\Desktop\Modding\Minecraft-Robettini\Robettini\ATM10\mods\trophymanager-1.21.1-2.3.0.jar
[29Dec2025 03:42:17.750] [main/DEBUG] [net.neoforged.fml.loading.moddiscovery.ModFileInfo/LOADING]: Found valid mod file trophymanager-1.21.1-2.3.0.jar with {trophymanager} mods - versions {1.21.1-2.3.0}
[29Dec2025 03:42:17.750] [main/INFO] [net.neoforged.fml.loading.moddiscovery.ModDiscoverer/SCAN]: Found mod file "trophymanager-1.21.1-2.3.0.jar" [locator: {mods folder locator at C:\Users\Leo\OneDrive\Desktop\Modding\Minecraft-Robettini\Robettini\ATM10\mods}, reader: mod manifest]
[29Dec2025 03:42:17.753] [main/DEBUG] [net.neoforged.fml.loading.moddiscovery.readers.JarModsDotTomlModFileReader/SCAN]: Found META-INF/neoforge.mods.toml mod of type null: C:\Users\Leo\OneDrive\Desktop\Modding\Minecraft-Robettini\Robettini\ATM10\mods\twilightforest-1.21.1-4.7.3196-universal.jar
[29Dec2025 03:42:17.753] [main/DEBUG] [net.neoforged.fml.loading.moddiscovery.ModFileParser/LOADING]: Considering mod file candidate C:\Users\Leo\OneDrive\Desktop\Modding\Minecraft-Robettini\Robettini\ATM10\mods\twilightforest-1.21.1-4.7.3196-universal.jar
[29Dec2025 03:42:17.753] [main/DEBUG] [net.neoforged.fml.loading.moddiscovery.ModFileInfo/LOADING]: Found valid mod file twilightforest-1.21.1-4.7.3196-universal.jar with {twilightforest} mods - versions {4.7.3196}
[29Dec2025 03:42:17.753] [main/INFO] [net.neoforged.fml.loading.moddiscovery.ModDiscoverer/SCAN]: Found mod file "twilightforest-1.21.1-4.7.3196-universal.jar" [locator: {mods folder locator at C:\Users\Leo\OneDrive\Desktop\Modding\Minecraft-Robettini\Robettini\ATM10\mods}, reader: mod manifest]
[29Dec2025 03:42:17.754] [main/DEBUG] [net.neoforged.fml.loading.moddiscovery.readers.JarModsDotTomlModFileReader/SCAN]: Found META-INF/neoforge.mods.toml mod of type null: C:\Users\Leo\OneDrive\Desktop\Modding\Minecraft-Robettini\Robettini\ATM10\mods\UndergroundVillages-neoforge-1.21.1-4.0.3.jar
[29Dec2025 03:42:17.754] [main/DEBUG] [net.neoforged.fml.loading.moddiscovery.ModFileParser/LOADING]: Considering mod file candidate C:\Users\Leo\OneDrive\Desktop\Modding\Minecraft-Robettini\Robettini\ATM10\mods\UndergroundVillages-neoforge-1.21.1-4.0.3.jar
[29Dec2025 03:42:17.754] [main/DEBUG] [net.neoforged.fml.loading.moddiscovery.ModFileInfo/LOADING]: Found valid mod file UndergroundVillages-neoforge-1.21.1-4.0.3.jar with {underground_villages} mods - versions {4.0.3}
[29Dec2025 03:42:17.754] [main/INFO] [net.neoforged.fml.loading.moddiscovery.ModDiscoverer/SCAN]: Found mod file "UndergroundVillages-neoforge-1.21.1-4.0.3.jar" [locator: {mods folder locator at C:\Users\Leo\OneDrive\Desktop\Modding\Minecraft-Robettini\Robettini\ATM10\mods}, reader: mod manifest]
[29Dec2025 03:42:17.755] [main/DEBUG] [net.neoforged.fml.loading.moddiscovery.readers.JarModsDotTomlModFileReader/SCAN]: Found META-INF/neoforge.mods.toml mod of type null: C:\Users\Leo\OneDrive\Desktop\Modding\Minecraft-Robettini\Robettini\ATM10\mods\universalgrid-neoforge-1.21.1-0.2.3.jar
[29Dec2025 03:42:17.755] [main/DEBUG] [net.neoforged.fml.loading.moddiscovery.ModFileParser/LOADING]: Considering mod file candidate C:\Users\Leo\OneDrive\Desktop\Modding\Minecraft-Robettini\Robettini\ATM10\mods\universalgrid-neoforge-1.21.1-0.2.3.jar
[29Dec2025 03:42:17.755] [main/DEBUG] [net.neoforged.fml.loading.moddiscovery.ModFileInfo/LOADING]: Found valid mod file universalgrid-neoforge-1.21.1-0.2.3.jar with {universalgrid} mods - versions {1.21.1-0.2.3}
[29Dec2025 03:42:17.755] [main/INFO] [net.neoforged.fml.loading.moddiscovery.ModDiscoverer/SCAN]: Found mod file "universalgrid-neoforge-1.21.1-0.2.3.jar" [locator: {mods folder locator at C:\Users\Leo\OneDrive\Desktop\Modding\Minecraft-Robettini\Robettini\ATM10\mods}, reader: mod manifest]
[29Dec2025 03:42:17.757] [main/DEBUG] [net.neoforged.fml.loading.moddiscovery.readers.JarModsDotTomlModFileReader/SCAN]: Found META-INF/neoforge.mods.toml mod of type null: C:\Users\Leo\OneDrive\Desktop\Modding\Minecraft-Robettini\Robettini\ATM10\mods\uranus-2.3.1-1.21.1-neoforge.jar
[29Dec2025 03:42:17.757] [main/DEBUG] [net.neoforged.fml.loading.moddiscovery.ModFileParser/LOADING]: Considering mod file candidate C:\Users\Leo\OneDrive\Desktop\Modding\Minecraft-Robettini\Robettini\ATM10\mods\uranus-2.3.1-1.21.1-neoforge.jar
[29Dec2025 03:42:17.757] [main/DEBUG] [net.neoforged.fml.loading.moddiscovery.ModFileInfo/LOADING]: Found valid mod file uranus-2.3.1-1.21.1-neoforge.jar with {uranus} mods - versions {2.3.1}
[29Dec2025 03:42:17.757] [main/INFO] [net.neoforged.fml.loading.moddiscovery.ModDiscoverer/SCAN]: Found mod file "uranus-2.3.1-1.21.1-neoforge.jar" [locator: {mods folder locator at C:\Users\Leo\OneDrive\Desktop\Modding\Minecraft-Robettini\Robettini\ATM10\mods}, reader: mod manifest]
[29Dec2025 03:42:17.758] [main/DEBUG] [net.neoforged.fml.loading.moddiscovery.readers.JarModsDotTomlModFileReader/SCAN]: Found META-INF/neoforge.mods.toml mod of type null: C:\Users\Leo\OneDrive\Desktop\Modding\Minecraft-Robettini\Robettini\ATM10\mods\utilitarian-1.21.1-0.17.0.jar
[29Dec2025 03:42:17.758] [main/DEBUG] [net.neoforged.fml.loading.moddiscovery.ModFileParser/LOADING]: Considering mod file candidate C:\Users\Leo\OneDrive\Desktop\Modding\Minecraft-Robettini\Robettini\ATM10\mods\utilitarian-1.21.1-0.17.0.jar
[29Dec2025 03:42:17.758] [main/DEBUG] [net.neoforged.fml.loading.moddiscovery.ModFileInfo/LOADING]: Found valid mod file utilitarian-1.21.1-0.17.0.jar with {utilitarian} mods - versions {1.21.1-0.17.0}
[29Dec2025 03:42:17.758] [main/INFO] [net.neoforged.fml.loading.moddiscovery.ModDiscoverer/SCAN]: Found mod file "utilitarian-1.21.1-0.17.0.jar" [locator: {mods folder locator at C:\Users\Leo\OneDrive\Desktop\Modding\Minecraft-Robettini\Robettini\ATM10\mods}, reader: mod manifest]
[29Dec2025 03:42:17.759] [main/DEBUG] [net.neoforged.fml.loading.moddiscovery.readers.JarModsDotTomlModFileReader/SCAN]: Found META-INF/neoforge.mods.toml mod of type null: C:\Users\Leo\OneDrive\Desktop\Modding\Minecraft-Robettini\Robettini\ATM10\mods\utilityvest-1.1.0.jar
[29Dec2025 03:42:17.759] [main/DEBUG] [net.neoforged.fml.loading.moddiscovery.ModFileParser/LOADING]: Considering mod file candidate C:\Users\Leo\OneDrive\Desktop\Modding\Minecraft-Robettini\Robettini\ATM10\mods\utilityvest-1.1.0.jar
[29Dec2025 03:42:17.759] [main/DEBUG] [net.neoforged.fml.loading.moddiscovery.ModFileInfo/LOADING]: Found valid mod file utilityvest-1.1.0.jar with {utilityvest} mods - versions {1.1.0}
[29Dec2025 03:42:17.759] [main/INFO] [net.neoforged.fml.loading.moddiscovery.ModDiscoverer/SCAN]: Found mod file "utilityvest-1.1.0.jar" [locator: {mods folder locator at C:\Users\Leo\OneDrive\Desktop\Modding\Minecraft-Robettini\Robettini\ATM10\mods}, reader: mod manifest]
[29Dec2025 03:42:17.760] [main/DEBUG] [net.neoforged.fml.loading.moddiscovery.readers.JarModsDotTomlModFileReader/SCAN]: Found META-INF/neoforge.mods.toml mod of type null: C:\Users\Leo\OneDrive\Desktop\Modding\Minecraft-Robettini\Robettini\ATM10\mods\valhelsia_core-neoforge-1.21.1-1.1.5.jar
[29Dec2025 03:42:17.760] [main/DEBUG] [net.neoforged.fml.loading.moddiscovery.ModFileParser/LOADING]: Considering mod file candidate C:\Users\Leo\OneDrive\Desktop\Modding\Minecraft-Robettini\Robettini\ATM10\mods\valhelsia_core-neoforge-1.21.1-1.1.5.jar
[29Dec2025 03:42:17.761] [main/DEBUG] [net.neoforged.fml.loading.moddiscovery.ModFileInfo/LOADING]: Found valid mod file valhelsia_core-neoforge-1.21.1-1.1.5.jar with {valhelsia_core} mods - versions {1.1.5}
[29Dec2025 03:42:17.761] [main/INFO] [net.neoforged.fml.loading.moddiscovery.ModDiscoverer/SCAN]: Found mod file "valhelsia_core-neoforge-1.21.1-1.1.5.jar" [locator: {mods folder locator at C:\Users\Leo\OneDrive\Desktop\Modding\Minecraft-Robettini\Robettini\ATM10\mods}, reader: mod manifest]
[29Dec2025 03:42:17.762] [main/DEBUG] [net.neoforged.fml.loading.moddiscovery.readers.JarModsDotTomlModFileReader/SCAN]: Found META-INF/neoforge.mods.toml mod of type null: C:\Users\Leo\OneDrive\Desktop\Modding\Minecraft-Robettini\Robettini\ATM10\mods\variantsandventures-neoforge-1.0.19+mc1.21.1.jar
[29Dec2025 03:42:17.762] [main/DEBUG] [net.neoforged.fml.loading.moddiscovery.ModFileParser/LOADING]: Considering mod file candidate C:\Users\Leo\OneDrive\Desktop\Modding\Minecraft-Robettini\Robettini\ATM10\mods\variantsandventures-neoforge-1.0.19+mc1.21.1.jar
[29Dec2025 03:42:17.762] [main/DEBUG] [net.neoforged.fml.loading.moddiscovery.ModFileInfo/LOADING]: Found valid mod file variantsandventures-neoforge-1.0.19+mc1.21.1.jar with {variantsandventures} mods - versions {1.0.19}
[29Dec2025 03:42:17.762] [main/INFO] [net.neoforged.fml.loading.moddiscovery.ModDiscoverer/SCAN]: Found mod file "variantsandventures-neoforge-1.0.19+mc1.21.1.jar" [locator: {mods folder locator at C:\Users\Leo\OneDrive\Desktop\Modding\Minecraft-Robettini\Robettini\ATM10\mods}, reader: mod manifest]
[29Dec2025 03:42:17.763] [main/DEBUG] [net.neoforged.fml.loading.moddiscovery.readers.JarModsDotTomlModFileReader/SCAN]: Found META-INF/neoforge.mods.toml mod of type null: C:\Users\Leo\OneDrive\Desktop\Modding\Minecraft-Robettini\Robettini\ATM10\mods\villagesandpillages-neoforge-mc1.21.1-1.0.3.jar
[29Dec2025 03:42:17.763] [main/DEBUG] [net.neoforged.fml.loading.moddiscovery.ModFileParser/LOADING]: Considering mod file candidate C:\Users\Leo\OneDrive\Desktop\Modding\Minecraft-Robettini\Robettini\ATM10\mods\villagesandpillages-neoforge-mc1.21.1-1.0.3.jar
[29Dec2025 03:42:17.763] [main/DEBUG] [net.neoforged.fml.loading.moddiscovery.ModFileInfo/LOADING]: Found valid mod file villagesandpillages-neoforge-mc1.21.1-1.0.3.jar with {villagesandpillages} mods - versions {1.0.3}
[29Dec2025 03:42:17.763] [main/INFO] [net.neoforged.fml.loading.moddiscovery.ModDiscoverer/SCAN]: Found mod file "villagesandpillages-neoforge-mc1.21.1-1.0.3.jar" [locator: {mods folder locator at C:\Users\Leo\OneDrive\Desktop\Modding\Minecraft-Robettini\Robettini\ATM10\mods}, reader: mod manifest]
[29Dec2025 03:42:17.764] [main/DEBUG] [net.neoforged.fml.loading.moddiscovery.readers.JarModsDotTomlModFileReader/SCAN]: Found META-INF/neoforge.mods.toml mod of type null: C:\Users\Leo\OneDrive\Desktop\Modding\Minecraft-Robettini\Robettini\ATM10\mods\waystones-neoforge-1.21.1-21.1.24.jar
[29Dec2025 03:42:17.764] [main/DEBUG] [net.neoforged.fml.loading.moddiscovery.ModFileParser/LOADING]: Considering mod file candidate C:\Users\Leo\OneDrive\Desktop\Modding\Minecraft-Robettini\Robettini\ATM10\mods\waystones-neoforge-1.21.1-21.1.24.jar
[29Dec2025 03:42:17.764] [main/DEBUG] [net.neoforged.fml.loading.moddiscovery.ModFileInfo/LOADING]: Found valid mod file waystones-neoforge-1.21.1-21.1.24.jar with {waystones} mods - versions {21.1.24}
[29Dec2025 03:42:17.764] [main/INFO] [net.neoforged.fml.loading.moddiscovery.ModDiscoverer/SCAN]: Found mod file "waystones-neoforge-1.21.1-21.1.24.jar" [locator: {mods folder locator at C:\Users\Leo\OneDrive\Desktop\Modding\Minecraft-Robettini\Robettini\ATM10\mods}, reader: mod manifest]
[29Dec2025 03:42:17.766] [main/DEBUG] [net.neoforged.fml.loading.moddiscovery.readers.JarModsDotTomlModFileReader/SCAN]: Found META-INF/neoforge.mods.toml mod of type null: C:\Users\Leo\OneDrive\Desktop\Modding\Minecraft-Robettini\Robettini\ATM10\mods\wirelesschargers-1.0.9a-neoforge-mc1.21.jar
[29Dec2025 03:42:17.766] [main/DEBUG] [net.neoforged.fml.loading.moddiscovery.ModFileParser/LOADING]: Considering mod file candidate C:\Users\Leo\OneDrive\Desktop\Modding\Minecraft-Robettini\Robettini\ATM10\mods\wirelesschargers-1.0.9a-neoforge-mc1.21.jar
[29Dec2025 03:42:17.766] [main/DEBUG] [net.neoforged.fml.loading.moddiscovery.ModFileInfo/LOADING]: Found valid mod file wirelesschargers-1.0.9a-neoforge-mc1.21.jar with {wirelesschargers} mods - versions {1.0.9+a}
[29Dec2025 03:42:17.766] [main/INFO] [net.neoforged.fml.loading.moddiscovery.ModDiscoverer/SCAN]: Found mod file "wirelesschargers-1.0.9a-neoforge-mc1.21.jar" [locator: {mods folder locator at C:\Users\Leo\OneDrive\Desktop\Modding\Minecraft-Robettini\Robettini\ATM10\mods}, reader: mod manifest]
[29Dec2025 03:42:17.767] [main/DEBUG] [net.neoforged.fml.loading.moddiscovery.readers.JarModsDotTomlModFileReader/SCAN]: Found META-INF/neoforge.mods.toml mod of type null: C:\Users\Leo\OneDrive\Desktop\Modding\Minecraft-Robettini\Robettini\ATM10\mods\WitherSkeletonTweaks-1.21.1-10.1.1.jar
[29Dec2025 03:42:17.767] [main/DEBUG] [net.neoforged.fml.loading.moddiscovery.ModFileParser/LOADING]: Considering mod file candidate C:\Users\Leo\OneDrive\Desktop\Modding\Minecraft-Robettini\Robettini\ATM10\mods\WitherSkeletonTweaks-1.21.1-10.1.1.jar
[29Dec2025 03:42:17.767] [main/DEBUG] [net.neoforged.fml.loading.moddiscovery.ModFileInfo/LOADING]: Found valid mod file WitherSkeletonTweaks-1.21.1-10.1.1.jar with {wstweaks} mods - versions {10.1.1}
[29Dec2025 03:42:17.767] [main/INFO] [net.neoforged.fml.loading.moddiscovery.ModDiscoverer/SCAN]: Found mod file "WitherSkeletonTweaks-1.21.1-10.1.1.jar" [locator: {mods folder locator at C:\Users\Leo\OneDrive\Desktop\Modding\Minecraft-Robettini\Robettini\ATM10\mods}, reader: mod manifest]
[29Dec2025 03:42:17.768] [main/DEBUG] [net.neoforged.fml.loading.moddiscovery.readers.JarModsDotTomlModFileReader/SCAN]: Found META-INF/neoforge.mods.toml mod of type null: C:\Users\Leo\OneDrive\Desktop\Modding\Minecraft-Robettini\Robettini\ATM10\mods\wits-1.3.0+1.21-neoforge.jar
[29Dec2025 03:42:17.768] [main/DEBUG] [net.neoforged.fml.loading.moddiscovery.ModFileParser/LOADING]: Considering mod file candidate C:\Users\Leo\OneDrive\Desktop\Modding\Minecraft-Robettini\Robettini\ATM10\mods\wits-1.3.0+1.21-neoforge.jar
[29Dec2025 03:42:17.768] [main/DEBUG] [net.neoforged.fml.loading.moddiscovery.ModFileInfo/LOADING]: Found valid mod file wits-1.3.0+1.21-neoforge.jar with {wits} mods - versions {1.3.0+1.21-neoforge}
[29Dec2025 03:42:17.768] [main/INFO] [net.neoforged.fml.loading.moddiscovery.ModDiscoverer/SCAN]: Found mod file "wits-1.3.0+1.21-neoforge.jar" [locator: {mods folder locator at C:\Users\Leo\OneDrive\Desktop\Modding\Minecraft-Robettini\Robettini\ATM10\mods}, reader: mod manifest]
[29Dec2025 03:42:17.769] [main/DEBUG] [net.neoforged.fml.loading.moddiscovery.readers.JarModsDotTomlModFileReader/SCAN]: Found META-INF/neoforge.mods.toml mod of type null: C:\Users\Leo\OneDrive\Desktop\Modding\Minecraft-Robettini\Robettini\ATM10\mods\xnet-1.21-7.0.6.jar
[29Dec2025 03:42:17.769] [main/DEBUG] [net.neoforged.fml.loading.moddiscovery.ModFileParser/LOADING]: Considering mod file candidate C:\Users\Leo\OneDrive\Desktop\Modding\Minecraft-Robettini\Robettini\ATM10\mods\xnet-1.21-7.0.6.jar
[29Dec2025 03:42:17.770] [main/DEBUG] [net.neoforged.fml.loading.moddiscovery.ModFileInfo/LOADING]: Found valid mod file xnet-1.21-7.0.6.jar with {xnet} mods - versions {1.21-7.0.6}
[29Dec2025 03:42:17.770] [main/INFO] [net.neoforged.fml.loading.moddiscovery.ModDiscoverer/SCAN]: Found mod file "xnet-1.21-7.0.6.jar" [locator: {mods folder locator at C:\Users\Leo\OneDrive\Desktop\Modding\Minecraft-Robettini\Robettini\ATM10\mods}, reader: mod manifest]
[29Dec2025 03:42:17.771] [main/DEBUG] [net.neoforged.fml.loading.moddiscovery.readers.JarModsDotTomlModFileReader/SCAN]: Found META-INF/neoforge.mods.toml mod of type null: C:\Users\Leo\OneDrive\Desktop\Modding\Minecraft-Robettini\Robettini\ATM10\mods\xtonesreworked-1.1.1-1.21.1.jar
[29Dec2025 03:42:17.771] [main/DEBUG] [net.neoforged.fml.loading.moddiscovery.ModFileParser/LOADING]: Considering mod file candidate C:\Users\Leo\OneDrive\Desktop\Modding\Minecraft-Robettini\Robettini\ATM10\mods\xtonesreworked-1.1.1-1.21.1.jar
[29Dec2025 03:42:17.771] [main/DEBUG] [net.neoforged.fml.loading.moddiscovery.ModFileInfo/LOADING]: Found valid mod file xtonesreworked-1.1.1-1.21.1.jar with {xtonesreworked} mods - versions {1.1.1-1.21.1}
[29Dec2025 03:42:17.771] [main/INFO] [net.neoforged.fml.loading.moddiscovery.ModDiscoverer/SCAN]: Found mod file "xtonesreworked-1.1.1-1.21.1.jar" [locator: {mods folder locator at C:\Users\Leo\OneDrive\Desktop\Modding\Minecraft-Robettini\Robettini\ATM10\mods}, reader: mod manifest]
[29Dec2025 03:42:17.772] [main/DEBUG] [net.neoforged.fml.loading.moddiscovery.readers.JarModsDotTomlModFileReader/SCAN]: Found META-INF/neoforge.mods.toml mod of type null: C:\Users\Leo\OneDrive\Desktop\Modding\Minecraft-Robettini\Robettini\ATM10\mods\xycraft_core-0.7.53-all.jar
[29Dec2025 03:42:17.772] [main/DEBUG] [net.neoforged.fml.loading.moddiscovery.ModFileParser/LOADING]: Considering mod file candidate C:\Users\Leo\OneDrive\Desktop\Modding\Minecraft-Robettini\Robettini\ATM10\mods\xycraft_core-0.7.53-all.jar
[29Dec2025 03:42:17.772] [main/DEBUG] [net.neoforged.fml.loading.moddiscovery.ModFileInfo/LOADING]: Found valid mod file xycraft_core-0.7.53-all.jar with {xycraft_core} mods - versions {0.7.53}
[29Dec2025 03:42:17.772] [main/INFO] [net.neoforged.fml.loading.moddiscovery.ModDiscoverer/SCAN]: Found mod file "xycraft_core-0.7.53-all.jar" [locator: {mods folder locator at C:\Users\Leo\OneDrive\Desktop\Modding\Minecraft-Robettini\Robettini\ATM10\mods}, reader: mod manifest]
[29Dec2025 03:42:17.774] [main/DEBUG] [net.neoforged.fml.loading.moddiscovery.readers.JarModsDotTomlModFileReader/SCAN]: Found META-INF/neoforge.mods.toml mod of type null: C:\Users\Leo\OneDrive\Desktop\Modding\Minecraft-Robettini\Robettini\ATM10\mods\xycraft_machines-0.7.53.jar
[29Dec2025 03:42:17.774] [main/DEBUG] [net.neoforged.fml.loading.moddiscovery.ModFileParser/LOADING]: Considering mod file candidate C:\Users\Leo\OneDrive\Desktop\Modding\Minecraft-Robettini\Robettini\ATM10\mods\xycraft_machines-0.7.53.jar
[29Dec2025 03:42:17.774] [main/DEBUG] [net.neoforged.fml.loading.moddiscovery.ModFileInfo/LOADING]: Found valid mod file xycraft_machines-0.7.53.jar with {xycraft_machines} mods - versions {0.7.53}
[29Dec2025 03:42:17.774] [main/INFO] [net.neoforged.fml.loading.moddiscovery.ModDiscoverer/SCAN]: Found mod file "xycraft_machines-0.7.53.jar" [locator: {mods folder locator at C:\Users\Leo\OneDrive\Desktop\Modding\Minecraft-Robettini\Robettini\ATM10\mods}, reader: mod manifest]
[29Dec2025 03:42:17.775] [main/DEBUG] [net.neoforged.fml.loading.moddiscovery.readers.JarModsDotTomlModFileReader/SCAN]: Found META-INF/neoforge.mods.toml mod of type null: C:\Users\Leo\OneDrive\Desktop\Modding\Minecraft-Robettini\Robettini\ATM10\mods\xycraft_override-0.7.53.jar
[29Dec2025 03:42:17.775] [main/DEBUG] [net.neoforged.fml.loading.moddiscovery.ModFileParser/LOADING]: Considering mod file candidate C:\Users\Leo\OneDrive\Desktop\Modding\Minecraft-Robettini\Robettini\ATM10\mods\xycraft_override-0.7.53.jar
[29Dec2025 03:42:17.775] [main/DEBUG] [net.neoforged.fml.loading.moddiscovery.ModFileInfo/LOADING]: Found valid mod file xycraft_override-0.7.53.jar with {xycraft_override} mods - versions {0.7.53}
[29Dec2025 03:42:17.775] [main/INFO] [net.neoforged.fml.loading.moddiscovery.ModDiscoverer/SCAN]: Found mod file "xycraft_override-0.7.53.jar" [locator: {mods folder locator at C:\Users\Leo\OneDrive\Desktop\Modding\Minecraft-Robettini\Robettini\ATM10\mods}, reader: mod manifest]
[29Dec2025 03:42:17.777] [main/DEBUG] [net.neoforged.fml.loading.moddiscovery.readers.JarModsDotTomlModFileReader/SCAN]: Found META-INF/neoforge.mods.toml mod of type null: C:\Users\Leo\OneDrive\Desktop\Modding\Minecraft-Robettini\Robettini\ATM10\mods\xycraft_world-0.7.53.jar
[29Dec2025 03:42:17.777] [main/DEBUG] [net.neoforged.fml.loading.moddiscovery.ModFileParser/LOADING]: Considering mod file candidate C:\Users\Leo\OneDrive\Desktop\Modding\Minecraft-Robettini\Robettini\ATM10\mods\xycraft_world-0.7.53.jar
[29Dec2025 03:42:17.777] [main/DEBUG] [net.neoforged.fml.loading.moddiscovery.ModFileInfo/LOADING]: Found valid mod file xycraft_world-0.7.53.jar with {xycraft_world} mods - versions {0.7.53}
[29Dec2025 03:42:17.777] [main/INFO] [net.neoforged.fml.loading.moddiscovery.ModDiscoverer/SCAN]: Found mod file "xycraft_world-0.7.53.jar" [locator: {mods folder locator at C:\Users\Leo\OneDrive\Desktop\Modding\Minecraft-Robettini\Robettini\ATM10\mods}, reader: mod manifest]
[29Dec2025 03:42:17.778] [main/DEBUG] [net.neoforged.fml.loading.moddiscovery.readers.JarModsDotTomlModFileReader/SCAN]: Found META-INF/neoforge.mods.toml mod of type null: C:\Users\Leo\OneDrive\Desktop\Modding\Minecraft-Robettini\Robettini\ATM10\mods\yeetusexperimentus-neoforge-87.0.0.jar
[29Dec2025 03:42:17.778] [main/DEBUG] [net.neoforged.fml.loading.moddiscovery.ModFileParser/LOADING]: Considering mod file candidate C:\Users\Leo\OneDrive\Desktop\Modding\Minecraft-Robettini\Robettini\ATM10\mods\yeetusexperimentus-neoforge-87.0.0.jar
[29Dec2025 03:42:17.778] [main/DEBUG] [net.neoforged.fml.loading.moddiscovery.ModFileInfo/LOADING]: Found valid mod file yeetusexperimentus-neoforge-87.0.0.jar with {yeetusexperimentus} mods - versions {87.0.0}
[29Dec2025 03:42:17.778] [main/INFO] [net.neoforged.fml.loading.moddiscovery.ModDiscoverer/SCAN]: Found mod file "yeetusexperimentus-neoforge-87.0.0.jar" [locator: {mods folder locator at C:\Users\Leo\OneDrive\Desktop\Modding\Minecraft-Robettini\Robettini\ATM10\mods}, reader: mod manifest]
[29Dec2025 03:42:17.779] [main/DEBUG] [net.neoforged.fml.loading.moddiscovery.readers.JarModsDotTomlModFileReader/SCAN]: Found META-INF/neoforge.mods.toml mod of type null: C:\Users\Leo\OneDrive\Desktop\Modding\Minecraft-Robettini\Robettini\ATM10\mods\yet_another_config_lib_v3-3.8.0+1.21.1-neoforge.jar
[29Dec2025 03:42:17.779] [main/DEBUG] [net.neoforged.fml.loading.moddiscovery.ModFileParser/LOADING]: Considering mod file candidate C:\Users\Leo\OneDrive\Desktop\Modding\Minecraft-Robettini\Robettini\ATM10\mods\yet_another_config_lib_v3-3.8.0+1.21.1-neoforge.jar
[29Dec2025 03:42:17.779] [main/DEBUG] [net.neoforged.fml.loading.moddiscovery.ModFileInfo/LOADING]: Found valid mod file yet_another_config_lib_v3-3.8.0+1.21.1-neoforge.jar with {yet_another_config_lib_v3} mods - versions {3.8.0+1.21.1-neoforge}
[29Dec2025 03:42:17.779] [main/INFO] [net.neoforged.fml.loading.moddiscovery.ModDiscoverer/SCAN]: Found mod file "yet_another_config_lib_v3-3.8.0+1.21.1-neoforge.jar" [locator: {mods folder locator at C:\Users\Leo\OneDrive\Desktop\Modding\Minecraft-Robettini\Robettini\ATM10\mods}, reader: mod manifest]
[29Dec2025 03:42:17.780] [main/DEBUG] [net.neoforged.fml.loading.moddiscovery.readers.JarModsDotTomlModFileReader/SCAN]: Found META-INF/neoforge.mods.toml mod of type null: C:\Users\Leo\OneDrive\Desktop\Modding\Minecraft-Robettini\Robettini\ATM10\mods\YungsApi-1.21.1-NeoForge-5.1.6.jar
[29Dec2025 03:42:17.780] [main/DEBUG] [net.neoforged.fml.loading.moddiscovery.ModFileParser/LOADING]: Considering mod file candidate C:\Users\Leo\OneDrive\Desktop\Modding\Minecraft-Robettini\Robettini\ATM10\mods\YungsApi-1.21.1-NeoForge-5.1.6.jar
[29Dec2025 03:42:17.780] [main/DEBUG] [net.neoforged.fml.loading.moddiscovery.ModFileInfo/LOADING]: Found valid mod file YungsApi-1.21.1-NeoForge-5.1.6.jar with {yungsapi} mods - versions {1.21.1-NeoForge-5.1.6}
[29Dec2025 03:42:17.780] [main/INFO] [net.neoforged.fml.loading.moddiscovery.ModDiscoverer/SCAN]: Found mod file "YungsApi-1.21.1-NeoForge-5.1.6.jar" [locator: {mods folder locator at C:\Users\Leo\OneDrive\Desktop\Modding\Minecraft-Robettini\Robettini\ATM10\mods}, reader: mod manifest]
[29Dec2025 03:42:17.782] [main/DEBUG] [net.neoforged.fml.loading.moddiscovery.readers.JarModsDotTomlModFileReader/SCAN]: Found META-INF/neoforge.mods.toml mod of type null: C:\Users\Leo\OneDrive\Desktop\Modding\Minecraft-Robettini\Robettini\ATM10\mods\YungsBetterDesertTemples-1.21.1-NeoForge-4.1.5.jar
[29Dec2025 03:42:17.782] [main/DEBUG] [net.neoforged.fml.loading.moddiscovery.ModFileParser/LOADING]: Considering mod file candidate C:\Users\Leo\OneDrive\Desktop\Modding\Minecraft-Robettini\Robettini\ATM10\mods\YungsBetterDesertTemples-1.21.1-NeoForge-4.1.5.jar
[29Dec2025 03:42:17.782] [main/DEBUG] [net.neoforged.fml.loading.moddiscovery.ModFileInfo/LOADING]: Found valid mod file YungsBetterDesertTemples-1.21.1-NeoForge-4.1.5.jar with {betterdeserttemples} mods - versions {1.21.1-NeoForge-4.1.5}
[29Dec2025 03:42:17.782] [main/INFO] [net.neoforged.fml.loading.moddiscovery.ModDiscoverer/SCAN]: Found mod file "YungsBetterDesertTemples-1.21.1-NeoForge-4.1.5.jar" [locator: {mods folder locator at C:\Users\Leo\OneDrive\Desktop\Modding\Minecraft-Robettini\Robettini\ATM10\mods}, reader: mod manifest]
[29Dec2025 03:42:17.783] [main/DEBUG] [net.neoforged.fml.loading.moddiscovery.readers.JarModsDotTomlModFileReader/SCAN]: Found META-INF/neoforge.mods.toml mod of type null: C:\Users\Leo\OneDrive\Desktop\Modding\Minecraft-Robettini\Robettini\ATM10\mods\YungsBetterDungeons-1.21.1-NeoForge-5.1.4.jar
[29Dec2025 03:42:17.783] [main/DEBUG] [net.neoforged.fml.loading.moddiscovery.ModFileParser/LOADING]: Considering mod file candidate C:\Users\Leo\OneDrive\Desktop\Modding\Minecraft-Robettini\Robettini\ATM10\mods\YungsBetterDungeons-1.21.1-NeoForge-5.1.4.jar
[29Dec2025 03:42:17.783] [main/DEBUG] [net.neoforged.fml.loading.moddiscovery.ModFileInfo/LOADING]: Found valid mod file YungsBetterDungeons-1.21.1-NeoForge-5.1.4.jar with {betterdungeons} mods - versions {1.21.1-NeoForge-5.1.4}
[29Dec2025 03:42:17.783] [main/INFO] [net.neoforged.fml.loading.moddiscovery.ModDiscoverer/SCAN]: Found mod file "YungsBetterDungeons-1.21.1-NeoForge-5.1.4.jar" [locator: {mods folder locator at C:\Users\Leo\OneDrive\Desktop\Modding\Minecraft-Robettini\Robettini\ATM10\mods}, reader: mod manifest]
[29Dec2025 03:42:17.784] [main/DEBUG] [net.neoforged.fml.loading.moddiscovery.readers.JarModsDotTomlModFileReader/SCAN]: Found META-INF/neoforge.mods.toml mod of type null: C:\Users\Leo\OneDrive\Desktop\Modding\Minecraft-Robettini\Robettini\ATM10\mods\YungsBetterEndIsland-1.21.1-NeoForge-3.1.2.jar
[29Dec2025 03:42:17.784] [main/DEBUG] [net.neoforged.fml.loading.moddiscovery.ModFileParser/LOADING]: Considering mod file candidate C:\Users\Leo\OneDrive\Desktop\Modding\Minecraft-Robettini\Robettini\ATM10\mods\YungsBetterEndIsland-1.21.1-NeoForge-3.1.2.jar
[29Dec2025 03:42:17.784] [main/DEBUG] [net.neoforged.fml.loading.moddiscovery.ModFileInfo/LOADING]: Found valid mod file YungsBetterEndIsland-1.21.1-NeoForge-3.1.2.jar with {betterendisland} mods - versions {1.21.1-NeoForge-3.1.2}
[29Dec2025 03:42:17.784] [main/INFO] [net.neoforged.fml.loading.moddiscovery.ModDiscoverer/SCAN]: Found mod file "YungsBetterEndIsland-1.21.1-NeoForge-3.1.2.jar" [locator: {mods folder locator at C:\Users\Leo\OneDrive\Desktop\Modding\Minecraft-Robettini\Robettini\ATM10\mods}, reader: mod manifest]
[29Dec2025 03:42:17.785] [main/DEBUG] [net.neoforged.fml.loading.moddiscovery.readers.JarModsDotTomlModFileReader/SCAN]: Found META-INF/neoforge.mods.toml mod of type null: C:\Users\Leo\OneDrive\Desktop\Modding\Minecraft-Robettini\Robettini\ATM10\mods\YungsBetterJungleTemples-1.21.1-NeoForge-3.1.2.jar
[29Dec2025 03:42:17.785] [main/DEBUG] [net.neoforged.fml.loading.moddiscovery.ModFileParser/LOADING]: Considering mod file candidate C:\Users\Leo\OneDrive\Desktop\Modding\Minecraft-Robettini\Robettini\ATM10\mods\YungsBetterJungleTemples-1.21.1-NeoForge-3.1.2.jar
[29Dec2025 03:42:17.785] [main/DEBUG] [net.neoforged.fml.loading.moddiscovery.ModFileInfo/LOADING]: Found valid mod file YungsBetterJungleTemples-1.21.1-NeoForge-3.1.2.jar with {betterjungletemples} mods - versions {1.21.1-NeoForge-3.1.2}
[29Dec2025 03:42:17.785] [main/INFO] [net.neoforged.fml.loading.moddiscovery.ModDiscoverer/SCAN]: Found mod file "YungsBetterJungleTemples-1.21.1-NeoForge-3.1.2.jar" [locator: {mods folder locator at C:\Users\Leo\OneDrive\Desktop\Modding\Minecraft-Robettini\Robettini\ATM10\mods}, reader: mod manifest]
[29Dec2025 03:42:17.786] [main/DEBUG] [net.neoforged.fml.loading.moddiscovery.readers.JarModsDotTomlModFileReader/SCAN]: Found META-INF/neoforge.mods.toml mod of type null: C:\Users\Leo\OneDrive\Desktop\Modding\Minecraft-Robettini\Robettini\ATM10\mods\YungsBetterMineshafts-1.21.1-NeoForge-5.1.1.jar
[29Dec2025 03:42:17.786] [main/DEBUG] [net.neoforged.fml.loading.moddiscovery.ModFileParser/LOADING]: Considering mod file candidate C:\Users\Leo\OneDrive\Desktop\Modding\Minecraft-Robettini\Robettini\ATM10\mods\YungsBetterMineshafts-1.21.1-NeoForge-5.1.1.jar
[29Dec2025 03:42:17.787] [main/DEBUG] [net.neoforged.fml.loading.moddiscovery.ModFileInfo/LOADING]: Found valid mod file YungsBetterMineshafts-1.21.1-NeoForge-5.1.1.jar with {bettermineshafts} mods - versions {1.21.1-NeoForge-5.1.1}
[29Dec2025 03:42:17.787] [main/INFO] [net.neoforged.fml.loading.moddiscovery.ModDiscoverer/SCAN]: Found mod file "YungsBetterMineshafts-1.21.1-NeoForge-5.1.1.jar" [locator: {mods folder locator at C:\Users\Leo\OneDrive\Desktop\Modding\Minecraft-Robettini\Robettini\ATM10\mods}, reader: mod manifest]
[29Dec2025 03:42:17.788] [main/DEBUG] [net.neoforged.fml.loading.moddiscovery.readers.JarModsDotTomlModFileReader/SCAN]: Found META-INF/neoforge.mods.toml mod of type null: C:\Users\Leo\OneDrive\Desktop\Modding\Minecraft-Robettini\Robettini\ATM10\mods\YungsBetterNetherFortresses-1.21.1-NeoForge-3.1.5.jar
[29Dec2025 03:42:17.788] [main/DEBUG] [net.neoforged.fml.loading.moddiscovery.ModFileParser/LOADING]: Considering mod file candidate C:\Users\Leo\OneDrive\Desktop\Modding\Minecraft-Robettini\Robettini\ATM10\mods\YungsBetterNetherFortresses-1.21.1-NeoForge-3.1.5.jar
[29Dec2025 03:42:17.788] [main/DEBUG] [net.neoforged.fml.loading.moddiscovery.ModFileInfo/LOADING]: Found valid mod file YungsBetterNetherFortresses-1.21.1-NeoForge-3.1.5.jar with {betterfortresses} mods - versions {1.21.1-NeoForge-3.1.5}
[29Dec2025 03:42:17.788] [main/INFO] [net.neoforged.fml.loading.moddiscovery.ModDiscoverer/SCAN]: Found mod file "YungsBetterNetherFortresses-1.21.1-NeoForge-3.1.5.jar" [locator: {mods folder locator at C:\Users\Leo\OneDrive\Desktop\Modding\Minecraft-Robettini\Robettini\ATM10\mods}, reader: mod manifest]
[29Dec2025 03:42:17.789] [main/DEBUG] [net.neoforged.fml.loading.moddiscovery.readers.JarModsDotTomlModFileReader/SCAN]: Found META-INF/neoforge.mods.toml mod of type null: C:\Users\Leo\OneDrive\Desktop\Modding\Minecraft-Robettini\Robettini\ATM10\mods\YungsBetterOceanMonuments-1.21.1-NeoForge-4.1.2.jar
[29Dec2025 03:42:17.789] [main/DEBUG] [net.neoforged.fml.loading.moddiscovery.ModFileParser/LOADING]: Considering mod file candidate C:\Users\Leo\OneDrive\Desktop\Modding\Minecraft-Robettini\Robettini\ATM10\mods\YungsBetterOceanMonuments-1.21.1-NeoForge-4.1.2.jar
[29Dec2025 03:42:17.789] [main/DEBUG] [net.neoforged.fml.loading.moddiscovery.ModFileInfo/LOADING]: Found valid mod file YungsBetterOceanMonuments-1.21.1-NeoForge-4.1.2.jar with {betteroceanmonuments} mods - versions {1.21.1-NeoForge-4.1.2}
[29Dec2025 03:42:17.789] [main/INFO] [net.neoforged.fml.loading.moddiscovery.ModDiscoverer/SCAN]: Found mod file "YungsBetterOceanMonuments-1.21.1-NeoForge-4.1.2.jar" [locator: {mods folder locator at C:\Users\Leo\OneDrive\Desktop\Modding\Minecraft-Robettini\Robettini\ATM10\mods}, reader: mod manifest]
[29Dec2025 03:42:17.790] [main/DEBUG] [net.neoforged.fml.loading.moddiscovery.readers.JarModsDotTomlModFileReader/SCAN]: Found META-INF/neoforge.mods.toml mod of type null: C:\Users\Leo\OneDrive\Desktop\Modding\Minecraft-Robettini\Robettini\ATM10\mods\YungsBetterStrongholds-1.21.1-NeoForge-5.1.3.jar
[29Dec2025 03:42:17.790] [main/DEBUG] [net.neoforged.fml.loading.moddiscovery.ModFileParser/LOADING]: Considering mod file candidate C:\Users\Leo\OneDrive\Desktop\Modding\Minecraft-Robettini\Robettini\ATM10\mods\YungsBetterStrongholds-1.21.1-NeoForge-5.1.3.jar
[29Dec2025 03:42:17.790] [main/DEBUG] [net.neoforged.fml.loading.moddiscovery.ModFileInfo/LOADING]: Found valid mod file YungsBetterStrongholds-1.21.1-NeoForge-5.1.3.jar with {betterstrongholds} mods - versions {1.21.1-NeoForge-5.1.3}
[29Dec2025 03:42:17.790] [main/INFO] [net.neoforged.fml.loading.moddiscovery.ModDiscoverer/SCAN]: Found mod file "YungsBetterStrongholds-1.21.1-NeoForge-5.1.3.jar" [locator: {mods folder locator at C:\Users\Leo\OneDrive\Desktop\Modding\Minecraft-Robettini\Robettini\ATM10\mods}, reader: mod manifest]
[29Dec2025 03:42:17.791] [main/DEBUG] [net.neoforged.fml.loading.moddiscovery.readers.JarModsDotTomlModFileReader/SCAN]: Found META-INF/neoforge.mods.toml mod of type null: C:\Users\Leo\OneDrive\Desktop\Modding\Minecraft-Robettini\Robettini\ATM10\mods\YungsBetterWitchHuts-1.21.1-NeoForge-4.1.1.jar
[29Dec2025 03:42:17.791] [main/DEBUG] [net.neoforged.fml.loading.moddiscovery.ModFileParser/LOADING]: Considering mod file candidate C:\Users\Leo\OneDrive\Desktop\Modding\Minecraft-Robettini\Robettini\ATM10\mods\YungsBetterWitchHuts-1.21.1-NeoForge-4.1.1.jar
[29Dec2025 03:42:17.791] [main/DEBUG] [net.neoforged.fml.loading.moddiscovery.ModFileInfo/LOADING]: Found valid mod file YungsBetterWitchHuts-1.21.1-NeoForge-4.1.1.jar with {betterwitchhuts} mods - versions {1.21.1-NeoForge-4.1.1}
[29Dec2025 03:42:17.792] [main/INFO] [net.neoforged.fml.loading.moddiscovery.ModDiscoverer/SCAN]: Found mod file "YungsBetterWitchHuts-1.21.1-NeoForge-4.1.1.jar" [locator: {mods folder locator at C:\Users\Leo\OneDrive\Desktop\Modding\Minecraft-Robettini\Robettini\ATM10\mods}, reader: mod manifest]
[29Dec2025 03:42:17.793] [main/DEBUG] [net.neoforged.fml.loading.moddiscovery.readers.JarModsDotTomlModFileReader/SCAN]: Found META-INF/neoforge.mods.toml mod of type null: C:\Users\Leo\OneDrive\Desktop\Modding\Minecraft-Robettini\Robettini\ATM10\mods\YungsExtras-1.21.1-NeoForge-5.1.1.jar
[29Dec2025 03:42:17.793] [main/DEBUG] [net.neoforged.fml.loading.moddiscovery.ModFileParser/LOADING]: Considering mod file candidate C:\Users\Leo\OneDrive\Desktop\Modding\Minecraft-Robettini\Robettini\ATM10\mods\YungsExtras-1.21.1-NeoForge-5.1.1.jar
[29Dec2025 03:42:17.793] [main/DEBUG] [net.neoforged.fml.loading.moddiscovery.ModFileInfo/LOADING]: Found valid mod file YungsExtras-1.21.1-NeoForge-5.1.1.jar with {yungsextras} mods - versions {1.21.1-NeoForge-5.1.1}
[29Dec2025 03:42:17.793] [main/INFO] [net.neoforged.fml.loading.moddiscovery.ModDiscoverer/SCAN]: Found mod file "YungsExtras-1.21.1-NeoForge-5.1.1.jar" [locator: {mods folder locator at C:\Users\Leo\OneDrive\Desktop\Modding\Minecraft-Robettini\Robettini\ATM10\mods}, reader: mod manifest]
[29Dec2025 03:42:17.794] [main/DEBUG] [net.neoforged.fml.loading.moddiscovery.readers.JarModsDotTomlModFileReader/SCAN]: Found META-INF/neoforge.mods.toml mod of type null: C:\Users\Leo\OneDrive\Desktop\Modding\Minecraft-Robettini\Robettini\ATM10\mods\ZeroCore2-1.21.1-2.4.20.jar
[29Dec2025 03:42:17.794] [main/DEBUG] [net.neoforged.fml.loading.moddiscovery.ModFileParser/LOADING]: Considering mod file candidate C:\Users\Leo\OneDrive\Desktop\Modding\Minecraft-Robettini\Robettini\ATM10\mods\ZeroCore2-1.21.1-2.4.20.jar
[29Dec2025 03:42:17.794] [main/DEBUG] [net.neoforged.fml.loading.moddiscovery.ModFileInfo/LOADING]: Found valid mod file ZeroCore2-1.21.1-2.4.20.jar with {zerocore} mods - versions {1.21.1-2.4.20}
[29Dec2025 03:42:17.794] [main/INFO] [net.neoforged.fml.loading.moddiscovery.ModDiscoverer/SCAN]: Found mod file "ZeroCore2-1.21.1-2.4.20.jar" [locator: {mods folder locator at C:\Users\Leo\OneDrive\Desktop\Modding\Minecraft-Robettini\Robettini\ATM10\mods}, reader: mod manifest]
[29Dec2025 03:42:17.794] [main/DEBUG] [net.neoforged.fml.loading.moddiscovery.ModDiscoverer/SCAN]: Locator {mods folder locator at C:\Users\Leo\OneDrive\Desktop\Modding\Minecraft-Robettini\Robettini\ATM10\mods} found 445 mods, 0 warnings, 0 errors and skipped 1 candidates
[29Dec2025 03:42:17.794] [main/DEBUG] [net.neoforged.fml.loading.moddiscovery.ModDiscoverer/SCAN]: Trying locator maven libs
[29Dec2025 03:42:17.796] [main/DEBUG] [net.neoforged.fml.loading.moddiscovery.ModListHandler/CORE]: Found mod coordinates from lists: []
[29Dec2025 03:42:17.796] [main/DEBUG] [net.neoforged.fml.loading.moddiscovery.ModDiscoverer/SCAN]: Locator maven libs found 0 mods, 0 warnings, 0 errors and skipped 0 candidates
[29Dec2025 03:42:17.797] [main/DEBUG] [net.neoforged.fml.loading.UniqueModListBuilder/]: Found 2 mods for first modid computercraft, selecting most recent based on version data
[29Dec2025 03:42:17.797] [main/DEBUG] [net.neoforged.fml.loading.UniqueModListBuilder/]: Selected file cc-tweaked-1.21.1-forge-1.116.2.jar for modid computercraft with version 1.116.2
[29Dec2025 03:42:17.799] [main/DEBUG] [net.neoforged.fml.loading.moddiscovery.ModDiscoverer/SCAN]: Successfully Loaded 446 mods. Attempting to load dependencies...
[29Dec2025 03:42:17.799] [main/DEBUG] [net.neoforged.fml.loading.moddiscovery.ModDiscoverer/SCAN]: Trying locator jarinjar
[29Dec2025 03:42:17.802] [main/DEBUG] [net.neoforged.fml.loading.moddiscovery.readers.JarModsDotTomlModFileReader/SCAN]: Found META-INF/neoforge.mods.toml mod of type null: 
[29Dec2025 03:42:17.802] [main/DEBUG] [net.neoforged.fml.loading.moddiscovery.ModFileParser/LOADING]: Considering mod file candidate 
[29Dec2025 03:42:17.802] [main/DEBUG] [net.neoforged.fml.loading.moddiscovery.ModFileInfo/LOADING]: Found valid mod file crash_assistant-neoforge.jar with {crash_assistant} mods - versions {1.10.23}
[29Dec2025 03:42:17.802] [main/INFO] [net.neoforged.fml.loading.moddiscovery.ModDiscoverer/SCAN]: Found mod file "crash_assistant-neoforge.jar" [parent: , locator: jarinjar, reader: mod manifest]
[29Dec2025 03:42:17.802] [main/DEBUG] [net.neoforged.fml.loading.moddiscovery.ModDiscoverer/SCAN]: Trying locator jarinjar
[29Dec2025 03:42:17.804] [main/TRACE] [net.neoforged.fml.loading.moddiscovery.locators.JarInJarDependencyLocator/]: Failed to load resource META-INF\jarjar\metadata.json from YungsBetterDungeons-1.21.1-NeoForge-5.1.4.jar, it does not contain dependency information.
[29Dec2025 03:42:17.804] [main/TRACE] [net.neoforged.fml.loading.moddiscovery.locators.JarInJarDependencyLocator/]: Failed to load resource META-INF\jarjar\metadata.json from ftb-essentials-neoforge-2101.1.8.jar, it does not contain dependency information.
[29Dec2025 03:42:17.804] [main/TRACE] [net.neoforged.fml.loading.moddiscovery.locators.JarInJarDependencyLocator/]: Failed to load resource META-INF\jarjar\metadata.json from disenchanting_table-merged-1.21.1-5.0.2.jar, it does not contain dependency information.
[29Dec2025 03:42:17.804] [main/TRACE] [net.neoforged.fml.loading.moddiscovery.locators.JarInJarDependencyLocator/]: Failed to load resource META-INF\jarjar\metadata.json from simplemagnets-1.1.12c-neoforge-mc1.21.jar, it does not contain dependency information.
[29Dec2025 03:42:17.804] [main/TRACE] [net.neoforged.fml.loading.moddiscovery.locators.JarInJarDependencyLocator/]: Failed to load resource META-INF\jarjar\metadata.json from integratedterminals-1.21.1-neoforge-1.6.21-649.jar, it does not contain dependency information.
[29Dec2025 03:42:17.804] [main/TRACE] [net.neoforged.fml.loading.moddiscovery.locators.JarInJarDependencyLocator/]: Failed to load resource META-INF\jarjar\metadata.json from Draconic-Evolution-1.21.1-3.1.4.630.jar, it does not contain dependency information.
[29Dec2025 03:42:17.804] [main/TRACE] [net.neoforged.fml.loading.moddiscovery.locators.JarInJarDependencyLocator/]: Failed to load resource META-INF\jarjar\metadata.json from rftoolsbase-1.21-6.0.10.jar, it does not contain dependency information.
[29Dec2025 03:42:17.804] [main/TRACE] [net.neoforged.fml.loading.moddiscovery.locators.JarInJarDependencyLocator/]: Failed to load resource META-INF\jarjar\metadata.json from laserio-1.9.11.jar, it does not contain dependency information.
[29Dec2025 03:42:17.804] [main/TRACE] [net.neoforged.fml.loading.moddiscovery.locators.JarInJarDependencyLocator/]: Failed to load resource META-INF\jarjar\metadata.json from modernfix-neoforge-5.25.1+mc1.21.1.jar, it does not contain dependency information.
[29Dec2025 03:42:17.804] [main/TRACE] [net.neoforged.fml.loading.moddiscovery.locators.JarInJarDependencyLocator/]: Failed to load resource META-INF\jarjar\metadata.json from evilcraft-1.21.1-neoforge-1.2.79-715.jar, it does not contain dependency information.
[29Dec2025 03:42:17.804] [main/TRACE] [net.neoforged.fml.loading.moddiscovery.locators.JarInJarDependencyLocator/]: Failed to load resource META-INF\jarjar\metadata.json from YungsApi-1.21.1-NeoForge-5.1.6.jar, it does not contain dependency information.
[29Dec2025 03:42:17.804] [main/TRACE] [net.neoforged.fml.loading.moddiscovery.locators.JarInJarDependencyLocator/]: Failed to load resource META-INF\jarjar\metadata.json from mcw-stairs-1.0.1-1.21.1neoforge.jar, it does not contain dependency information.
[29Dec2025 03:42:17.804] [main/TRACE] [net.neoforged.fml.loading.moddiscovery.locators.JarInJarDependencyLocator/]: Failed to load resource META-INF\jarjar\metadata.json from GatewaysToEternity-1.21.1-5.1.0.jar, it does not contain dependency information.
[29Dec2025 03:42:17.804] [main/TRACE] [net.neoforged.fml.loading.moddiscovery.locators.JarInJarDependencyLocator/]: Failed to load resource META-INF\jarjar\metadata.json from rechiseled_chipped-1.4.1-1.21.1.jar, it does not contain dependency information.
[29Dec2025 03:42:17.804] [main/TRACE] [net.neoforged.fml.loading.moddiscovery.locators.JarInJarDependencyLocator/]: Failed to load resource META-INF\jarjar\metadata.json from WitherSkeletonTweaks-1.21.1-10.1.1.jar, it does not contain dependency information.
[29Dec2025 03:42:17.804] [main/TRACE] [net.neoforged.fml.loading.moddiscovery.locators.JarInJarDependencyLocator/]: Failed to load resource META-INF\jarjar\metadata.json from shrink-2.0.1.47-neoforge.jar, it does not contain dependency information.
[29Dec2025 03:42:17.804] [main/TRACE] [net.neoforged.fml.loading.moddiscovery.locators.JarInJarDependencyLocator/]: Failed to load resource META-INF\jarjar\metadata.json from universalgrid-neoforge-1.21.1-0.2.3.jar, it does not contain dependency information.
[29Dec2025 03:42:17.804] [main/TRACE] [net.neoforged.fml.loading.moddiscovery.locators.JarInJarDependencyLocator/]: Failed to load resource META-INF\jarjar\metadata.json from Apotheosis-1.21.1-8.4.1.jar, it does not contain dependency information.
[29Dec2025 03:42:17.804] [main/TRACE] [net.neoforged.fml.loading.moddiscovery.locators.JarInJarDependencyLocator/]: Failed to load resource META-INF\jarjar\metadata.json from soulplied_energistics-1.0.2.jar, it does not contain dependency information.
[29Dec2025 03:42:17.804] [main/TRACE] [net.neoforged.fml.loading.moddiscovery.locators.JarInJarDependencyLocator/]: Failed to load resource META-INF\jarjar\metadata.json from YungsBetterNetherFortresses-1.21.1-NeoForge-3.1.5.jar, it does not contain dependency information.
[29Dec2025 03:42:17.804] [main/TRACE] [net.neoforged.fml.loading.moddiscovery.locators.JarInJarDependencyLocator/]: Failed to load resource META-INF\jarjar\metadata.json from cloth-config-15.0.140-neoforge.jar, it does not contain dependency information.
[29Dec2025 03:42:17.804] [main/TRACE] [net.neoforged.fml.loading.moddiscovery.locators.JarInJarDependencyLocator/]: Failed to load resource META-INF\jarjar\metadata.json from sawmill-1.21-1.7.2-neoforge.jar, it does not contain dependency information.
[29Dec2025 03:42:17.804] [main/TRACE] [net.neoforged.fml.loading.moddiscovery.locators.JarInJarDependencyLocator/]: Failed to load resource META-INF\jarjar\metadata.json from refinedstorage-neoforge-2.0.0.jar, it does not contain dependency information.
[29Dec2025 03:42:17.804] [main/TRACE] [net.neoforged.fml.loading.moddiscovery.locators.JarInJarDependencyLocator/]: Failed to load resource META-INF\jarjar\metadata.json from aeinfinitybooster-neoforge-1.21.1-1.0.0.52.jar, it does not contain dependency information.
[29Dec2025 03:42:17.804] [main/TRACE] [net.neoforged.fml.loading.moddiscovery.locators.JarInJarDependencyLocator/]: Failed to load resource META-INF\jarjar\metadata.json from industrialforegoing-1.21-3.6.36.jar, it does not contain dependency information.
[29Dec2025 03:42:17.804] [main/TRACE] [net.neoforged.fml.loading.moddiscovery.locators.JarInJarDependencyLocator/]: Failed to load resource META-INF\jarjar\metadata.json from ftb-xmod-compat-neoforge-21.1.6.jar, it does not contain dependency information.
[29Dec2025 03:42:17.804] [main/TRACE] [net.neoforged.fml.loading.moddiscovery.locators.JarInJarDependencyLocator/]: Failed to load resource META-INF\jarjar\metadata.json from handcrafted-neoforge-1.21.1-4.0.3.jar, it does not contain dependency information.
[29Dec2025 03:42:17.804] [main/TRACE] [net.neoforged.fml.loading.moddiscovery.locators.JarInJarDependencyLocator/]: Failed to load resource META-INF\jarjar\metadata.json from repurposed_structures-7.5.17+1.21.1-neoforge.jar, it does not contain dependency information.
[29Dec2025 03:42:17.804] [main/TRACE] [net.neoforged.fml.loading.moddiscovery.locators.JarInJarDependencyLocator/]: Failed to load resource META-INF\jarjar\metadata.json from bcc-21.1.5+mc1.21.1.jar, it does not contain dependency information.
[29Dec2025 03:42:17.804] [main/TRACE] [net.neoforged.fml.loading.moddiscovery.locators.JarInJarDependencyLocator/]: Failed to load resource META-INF\jarjar\metadata.json from Jupiter-2.2.2-neoforge.jar, it does not contain dependency information.
[29Dec2025 03:42:17.804] [main/TRACE] [net.neoforged.fml.loading.moddiscovery.locators.JarInJarDependencyLocator/]: Failed to load resource META-INF\jarjar\metadata.json from camol-1.21.1-0.3.0.jar, it does not contain dependency information.
[29Dec2025 03:42:17.804] [main/TRACE] [net.neoforged.fml.loading.moddiscovery.locators.JarInJarDependencyLocator/]: Failed to load resource META-INF\jarjar\metadata.json from heyberryshutup-1.21.0-2.0.4.jar, it does not contain dependency information.
[29Dec2025 03:42:17.804] [main/TRACE] [net.neoforged.fml.loading.moddiscovery.locators.JarInJarDependencyLocator/]: Failed to load resource META-INF\jarjar\metadata.json from integratedscripting-1.21.1-neoforge-1.0.19-295.jar, it does not contain dependency information.
[29Dec2025 03:42:17.804] [main/TRACE] [net.neoforged.fml.loading.moddiscovery.locators.JarInJarDependencyLocator/]: Failed to load resource META-INF\jarjar\metadata.json from spark-1.10.124-neoforge.jar, it does not contain dependency information.
[29Dec2025 03:42:17.804] [main/TRACE] [net.neoforged.fml.loading.moddiscovery.locators.JarInJarDependencyLocator/]: Failed to load resource META-INF\jarjar\metadata.json from YungsExtras-1.21.1-NeoForge-5.1.1.jar, it does not contain dependency information.
[29Dec2025 03:42:17.804] [main/TRACE] [net.neoforged.fml.loading.moddiscovery.locators.JarInJarDependencyLocator/]: Failed to load resource META-INF\jarjar\metadata.json from omegaconfig-neoforge-1.5.1.jar, it does not contain dependency information.
[29Dec2025 03:42:17.804] [main/TRACE] [net.neoforged.fml.loading.moddiscovery.locators.JarInJarDependencyLocator/]: Failed to load resource META-INF\jarjar\metadata.json from tombstone-neoforge-1.21.1-9.4.8.jar, it does not contain dependency information.
[29Dec2025 03:42:17.804] [main/TRACE] [net.neoforged.fml.loading.moddiscovery.locators.JarInJarDependencyLocator/]: Failed to load resource META-INF\jarjar\metadata.json from ExtraStorage-1.21.1-5.0.7.jar, it does not contain dependency information.
[29Dec2025 03:42:17.804] [main/TRACE] [net.neoforged.fml.loading.moddiscovery.locators.JarInJarDependencyLocator/]: Failed to load resource META-INF\jarjar\metadata.json from NaturesAura-41.9.jar, it does not contain dependency information.
[29Dec2025 03:42:17.804] [main/TRACE] [net.neoforged.fml.loading.moddiscovery.locators.JarInJarDependencyLocator/]: Failed to load resource META-INF\jarjar\metadata.json from mcw-roofs-2.3.2-mc1.21.1neoforge.jar, it does not contain dependency information.
[29Dec2025 03:42:17.804] [main/TRACE] [net.neoforged.fml.loading.moddiscovery.locators.JarInJarDependencyLocator/]: Failed to load resource META-INF\jarjar\metadata.json from YungsBetterEndIsland-1.21.1-NeoForge-3.1.2.jar, it does not contain dependency information.
[29Dec2025 03:42:17.804] [main/TRACE] [net.neoforged.fml.loading.moddiscovery.locators.JarInJarDependencyLocator/]: Failed to load resource META-INF\jarjar\metadata.json from Super Factory Manager (SFM)-MC1.21.1-4.28.0.jar, it does not contain dependency information.
[29Dec2025 03:42:17.804] [main/TRACE] [net.neoforged.fml.loading.moddiscovery.locators.JarInJarDependencyLocator/]: Failed to load resource META-INF\jarjar\metadata.json from transfer_labels-0.1.7.jar, it does not contain dependency information.
[29Dec2025 03:42:17.804] [main/TRACE] [net.neoforged.fml.loading.moddiscovery.locators.JarInJarDependencyLocator/]: Failed to load resource META-INF\jarjar\metadata.json from mcw-lights-1.1.2-mc1.21.1neoforge.jar, it does not contain dependency information.
[29Dec2025 03:42:17.804] [main/TRACE] [net.neoforged.fml.loading.moddiscovery.locators.JarInJarDependencyLocator/]: Failed to load resource META-INF\jarjar\metadata.json from YungsBetterJungleTemples-1.21.1-NeoForge-3.1.2.jar, it does not contain dependency information.
[29Dec2025 03:42:17.805] [main/TRACE] [net.neoforged.fml.loading.moddiscovery.locators.JarInJarDependencyLocator/]: Failed to load resource META-INF\jarjar\metadata.json from Byzantine-1.21.1-44.1.jar, it does not contain dependency information.
[29Dec2025 03:42:17.805] [main/TRACE] [net.neoforged.fml.loading.moddiscovery.locators.JarInJarDependencyLocator/]: Failed to load resource META-INF\jarjar\metadata.json from SmartBrainLib-neoforge-1.21.1-1.16.11.jar, it does not contain dependency information.
[29Dec2025 03:42:17.805] [main/TRACE] [net.neoforged.fml.loading.moddiscovery.locators.JarInJarDependencyLocator/]: Failed to load resource META-INF\jarjar\metadata.json from bellsandwhistles-0.4.7-1.21.1.jar, it does not contain dependency information.
[29Dec2025 03:42:17.805] [main/TRACE] [net.neoforged.fml.loading.moddiscovery.locators.JarInJarDependencyLocator/]: Failed to load resource META-INF\jarjar\metadata.json from rechiseled-1.1.6a-neoforge-mc1.21.jar, it does not contain dependency information.
[29Dec2025 03:42:17.805] [main/TRACE] [net.neoforged.fml.loading.moddiscovery.locators.JarInJarDependencyLocator/]: Failed to load resource META-INF\jarjar\metadata.json from appliedenergistics2-19.2.17.jar, it does not contain dependency information.
[29Dec2025 03:42:17.805] [main/TRACE] [net.neoforged.fml.loading.moddiscovery.locators.JarInJarDependencyLocator/]: Failed to load resource META-INF\jarjar\metadata.json from attributefix-neoforge-1.21.1-21.1.3.jar, it does not contain dependency information.
[29Dec2025 03:42:17.805] [main/TRACE] [net.neoforged.fml.loading.moddiscovery.locators.JarInJarDependencyLocator/]: Failed to load resource META-INF\jarjar\metadata.json from bibliocraft-1.21.1-1.6.2.jar, it does not contain dependency information.
[29Dec2025 03:42:17.805] [main/TRACE] [net.neoforged.fml.loading.moddiscovery.locators.JarInJarDependencyLocator/]: Failed to load resource META-INF\jarjar\metadata.json from caelus-neoforge-7.0.1+1.21.1.jar, it does not contain dependency information.
[29Dec2025 03:42:17.805] [main/TRACE] [net.neoforged.fml.loading.moddiscovery.locators.JarInJarDependencyLocator/]: Failed to load resource META-INF\jarjar\metadata.json from allthecompressed-1.21.1-4.3.0.jar, it does not contain dependency information.
[29Dec2025 03:42:17.805] [main/TRACE] [net.neoforged.fml.loading.moddiscovery.locators.JarInJarDependencyLocator/]: Failed to load resource META-INF\jarjar\metadata.json from mcw-mcwholidays-1.1.1-mc1.21.1neoforge.jar, it does not contain dependency information.
[29Dec2025 03:42:17.805] [main/TRACE] [net.neoforged.fml.loading.moddiscovery.locators.JarInJarDependencyLocator/]: Failed to load resource META-INF\jarjar\metadata.json from mekmm-1.21.1-1.2.0.jar, it does not contain dependency information.
[29Dec2025 03:42:17.805] [main/TRACE] [net.neoforged.fml.loading.moddiscovery.locators.JarInJarDependencyLocator/]: Failed to load resource META-INF\jarjar\metadata.json from laserbridges-1.21.1-neoforge-5.3.jar, it does not contain dependency information.
[29Dec2025 03:42:17.805] [main/TRACE] [net.neoforged.fml.loading.moddiscovery.locators.JarInJarDependencyLocator/]: Failed to load resource META-INF\jarjar\metadata.json from utilityvest-1.1.0.jar, it does not contain dependency information.
[29Dec2025 03:42:17.805] [main/TRACE] [net.neoforged.fml.loading.moddiscovery.locators.JarInJarDependencyLocator/]: Failed to load resource META-INF\jarjar\metadata.json from botanypots-neoforge-1.21.1-21.1.41.jar, it does not contain dependency information.
[29Dec2025 03:42:17.805] [main/TRACE] [net.neoforged.fml.loading.moddiscovery.locators.JarInJarDependencyLocator/]: Failed to load resource META-INF\jarjar\metadata.json from farmingforblockheads-neoforge-1.21.1-21.1.10.jar, it does not contain dependency information.
[29Dec2025 03:42:17.805] [main/TRACE] [net.neoforged.fml.loading.moddiscovery.locators.JarInJarDependencyLocator/]: Failed to load resource META-INF\jarjar\metadata.json from rechiseledcreate-1.0.2a-neoforge-mc1.21.jar, it does not contain dependency information.
[29Dec2025 03:42:17.805] [main/TRACE] [net.neoforged.fml.loading.moddiscovery.locators.JarInJarDependencyLocator/]: Failed to load resource META-INF\jarjar\metadata.json from additional_lights-neoforge-1.21-2.1.10.jar, it does not contain dependency information.
[29Dec2025 03:42:17.805] [main/TRACE] [net.neoforged.fml.loading.moddiscovery.locators.JarInJarDependencyLocator/]: Failed to load resource META-INF\jarjar\metadata.json from fusion-1.2.11b-neoforge-mc1.21.jar, it does not contain dependency information.
[29Dec2025 03:42:17.805] [main/TRACE] [net.neoforged.fml.loading.moddiscovery.locators.JarInJarDependencyLocator/]: Failed to load resource META-INF\jarjar\metadata.json from rftoolspower-1.21-7.0.5.jar, it does not contain dependency information.
[29Dec2025 03:42:17.805] [main/TRACE] [net.neoforged.fml.loading.moddiscovery.locators.JarInJarDependencyLocator/]: Failed to load resource META-INF\jarjar\metadata.json from ExtraDisks-1.21.1-4.0.14.jar, it does not contain dependency information.
[29Dec2025 03:42:17.805] [main/TRACE] [net.neoforged.fml.loading.moddiscovery.locators.JarInJarDependencyLocator/]: Failed to load resource META-INF\jarjar\metadata.json from EdivadLib-1.21-3.0.0.jar, it does not contain dependency information.
[29Dec2025 03:42:17.805] [main/TRACE] [net.neoforged.fml.loading.moddiscovery.locators.JarInJarDependencyLocator/]: Failed to load resource META-INF\jarjar\metadata.json from ars_polymorphia-1.0.3.jar, it does not contain dependency information.
[29Dec2025 03:42:17.805] [main/TRACE] [net.neoforged.fml.loading.moddiscovery.locators.JarInJarDependencyLocator/]: Failed to load resource META-INF\jarjar\metadata.json from sophisticatedbackpackscreateintegration-1.21.1-0.1.5.29.jar, it does not contain dependency information.
[29Dec2025 03:42:17.805] [main/TRACE] [net.neoforged.fml.loading.moddiscovery.locators.JarInJarDependencyLocator/]: Failed to load resource META-INF\jarjar\metadata.json from integratedcrafting-1.21.1-neoforge-1.3.4.jar, it does not contain dependency information.
[29Dec2025 03:42:17.805] [main/TRACE] [net.neoforged.fml.loading.moddiscovery.locators.JarInJarDependencyLocator/]: Failed to load resource META-INF\jarjar\metadata.json from DungeonsArise-1.21.1-2.1.68-release.jar, it does not contain dependency information.
[29Dec2025 03:42:17.805] [main/TRACE] [net.neoforged.fml.loading.moddiscovery.locators.JarInJarDependencyLocator/]: Failed to load resource META-INF\jarjar\metadata.json from server-1.21.1-20240808.144430-srg.jar, it does not contain dependency information.
[29Dec2025 03:42:17.805] [main/TRACE] [net.neoforged.fml.loading.moddiscovery.locators.JarInJarDependencyLocator/]: Failed to load resource META-INF\jarjar\metadata.json from ModularBees-1.21.1-2.3-neoforge.jar, it does not contain dependency information.
[29Dec2025 03:42:17.805] [main/TRACE] [net.neoforged.fml.loading.moddiscovery.locators.JarInJarDependencyLocator/]: Failed to load resource META-INF\jarjar\metadata.json from TerraBlender-neoforge-1.21.1-4.1.0.8.jar, it does not contain dependency information.
[29Dec2025 03:42:17.805] [main/TRACE] [net.neoforged.fml.loading.moddiscovery.locators.JarInJarDependencyLocator/]: Failed to load resource META-INF\jarjar\metadata.json from livingthings-neoforge-1.21.1-2.3.0.jar, it does not contain dependency information.
[29Dec2025 03:42:17.805] [main/TRACE] [net.neoforged.fml.loading.moddiscovery.locators.JarInJarDependencyLocator/]: Failed to load resource META-INF\jarjar\metadata.json from xycraft_machines-0.7.53.jar, it does not contain dependency information.
[29Dec2025 03:42:17.805] [main/TRACE] [net.neoforged.fml.loading.moddiscovery.locators.JarInJarDependencyLocator/]: Failed to load resource META-INF\jarjar\metadata.json from pamhc2crops-NEOFORGE-1.21.1-1.0.2.jar, it does not contain dependency information.
[29Dec2025 03:42:17.805] [main/TRACE] [net.neoforged.fml.loading.moddiscovery.locators.JarInJarDependencyLocator/]: Failed to load resource META-INF\jarjar\metadata.json from cleanswing-1.9.jar, it does not contain dependency information.
[29Dec2025 03:42:17.805] [main/TRACE] [net.neoforged.fml.loading.moddiscovery.locators.JarInJarDependencyLocator/]: Failed to load resource META-INF\jarjar\metadata.json from Corgilib-NeoForge-1.21.1-5.0.0.7.jar, it does not contain dependency information.
[29Dec2025 03:42:17.805] [main/TRACE] [net.neoforged.fml.loading.moddiscovery.locators.JarInJarDependencyLocator/]: Failed to load resource META-INF\jarjar\metadata.json from sushigocrafting-1.21-0.6.5.jar, it does not contain dependency information.
[29Dec2025 03:42:17.805] [main/TRACE] [net.neoforged.fml.loading.moddiscovery.locators.JarInJarDependencyLocator/]: Failed to load resource META-INF\jarjar\metadata.json from domum-ornamentum-1.0.223-snapshot-main.jar, it does not contain dependency information.
[29Dec2025 03:42:17.805] [main/TRACE] [net.neoforged.fml.loading.moddiscovery.locators.JarInJarDependencyLocator/]: Failed to load resource META-INF\jarjar\metadata.json from rftoolsbuilder-1.21-7.0.4.jar, it does not contain dependency information.
[29Dec2025 03:42:17.805] [main/TRACE] [net.neoforged.fml.loading.moddiscovery.locators.JarInJarDependencyLocator/]: Failed to load resource META-INF\jarjar\metadata.json from luminax-1.3.1_neoforge_1.21.1.jar, it does not contain dependency information.
[29Dec2025 03:42:17.805] [main/TRACE] [net.neoforged.fml.loading.moddiscovery.locators.JarInJarDependencyLocator/]: Failed to load resource META-INF\jarjar\metadata.json from ftb-filter-system-neoforge-21.1.3.jar, it does not contain dependency information.
[29Dec2025 03:42:17.805] [main/TRACE] [net.neoforged.fml.loading.moddiscovery.locators.JarInJarDependencyLocator/]: Failed to load resource META-INF\jarjar\metadata.json from experiencelib-1.21.1-1.1.1.jar, it does not contain dependency information.
[29Dec2025 03:42:17.805] [main/TRACE] [net.neoforged.fml.loading.moddiscovery.locators.JarInJarDependencyLocator/]: Failed to load resource META-INF\jarjar\metadata.json from baubley-heart-canisters-1.21.1-1.2.3.jar, it does not contain dependency information.
[29Dec2025 03:42:17.805] [main/TRACE] [net.neoforged.fml.loading.moddiscovery.locators.JarInJarDependencyLocator/]: Failed to load resource META-INF\jarjar\metadata.json from [1.21.1] SecurityCraft v1.10.1.jar, it does not contain dependency information.
[29Dec2025 03:42:17.805] [main/TRACE] [net.neoforged.fml.loading.moddiscovery.locators.JarInJarDependencyLocator/]: Failed to load resource META-INF\jarjar\metadata.json from almostunified-neoforge-1.21.1-1.3.0.jar, it does not contain dependency information.
[29Dec2025 03:42:17.805] [main/TRACE] [net.neoforged.fml.loading.moddiscovery.locators.JarInJarDependencyLocator/]: Failed to load resource META-INF\jarjar\metadata.json from structurize-1.0.796-1.21.1-snapshot.jar, it does not contain dependency information.
[29Dec2025 03:42:17.805] [main/TRACE] [net.neoforged.fml.loading.moddiscovery.locators.JarInJarDependencyLocator/]: Failed to load resource META-INF\jarjar\metadata.json from wits-1.3.0+1.21-neoforge.jar, it does not contain dependency information.
[29Dec2025 03:42:17.805] [main/TRACE] [net.neoforged.fml.loading.moddiscovery.locators.JarInJarDependencyLocator/]: Failed to load resource META-INF\jarjar\metadata.json from sgearmetalworks-1.21.1-1.4.6.jar, it does not contain dependency information.
[29Dec2025 03:42:17.805] [main/TRACE] [net.neoforged.fml.loading.moddiscovery.locators.JarInJarDependencyLocator/]: Failed to load resource META-INF\jarjar\metadata.json from FastFurnace-1.21.1-9.0.1.jar, it does not contain dependency information.
[29Dec2025 03:42:17.805] [main/TRACE] [net.neoforged.fml.loading.moddiscovery.locators.JarInJarDependencyLocator/]: Failed to load resource META-INF\jarjar\metadata.json from Structory_Towers_1.21.x_v1.0.14.jar, it does not contain dependency information.
[29Dec2025 03:42:17.805] [main/TRACE] [net.neoforged.fml.loading.moddiscovery.locators.JarInJarDependencyLocator/]: Failed to load resource META-INF\jarjar\metadata.json from appleskin-neoforge-mc1.21-3.0.7.jar, it does not contain dependency information.
[29Dec2025 03:42:17.805] [main/TRACE] [net.neoforged.fml.loading.moddiscovery.locators.JarInJarDependencyLocator/]: Failed to load resource META-INF\jarjar\metadata.json from lootr-neoforge-1.21-1.10.35.95.jar, it does not contain dependency information.
[29Dec2025 03:42:17.805] [main/TRACE] [net.neoforged.fml.loading.moddiscovery.locators.JarInJarDependencyLocator/]: Failed to load resource META-INF\jarjar\metadata.json from occultism-1.21.1-neoforge-1.197.0.jar, it does not contain dependency information.
[29Dec2025 03:42:17.805] [main/TRACE] [net.neoforged.fml.loading.moddiscovery.locators.JarInJarDependencyLocator/]: Failed to load resource META-INF\jarjar\metadata.json from refinedstorage-curios-integration-1.0.0.jar, it does not contain dependency information.
[29Dec2025 03:42:17.805] [main/TRACE] [net.neoforged.fml.loading.moddiscovery.locators.JarInJarDependencyLocator/]: Failed to load resource META-INF\jarjar\metadata.json from ars_unification-1.2.16.jar, it does not contain dependency information.
[29Dec2025 03:42:17.805] [main/TRACE] [net.neoforged.fml.loading.moddiscovery.locators.JarInJarDependencyLocator/]: Failed to load resource META-INF\jarjar\metadata.json from cosmeticarmorreworked-1.21.1-v1-neoforge.jar, it does not contain dependency information.
[29Dec2025 03:42:17.805] [main/TRACE] [net.neoforged.fml.loading.moddiscovery.locators.JarInJarDependencyLocator/]: Failed to load resource META-INF\jarjar\metadata.json from ae2ct-1.21.1-1.1.1.jar, it does not contain dependency information.
[29Dec2025 03:42:17.805] [main/TRACE] [net.neoforged.fml.loading.moddiscovery.locators.JarInJarDependencyLocator/]: Failed to load resource META-INF\jarjar\metadata.json from morered-1.21.1-6.0.0.3.jar, it does not contain dependency information.
[29Dec2025 03:42:17.805] [main/TRACE] [net.neoforged.fml.loading.moddiscovery.locators.JarInJarDependencyLocator/]: Failed to load resource META-INF\jarjar\metadata.json from AdvancedPeripherals-1.21.1-0.7.57b.jar, it does not contain dependency information.
[29Dec2025 03:42:17.805] [main/TRACE] [net.neoforged.fml.loading.moddiscovery.locators.JarInJarDependencyLocator/]: Failed to load resource META-INF\jarjar\metadata.json from towntalk-1.2.0.jar, it does not contain dependency information.
[29Dec2025 03:42:17.805] [main/TRACE] [net.neoforged.fml.loading.moddiscovery.locators.JarInJarDependencyLocator/]: Failed to load resource META-INF\jarjar\metadata.json from fireproofboats-1.21.1-1.0.4.jar, it does not contain dependency information.
[29Dec2025 03:42:17.805] [main/TRACE] [net.neoforged.fml.loading.moddiscovery.locators.JarInJarDependencyLocator/]: Failed to load resource META-INF\jarjar\metadata.json from YungsBetterOceanMonuments-1.21.1-NeoForge-4.1.2.jar, it does not contain dependency information.
[29Dec2025 03:42:17.805] [main/TRACE] [net.neoforged.fml.loading.moddiscovery.locators.JarInJarDependencyLocator/]: Failed to load resource META-INF\jarjar\metadata.json from sophisticatedcore-1.21.1-1.3.89.1239.jar, it does not contain dependency information.
[29Dec2025 03:42:17.805] [main/TRACE] [net.neoforged.fml.loading.moddiscovery.locators.JarInJarDependencyLocator/]: Failed to load resource META-INF\jarjar\metadata.json from Glassential-renewed-1.21.1-3.3.2.jar, it does not contain dependency information.
[29Dec2025 03:42:17.805] [main/TRACE] [net.neoforged.fml.loading.moddiscovery.locators.JarInJarDependencyLocator/]: Failed to load resource META-INF\jarjar\metadata.json from Placebo-1.21.1-9.9.1.jar, it does not contain dependency information.
[29Dec2025 03:42:17.805] [main/TRACE] [net.neoforged.fml.loading.moddiscovery.locators.JarInJarDependencyLocator/]: Failed to load resource META-INF\jarjar\metadata.json from cobweb-neoforge-1.21-1.4.0.jar, it does not contain dependency information.
[29Dec2025 03:42:17.805] [main/TRACE] [net.neoforged.fml.loading.moddiscovery.locators.JarInJarDependencyLocator/]: Failed to load resource META-INF\jarjar\metadata.json from bookshelf-neoforge-1.21.1-21.1.78.jar, it does not contain dependency information.
[29Dec2025 03:42:17.805] [main/TRACE] [net.neoforged.fml.loading.moddiscovery.locators.JarInJarDependencyLocator/]: Failed to load resource META-INF\jarjar\metadata.json from sophisticatedbackpacks-1.21.1-3.25.14.1410.jar, it does not contain dependency information.
[29Dec2025 03:42:17.805] [main/TRACE] [net.neoforged.fml.loading.moddiscovery.locators.JarInJarDependencyLocator/]: Failed to load resource META-INF\jarjar\metadata.json from Immersive-Energistics-1.1.0-beta.jar, it does not contain dependency information.
[29Dec2025 03:42:17.805] [main/TRACE] [net.neoforged.fml.loading.moddiscovery.locators.JarInJarDependencyLocator/]: Failed to load resource META-INF\jarjar\metadata.json from mcw-doors-1.1.2-mc1.21.1neoforge.jar, it does not contain dependency information.
[29Dec2025 03:42:17.805] [main/TRACE] [net.neoforged.fml.loading.moddiscovery.locators.JarInJarDependencyLocator/]: Failed to load resource META-INF\jarjar\metadata.json from MoreRed-CCT-Compat-1.21.1-1.3.0.jar, it does not contain dependency information.
[29Dec2025 03:42:17.805] [main/TRACE] [net.neoforged.fml.loading.moddiscovery.locators.JarInJarDependencyLocator/]: Failed to load resource META-INF\jarjar\metadata.json from MekanismGenerators-1.21.1-10.7.17.83.jar, it does not contain dependency information.
[29Dec2025 03:42:17.805] [main/TRACE] [net.neoforged.fml.loading.moddiscovery.locators.JarInJarDependencyLocator/]: Failed to load resource META-INF\jarjar\metadata.json from AE2NetworkAnalyzer-1.21-2.1.3-neoforge.jar, it does not contain dependency information.
[29Dec2025 03:42:17.805] [main/TRACE] [net.neoforged.fml.loading.moddiscovery.locators.JarInJarDependencyLocator/]: Failed to load resource META-INF\jarjar\metadata.json from utilitarian-1.21.1-0.17.0.jar, it does not contain dependency information.
[29Dec2025 03:42:17.805] [main/TRACE] [net.neoforged.fml.loading.moddiscovery.locators.JarInJarDependencyLocator/]: Failed to load resource META-INF\jarjar\metadata.json from melody_neoforge_1.0.10_MC_1.21.jar, it does not contain dependency information.
[29Dec2025 03:42:17.805] [main/TRACE] [net.neoforged.fml.loading.moddiscovery.locators.JarInJarDependencyLocator/]: Failed to load resource META-INF\jarjar\metadata.json from ftb-teams-neoforge-2101.1.7.jar, it does not contain dependency information.
[29Dec2025 03:42:17.806] [main/TRACE] [net.neoforged.fml.loading.moddiscovery.locators.JarInJarDependencyLocator/]: Failed to load resource META-INF\jarjar\metadata.json from chipped-neoforge-1.21.1-4.0.2.jar, it does not contain dependency information.
[29Dec2025 03:42:17.806] [main/TRACE] [net.neoforged.fml.loading.moddiscovery.locators.JarInJarDependencyLocator/]: Failed to load resource META-INF\jarjar\metadata.json from mcw-bridges-3.1.1-mc1.21.1neoforge.jar, it does not contain dependency information.
[29Dec2025 03:42:17.806] [main/TRACE] [net.neoforged.fml.loading.moddiscovery.locators.JarInJarDependencyLocator/]: Failed to load resource META-INF\jarjar\metadata.json from HostileNeuralNetworks-1.21.1-6.3.0.jar, it does not contain dependency information.
[29Dec2025 03:42:17.806] [main/TRACE] [net.neoforged.fml.loading.moddiscovery.locators.JarInJarDependencyLocator/]: Failed to load resource META-INF\jarjar\metadata.json from jearchaeology-1.21.1-1.1.6.jar, it does not contain dependency information.
[29Dec2025 03:42:17.806] [main/TRACE] [net.neoforged.fml.loading.moddiscovery.locators.JarInJarDependencyLocator/]: Failed to load resource META-INF\jarjar\metadata.json from ftb-ranks-neoforge-2101.1.3.jar, it does not contain dependency information.
[29Dec2025 03:42:17.806] [main/TRACE] [net.neoforged.fml.loading.moddiscovery.locators.JarInJarDependencyLocator/]: Failed to load resource META-INF\jarjar\metadata.json from fuelgoeshere-1.21.1-1.2.0.jar, it does not contain dependency information.
[29Dec2025 03:42:17.806] [main/TRACE] [net.neoforged.fml.loading.moddiscovery.locators.JarInJarDependencyLocator/]: Failed to load resource META-INF\jarjar\metadata.json from simplylight-1.5.3+1.21.1-b4.jar, it does not contain dependency information.
[29Dec2025 03:42:17.806] [main/TRACE] [net.neoforged.fml.loading.moddiscovery.locators.JarInJarDependencyLocator/]: Failed to load resource META-INF\jarjar\metadata.json from industrial-foregoing-souls-1.21.1-1.10.5.jar, it does not contain dependency information.
[29Dec2025 03:42:17.806] [main/TRACE] [net.neoforged.fml.loading.moddiscovery.locators.JarInJarDependencyLocator/]: Failed to load resource META-INF\jarjar\metadata.json from lionfishapi-2.6.jar, it does not contain dependency information.
[29Dec2025 03:42:17.806] [main/TRACE] [net.neoforged.fml.loading.moddiscovery.locators.JarInJarDependencyLocator/]: Failed to load resource META-INF\jarjar\metadata.json from memorysettings-1.21-5.9.jar, it does not contain dependency information.
[29Dec2025 03:42:17.806] [main/TRACE] [net.neoforged.fml.loading.moddiscovery.locators.JarInJarDependencyLocator/]: Failed to load resource META-INF\jarjar\metadata.json from L_Ender's Cataclysm 1.21.1-3.16.jar, it does not contain dependency information.
[29Dec2025 03:42:17.806] [main/TRACE] [net.neoforged.fml.loading.moddiscovery.locators.JarInJarDependencyLocator/]: Failed to load resource META-INF\jarjar\metadata.json from blockui-1.0.206-1.21.1-snapshot.jar, it does not contain dependency information.
[29Dec2025 03:42:17.806] [main/TRACE] [net.neoforged.fml.loading.moddiscovery.locators.JarInJarDependencyLocator/]: Failed to load resource META-INF\jarjar\metadata.json from tiab-neoforge-6.5.0.jar, it does not contain dependency information.
[29Dec2025 03:42:17.806] [main/TRACE] [net.neoforged.fml.loading.moddiscovery.locators.JarInJarDependencyLocator/]: Failed to load resource META-INF\jarjar\metadata.json from MysticalCustomization-1.21.1-6.0.0.jar, it does not contain dependency information.
[29Dec2025 03:42:17.806] [main/TRACE] [net.neoforged.fml.loading.moddiscovery.locators.JarInJarDependencyLocator/]: Failed to load resource META-INF\jarjar\metadata.json from elevatorid-neoforge-1.21.1-1.11.4.jar, it does not contain dependency information.
[29Dec2025 03:42:17.806] [main/TRACE] [net.neoforged.fml.loading.moddiscovery.locators.JarInJarDependencyLocator/]: Failed to load resource META-INF\jarjar\metadata.json from accelerated-decay-neoforge-21.0.0.jar, it does not contain dependency information.
[29Dec2025 03:42:17.806] [main/TRACE] [net.neoforged.fml.loading.moddiscovery.locators.JarInJarDependencyLocator/]: Failed to load resource META-INF\jarjar\metadata.json from create_hypertube-0.3.0-NEOFORGE.jar, it does not contain dependency information.
[29Dec2025 03:42:17.806] [main/TRACE] [net.neoforged.fml.loading.moddiscovery.locators.JarInJarDependencyLocator/]: Failed to load resource META-INF\jarjar\metadata.json from BridgingMod-2.6.2+1.21.1.neoforge-release.jar, it does not contain dependency information.
[29Dec2025 03:42:17.806] [main/TRACE] [net.neoforged.fml.loading.moddiscovery.locators.JarInJarDependencyLocator/]: Failed to load resource META-INF\jarjar\metadata.json from hardenedarmadillos-1.21.1-0.2.0.jar, it does not contain dependency information.
[29Dec2025 03:42:17.806] [main/TRACE] [net.neoforged.fml.loading.moddiscovery.locators.JarInJarDependencyLocator/]: Failed to load resource META-INF\jarjar\metadata.json from AI-Improvements-1.21-0.5.3.jar, it does not contain dependency information.
[29Dec2025 03:42:17.806] [main/TRACE] [net.neoforged.fml.loading.moddiscovery.locators.JarInJarDependencyLocator/]: Failed to load resource META-INF\jarjar\metadata.json from cupboard-1.21-2.9.jar, it does not contain dependency information.
[29Dec2025 03:42:17.806] [main/TRACE] [net.neoforged.fml.loading.moddiscovery.locators.JarInJarDependencyLocator/]: Failed to load resource META-INF\jarjar\metadata.json from ars_ocultas-1.21.1-2.2.0.jar, it does not contain dependency information.
[29Dec2025 03:42:17.806] [main/TRACE] [net.neoforged.fml.loading.moddiscovery.locators.JarInJarDependencyLocator/]: Failed to load resource META-INF\jarjar\metadata.json from The_Undergarden-1.21.1-0.9.3.jar, it does not contain dependency information.
[29Dec2025 03:42:17.806] [main/TRACE] [net.neoforged.fml.loading.moddiscovery.locators.JarInJarDependencyLocator/]: Failed to load resource META-INF\jarjar\metadata.json from monolib-neoforge-1.21.1-2.1.0.jar, it does not contain dependency information.
[29Dec2025 03:42:17.806] [main/TRACE] [net.neoforged.fml.loading.moddiscovery.locators.JarInJarDependencyLocator/]: Failed to load resource META-INF\jarjar\metadata.json from framework-neoforge-1.21.1-0.13.5.jar, it does not contain dependency information.
[29Dec2025 03:42:17.806] [main/TRACE] [net.neoforged.fml.loading.moddiscovery.locators.JarInJarDependencyLocator/]: Failed to load resource META-INF\jarjar\metadata.json from bwncr-neoforge-1.21.1-3.20.3.jar, it does not contain dependency information.
[29Dec2025 03:42:17.806] [main/TRACE] [net.neoforged.fml.loading.moddiscovery.locators.JarInJarDependencyLocator/]: Failed to load resource META-INF\jarjar\metadata.json from observable-5.4.4.jar, it does not contain dependency information.
[29Dec2025 03:42:17.806] [main/TRACE] [net.neoforged.fml.loading.moddiscovery.locators.JarInJarDependencyLocator/]: Failed to load resource META-INF\jarjar\metadata.json from atlas_api-1.21.1-1.2.0.jar, it does not contain dependency information.
[29Dec2025 03:42:17.806] [main/TRACE] [net.neoforged.fml.loading.moddiscovery.locators.JarInJarDependencyLocator/]: Failed to load resource META-INF\jarjar\metadata.json from pamhc2trees-NEOFORGE-1.21.1-1.0.4.jar, it does not contain dependency information.
[29Dec2025 03:42:17.806] [main/TRACE] [net.neoforged.fml.loading.moddiscovery.locators.JarInJarDependencyLocator/]: Failed to load resource META-INF\jarjar\metadata.json from redstonepen-1.21-neoforge-1.11.42.jar, it does not contain dependency information.
[29Dec2025 03:42:17.806] [main/TRACE] [net.neoforged.fml.loading.moddiscovery.locators.JarInJarDependencyLocator/]: Failed to load resource META-INF\jarjar\metadata.json from Oh-The-Biomes-Weve-Gone-NeoForge-2.5.1.jar, it does not contain dependency information.
[29Dec2025 03:42:17.806] [main/TRACE] [net.neoforged.fml.loading.moddiscovery.locators.JarInJarDependencyLocator/]: Failed to load resource META-INF\jarjar\metadata.json from dyenamics-1.21.1-3.4.2.jar, it does not contain dependency information.
[29Dec2025 03:42:17.806] [main/TRACE] [net.neoforged.fml.loading.moddiscovery.locators.JarInJarDependencyLocator/]: Failed to load resource META-INF\jarjar\metadata.json from reap-neoforge-1.21.1-1.1.2.jar, it does not contain dependency information.
[29Dec2025 03:42:17.806] [main/TRACE] [net.neoforged.fml.loading.moddiscovery.locators.JarInJarDependencyLocator/]: Failed to load resource META-INF\jarjar\metadata.json from illagerwarship-1.0.1-neoforge-1.21.1.jar, it does not contain dependency information.
[29Dec2025 03:42:17.806] [main/TRACE] [net.neoforged.fml.loading.moddiscovery.locators.JarInJarDependencyLocator/]: Failed to load resource META-INF\jarjar\metadata.json from Clumps-neoforge-1.21.1-19.0.0.1.jar, it does not contain dependency information.
[29Dec2025 03:42:17.806] [main/TRACE] [net.neoforged.fml.loading.moddiscovery.locators.JarInJarDependencyLocator/]: Failed to load resource META-INF\jarjar\metadata.json from restrictions-1.21-7.0.3.jar, it does not contain dependency information.
[29Dec2025 03:42:17.806] [main/TRACE] [net.neoforged.fml.loading.moddiscovery.locators.JarInJarDependencyLocator/]: Failed to load resource META-INF\jarjar\metadata.json from ExplorersCompass-1.21.1-3.0.3-neoforge.jar, it does not contain dependency information.
[29Dec2025 03:42:17.806] [main/TRACE] [net.neoforged.fml.loading.moddiscovery.locators.JarInJarDependencyLocator/]: Failed to load resource META-INF\jarjar\metadata.json from ToastControl-1.21.1-9.0.1.jar, it does not contain dependency information.
[29Dec2025 03:42:17.806] [main/TRACE] [net.neoforged.fml.loading.moddiscovery.locators.JarInJarDependencyLocator/]: Failed to load resource META-INF\jarjar\metadata.json from mininggadgets-1.18.6.jar, it does not contain dependency information.
[29Dec2025 03:42:17.806] [main/TRACE] [net.neoforged.fml.loading.moddiscovery.locators.JarInJarDependencyLocator/]: Failed to load resource META-INF\jarjar\metadata.json from theurgy_kubejs-1.21.1-neoforge-1.5.1.jar, it does not contain dependency information.
[29Dec2025 03:42:17.806] [main/TRACE] [net.neoforged.fml.loading.moddiscovery.locators.JarInJarDependencyLocator/]: Failed to load resource META-INF\jarjar\metadata.json from trophymanager-1.21.1-2.3.0.jar, it does not contain dependency information.
[29Dec2025 03:42:17.806] [main/TRACE] [net.neoforged.fml.loading.moddiscovery.locators.JarInJarDependencyLocator/]: Failed to load resource META-INF\jarjar\metadata.json from AkashicTome-1.8-29.jar, it does not contain dependency information.
[29Dec2025 03:42:17.806] [main/TRACE] [net.neoforged.fml.loading.moddiscovery.locators.JarInJarDependencyLocator/]: Failed to load resource META-INF\jarjar\metadata.json from ftb-chunks-neoforge-2101.1.13.jar, it does not contain dependency information.
[29Dec2025 03:42:17.806] [main/TRACE] [net.neoforged.fml.loading.moddiscovery.locators.JarInJarDependencyLocator/]: Failed to load resource META-INF\jarjar\metadata.json from BrandonsCore-1.21.1-3.2.1.309.jar, it does not contain dependency information.
[29Dec2025 03:42:17.806] [main/TRACE] [net.neoforged.fml.loading.moddiscovery.locators.JarInJarDependencyLocator/]: Failed to load resource META-INF\jarjar\metadata.json from repeatable_trial_vaults-neoforge-1.21-1.0.2.jar, it does not contain dependency information.
[29Dec2025 03:42:17.806] [main/TRACE] [net.neoforged.fml.loading.moddiscovery.locators.JarInJarDependencyLocator/]: Failed to load resource META-INF\jarjar\metadata.json from MysticalAgriculture-1.21.1-8.0.20.jar, it does not contain dependency information.
[29Dec2025 03:42:17.806] [main/TRACE] [net.neoforged.fml.loading.moddiscovery.locators.JarInJarDependencyLocator/]: Failed to load resource META-INF\jarjar\metadata.json from craftingtweaks-neoforge-1.21.1-21.1.6.jar, it does not contain dependency information.
[29Dec2025 03:42:17.806] [main/TRACE] [net.neoforged.fml.loading.moddiscovery.locators.JarInJarDependencyLocator/]: Failed to load resource META-INF\jarjar\metadata.json from endermanoverhaul-neoforge-1.21.1-2.0.2.jar, it does not contain dependency information.
[29Dec2025 03:42:17.806] [main/TRACE] [net.neoforged.fml.loading.moddiscovery.locators.JarInJarDependencyLocator/]: Failed to load resource META-INF\jarjar\metadata.json from ApothicSpawners-1.21.1-1.3.2.jar, it does not contain dependency information.
[29Dec2025 03:42:17.806] [main/TRACE] [net.neoforged.fml.loading.moddiscovery.locators.JarInJarDependencyLocator/]: Failed to load resource META-INF\jarjar\metadata.json from ftb-jei-extras-21.1.7.jar, it does not contain dependency information.
[29Dec2025 03:42:17.806] [main/TRACE] [net.neoforged.fml.loading.moddiscovery.locators.JarInJarDependencyLocator/]: Failed to load resource META-INF\jarjar\metadata.json from easy-villagers-neoforge-1.21.1-1.1.39.jar, it does not contain dependency information.
[29Dec2025 03:42:17.806] [main/TRACE] [net.neoforged.fml.loading.moddiscovery.locators.JarInJarDependencyLocator/]: Failed to load resource META-INF\jarjar\metadata.json from reliquary-1.21.1-2.0.62.1310.jar, it does not contain dependency information.
[29Dec2025 03:42:17.806] [main/TRACE] [net.neoforged.fml.loading.moddiscovery.locators.JarInJarDependencyLocator/]: Failed to load resource META-INF\jarjar\metadata.json from MoogsEndStructures-1.21-2.0.0.jar, it does not contain dependency information.
[29Dec2025 03:42:17.806] [main/TRACE] [net.neoforged.fml.loading.moddiscovery.locators.JarInJarDependencyLocator/]: Failed to load resource META-INF\jarjar\metadata.json from polyeng-0.4.1.jar, it does not contain dependency information.
[29Dec2025 03:42:17.806] [main/TRACE] [net.neoforged.fml.loading.moddiscovery.locators.JarInJarDependencyLocator/]: Failed to load resource META-INF\jarjar\metadata.json from FastWorkbench-1.21.1-9.1.3.jar, it does not contain dependency information.
[29Dec2025 03:42:17.806] [main/TRACE] [net.neoforged.fml.loading.moddiscovery.locators.JarInJarDependencyLocator/]: Failed to load resource META-INF\jarjar\metadata.json from FluxNetworks-1.21.1-8.0.0.jar, it does not contain dependency information.
[29Dec2025 03:42:17.806] [main/TRACE] [net.neoforged.fml.loading.moddiscovery.locators.JarInJarDependencyLocator/]: Failed to load resource META-INF\jarjar\metadata.json from irons_spellbooks-1.21.1-3.14.8.jar, it does not contain dependency information.
[29Dec2025 03:42:17.806] [main/TRACE] [net.neoforged.fml.loading.moddiscovery.locators.JarInJarDependencyLocator/]: Failed to load resource META-INF\jarjar\metadata.json from buildinggadgets2-1.3.9.jar, it does not contain dependency information.
[29Dec2025 03:42:17.806] [main/TRACE] [net.neoforged.fml.loading.moddiscovery.locators.JarInJarDependencyLocator/]: Failed to load resource META-INF\jarjar\metadata.json from minecolonies-1.1.1218-1.21.1-snapshot.jar, it does not contain dependency information.
[29Dec2025 03:42:17.806] [main/TRACE] [net.neoforged.fml.loading.moddiscovery.locators.JarInJarDependencyLocator/]: Failed to load resource META-INF\jarjar\metadata.json from pylons-1.21.1-5.2.1.jar, it does not contain dependency information.
[29Dec2025 03:42:17.806] [main/TRACE] [net.neoforged.fml.loading.moddiscovery.locators.JarInJarDependencyLocator/]: Failed to load resource META-INF\jarjar\metadata.json from ferritecore-7.0.2-neoforge.jar, it does not contain dependency information.
[29Dec2025 03:42:17.806] [main/TRACE] [net.neoforged.fml.loading.moddiscovery.locators.JarInJarDependencyLocator/]: Failed to load resource META-INF\jarjar\metadata.json from functionalstorage-1.21.1-1.5.5.jar, it does not contain dependency information.
[29Dec2025 03:42:17.806] [main/TRACE] [net.neoforged.fml.loading.moddiscovery.locators.JarInJarDependencyLocator/]: Failed to load resource META-INF\jarjar\metadata.json from modular-routers-13.2.3+mc1.21.1.jar, it does not contain dependency information.
[29Dec2025 03:42:17.806] [main/TRACE] [net.neoforged.fml.loading.moddiscovery.locators.JarInJarDependencyLocator/]: Failed to load resource META-INF\jarjar\metadata.json from silentgems-1.21.1-neoforge-5.1.2.1.jar, it does not contain dependency information.
[29Dec2025 03:42:17.806] [main/TRACE] [net.neoforged.fml.loading.moddiscovery.locators.JarInJarDependencyLocator/]: Failed to load resource META-INF\jarjar\metadata.json from rarcompat-1.21-0.9.6.jar, it does not contain dependency information.
[29Dec2025 03:42:17.806] [main/TRACE] [net.neoforged.fml.loading.moddiscovery.locators.JarInJarDependencyLocator/]: Failed to load resource META-INF\jarjar\metadata.json from occultism_kubejs-1.21.1-neoforge-1.10.0.jar, it does not contain dependency information.
[29Dec2025 03:42:17.806] [main/TRACE] [net.neoforged.fml.loading.moddiscovery.locators.JarInJarDependencyLocator/]: Failed to load resource META-INF\jarjar\metadata.json from valhelsia_core-neoforge-1.21.1-1.1.5.jar, it does not contain dependency information.
[29Dec2025 03:42:17.806] [main/TRACE] [net.neoforged.fml.loading.moddiscovery.locators.JarInJarDependencyLocator/]: Failed to load resource META-INF\jarjar\metadata.json from overloadedarmorbar-neoforge-1.21-2.jar, it does not contain dependency information.
[29Dec2025 03:42:17.806] [main/TRACE] [net.neoforged.fml.loading.moddiscovery.locators.JarInJarDependencyLocator/]: Failed to load resource META-INF\jarjar\metadata.json from create-enchantment-industry-2.2.5b.jar, it does not contain dependency information.
[29Dec2025 03:42:17.806] [main/TRACE] [net.neoforged.fml.loading.moddiscovery.locators.JarInJarDependencyLocator/]: Failed to load resource META-INF\jarjar\metadata.json from OpenLoader-neoforge-1.21.1-21.1.5.jar, it does not contain dependency information.
[29Dec2025 03:42:17.806] [main/TRACE] [net.neoforged.fml.loading.moddiscovery.locators.JarInJarDependencyLocator/]: Failed to load resource META-INF\jarjar\metadata.json from flickerfix-1.21.0.jar, it does not contain dependency information.
[29Dec2025 03:42:17.807] [main/TRACE] [net.neoforged.fml.loading.moddiscovery.locators.JarInJarDependencyLocator/]: Failed to load resource META-INF\jarjar\metadata.json from createaddition-1.5.9.jar, it does not contain dependency information.
[29Dec2025 03:42:17.807] [main/TRACE] [net.neoforged.fml.loading.moddiscovery.locators.JarInJarDependencyLocator/]: Failed to load resource META-INF\jarjar\metadata.json from supermartijn642configlib-1.1.8-neoforge-mc1.21.jar, it does not contain dependency information.
[29Dec2025 03:42:17.807] [main/TRACE] [net.neoforged.fml.loading.moddiscovery.locators.JarInJarDependencyLocator/]: Failed to load resource META-INF\jarjar\metadata.json from AdditionalEnchantedMiner-1.21.1-neoforge-21.1.141.jar, it does not contain dependency information.
[29Dec2025 03:42:17.807] [main/TRACE] [net.neoforged.fml.loading.moddiscovery.locators.JarInJarDependencyLocator/]: Failed to load resource META-INF\jarjar\metadata.json from UndergroundVillages-neoforge-1.21.1-4.0.3.jar, it does not contain dependency information.
[29Dec2025 03:42:17.807] [main/TRACE] [net.neoforged.fml.loading.moddiscovery.locators.JarInJarDependencyLocator/]: Failed to load resource META-INF\jarjar\metadata.json from variantsandventures-neoforge-1.0.19+mc1.21.1.jar, it does not contain dependency information.
[29Dec2025 03:42:17.807] [main/TRACE] [net.neoforged.fml.loading.moddiscovery.locators.JarInJarDependencyLocator/]: Failed to load resource META-INF\jarjar\metadata.json from player-animation-lib-forge-2.0.1+1.21.1.jar, it does not contain dependency information.
[29Dec2025 03:42:17.807] [main/TRACE] [net.neoforged.fml.loading.moddiscovery.locators.JarInJarDependencyLocator/]: Failed to load resource META-INF\jarjar\metadata.json from mcw-mcwwindows-2.4.1-mc1.21.1neoforge.jar, it does not contain dependency information.
[29Dec2025 03:42:17.807] [main/TRACE] [net.neoforged.fml.loading.moddiscovery.locators.JarInJarDependencyLocator/]: Failed to load resource META-INF\jarjar\metadata.json from IronJetpacks-1.21.1-8.0.11.jar, it does not contain dependency information.
[29Dec2025 03:42:17.807] [main/TRACE] [net.neoforged.fml.loading.moddiscovery.locators.JarInJarDependencyLocator/]: Failed to load resource META-INF\jarjar\metadata.json from xnet-1.21-7.0.6.jar, it does not contain dependency information.
[29Dec2025 03:42:17.807] [main/TRACE] [net.neoforged.fml.loading.moddiscovery.locators.JarInJarDependencyLocator/]: Failed to load resource META-INF\jarjar\metadata.json from CTM-1.21-1.2.1+3.jar, it does not contain dependency information.
[29Dec2025 03:42:17.807] [main/TRACE] [net.neoforged.fml.loading.moddiscovery.locators.JarInJarDependencyLocator/]: Failed to load resource META-INF\jarjar\metadata.json from tesseract-api-neoforge-1.11.0-1.21.1.jar, it does not contain dependency information.
[29Dec2025 03:42:17.807] [main/TRACE] [net.neoforged.fml.loading.moddiscovery.locators.JarInJarDependencyLocator/]: Failed to load resource META-INF\jarjar\metadata.json from everythingcopper-1.21.1-2.4.5.jar, it does not contain dependency information.
[29Dec2025 03:42:17.807] [main/TRACE] [net.neoforged.fml.loading.moddiscovery.locators.JarInJarDependencyLocator/]: Failed to load resource META-INF\jarjar\metadata.json from Powah-6.2.7.jar, it does not contain dependency information.
[29Dec2025 03:42:17.807] [main/TRACE] [net.neoforged.fml.loading.moddiscovery.locators.JarInJarDependencyLocator/]: Failed to load resource META-INF\jarjar\metadata.json from cabletiers-neoforge-1.21.1-0.6.9.jar, it does not contain dependency information.
[29Dec2025 03:42:17.807] [main/TRACE] [net.neoforged.fml.loading.moddiscovery.locators.JarInJarDependencyLocator/]: Failed to load resource META-INF\jarjar\metadata.json from rangedpumps-1.3.0.jar, it does not contain dependency information.
[29Dec2025 03:42:17.807] [main/TRACE] [net.neoforged.fml.loading.moddiscovery.locators.JarInJarDependencyLocator/]: Failed to load resource META-INF\jarjar\metadata.json from ae2importexportcard-1.21.1-1.4.1.jar, it does not contain dependency information.
[29Dec2025 03:42:17.807] [main/TRACE] [net.neoforged.fml.loading.moddiscovery.locators.JarInJarDependencyLocator/]: Failed to load resource META-INF\jarjar\metadata.json from prickle-neoforge-1.21.1-21.1.11.jar, it does not contain dependency information.
[29Dec2025 03:42:17.807] [main/TRACE] [net.neoforged.fml.loading.moddiscovery.locators.JarInJarDependencyLocator/]: Failed to load resource META-INF\jarjar\metadata.json from Modern-Dynamics-0.9.6.jar, it does not contain dependency information.
[29Dec2025 03:42:17.807] [main/TRACE] [net.neoforged.fml.loading.moddiscovery.locators.JarInJarDependencyLocator/]: Failed to load resource META-INF\jarjar\metadata.json from GravitationalModulatingAdditionalUnit-1.21.1-6.4.jar, it does not contain dependency information.
[29Dec2025 03:42:17.807] [main/TRACE] [net.neoforged.fml.loading.moddiscovery.locators.JarInJarDependencyLocator/]: Failed to load resource META-INF\jarjar\metadata.json from MysticalAgradditions-1.21.1-8.0.10.jar, it does not contain dependency information.
[29Dec2025 03:42:17.807] [main/TRACE] [net.neoforged.fml.loading.moddiscovery.locators.JarInJarDependencyLocator/]: Failed to load resource META-INF\jarjar\metadata.json from [neoforge]ctov-3.6.0b.jar, it does not contain dependency information.
[29Dec2025 03:42:17.807] [main/TRACE] [net.neoforged.fml.loading.moddiscovery.locators.JarInJarDependencyLocator/]: Failed to load resource META-INF\jarjar\metadata.json from eternalstarlight-0.6.1-hotfix+1.21.1+neoforge.jar, it does not contain dependency information.
[29Dec2025 03:42:17.807] [main/TRACE] [net.neoforged.fml.loading.moddiscovery.locators.JarInJarDependencyLocator/]: Failed to load resource META-INF\jarjar\metadata.json from athena-neoforge-1.21-4.0.2.jar, it does not contain dependency information.
[29Dec2025 03:42:17.807] [main/TRACE] [net.neoforged.fml.loading.moddiscovery.locators.JarInJarDependencyLocator/]: Failed to load resource META-INF\jarjar\metadata.json from stylecolonies-1.15.43-1.21.1.jar, it does not contain dependency information.
[29Dec2025 03:42:17.807] [main/TRACE] [net.neoforged.fml.loading.moddiscovery.locators.JarInJarDependencyLocator/]: Failed to load resource META-INF\jarjar\metadata.json from novillagerdm-1.21.1-6.0.0.jar, it does not contain dependency information.
[29Dec2025 03:42:17.807] [main/TRACE] [net.neoforged.fml.loading.moddiscovery.locators.JarInJarDependencyLocator/]: Failed to load resource META-INF\jarjar\metadata.json from lmft-1.1.1+1.21.9-neoforge.jar, it does not contain dependency information.
[29Dec2025 03:42:17.807] [main/TRACE] [net.neoforged.fml.loading.moddiscovery.locators.JarInJarDependencyLocator/]: Failed to load resource META-INF\jarjar\metadata.json from alltheores-3.1.8_neoforge_1.21.1.jar, it does not contain dependency information.
[29Dec2025 03:42:17.807] [main/TRACE] [net.neoforged.fml.loading.moddiscovery.locators.JarInJarDependencyLocator/]: Failed to load resource META-INF\jarjar\metadata.json from Glodium-1.21-2.2-neoforge.jar, it does not contain dependency information.
[29Dec2025 03:42:17.807] [main/TRACE] [net.neoforged.fml.loading.moddiscovery.locators.JarInJarDependencyLocator/]: Failed to load resource META-INF\jarjar\metadata.json from torchmaster-neoforge-1.21.1-21.1.9.jar, it does not contain dependency information.
[29Dec2025 03:42:17.807] [main/TRACE] [net.neoforged.fml.loading.moddiscovery.locators.JarInJarDependencyLocator/]: Failed to load resource META-INF\jarjar\metadata.json from sussysniffers-1.21.1-0.1.3.jar, it does not contain dependency information.
[29Dec2025 03:42:17.807] [main/TRACE] [net.neoforged.fml.loading.moddiscovery.locators.JarInJarDependencyLocator/]: Failed to load resource META-INF\jarjar\metadata.json from botanytrees-neoforge-1.21.1-21.1.1.jar, it does not contain dependency information.
[29Dec2025 03:42:17.807] [main/TRACE] [net.neoforged.fml.loading.moddiscovery.locators.JarInJarDependencyLocator/]: Failed to load resource META-INF\jarjar\metadata.json from Explorify v1.6.4 f15-88.mod.jar, it does not contain dependency information.
[29Dec2025 03:42:17.807] [main/TRACE] [net.neoforged.fml.loading.moddiscovery.locators.JarInJarDependencyLocator/]: Failed to load resource META-INF\jarjar\metadata.json from ironfurnaces-neoforge-1.21.1-4.3.2.jar, it does not contain dependency information.
[29Dec2025 03:42:17.807] [main/TRACE] [net.neoforged.fml.loading.moddiscovery.locators.JarInJarDependencyLocator/]: Failed to load resource META-INF\jarjar\metadata.json from mcw-trapdoors-1.1.5-mc1.21.1neoforge.jar, it does not contain dependency information.
[29Dec2025 03:42:17.807] [main/TRACE] [net.neoforged.fml.loading.moddiscovery.locators.JarInJarDependencyLocator/]: Failed to load resource META-INF\jarjar\metadata.json from silent-gear-1.21.1-neoforge-4.0.30.jar, it does not contain dependency information.
[29Dec2025 03:42:17.807] [main/TRACE] [net.neoforged.fml.loading.moddiscovery.locators.JarInJarDependencyLocator/]: Failed to load resource META-INF\jarjar\metadata.json from supermartijn642corelib-1.1.18a-neoforge-mc1.21.jar, it does not contain dependency information.
[29Dec2025 03:42:17.807] [main/TRACE] [net.neoforged.fml.loading.moddiscovery.locators.JarInJarDependencyLocator/]: Failed to load resource META-INF\jarjar\metadata.json from ApothicAttributes-1.21.1-2.9.0.jar, it does not contain dependency information.
[29Dec2025 03:42:17.807] [main/TRACE] [net.neoforged.fml.loading.moddiscovery.locators.JarInJarDependencyLocator/]: Failed to load resource META-INF\jarjar\metadata.json from resourcefulconfig-neoforge-1.21-3.0.11.jar, it does not contain dependency information.
[29Dec2025 03:42:17.807] [main/TRACE] [net.neoforged.fml.loading.moddiscovery.locators.JarInJarDependencyLocator/]: Failed to load resource META-INF\jarjar\metadata.json from curios-neoforge-9.5.1+1.21.1.jar, it does not contain dependency information.
[29Dec2025 03:42:17.807] [main/TRACE] [net.neoforged.fml.loading.moddiscovery.locators.JarInJarDependencyLocator/]: Failed to load resource META-INF\jarjar\metadata.json from Searchables-neoforge-1.21.1-1.0.2.jar, it does not contain dependency information.
[29Dec2025 03:42:17.807] [main/TRACE] [net.neoforged.fml.loading.moddiscovery.locators.JarInJarDependencyLocator/]: Failed to load resource META-INF\jarjar\metadata.json from Measurements-neoforge-1.21.1-3.0.3.jar, it does not contain dependency information.
[29Dec2025 03:42:17.807] [main/TRACE] [net.neoforged.fml.loading.moddiscovery.locators.JarInJarDependencyLocator/]: Failed to load resource META-INF\jarjar\metadata.json from FramedBlocks-10.5.1.jar, it does not contain dependency information.
[29Dec2025 03:42:17.807] [main/TRACE] [net.neoforged.fml.loading.moddiscovery.locators.JarInJarDependencyLocator/]: Failed to load resource META-INF\jarjar\metadata.json from ars_technica-1.21.1-2.4.0.jar, it does not contain dependency information.
[29Dec2025 03:42:17.807] [main/TRACE] [net.neoforged.fml.loading.moddiscovery.locators.JarInJarDependencyLocator/]: Failed to load resource META-INF\jarjar\metadata.json from deimos-1.21.1-neoforge-2.5.jar, it does not contain dependency information.
[29Dec2025 03:42:17.807] [main/TRACE] [net.neoforged.fml.loading.moddiscovery.locators.JarInJarDependencyLocator/]: Failed to load resource META-INF\jarjar\metadata.json from mcw-furniture-3.4.1-mc1.21.1neoforge.jar, it does not contain dependency information.
[29Dec2025 03:42:17.807] [main/TRACE] [net.neoforged.fml.loading.moddiscovery.locators.JarInJarDependencyLocator/]: Failed to load resource META-INF\jarjar\metadata.json from ApothicEnchanting-1.21.1-1.5.0.jar, it does not contain dependency information.
[29Dec2025 03:42:17.807] [main/TRACE] [net.neoforged.fml.loading.moddiscovery.locators.JarInJarDependencyLocator/]: Failed to load resource META-INF\jarjar\metadata.json from mekanisticrouters-1.1.1.jar, it does not contain dependency information.
[29Dec2025 03:42:17.807] [main/TRACE] [net.neoforged.fml.loading.moddiscovery.locators.JarInJarDependencyLocator/]: Failed to load resource META-INF\jarjar\metadata.json from YungsBetterMineshafts-1.21.1-NeoForge-5.1.1.jar, it does not contain dependency information.
[29Dec2025 03:42:17.807] [main/TRACE] [net.neoforged.fml.loading.moddiscovery.locators.JarInJarDependencyLocator/]: Failed to load resource META-INF\jarjar\metadata.json from crafting_on_a_stick-1.21.0.2.jar, it does not contain dependency information.
[29Dec2025 03:42:17.807] [main/TRACE] [net.neoforged.fml.loading.moddiscovery.locators.JarInJarDependencyLocator/]: Failed to load resource META-INF\jarjar\metadata.json from ae2jeiintegration-1.2.0.jar, it does not contain dependency information.
[29Dec2025 03:42:17.807] [main/TRACE] [net.neoforged.fml.loading.moddiscovery.locators.JarInJarDependencyLocator/]: Failed to load resource META-INF\jarjar\metadata.json from mekanismcovers-1.3-BETA+1.21.jar, it does not contain dependency information.
[29Dec2025 03:42:17.807] [main/TRACE] [net.neoforged.fml.loading.moddiscovery.locators.JarInJarDependencyLocator/]: Failed to load resource META-INF\jarjar\metadata.json from ftb-library-neoforge-2101.1.28.jar, it does not contain dependency information.
[29Dec2025 03:42:17.807] [main/TRACE] [net.neoforged.fml.loading.moddiscovery.locators.JarInJarDependencyLocator/]: Failed to load resource META-INF\jarjar\metadata.json from formationsnether-1.0.5-mc1.21+.jar, it does not contain dependency information.
[29Dec2025 03:42:17.807] [main/TRACE] [net.neoforged.fml.loading.moddiscovery.locators.JarInJarDependencyLocator/]: Failed to load resource META-INF\jarjar\metadata.json from jei-1.21.1-neoforge-19.25.1.332.jar, it does not contain dependency information.
[29Dec2025 03:42:17.807] [main/TRACE] [net.neoforged.fml.loading.moddiscovery.locators.JarInJarDependencyLocator/]: Failed to load resource META-INF\jarjar\metadata.json from multipiston-1.2.58-1.21.1.jar, it does not contain dependency information.
[29Dec2025 03:42:17.807] [main/TRACE] [net.neoforged.fml.loading.moddiscovery.locators.JarInJarDependencyLocator/]: Failed to load resource META-INF\jarjar\metadata.json from lithostitched-1.5.0-neoforge-1.21.1.jar, it does not contain dependency information.
[29Dec2025 03:42:17.807] [main/TRACE] [net.neoforged.fml.loading.moddiscovery.locators.JarInJarDependencyLocator/]: Failed to load resource META-INF\jarjar\metadata.json from dyenamicsandfriends-1.21.1-2.2.2.jar, it does not contain dependency information.
[29Dec2025 03:42:17.807] [main/TRACE] [net.neoforged.fml.loading.moddiscovery.locators.JarInJarDependencyLocator/]: Failed to load resource META-INF\jarjar\metadata.json from Mekanism-1.21.1-10.7.17.83.jar, it does not contain dependency information.
[29Dec2025 03:42:17.807] [main/TRACE] [net.neoforged.fml.loading.moddiscovery.locators.JarInJarDependencyLocator/]: Failed to load resource META-INF\jarjar\metadata.json from invtweaks-1.21.1-1.3.2.jar, it does not contain dependency information.
[29Dec2025 03:42:17.807] [main/TRACE] [net.neoforged.fml.loading.moddiscovery.locators.JarInJarDependencyLocator/]: Failed to load resource META-INF\jarjar\metadata.json from NaturesCompass-1.21.1-3.0.3-neoforge.jar, it does not contain dependency information.
[29Dec2025 03:42:17.807] [main/TRACE] [net.neoforged.fml.loading.moddiscovery.locators.JarInJarDependencyLocator/]: Failed to load resource META-INF\jarjar\metadata.json from jumpboat-1.21.0-1.0.5.jar, it does not contain dependency information.
[29Dec2025 03:42:17.807] [main/TRACE] [net.neoforged.fml.loading.moddiscovery.locators.JarInJarDependencyLocator/]: Failed to load resource META-INF\jarjar\metadata.json from catjammies-1.21-1.7.1.jar, it does not contain dependency information.
[29Dec2025 03:42:17.807] [main/TRACE] [net.neoforged.fml.loading.moddiscovery.locators.JarInJarDependencyLocator/]: Failed to load resource META-INF\jarjar\metadata.json from pneumaticcraft-repressurized-8.2.13+mc1.21.1.jar, it does not contain dependency information.
[29Dec2025 03:42:17.807] [main/TRACE] [net.neoforged.fml.loading.moddiscovery.locators.JarInJarDependencyLocator/]: Failed to load resource META-INF\jarjar\metadata.json from IceAndFireCE-1.1-1.21.1-neoforge.jar, it does not contain dependency information.
[29Dec2025 03:42:17.807] [main/TRACE] [net.neoforged.fml.loading.moddiscovery.locators.JarInJarDependencyLocator/]: Failed to load resource META-INF\jarjar\metadata.json from formations-1.0.4-neoforge-mc1.21.jar, it does not contain dependency information.
[29Dec2025 03:42:17.807] [main/TRACE] [net.neoforged.fml.loading.moddiscovery.locators.JarInJarDependencyLocator/]: Failed to load resource META-INF\jarjar\metadata.json from crystalix-2.2.1.jar, it does not contain dependency information.
[29Dec2025 03:42:17.807] [main/TRACE] [net.neoforged.fml.loading.moddiscovery.locators.JarInJarDependencyLocator/]: Failed to load resource META-INF\jarjar\metadata.json from mcw-mcwpaths-1.1.1-mc1.21.1neoforge.jar, it does not contain dependency information.
[29Dec2025 03:42:17.808] [main/TRACE] [net.neoforged.fml.loading.moddiscovery.locators.JarInJarDependencyLocator/]: Failed to load resource META-INF\jarjar\metadata.json from ZeroCore2-1.21.1-2.4.20.jar, it does not contain dependency information.
[29Dec2025 03:42:17.808] [main/TRACE] [net.neoforged.fml.loading.moddiscovery.locators.JarInJarDependencyLocator/]: Failed to load resource META-INF\jarjar\metadata.json from formationsoverworld-1.0.5-mc1.21+.jar, it does not contain dependency information.
[29Dec2025 03:42:17.808] [main/TRACE] [net.neoforged.fml.loading.moddiscovery.locators.JarInJarDependencyLocator/]: Failed to load resource META-INF\jarjar\metadata.json from MouseTweaks-neoforge-mc1.21-2.26.1.jar, it does not contain dependency information.
[29Dec2025 03:42:17.808] [main/TRACE] [net.neoforged.fml.loading.moddiscovery.locators.JarInJarDependencyLocator/]: Failed to load resource META-INF\jarjar\metadata.json from ftb-quests-neoforge-2101.1.19.jar, it does not contain dependency information.
[29Dec2025 03:42:17.808] [main/TRACE] [net.neoforged.fml.loading.moddiscovery.locators.JarInJarDependencyLocator/]: Failed to load resource META-INF\jarjar\metadata.json from NoChatReports-NEOFORGE-1.21.1-v2.9.1.jar, it does not contain dependency information.
[29Dec2025 03:42:17.808] [main/TRACE] [net.neoforged.fml.loading.moddiscovery.locators.JarInJarDependencyLocator/]: Failed to load resource META-INF\jarjar\metadata.json from allthemodium-2.9.5_mc_1.21.1.jar, it does not contain dependency information.
[29Dec2025 03:42:17.808] [main/TRACE] [net.neoforged.fml.loading.moddiscovery.locators.JarInJarDependencyLocator/]: Failed to load resource META-INF\jarjar\metadata.json from Oh-The-Trees-Youll-Grow-neoforge-1.21.1-5.1.2.jar, it does not contain dependency information.
[29Dec2025 03:42:17.808] [main/TRACE] [net.neoforged.fml.loading.moddiscovery.locators.JarInJarDependencyLocator/]: Failed to load resource META-INF\jarjar\metadata.json from create_aquatic_ambitions-1.21.1-2.0.2.jar, it does not contain dependency information.
[29Dec2025 03:42:17.808] [main/TRACE] [net.neoforged.fml.loading.moddiscovery.locators.JarInJarDependencyLocator/]: Failed to load resource META-INF\jarjar\metadata.json from pipez-neoforge-1.21.1-1.2.19.jar, it does not contain dependency information.
[29Dec2025 03:42:17.808] [main/TRACE] [net.neoforged.fml.loading.moddiscovery.locators.JarInJarDependencyLocator/]: Failed to load resource META-INF\jarjar\metadata.json from integrateddynamics-1.21.1-neoforge-1.29.6.jar, it does not contain dependency information.
[29Dec2025 03:42:17.808] [main/TRACE] [net.neoforged.fml.loading.moddiscovery.locators.JarInJarDependencyLocator/]: Failed to load resource META-INF\jarjar\metadata.json from pamhc2foodcore-NEOFORGE-1.21.1-1.0.4.jar, it does not contain dependency information.
[29Dec2025 03:42:17.808] [main/TRACE] [net.neoforged.fml.loading.moddiscovery.locators.JarInJarDependencyLocator/]: Failed to load resource META-INF\jarjar\metadata.json from megacells-4.10.1.jar, it does not contain dependency information.
[29Dec2025 03:42:17.808] [main/TRACE] [net.neoforged.fml.loading.moddiscovery.locators.JarInJarDependencyLocator/]: Failed to load resource META-INF\jarjar\metadata.json from itemcollectors-1.1.10-neoforge-mc1.21.jar, it does not contain dependency information.
[29Dec2025 03:42:17.808] [main/TRACE] [net.neoforged.fml.loading.moddiscovery.locators.JarInJarDependencyLocator/]: Failed to load resource META-INF\jarjar\metadata.json from imfast-NEOFORGE-1.0.2.jar, it does not contain dependency information.
[29Dec2025 03:42:17.808] [main/TRACE] [net.neoforged.fml.loading.moddiscovery.locators.JarInJarDependencyLocator/]: Failed to load resource META-INF\jarjar\metadata.json from polymorph-neoforge-1.1.0+1.21.1.jar, it does not contain dependency information.
[29Dec2025 03:42:17.808] [main/TRACE] [net.neoforged.fml.loading.moddiscovery.locators.JarInJarDependencyLocator/]: Failed to load resource META-INF\jarjar\metadata.json from railcraft-reborn-1.21.1-1.2.9.jar, it does not contain dependency information.
[29Dec2025 03:42:17.808] [main/TRACE] [net.neoforged.fml.loading.moddiscovery.locators.JarInJarDependencyLocator/]: Failed to load resource META-INF\jarjar\metadata.json from connectedglass-1.1.14-neoforge-mc1.21.jar, it does not contain dependency information.
[29Dec2025 03:42:17.808] [main/TRACE] [net.neoforged.fml.loading.moddiscovery.locators.JarInJarDependencyLocator/]: Failed to load resource META-INF\jarjar\metadata.json from ConstructionSticks-1.21.1-1.2.3.jar, it does not contain dependency information.
[29Dec2025 03:42:17.808] [main/TRACE] [net.neoforged.fml.loading.moddiscovery.locators.JarInJarDependencyLocator/]: Failed to load resource META-INF\jarjar\metadata.json from Aquaculture-1.21.1-2.7.14.jar, it does not contain dependency information.
[29Dec2025 03:42:17.808] [main/TRACE] [net.neoforged.fml.loading.moddiscovery.locators.JarInJarDependencyLocator/]: Failed to load resource META-INF\jarjar\metadata.json from refinedstorage-jei-integration-neoforge-1.0.0.jar, it does not contain dependency information.
[29Dec2025 03:42:17.808] [main/TRACE] [net.neoforged.fml.loading.moddiscovery.locators.JarInJarDependencyLocator/]: Failed to load resource META-INF\jarjar\metadata.json from MoogsNetherStructures-1.21-2.0.1.jar, it does not contain dependency information.
[29Dec2025 03:42:17.808] [main/TRACE] [net.neoforged.fml.loading.moddiscovery.locators.JarInJarDependencyLocator/]: Failed to load resource META-INF\jarjar\metadata.json from cyclopscore-1.21.1-neoforge-1.27.2-848.jar, it does not contain dependency information.
[29Dec2025 03:42:17.808] [main/TRACE] [net.neoforged.fml.loading.moddiscovery.locators.JarInJarDependencyLocator/]: Failed to load resource META-INF\jarjar\metadata.json from refinedstorage-quartz-arsenal-neoforge-1.0.6.jar, it does not contain dependency information.
[29Dec2025 03:42:17.808] [main/TRACE] [net.neoforged.fml.loading.moddiscovery.locators.JarInJarDependencyLocator/]: Failed to load resource META-INF\jarjar\metadata.json from YungsBetterWitchHuts-1.21.1-NeoForge-4.1.1.jar, it does not contain dependency information.
[29Dec2025 03:42:17.808] [main/TRACE] [net.neoforged.fml.loading.moddiscovery.locators.JarInJarDependencyLocator/]: Failed to load resource META-INF\jarjar\metadata.json from netherportalfix-neoforge-1.21.1-21.1.1.jar, it does not contain dependency information.
[29Dec2025 03:42:17.808] [main/TRACE] [net.neoforged.fml.loading.moddiscovery.locators.JarInJarDependencyLocator/]: Failed to load resource META-INF\jarjar\metadata.json from ars_additions-1.21.1-21.2.3.jar, it does not contain dependency information.
[29Dec2025 03:42:17.808] [main/TRACE] [net.neoforged.fml.loading.moddiscovery.locators.JarInJarDependencyLocator/]: Failed to load resource META-INF\jarjar\metadata.json from geckolib-neoforge-1.21.1-4.8.2.jar, it does not contain dependency information.
[29Dec2025 03:42:17.808] [main/TRACE] [net.neoforged.fml.loading.moddiscovery.locators.JarInJarDependencyLocator/]: Failed to load resource META-INF\jarjar\metadata.json from enderdrives-neoforge-1.21.1-1.4.4.jar, it does not contain dependency information.
[29Dec2025 03:42:17.808] [main/TRACE] [net.neoforged.fml.loading.moddiscovery.locators.JarInJarDependencyLocator/]: Failed to load resource META-INF\jarjar\metadata.json from pocketstorage-1.2.5+1.21.1-b3.jar, it does not contain dependency information.
[29Dec2025 03:42:17.808] [main/TRACE] [net.neoforged.fml.loading.moddiscovery.locators.JarInJarDependencyLocator/]: Failed to load resource META-INF\jarjar\metadata.json from incontrol-1.21-10.2.1.jar, it does not contain dependency information.
[29Dec2025 03:42:17.808] [main/TRACE] [net.neoforged.fml.loading.moddiscovery.locators.JarInJarDependencyLocator/]: Failed to load resource META-INF\jarjar\metadata.json from connectivity-1.21.1-7.2.jar, it does not contain dependency information.
[29Dec2025 03:42:17.808] [main/TRACE] [net.neoforged.fml.loading.moddiscovery.locators.JarInJarDependencyLocator/]: Failed to load resource META-INF\jarjar\metadata.json from cookingforblockheads-neoforge-1.21.1-21.1.17.jar, it does not contain dependency information.
[29Dec2025 03:42:17.808] [main/TRACE] [net.neoforged.fml.loading.moddiscovery.locators.JarInJarDependencyLocator/]: Failed to load resource META-INF\jarjar\metadata.json from Controlling-neoforge-1.21.1-19.0.5.jar, it does not contain dependency information.
[29Dec2025 03:42:17.808] [main/TRACE] [net.neoforged.fml.loading.moddiscovery.locators.JarInJarDependencyLocator/]: Failed to load resource META-INF\jarjar\metadata.json from potionsmaster-21.1.113-0.7.1-packdev.jar, it does not contain dependency information.
[29Dec2025 03:42:17.808] [main/TRACE] [net.neoforged.fml.loading.moddiscovery.locators.JarInJarDependencyLocator/]: Failed to load resource META-INF\jarjar\metadata.json from storagedelight-25.06.24-1.21-neoforge.jar, it does not contain dependency information.
[29Dec2025 03:42:17.808] [main/TRACE] [net.neoforged.fml.loading.moddiscovery.locators.JarInJarDependencyLocator/]: Failed to load resource META-INF\jarjar\metadata.json from relics-1.21.1-0.10.7.5.jar, it does not contain dependency information.
[29Dec2025 03:42:17.808] [main/TRACE] [net.neoforged.fml.loading.moddiscovery.locators.JarInJarDependencyLocator/]: Failed to load resource META-INF\jarjar\metadata.json from generatorgalore-1.21.1-1.6.3.jar, it does not contain dependency information.
[29Dec2025 03:42:17.808] [main/TRACE] [net.neoforged.fml.loading.moddiscovery.locators.JarInJarDependencyLocator/]: Failed to load resource META-INF\jarjar\metadata.json from herbsandharvest-1.21.1-2.jar, it does not contain dependency information.
[29Dec2025 03:42:17.808] [main/TRACE] [net.neoforged.fml.loading.moddiscovery.locators.JarInJarDependencyLocator/]: Failed to load resource META-INF\jarjar\metadata.json from refinedstorage-mekanism-integration-1.1.1.jar, it does not contain dependency information.
[29Dec2025 03:42:17.808] [main/TRACE] [net.neoforged.fml.loading.moddiscovery.locators.JarInJarDependencyLocator/]: Failed to load resource META-INF\jarjar\metadata.json from botanypotsmystical-neoforge-1.21.1-21.1.11.jar, it does not contain dependency information.
[29Dec2025 03:42:17.808] [main/TRACE] [net.neoforged.fml.loading.moddiscovery.locators.JarInJarDependencyLocator/]: Failed to load resource META-INF\jarjar\metadata.json from dummmmmmy-1.21-2.0.11-neoforge.jar, it does not contain dependency information.
[29Dec2025 03:42:17.808] [main/TRACE] [net.neoforged.fml.loading.moddiscovery.locators.JarInJarDependencyLocator/]: Failed to load resource META-INF\jarjar\metadata.json from mob_grinding_utils-1.1.10+mc1.21.1.jar, it does not contain dependency information.
[29Dec2025 03:42:17.808] [main/TRACE] [net.neoforged.fml.loading.moddiscovery.locators.JarInJarDependencyLocator/]: Failed to load resource META-INF\jarjar\metadata.json from arseng-2.1.1-beta.jar, it does not contain dependency information.
[29Dec2025 03:42:17.808] [main/TRACE] [net.neoforged.fml.loading.moddiscovery.locators.JarInJarDependencyLocator/]: Failed to load resource META-INF\jarjar\metadata.json from AppliedFlux-1.21-2.1.3-neoforge.jar, it does not contain dependency information.
[29Dec2025 03:42:17.808] [main/TRACE] [net.neoforged.fml.loading.moddiscovery.locators.JarInJarDependencyLocator/]: Failed to load resource META-INF\jarjar\metadata.json from FarmersDelight-1.21.1-1.2.9.jar, it does not contain dependency information.
[29Dec2025 03:42:17.808] [main/TRACE] [net.neoforged.fml.loading.moddiscovery.locators.JarInJarDependencyLocator/]: Failed to load resource META-INF\jarjar\metadata.json from entangled-1.3.20a-neoforge-mc1.21.jar, it does not contain dependency information.
[29Dec2025 03:42:17.808] [main/TRACE] [net.neoforged.fml.loading.moddiscovery.locators.JarInJarDependencyLocator/]: Failed to load resource META-INF\jarjar\metadata.json from commoncapabilities-1.21.1-neoforge-2.11.2-296.jar, it does not contain dependency information.
[29Dec2025 03:42:17.808] [main/TRACE] [net.neoforged.fml.loading.moddiscovery.locators.JarInJarDependencyLocator/]: Failed to load resource META-INF\jarjar\metadata.json from crashutilities-9.0.4.jar, it does not contain dependency information.
[29Dec2025 03:42:17.808] [main/TRACE] [net.neoforged.fml.loading.moddiscovery.locators.JarInJarDependencyLocator/]: Failed to load resource META-INF\jarjar\metadata.json from getittogetherdrops-neoforge-1.21.5-1.4.jar, it does not contain dependency information.
[29Dec2025 03:42:17.808] [main/TRACE] [net.neoforged.fml.loading.moddiscovery.locators.JarInJarDependencyLocator/]: Failed to load resource META-INF\jarjar\metadata.json from mcw-fences-1.2.0-1.21.1neoforge.jar, it does not contain dependency information.
[29Dec2025 03:42:17.808] [main/TRACE] [net.neoforged.fml.loading.moddiscovery.locators.JarInJarDependencyLocator/]: Failed to load resource META-INF\jarjar\metadata.json from xycraft_world-0.7.53.jar, it does not contain dependency information.
[29Dec2025 03:42:17.808] [main/TRACE] [net.neoforged.fml.loading.moddiscovery.locators.JarInJarDependencyLocator/]: Failed to load resource META-INF\jarjar\metadata.json from wirelesschargers-1.0.9a-neoforge-mc1.21.jar, it does not contain dependency information.
[29Dec2025 03:42:17.808] [main/TRACE] [net.neoforged.fml.loading.moddiscovery.locators.JarInJarDependencyLocator/]: Failed to load resource META-INF\jarjar\metadata.json from merequester-neoforge-1.21.1-1.4.1.jar, it does not contain dependency information.
[29Dec2025 03:42:17.808] [main/TRACE] [net.neoforged.fml.loading.moddiscovery.locators.JarInJarDependencyLocator/]: Failed to load resource META-INF\jarjar\metadata.json from pamhc2foodextended-NEOFORGE-1.21.1-1.0.0.jar, it does not contain dependency information.
[29Dec2025 03:42:17.808] [main/TRACE] [net.neoforged.fml.loading.moddiscovery.locators.JarInJarDependencyLocator/]: Failed to load resource META-INF\jarjar\metadata.json from dysoncubeproject-1.0.2.jar, it does not contain dependency information.
[29Dec2025 03:42:17.808] [main/TRACE] [net.neoforged.fml.loading.moddiscovery.locators.JarInJarDependencyLocator/]: Failed to load resource META-INF\jarjar\metadata.json from actuallyadditions-1.3.22+mc1.21.1.jar, it does not contain dependency information.
[29Dec2025 03:42:17.808] [main/TRACE] [net.neoforged.fml.loading.moddiscovery.locators.JarInJarDependencyLocator/]: Failed to load resource META-INF\jarjar\metadata.json from Patchouli-1.21.1-92-NEOFORGE.jar, it does not contain dependency information.
[29Dec2025 03:42:17.808] [main/TRACE] [net.neoforged.fml.loading.moddiscovery.locators.JarInJarDependencyLocator/]: Failed to load resource META-INF\jarjar\metadata.json from ars_controle-1.21.1-1.6.12.jar, it does not contain dependency information.
[29Dec2025 03:42:17.808] [main/TRACE] [net.neoforged.fml.loading.moddiscovery.locators.JarInJarDependencyLocator/]: Failed to load resource META-INF\jarjar\metadata.json from sophisticatedstoragecreateintegration-1.21.1-0.1.13.54.jar, it does not contain dependency information.
[29Dec2025 03:42:17.808] [main/TRACE] [net.neoforged.fml.loading.moddiscovery.locators.JarInJarDependencyLocator/]: Failed to load resource META-INF\jarjar\metadata.json from rftoolsstorage-1.21-6.0.4.jar, it does not contain dependency information.
[29Dec2025 03:42:17.808] [main/TRACE] [net.neoforged.fml.loading.moddiscovery.locators.JarInJarDependencyLocator/]: Failed to load resource META-INF\jarjar\metadata.json from integratedtunnels-1.21.1-neoforge-1.9.2-521.jar, it does not contain dependency information.
[29Dec2025 03:42:17.808] [main/TRACE] [net.neoforged.fml.loading.moddiscovery.locators.JarInJarDependencyLocator/]: Failed to load resource META-INF\jarjar\metadata.json from ftb-ultimine-neoforge-2101.1.12.jar, it does not contain dependency information.
[29Dec2025 03:42:17.809] [main/TRACE] [net.neoforged.fml.loading.moddiscovery.locators.JarInJarDependencyLocator/]: Failed to load resource META-INF\jarjar\metadata.json from YungsBetterStrongholds-1.21.1-NeoForge-5.1.3.jar, it does not contain dependency information.
[29Dec2025 03:42:17.809] [main/TRACE] [net.neoforged.fml.loading.moddiscovery.locators.JarInJarDependencyLocator/]: Failed to load resource META-INF\jarjar\metadata.json from mifa-neoforge-1.21.x-2.1.0.jar, it does not contain dependency information.
[29Dec2025 03:42:17.809] [main/TRACE] [net.neoforged.fml.loading.moddiscovery.locators.JarInJarDependencyLocator/]: Failed to load resource META-INF\jarjar\metadata.json from chromacarvings-1.21.1-0.2.0.jar, it does not contain dependency information.
[29Dec2025 03:42:17.809] [main/TRACE] [net.neoforged.fml.loading.moddiscovery.locators.JarInJarDependencyLocator/]: Failed to load resource META-INF\jarjar\metadata.json from MekanismTools-1.21.1-10.7.17.83.jar, it does not contain dependency information.
[29Dec2025 03:42:17.809] [main/TRACE] [net.neoforged.fml.loading.moddiscovery.locators.JarInJarDependencyLocator/]: Failed to load resource META-INF\jarjar\metadata.json from deeperdarker-neoforge-1.21.1-1.3.5.jar, it does not contain dependency information.
[29Dec2025 03:42:17.809] [main/TRACE] [net.neoforged.fml.loading.moddiscovery.locators.JarInJarDependencyLocator/]: Failed to load resource META-INF\jarjar\metadata.json from architectury-13.0.8-neoforge.jar, it does not contain dependency information.
[29Dec2025 03:42:17.809] [main/TRACE] [net.neoforged.fml.loading.moddiscovery.locators.JarInJarDependencyLocator/]: Failed to load resource META-INF\jarjar\metadata.json from ExtremeReactors2-1.21.1-2.4.26.jar, it does not contain dependency information.
[29Dec2025 03:42:17.809] [main/TRACE] [net.neoforged.fml.loading.moddiscovery.locators.JarInJarDependencyLocator/]: Failed to load resource META-INF\jarjar\metadata.json from refurbished_furniture-neoforge-1.21.1-1.0.20.jar, it does not contain dependency information.
[29Dec2025 03:42:17.809] [main/TRACE] [net.neoforged.fml.loading.moddiscovery.locators.JarInJarDependencyLocator/]: Failed to load resource META-INF\jarjar\metadata.json from trashcans-1.0.18c-neoforge-mc1.21.jar, it does not contain dependency information.
[29Dec2025 03:42:17.809] [main/TRACE] [net.neoforged.fml.loading.moddiscovery.locators.JarInJarDependencyLocator/]: Failed to load resource META-INF\jarjar\metadata.json from moogs_structures-1.1.0-1.21-1.21.1-neoforge.jar, it does not contain dependency information.
[29Dec2025 03:42:17.809] [main/TRACE] [net.neoforged.fml.loading.moddiscovery.locators.JarInJarDependencyLocator/]: Failed to load resource META-INF\jarjar\metadata.json from justdirethings-1.5.5.jar, it does not contain dependency information.
[29Dec2025 03:42:17.809] [main/TRACE] [net.neoforged.fml.loading.moddiscovery.locators.JarInJarDependencyLocator/]: Failed to load resource META-INF\jarjar\metadata.json from polylib-2100.1.0-build.183-neoforge.jar, it does not contain dependency information.
[29Dec2025 03:42:17.809] [main/TRACE] [net.neoforged.fml.loading.moddiscovery.locators.JarInJarDependencyLocator/]: Failed to load resource META-INF\jarjar\metadata.json from t_and_t-neoforge-fabric-1.13.7+1.21.1.jar, it does not contain dependency information.
[29Dec2025 03:42:17.809] [main/TRACE] [net.neoforged.fml.loading.moddiscovery.locators.JarInJarDependencyLocator/]: Failed to load resource META-INF\jarjar\metadata.json from merrymaking-1.21.1-13.jar, it does not contain dependency information.
[29Dec2025 03:42:17.809] [main/TRACE] [net.neoforged.fml.loading.moddiscovery.locators.JarInJarDependencyLocator/]: Failed to load resource META-INF\jarjar\metadata.json from yeetusexperimentus-neoforge-87.0.0.jar, it does not contain dependency information.
[29Dec2025 03:42:17.809] [main/TRACE] [net.neoforged.fml.loading.moddiscovery.locators.JarInJarDependencyLocator/]: Failed to load resource META-INF\jarjar\metadata.json from bibliowoods-1.21.1-1.6.0.jar, it does not contain dependency information.
[29Dec2025 03:42:17.809] [main/TRACE] [net.neoforged.fml.loading.moddiscovery.locators.JarInJarDependencyLocator/]: Failed to load resource META-INF\jarjar\metadata.json from bibliobiomes-1.21.1-1.6.0.jar, it does not contain dependency information.
[29Dec2025 03:42:17.809] [main/TRACE] [net.neoforged.fml.loading.moddiscovery.locators.JarInJarDependencyLocator/]: Failed to load resource META-INF\jarjar\metadata.json from irons_jewelry-1.21.1-1.5.3.jar, it does not contain dependency information.
[29Dec2025 03:42:17.809] [main/TRACE] [net.neoforged.fml.loading.moddiscovery.locators.JarInJarDependencyLocator/]: Failed to load resource META-INF\jarjar\metadata.json from ftbquestslangsplitter-1.0.5.jar, it does not contain dependency information.
[29Dec2025 03:42:17.809] [main/TRACE] [net.neoforged.fml.loading.moddiscovery.locators.JarInJarDependencyLocator/]: Failed to load resource META-INF\jarjar\metadata.json from villagesandpillages-neoforge-mc1.21.1-1.0.3.jar, it does not contain dependency information.
[29Dec2025 03:42:17.809] [main/TRACE] [net.neoforged.fml.loading.moddiscovery.locators.JarInJarDependencyLocator/]: Failed to load resource META-INF\jarjar\metadata.json from rhino-2101.2.7-build.81.jar, it does not contain dependency information.
[29Dec2025 03:42:17.809] [main/TRACE] [net.neoforged.fml.loading.moddiscovery.locators.JarInJarDependencyLocator/]: Failed to load resource META-INF\jarjar\metadata.json from RootsClassic-1.21.1-1.5.6.jar, it does not contain dependency information.
[29Dec2025 03:42:17.809] [main/TRACE] [net.neoforged.fml.loading.moddiscovery.locators.JarInJarDependencyLocator/]: Failed to load resource META-INF\jarjar\metadata.json from Cucumber-1.21.1-8.0.15.jar, it does not contain dependency information.
[29Dec2025 03:42:17.809] [main/TRACE] [net.neoforged.fml.loading.moddiscovery.locators.JarInJarDependencyLocator/]: Failed to load resource META-INF\jarjar\metadata.json from trashslot-neoforge-1.21.1-21.1.4.jar, it does not contain dependency information.
[29Dec2025 03:42:17.809] [main/TRACE] [net.neoforged.fml.loading.moddiscovery.locators.JarInJarDependencyLocator/]: Failed to load resource META-INF\jarjar\metadata.json from amendments-1.21-2.0.9-neoforge.jar, it does not contain dependency information.
[29Dec2025 03:42:17.809] [main/TRACE] [net.neoforged.fml.loading.moddiscovery.locators.JarInJarDependencyLocator/]: Failed to load resource META-INF\jarjar\metadata.json from blueflame-1.21.1-1.1.1.jar, it does not contain dependency information.
[29Dec2025 03:42:17.809] [main/TRACE] [net.neoforged.fml.loading.moddiscovery.locators.JarInJarDependencyLocator/]: Failed to load resource META-INF\jarjar\metadata.json from sophisticatedstorage-1.21.1-1.5.16.1369.jar, it does not contain dependency information.
[29Dec2025 03:42:17.809] [main/TRACE] [net.neoforged.fml.loading.moddiscovery.locators.JarInJarDependencyLocator/]: Failed to load resource META-INF\jarjar\metadata.json from MoogsSoaringStructures-1.21-2.0.0.jar, it does not contain dependency information.
[29Dec2025 03:42:17.809] [main/TRACE] [net.neoforged.fml.loading.moddiscovery.locators.JarInJarDependencyLocator/]: Failed to load resource META-INF\jarjar\metadata.json from allthewizardgear-1.21.1-1.1.11.jar, it does not contain dependency information.
[29Dec2025 03:42:17.809] [main/TRACE] [net.neoforged.fml.loading.moddiscovery.locators.JarInJarDependencyLocator/]: Failed to load resource META-INF\jarjar\metadata.json from industrialization_overdrive-1.10.7+1.21.1.jar, it does not contain dependency information.
[29Dec2025 03:42:17.809] [main/TRACE] [net.neoforged.fml.loading.moddiscovery.locators.JarInJarDependencyLocator/]: Failed to load resource META-INF\jarjar\metadata.json from waystones-neoforge-1.21.1-21.1.24.jar, it does not contain dependency information.
[29Dec2025 03:42:17.809] [main/TRACE] [net.neoforged.fml.loading.moddiscovery.locators.JarInJarDependencyLocator/]: Failed to load resource META-INF\jarjar\metadata.json from Structory_1.21.x_v1.3.12.jar, it does not contain dependency information.
[29Dec2025 03:42:17.809] [main/TRACE] [net.neoforged.fml.loading.moddiscovery.locators.JarInJarDependencyLocator/]: Failed to load resource META-INF\jarjar\metadata.json from FastSuite-1.21.1-6.0.5.jar, it does not contain dependency information.
[29Dec2025 03:42:17.809] [main/TRACE] [net.neoforged.fml.loading.moddiscovery.locators.JarInJarDependencyLocator/]: Failed to load resource META-INF\jarjar\metadata.json from DimStorage-1.21.1-9.1.0.jar, it does not contain dependency information.
[29Dec2025 03:42:17.809] [main/TRACE] [net.neoforged.fml.loading.moddiscovery.locators.JarInJarDependencyLocator/]: Failed to load resource META-INF\jarjar\metadata.json from DungeonCrawl-NeoForge-1.21-2.3.15.jar, it does not contain dependency information.
[29Dec2025 03:42:17.809] [main/TRACE] [net.neoforged.fml.loading.moddiscovery.locators.JarInJarDependencyLocator/]: Failed to load resource META-INF\jarjar\metadata.json from charginggadgets-1.14.1.jar, it does not contain dependency information.
[29Dec2025 03:42:17.809] [main/TRACE] [net.neoforged.fml.loading.moddiscovery.locators.JarInJarDependencyLocator/]: Failed to load resource META-INF\jarjar\metadata.json from cobblegengalore-1.21.1-0.2.8.jar, it does not contain dependency information.
[29Dec2025 03:42:17.809] [main/TRACE] [net.neoforged.fml.loading.moddiscovery.locators.JarInJarDependencyLocator/]: Failed to load resource META-INF\jarjar\metadata.json from xycraft_override-0.7.53.jar, it does not contain dependency information.
[29Dec2025 03:42:17.809] [main/TRACE] [net.neoforged.fml.loading.moddiscovery.locators.JarInJarDependencyLocator/]: Failed to load resource META-INF\jarjar\metadata.json from mcjtylib-1.21-9.0.19.jar, it does not contain dependency information.
[29Dec2025 03:42:17.809] [main/TRACE] [net.neoforged.fml.loading.moddiscovery.locators.JarInJarDependencyLocator/]: Failed to load resource META-INF\jarjar\metadata.json from YungsBetterDesertTemples-1.21.1-NeoForge-4.1.5.jar, it does not contain dependency information.
[29Dec2025 03:42:17.809] [main/TRACE] [net.neoforged.fml.loading.moddiscovery.locators.JarInJarDependencyLocator/]: Failed to load resource META-INF\jarjar\metadata.json from guideme-21.1.15.jar, it does not contain dependency information.
[29Dec2025 03:42:17.809] [main/TRACE] [net.neoforged.fml.loading.moddiscovery.locators.JarInJarDependencyLocator/]: Failed to load resource META-INF\jarjar\metadata.json from ScalableCatsForce-NeoForge-3.7.1-build-11-with-library.jar, it does not contain dependency information.
[29Dec2025 03:42:17.809] [main/TRACE] [net.neoforged.fml.loading.moddiscovery.locators.JarInJarDependencyLocator/]: Failed to load resource META-INF\jarjar\metadata.json from mahoutsukai-1.21.1-v1.36.20.jar, it does not contain dependency information.
[29Dec2025 03:42:17.809] [main/TRACE] [net.neoforged.fml.loading.moddiscovery.locators.JarInJarDependencyLocator/]: Failed to load resource META-INF\jarjar\metadata.json from EnderStorage-1.21.1-2.13.0.191.jar, it does not contain dependency information.
[29Dec2025 03:42:17.809] [main/TRACE] [net.neoforged.fml.loading.moddiscovery.locators.JarInJarDependencyLocator/]: Failed to load resource META-INF\jarjar\metadata.json from factory_blocks-neoforge-1.4.0+mc1.21.1.jar, it does not contain dependency information.
[29Dec2025 03:42:17.809] [main/TRACE] [net.neoforged.fml.loading.moddiscovery.locators.JarInJarDependencyLocator/]: Failed to load resource META-INF\jarjar\metadata.json from interdimensionalwirelesstransmitter-neoforge-1.21.1-0.1.5.jar, it does not contain dependency information.
[29Dec2025 03:42:17.809] [main/TRACE] [net.neoforged.fml.loading.moddiscovery.locators.JarInJarDependencyLocator/]: Failed to load resource META-INF\jarjar\metadata.json from rftoolsutility-1.21-7.0.10.jar, it does not contain dependency information.
[29Dec2025 03:42:17.809] [main/TRACE] [net.neoforged.fml.loading.moddiscovery.locators.JarInJarDependencyLocator/]: Failed to load resource META-INF\jarjar\metadata.json from enchdesc-neoforge-1.21.1-21.1.9.jar, it does not contain dependency information.
[29Dec2025 03:42:17.809] [main/TRACE] [net.neoforged.fml.loading.moddiscovery.locators.JarInJarDependencyLocator/]: Failed to load resource META-INF\jarjar\metadata.json from moonlight-1.21-2.26.8-neoforge.jar, it does not contain dependency information.
[29Dec2025 03:42:17.809] [main/TRACE] [net.neoforged.fml.loading.moddiscovery.locators.JarInJarDependencyLocator/]: Failed to load resource META-INF\jarjar\metadata.json from CloudGlass-1.21.1-1.0.1.jar, it does not contain dependency information.
[29Dec2025 03:42:17.809] [main/TRACE] [net.neoforged.fml.loading.moddiscovery.locators.JarInJarDependencyLocator/]: Failed to load resource META-INF\jarjar\metadata.json from ToolBelt-1.21.1-2.2.7.jar, it does not contain dependency information.
[29Dec2025 03:42:17.809] [main/TRACE] [net.neoforged.fml.loading.moddiscovery.locators.JarInJarDependencyLocator/]: Failed to load resource META-INF\jarjar\metadata.json from titanium-1.21-4.0.40.jar, it does not contain dependency information.
[29Dec2025 03:42:17.809] [main/TRACE] [net.neoforged.fml.loading.moddiscovery.locators.JarInJarDependencyLocator/]: Failed to load resource META-INF\jarjar\metadata.json from regions_unexplored-neoforge-1.21.1-0.5.6.1.jar, it does not contain dependency information.
[29Dec2025 03:42:17.809] [main/TRACE] [net.neoforged.fml.loading.moddiscovery.locators.JarInJarDependencyLocator/]: Failed to load resource META-INF\jarjar\metadata.json from silent-lib-1.21.1-neoforge-10.5.1.jar, it does not contain dependency information.
[29Dec2025 03:42:17.809] [main/TRACE] [net.neoforged.fml.loading.moddiscovery.locators.JarInJarDependencyLocator/]: Failed to load resource META-INF\jarjar\metadata.json from Jade-1.21.1-NeoForge-15.10.3.jar, it does not contain dependency information.
[29Dec2025 03:42:17.809] [main/TRACE] [net.neoforged.fml.loading.moddiscovery.locators.JarInJarDependencyLocator/]: Failed to load resource META-INF\jarjar\metadata.json from forbidden_arcanus-2.6.1.jar, it does not contain dependency information.
[29Dec2025 03:42:17.809] [main/TRACE] [net.neoforged.fml.loading.moddiscovery.locators.JarInJarDependencyLocator/]: Failed to load resource META-INF\jarjar\metadata.json from theurgy-1.21.1-neoforge-1.68.0.jar, it does not contain dependency information.
[29Dec2025 03:42:17.809] [main/TRACE] [net.neoforged.fml.loading.moddiscovery.locators.JarInJarDependencyLocator/]: Failed to load resource META-INF\jarjar\metadata.json from stevescarts-1.21-1.2.16-neoforge.jar, it does not contain dependency information.
[29Dec2025 03:42:17.809] [main/TRACE] [net.neoforged.fml.loading.moddiscovery.locators.JarInJarDependencyLocator/]: Failed to load resource META-INF\jarjar\metadata.json from treetap-1.21.1-0.4.5.jar, it does not contain dependency information.
[29Dec2025 03:42:17.809] [main/TRACE] [net.neoforged.fml.loading.moddiscovery.locators.JarInJarDependencyLocator/]: Failed to load resource META-INF\jarjar\metadata.json from Nullscape_1.21.x_v1.2.14.jar, it does not contain dependency information.
[29Dec2025 03:42:17.809] [main/TRACE] [net.neoforged.fml.loading.moddiscovery.locators.JarInJarDependencyLocator/]: Failed to load resource META-INF\jarjar\metadata.json from cryonicconfig-neoforge-1.0.0+mc1.21.10.jar, it does not contain dependency information.
[29Dec2025 03:42:17.809] [main/TRACE] [net.neoforged.fml.loading.moddiscovery.locators.JarInJarDependencyLocator/]: Failed to load resource META-INF\jarjar\metadata.json from MoogsVoyagerStructures-1.21-5.0.2.jar, it does not contain dependency information.
[29Dec2025 03:42:17.809] [main/TRACE] [net.neoforged.fml.loading.moddiscovery.locators.JarInJarDependencyLocator/]: Failed to load resource META-INF\jarjar\metadata.json from chisel-neoforge-2.0.0+mc1.21.1.jar, it does not contain dependency information.
[29Dec2025 03:42:17.809] [main/TRACE] [net.neoforged.fml.loading.moddiscovery.locators.JarInJarDependencyLocator/]: Failed to load resource META-INF\jarjar\metadata.json from solcarrot-1.21.1-1.16.5.jar, it does not contain dependency information.
[29Dec2025 03:42:17.809] [main/TRACE] [net.neoforged.fml.loading.moddiscovery.locators.JarInJarDependencyLocator/]: Failed to load resource META-INF\jarjar\metadata.json from moredragoneggs-5.0.jar, it does not contain dependency information.
[29Dec2025 03:42:17.809] [main/TRACE] [net.neoforged.fml.loading.moddiscovery.locators.JarInJarDependencyLocator/]: Failed to load resource META-INF\jarjar\metadata.json from Applied-Mekanistics-1.6.3.jar, it does not contain dependency information.
[29Dec2025 03:42:17.809] [main/TRACE] [net.neoforged.fml.loading.moddiscovery.locators.JarInJarDependencyLocator/]: Failed to load resource META-INF\jarjar\metadata.json from xtonesreworked-1.1.1-1.21.1.jar, it does not contain dependency information.
[29Dec2025 03:42:17.809] [main/TRACE] [net.neoforged.fml.loading.moddiscovery.locators.JarInJarDependencyLocator/]: Failed to load resource META-INF\jarjar\metadata.json from shiny-1.21.1-1.2.5.jar, it does not contain dependency information.
[29Dec2025 03:42:17.809] [main/TRACE] [net.neoforged.fml.loading.moddiscovery.locators.JarInJarDependencyLocator/]: Failed to load resource META-INF\jarjar\metadata.json from sophisticatedstorageinmotion-1.21.1-0.10.24.155.jar, it does not contain dependency information.
[29Dec2025 03:42:17.809] [main/TRACE] [net.neoforged.fml.loading.moddiscovery.locators.JarInJarDependencyLocator/]: Failed to load resource META-INF\jarjar\metadata.json from crash_assistant-neoforge.jar, it does not contain dependency information.
[29Dec2025 03:42:17.847] [main/DEBUG] [net.neoforged.fml.loading.moddiscovery.readers.JarModsDotTomlModFileReader/SCAN]: Found META-INF/MANIFEST.MF mod of type GAMELIBRARY: 
[29Dec2025 03:42:17.853] [main/DEBUG] [net.neoforged.fml.loading.moddiscovery.readers.JarModsDotTomlModFileReader/SCAN]: Found META-INF/neoforge.mods.toml mod of type null: 
[29Dec2025 03:42:17.853] [main/DEBUG] [net.neoforged.fml.loading.moddiscovery.ModFileParser/LOADING]: Considering mod file candidate 
[29Dec2025 03:42:17.854] [main/DEBUG] [net.neoforged.fml.loading.moddiscovery.ModFileInfo/LOADING]: Found valid mod file ae2wtlib_api-19.2.3.jar with {ae2wtlib_api} mods - versions {19.2.3}
[29Dec2025 03:42:17.857] [main/DEBUG] [net.neoforged.fml.loading.moddiscovery.readers.JarModsDotTomlModFileReader/SCAN]: Found META-INF/neoforge.mods.toml mod of type null: 
[29Dec2025 03:42:17.857] [main/DEBUG] [net.neoforged.fml.loading.moddiscovery.ModFileParser/LOADING]: Considering mod file candidate 
[29Dec2025 03:42:17.857] [main/DEBUG] [net.neoforged.fml.loading.moddiscovery.ModFileInfo/LOADING]: Found valid mod file journeymap-api-neoforge-2.0.0-1.21.1-SNAPSHOT.jar with {journeymap_api} mods - versions {2.0.0}
[29Dec2025 03:42:17.857] [main/DEBUG] [net.neoforged.fml.loading.moddiscovery.readers.JarModsDotTomlModFileReader/SCAN]: Found META-INF/neoforge.mods.toml mod of type null: 
[29Dec2025 03:42:17.857] [main/DEBUG] [net.neoforged.fml.loading.moddiscovery.ModFileParser/LOADING]: Considering mod file candidate 
[29Dec2025 03:42:17.857] [main/DEBUG] [net.neoforged.fml.loading.moddiscovery.ModFileInfo/LOADING]: Found valid mod file common-networking-neoforge-1.0.18-1.21.1.jar with {commonnetworking} mods - versions {1.0.18-1.21.1}
[29Dec2025 03:42:17.866] [main/DEBUG] [net.neoforged.fml.loading.moddiscovery.readers.JarModsDotTomlModFileReader/SCAN]: Found META-INF/neoforge.mods.toml mod of type null: 
[29Dec2025 03:42:17.866] [main/DEBUG] [net.neoforged.fml.loading.moddiscovery.ModFileParser/LOADING]: Considering mod file candidate 
[29Dec2025 03:42:17.866] [main/DEBUG] [net.neoforged.fml.loading.moddiscovery.ModFileInfo/LOADING]: Found valid mod file flywheel-neoforge-1.21.1-1.0.5.jar with {flywheel} mods - versions {1.0.5}
[29Dec2025 03:42:17.873] [main/DEBUG] [net.neoforged.fml.loading.moddiscovery.readers.JarModsDotTomlModFileReader/SCAN]: Found META-INF/neoforge.mods.toml mod of type null: 
[29Dec2025 03:42:17.873] [main/DEBUG] [net.neoforged.fml.loading.moddiscovery.ModFileParser/LOADING]: Considering mod file candidate 
[29Dec2025 03:42:17.874] [main/DEBUG] [net.neoforged.fml.loading.moddiscovery.ModFileInfo/LOADING]: Found valid mod file Ponder-NeoForge-1.21.1-1.0.64.jar with {ponder} mods - versions {1.0.64}
[29Dec2025 03:42:17.875] [main/DEBUG] [net.neoforged.fml.loading.moddiscovery.readers.JarModsDotTomlModFileReader/SCAN]: Found META-INF/neoforge.mods.toml mod of type null: 
[29Dec2025 03:42:17.875] [main/DEBUG] [net.neoforged.fml.loading.moddiscovery.ModFileParser/LOADING]: Considering mod file candidate 
[29Dec2025 03:42:17.875] [main/DEBUG] [net.neoforged.fml.loading.moddiscovery.ModFileInfo/LOADING]: Found valid mod file nuggets-neoforge-1.21-1.0.10.41.jar with {nuggets} mods - versions {1.0.10.41}
[29Dec2025 03:42:17.877] [main/DEBUG] [net.neoforged.fml.loading.moddiscovery.readers.JarModsDotTomlModFileReader/SCAN]: Found META-INF/neoforge.mods.toml mod of type null: 
[29Dec2025 03:42:17.877] [main/DEBUG] [net.neoforged.fml.loading.moddiscovery.ModFileParser/LOADING]: Considering mod file candidate 
[29Dec2025 03:42:17.877] [main/DEBUG] [net.neoforged.fml.loading.moddiscovery.ModFileInfo/LOADING]: Found valid mod file lambdynamiclights-api-4.5.1+1.21.1-mojmap.jar with {lambdynlights_api} mods - versions {4.5.1+1.21.1}
[29Dec2025 03:42:17.879] [main/DEBUG] [net.neoforged.fml.loading.moddiscovery.readers.JarModsDotTomlModFileReader/SCAN]: Found META-INF/neoforge.mods.toml mod of type null: 
[29Dec2025 03:42:17.879] [main/DEBUG] [net.neoforged.fml.loading.moddiscovery.ModFileParser/LOADING]: Considering mod file candidate 
[29Dec2025 03:42:17.879] [main/DEBUG] [net.neoforged.fml.loading.moddiscovery.ModFileInfo/LOADING]: Found valid mod file productivelib-1.21.0-0.1.26.jar with {productivelib} mods - versions {1.21.0-0.1.26}
[29Dec2025 03:42:17.880] [main/DEBUG] [net.neoforged.fml.loading.moddiscovery.readers.JarModsDotTomlModFileReader/SCAN]: Found META-INF/MANIFEST.MF mod of type GAMELIBRARY: 
[29Dec2025 03:42:17.881] [main/DEBUG] [net.neoforged.fml.loading.moddiscovery.readers.JarModsDotTomlModFileReader/SCAN]: Found META-INF/MANIFEST.MF mod of type GAMELIBRARY: 
[29Dec2025 03:42:17.881] [main/DEBUG] [net.neoforged.fml.loading.moddiscovery.readers.JarModsDotTomlModFileReader/SCAN]: Found META-INF/MANIFEST.MF mod of type GAMELIBRARY: 
[29Dec2025 03:42:17.882] [main/DEBUG] [net.neoforged.fml.loading.moddiscovery.readers.JarModsDotTomlModFileReader/SCAN]: Found META-INF/MANIFEST.MF mod of type GAMELIBRARY: 
[29Dec2025 03:42:17.883] [main/DEBUG] [net.neoforged.fml.loading.moddiscovery.readers.JarModsDotTomlModFileReader/SCAN]: Found META-INF/MANIFEST.MF mod of type GAMELIBRARY: 
[29Dec2025 03:42:17.883] [main/DEBUG] [net.neoforged.fml.loading.moddiscovery.readers.JarModsDotTomlModFileReader/SCAN]: Found META-INF/MANIFEST.MF mod of type GAMELIBRARY: 
[29Dec2025 03:42:17.885] [main/DEBUG] [net.neoforged.fml.loading.moddiscovery.readers.JarModsDotTomlModFileReader/SCAN]: Found META-INF/neoforge.mods.toml mod of type null: 
[29Dec2025 03:42:17.885] [main/DEBUG] [net.neoforged.fml.loading.moddiscovery.ModFileParser/LOADING]: Considering mod file candidate 
[29Dec2025 03:42:17.885] [main/DEBUG] [net.neoforged.fml.loading.moddiscovery.ModFileInfo/LOADING]: Found valid mod file sauce-1.21.1-0.0.13.42.jar with {sauce} mods - versions {0.0.13.42}
[29Dec2025 03:42:17.887] [main/DEBUG] [net.neoforged.fml.loading.moddiscovery.readers.JarModsDotTomlModFileReader/SCAN]: Found META-INF/neoforge.mods.toml mod of type null: 
[29Dec2025 03:42:17.887] [main/DEBUG] [net.neoforged.fml.loading.moddiscovery.ModFileParser/LOADING]: Considering mod file candidate 
[29Dec2025 03:42:17.887] [main/DEBUG] [net.neoforged.fml.loading.moddiscovery.ModFileInfo/LOADING]: Found valid mod file sauce-1.21.1-0.0.12.39.jar with {sauce} mods - versions {0.0.12.39}
[29Dec2025 03:42:17.889] [main/DEBUG] [net.neoforged.fml.loading.moddiscovery.readers.JarModsDotTomlModFileReader/SCAN]: Found META-INF/neoforge.mods.toml mod of type null: 
[29Dec2025 03:42:17.889] [main/DEBUG] [net.neoforged.fml.loading.moddiscovery.ModFileParser/LOADING]: Considering mod file candidate 
[29Dec2025 03:42:17.889] [main/DEBUG] [net.neoforged.fml.loading.moddiscovery.ModFileInfo/LOADING]: Found valid mod file fabric-api-base-0.4.42+d1308dedd1.jar with {fabric_api_base} mods - versions {0.4.42+d1308dedd1}
[29Dec2025 03:42:17.891] [main/DEBUG] [net.neoforged.fml.loading.moddiscovery.readers.JarModsDotTomlModFileReader/SCAN]: Found META-INF/neoforge.mods.toml mod of type null: 
[29Dec2025 03:42:17.891] [main/DEBUG] [net.neoforged.fml.loading.moddiscovery.ModFileParser/LOADING]: Considering mod file candidate 
[29Dec2025 03:42:17.892] [main/DEBUG] [net.neoforged.fml.loading.moddiscovery.ModFileInfo/LOADING]: Found valid mod file kuma-api-neoforge-21.0.7+1.21.jar with {kuma_api} mods - versions {21.0.7}
[29Dec2025 03:42:17.892] [main/DEBUG] [net.neoforged.fml.loading.moddiscovery.readers.JarModsDotTomlModFileReader/SCAN]: Found META-INF/MANIFEST.MF mod of type GAMELIBRARY: 
[29Dec2025 03:42:17.899] [main/DEBUG] [net.neoforged.fml.loading.moddiscovery.readers.JarModsDotTomlModFileReader/SCAN]: Found META-INF/MANIFEST.MF mod of type GAMELIBRARY: 
[29Dec2025 03:42:17.899] [main/DEBUG] [net.neoforged.fml.loading.moddiscovery.readers.JarModsDotTomlModFileReader/SCAN]: Found META-INF/MANIFEST.MF mod of type LIBRARY: 
[29Dec2025 03:42:17.901] [main/DEBUG] [net.neoforged.fml.loading.moddiscovery.readers.JarModsDotTomlModFileReader/SCAN]: Found META-INF/neoforge.mods.toml mod of type null: 
[29Dec2025 03:42:17.901] [main/DEBUG] [net.neoforged.fml.loading.moddiscovery.ModFileParser/LOADING]: Considering mod file candidate 
[29Dec2025 03:42:17.901] [main/DEBUG] [net.neoforged.fml.loading.moddiscovery.ModFileInfo/LOADING]: Found valid mod file spectrelib-neoforge-0.17.2+1.21.jar with {spectrelib} mods - versions {0.17.2+1.21}
[29Dec2025 03:42:17.902] [main/DEBUG] [net.neoforged.fml.loading.moddiscovery.readers.JarModsDotTomlModFileReader/SCAN]: Found META-INF/neoforge.mods.toml mod of type null: 
[29Dec2025 03:42:17.902] [main/DEBUG] [net.neoforged.fml.loading.moddiscovery.ModFileParser/LOADING]: Considering mod file candidate 
[29Dec2025 03:42:17.902] [main/DEBUG] [net.neoforged.fml.loading.moddiscovery.ModFileInfo/LOADING]: Found valid mod file infiniverse-1.21-2.0.1.0.jar with {infiniverse} mods - versions {2.0.1.0}
[29Dec2025 03:42:17.904] [main/DEBUG] [net.neoforged.fml.loading.moddiscovery.readers.JarModsDotTomlModFileReader/SCAN]: Found META-INF/MANIFEST.MF mod of type GAMELIBRARY: 
[29Dec2025 03:42:17.904] [main/DEBUG] [net.neoforged.fml.loading.moddiscovery.readers.JarModsDotTomlModFileReader/SCAN]: Found META-INF/MANIFEST.MF mod of type GAMELIBRARY: 
[29Dec2025 03:42:17.911] [main/DEBUG] [net.neoforged.fml.loading.moddiscovery.readers.JarModsDotTomlModFileReader/SCAN]: Found META-INF/MANIFEST.MF mod of type GAMELIBRARY: 
[29Dec2025 03:42:17.913] [main/DEBUG] [net.neoforged.fml.loading.moddiscovery.readers.JarModsDotTomlModFileReader/SCAN]: Found META-INF/MANIFEST.MF mod of type GAMELIBRARY: 
[29Dec2025 03:42:17.924] [main/DEBUG] [net.neoforged.fml.loading.moddiscovery.readers.JarModsDotTomlModFileReader/SCAN]: Found META-INF/neoforge.mods.toml mod of type null: 
[29Dec2025 03:42:17.924] [main/DEBUG] [net.neoforged.fml.loading.moddiscovery.ModFileParser/LOADING]: Considering mod file candidate 
[29Dec2025 03:42:17.924] [main/DEBUG] [net.neoforged.fml.loading.moddiscovery.ModFileInfo/LOADING]: Found valid mod file resourcefullibkt-neoforge-1.21-2.0.2.jar with {resourcefullibkt} mods - versions {2.0.2}
[29Dec2025 03:42:17.925] [main/DEBUG] [net.neoforged.fml.loading.moddiscovery.readers.JarModsDotTomlModFileReader/SCAN]: Found META-INF/neoforge.mods.toml mod of type null: 
[29Dec2025 03:42:17.925] [main/DEBUG] [net.neoforged.fml.loading.moddiscovery.ModFileParser/LOADING]: Considering mod file candidate 
[29Dec2025 03:42:17.925] [main/DEBUG] [net.neoforged.fml.loading.moddiscovery.ModFileInfo/LOADING]: Found valid mod file common-storage-lib-data-neoforge-1.21.1-0.0.7.jar with {common_storage_lib_data} mods - versions {0.0.7}
[29Dec2025 03:42:17.927] [main/DEBUG] [net.neoforged.fml.loading.moddiscovery.readers.JarModsDotTomlModFileReader/SCAN]: Found META-INF/neoforge.mods.toml mod of type null: 
[29Dec2025 03:42:17.927] [main/DEBUG] [net.neoforged.fml.loading.moddiscovery.ModFileParser/LOADING]: Considering mod file candidate 
[29Dec2025 03:42:17.927] [main/DEBUG] [net.neoforged.fml.loading.moddiscovery.ModFileInfo/LOADING]: Found valid mod file olympus-neoforge-1.21-1.0.18.jar with {olympus} mods - versions {1.0.18}
[29Dec2025 03:42:17.935] [main/DEBUG] [net.neoforged.fml.loading.moddiscovery.readers.JarModsDotTomlModFileReader/SCAN]: Found META-INF/MANIFEST.MF mod of type GAMELIBRARY: 
[29Dec2025 03:42:17.935] [main/DEBUG] [net.neoforged.fml.loading.moddiscovery.readers.JarModsDotTomlModFileReader/SCAN]: Found META-INF/MANIFEST.MF mod of type LIBRARY: 
[29Dec2025 03:42:17.936] [main/DEBUG] [net.neoforged.fml.loading.moddiscovery.readers.JarModsDotTomlModFileReader/SCAN]: Found META-INF/neoforge.mods.toml mod of type null: 
[29Dec2025 03:42:17.936] [main/DEBUG] [net.neoforged.fml.loading.moddiscovery.ModFileParser/LOADING]: Considering mod file candidate 
[29Dec2025 03:42:17.936] [main/DEBUG] [net.neoforged.fml.loading.moddiscovery.ModFileInfo/LOADING]: Found valid mod file expandability-neoforge-12.0.0.jar with {expandability} mods - versions {12.0.0}
[29Dec2025 03:42:18.047] [main/DEBUG] [net.neoforged.fml.loading.moddiscovery.readers.JarModsDotTomlModFileReader/SCAN]: Found META-INF/neoforge.mods.toml mod of type null: 
[29Dec2025 03:42:18.047] [main/DEBUG] [net.neoforged.fml.loading.moddiscovery.ModFileParser/LOADING]: Considering mod file candidate 
[29Dec2025 03:42:18.048] [main/DEBUG] [net.neoforged.fml.loading.moddiscovery.ModFileInfo/LOADING]: Found valid mod file GrandPower-3.0.2.jar with {grandpower} mods - versions {3.0.2}
[29Dec2025 03:42:18.049] [main/DEBUG] [net.neoforged.fml.loading.moddiscovery.readers.JarModsDotTomlModFileReader/SCAN]: Found META-INF/neoforge.mods.toml mod of type null: 
[29Dec2025 03:42:18.049] [main/DEBUG] [net.neoforged.fml.loading.moddiscovery.ModFileParser/LOADING]: Considering mod file candidate 
[29Dec2025 03:42:18.050] [main/DEBUG] [net.neoforged.fml.loading.moddiscovery.ModFileInfo/LOADING]: Found valid mod file cumulus_menus-1.21.1-2.0.7-neoforge.jar with {cumulus_menus} mods - versions {2.0.7}
[29Dec2025 03:42:18.053] [main/DEBUG] [net.neoforged.fml.loading.moddiscovery.readers.JarModsDotTomlModFileReader/SCAN]: Found META-INF/neoforge.mods.toml mod of type null: 
[29Dec2025 03:42:18.053] [main/DEBUG] [net.neoforged.fml.loading.moddiscovery.ModFileParser/LOADING]: Considering mod file candidate 
[29Dec2025 03:42:18.053] [main/DEBUG] [net.neoforged.fml.loading.moddiscovery.ModFileInfo/LOADING]: Found valid mod file nitrogen_internals-1.21.1-1.1.25-neoforge.jar with {nitrogen_internals} mods - versions {1.1.25}
[29Dec2025 03:42:18.062] [main/DEBUG] [net.neoforged.fml.loading.moddiscovery.readers.JarModsDotTomlModFileReader/SCAN]: Found META-INF/neoforge.mods.toml mod of type null: 
[29Dec2025 03:42:18.062] [main/DEBUG] [net.neoforged.fml.loading.moddiscovery.ModFileParser/LOADING]: Considering mod file candidate 
[29Dec2025 03:42:18.062] [main/DEBUG] [net.neoforged.fml.loading.moddiscovery.ModFileInfo/LOADING]: Found valid mod file accessories-neoforge-1.1.0-beta.48+1.21.1.jar with {accessories} mods - versions {1.1.0-beta.48+1.21.1}
[29Dec2025 03:42:18.063] [main/DEBUG] [net.neoforged.fml.loading.moddiscovery.readers.JarModsDotTomlModFileReader/SCAN]: Found META-INF/neoforge.mods.toml mod of type null: 
[29Dec2025 03:42:18.063] [main/DEBUG] [net.neoforged.fml.loading.moddiscovery.ModFileParser/LOADING]: Considering mod file candidate 
[29Dec2025 03:42:18.064] [main/DEBUG] [net.neoforged.fml.loading.moddiscovery.ModFileInfo/LOADING]: Found valid mod file de.mari_023.ae2wtlib_api-19.3.0.jar with {ae2wtlib_api} mods - versions {19.3.0}
[29Dec2025 03:42:18.067] [main/DEBUG] [net.neoforged.fml.loading.moddiscovery.readers.JarModsDotTomlModFileReader/SCAN]: Found META-INF/MANIFEST.MF mod of type GAMELIBRARY: 
[29Dec2025 03:42:18.067] [main/DEBUG] [net.neoforged.fml.loading.moddiscovery.readers.JarModsDotTomlModFileReader/SCAN]: Found META-INF/neoforge.mods.toml mod of type null: 
[29Dec2025 03:42:18.067] [main/DEBUG] [net.neoforged.fml.loading.moddiscovery.ModFileParser/LOADING]: Considering mod file candidate 
[29Dec2025 03:42:18.068] [main/DEBUG] [net.neoforged.fml.loading.moddiscovery.ModFileInfo/LOADING]: Found valid mod file GrandPower-3.0.0.jar with {grandpower} mods - versions {3.0.0}
[29Dec2025 03:42:18.069] [main/DEBUG] [net.neoforged.fml.loading.moddiscovery.readers.JarModsDotTomlModFileReader/SCAN]: Found META-INF/neoforge.mods.toml mod of type null: 
[29Dec2025 03:42:18.069] [main/DEBUG] [net.neoforged.fml.loading.moddiscovery.ModFileParser/LOADING]: Considering mod file candidate 
[29Dec2025 03:42:18.069] [main/DEBUG] [net.neoforged.fml.loading.moddiscovery.ModFileInfo/LOADING]: Found valid mod file sauce-1.21.1-0.0.4.15.jar with {sauce} mods - versions {0.0.4.15}
[29Dec2025 03:42:18.076] [main/DEBUG] [net.neoforged.fml.loading.moddiscovery.readers.JarModsDotTomlModFileReader/SCAN]: Found META-INF/MANIFEST.MF mod of type GAMELIBRARY: 
[29Dec2025 03:42:18.077] [main/DEBUG] [net.neoforged.fml.loading.moddiscovery.readers.JarModsDotTomlModFileReader/SCAN]: Found META-INF/neoforge.mods.toml mod of type null: 
[29Dec2025 03:42:18.077] [main/DEBUG] [net.neoforged.fml.loading.moddiscovery.ModFileParser/LOADING]: Considering mod file candidate 
[29Dec2025 03:42:18.077] [main/DEBUG] [net.neoforged.fml.loading.moddiscovery.ModFileInfo/LOADING]: Found valid mod file sauce-1.21.1-0.0.7.24.jar with {sauce} mods - versions {0.0.7.24}
[29Dec2025 03:42:18.078] [main/DEBUG] [net.neoforged.fml.loading.moddiscovery.readers.JarModsDotTomlModFileReader/SCAN]: Found META-INF/neoforge.mods.toml mod of type null: 
[29Dec2025 03:42:18.078] [main/DEBUG] [net.neoforged.fml.loading.moddiscovery.ModFileParser/LOADING]: Considering mod file candidate 
[29Dec2025 03:42:18.078] [main/DEBUG] [net.neoforged.fml.loading.moddiscovery.ModFileInfo/LOADING]: Found valid mod file AdditionalEntityAttributes-2.0.0+1.21.1-neoforge.jar with {additionalentityattributes} mods - versions {2.0.0+1.21.1}
[29Dec2025 03:42:18.082] [main/DEBUG] [net.neoforged.fml.loading.moddiscovery.readers.JarModsDotTomlModFileReader/SCAN]: Found META-INF/neoforge.mods.toml mod of type null: 
[29Dec2025 03:42:18.082] [main/DEBUG] [net.neoforged.fml.loading.moddiscovery.ModFileParser/LOADING]: Considering mod file candidate 
[29Dec2025 03:42:18.082] [main/DEBUG] [net.neoforged.fml.loading.moddiscovery.ModFileInfo/LOADING]: Found valid mod file conditional-mixin-neoforge-0.6.4.jar with {conditional_mixin} mods - versions {0.6.4}
[29Dec2025 03:42:18.143] [main/DEBUG] [net.neoforged.fml.loading.moddiscovery.readers.JarModsDotTomlModFileReader/SCAN]: Found META-INF/MANIFEST.MF mod of type LIBRARY: 
[29Dec2025 03:42:18.144] [main/DEBUG] [net.neoforged.fml.loading.moddiscovery.readers.JarModsDotTomlModFileReader/SCAN]: Found META-INF/MANIFEST.MF mod of type GAMELIBRARY: 
[29Dec2025 03:42:18.144] [main/DEBUG] [net.neoforged.fml.loading.moddiscovery.readers.JarModsDotTomlModFileReader/SCAN]: Found META-INF/neoforge.mods.toml mod of type null: 
[29Dec2025 03:42:18.144] [main/DEBUG] [net.neoforged.fml.loading.moddiscovery.ModFileParser/LOADING]: Considering mod file candidate 
[29Dec2025 03:42:18.144] [main/DEBUG] [net.neoforged.fml.loading.moddiscovery.ModFileInfo/LOADING]: Found valid mod file thedarkcolour.kffmod-5.10.0.jar with {kotlinforforge} mods - versions {5.10.0}
[29Dec2025 03:42:18.153] [main/DEBUG] [net.neoforged.fml.loading.moddiscovery.readers.JarModsDotTomlModFileReader/SCAN]: Found META-INF/neoforge.mods.toml mod of type null: 
[29Dec2025 03:42:18.153] [main/DEBUG] [net.neoforged.fml.loading.moddiscovery.ModFileParser/LOADING]: Considering mod file candidate 
[29Dec2025 03:42:18.153] [main/DEBUG] [net.neoforged.fml.loading.moddiscovery.ModFileInfo/LOADING]: Found valid mod file productivelib-1.21.0-0.1.28.jar with {productivelib} mods - versions {1.21.0-0.1.28}
[29Dec2025 03:42:18.154] [main/DEBUG] [net.neoforged.fml.loading.moddiscovery.readers.JarModsDotTomlModFileReader/SCAN]: Found META-INF/neoforge.mods.toml mod of type null: 
[29Dec2025 03:42:18.154] [main/DEBUG] [net.neoforged.fml.loading.moddiscovery.ModFileParser/LOADING]: Considering mod file candidate 
[29Dec2025 03:42:18.154] [main/DEBUG] [net.neoforged.fml.loading.moddiscovery.ModFileInfo/LOADING]: Found valid mod file productivelib-1.21.0-0.1.28.jar with {productivelib} mods - versions {1.21.0-0.1.28}
[29Dec2025 03:42:18.162] [main/DEBUG] [net.neoforged.fml.loading.moddiscovery.readers.JarModsDotTomlModFileReader/SCAN]: Found META-INF/neoforge.mods.toml mod of type null: 
[29Dec2025 03:42:18.162] [main/DEBUG] [net.neoforged.fml.loading.moddiscovery.ModFileParser/LOADING]: Considering mod file candidate 
[29Dec2025 03:42:18.162] [main/DEBUG] [net.neoforged.fml.loading.moddiscovery.ModFileInfo/LOADING]: Found valid mod file flywheel-neoforge-1.21.1-1.0.4-30.jar with {flywheel} mods - versions {1.0.4-30}
[29Dec2025 03:42:18.170] [main/DEBUG] [net.neoforged.fml.loading.moddiscovery.readers.JarModsDotTomlModFileReader/SCAN]: Found META-INF/neoforge.mods.toml mod of type null: 
[29Dec2025 03:42:18.170] [main/DEBUG] [net.neoforged.fml.loading.moddiscovery.ModFileParser/LOADING]: Considering mod file candidate 
[29Dec2025 03:42:18.170] [main/DEBUG] [net.neoforged.fml.loading.moddiscovery.ModFileInfo/LOADING]: Found valid mod file Ponder-NeoForge-1.21.1-1.0.64.jar with {ponder} mods - versions {1.0.64}
[29Dec2025 03:42:18.171] [main/DEBUG] [net.neoforged.fml.loading.moddiscovery.readers.JarModsDotTomlModFileReader/SCAN]: Found META-INF/neoforge.mods.toml mod of type null: 
[29Dec2025 03:42:18.171] [main/DEBUG] [net.neoforged.fml.loading.moddiscovery.ModFileParser/LOADING]: Considering mod file candidate 
[29Dec2025 03:42:18.171] [main/DEBUG] [net.neoforged.fml.loading.moddiscovery.ModFileInfo/LOADING]: Found valid mod file ae2wtlib_api-19.2.0.jar with {ae2wtlib_api} mods - versions {19.2.0}
[29Dec2025 03:42:18.178] [main/DEBUG] [net.neoforged.fml.loading.moddiscovery.readers.JarModsDotTomlModFileReader/SCAN]: Found META-INF/neoforge.mods.toml mod of type null: 
[29Dec2025 03:42:18.178] [main/DEBUG] [net.neoforged.fml.loading.moddiscovery.ModFileParser/LOADING]: Considering mod file candidate 
[29Dec2025 03:42:18.178] [main/DEBUG] [net.neoforged.fml.loading.moddiscovery.ModFileInfo/LOADING]: Found valid mod file TRender-1.0.8-1.21.1-neoforge-SNAPSHOT.jar with {trender} mods - versions {1.0.8}
[29Dec2025 03:42:18.179] [main/DEBUG] [net.neoforged.fml.loading.moddiscovery.readers.JarModsDotTomlModFileReader/SCAN]: Found META-INF/neoforge.mods.toml mod of type null: 
[29Dec2025 03:42:18.179] [main/DEBUG] [net.neoforged.fml.loading.moddiscovery.ModFileParser/LOADING]: Considering mod file candidate 
[29Dec2025 03:42:18.179] [main/DEBUG] [net.neoforged.fml.loading.moddiscovery.ModFileInfo/LOADING]: Found valid mod file TRansition-1.0.7-1.21.1-neoforge-SNAPSHOT.jar with {transition} mods - versions {1.0.7}
[29Dec2025 03:42:18.190] [main/DEBUG] [net.neoforged.fml.loading.moddiscovery.readers.JarModsDotTomlModFileReader/SCAN]: Found META-INF/neoforge.mods.toml mod of type null: 
[29Dec2025 03:42:18.190] [main/DEBUG] [net.neoforged.fml.loading.moddiscovery.ModFileParser/LOADING]: Considering mod file candidate 
[29Dec2025 03:42:18.190] [main/DEBUG] [net.neoforged.fml.loading.moddiscovery.ModFileInfo/LOADING]: Found valid mod file architectury-neoforge-13.0.8.jar with {architectury} mods - versions {13.0.8}
[29Dec2025 03:42:18.192] [main/DEBUG] [net.neoforged.fml.loading.moddiscovery.readers.JarModsDotTomlModFileReader/SCAN]: Found META-INF/neoforge.mods.toml mod of type null: 
[29Dec2025 03:42:18.192] [main/DEBUG] [net.neoforged.fml.loading.moddiscovery.ModFileParser/LOADING]: Considering mod file candidate 
[29Dec2025 03:42:18.192] [main/DEBUG] [net.neoforged.fml.loading.moddiscovery.ModFileInfo/LOADING]: Found valid mod file modder_name_lib-1.21.1-neoforge-2025.10.21.jar with {modder_name_lib} mods - versions {2025.10.21}
[29Dec2025 03:42:18.192] [main/DEBUG] [net.neoforged.fml.loading.moddiscovery.readers.JarModsDotTomlModFileReader/SCAN]: Found META-INF/MANIFEST.MF mod of type LIBRARY: 
[29Dec2025 03:42:18.193] [main/DEBUG] [net.neoforged.fml.loading.moddiscovery.readers.JarModsDotTomlModFileReader/SCAN]: Found META-INF/MANIFEST.MF mod of type GAMELIBRARY: 
[29Dec2025 03:42:18.195] [main/DEBUG] [net.neoforged.fml.loading.moddiscovery.readers.JarModsDotTomlModFileReader/SCAN]: Found META-INF/neoforge.mods.toml mod of type null: 
[29Dec2025 03:42:18.195] [main/DEBUG] [net.neoforged.fml.loading.moddiscovery.ModFileParser/LOADING]: Considering mod file candidate 
[29Dec2025 03:42:18.195] [main/DEBUG] [net.neoforged.fml.loading.moddiscovery.ModFileInfo/LOADING]: Found valid mod file athena-neoforge-1.21-4.0.0.jar with {athena} mods - versions {4.0.0}
[29Dec2025 03:42:18.199] [main/DEBUG] [net.neoforged.fml.loading.moddiscovery.readers.JarModsDotTomlModFileReader/SCAN]: Found META-INF/neoforge.mods.toml mod of type null: 
[29Dec2025 03:42:18.199] [main/DEBUG] [net.neoforged.fml.loading.moddiscovery.ModFileParser/LOADING]: Considering mod file candidate 
[29Dec2025 03:42:18.199] [main/DEBUG] [net.neoforged.fml.loading.moddiscovery.ModFileInfo/LOADING]: Found valid mod file resourcefullib-neoforge-1.21-3.0.11.jar with {resourcefullib} mods - versions {3.0.11}
[29Dec2025 03:42:18.203] [main/DEBUG] [net.neoforged.fml.loading.moddiscovery.readers.JarModsDotTomlModFileReader/SCAN]: Found META-INF/neoforge.mods.toml mod of type null: 
[29Dec2025 03:42:18.203] [main/DEBUG] [net.neoforged.fml.loading.moddiscovery.ModFileParser/LOADING]: Considering mod file candidate 
[29Dec2025 03:42:18.203] [main/DEBUG] [net.neoforged.fml.loading.moddiscovery.ModFileInfo/LOADING]: Found valid mod file com.enderio.enderio-armory-8.0.7-alpha.jar with {enderio_armory} mods - versions {8.0.7-alpha}
[29Dec2025 03:42:18.225] [main/DEBUG] [net.neoforged.fml.loading.moddiscovery.readers.JarModsDotTomlModFileReader/SCAN]: Found META-INF/neoforge.mods.toml mod of type null: 
[29Dec2025 03:42:18.225] [main/DEBUG] [net.neoforged.fml.loading.moddiscovery.ModFileParser/LOADING]: Considering mod file candidate 
[29Dec2025 03:42:18.226] [main/DEBUG] [net.neoforged.fml.loading.moddiscovery.ModFileInfo/LOADING]: Found valid mod file com.enderio.enderio-base-8.0.7-alpha.jar with {enderio_base} mods - versions {8.0.7-alpha}
[29Dec2025 03:42:18.231] [main/DEBUG] [net.neoforged.fml.loading.moddiscovery.readers.JarModsDotTomlModFileReader/SCAN]: Found META-INF/neoforge.mods.toml mod of type null: 
[29Dec2025 03:42:18.231] [main/DEBUG] [net.neoforged.fml.loading.moddiscovery.ModFileParser/LOADING]: Considering mod file candidate 
[29Dec2025 03:42:18.232] [main/DEBUG] [net.neoforged.fml.loading.moddiscovery.ModFileInfo/LOADING]: Found valid mod file com.enderio.enderio-conduits-8.0.7-alpha.jar with {enderio_conduits} mods - versions {8.0.7-alpha}
[29Dec2025 03:42:18.233] [main/DEBUG] [net.neoforged.fml.loading.moddiscovery.readers.JarModsDotTomlModFileReader/SCAN]: Found META-INF/neoforge.mods.toml mod of type null: 
[29Dec2025 03:42:18.233] [main/DEBUG] [net.neoforged.fml.loading.moddiscovery.ModFileParser/LOADING]: Considering mod file candidate 
[29Dec2025 03:42:18.234] [main/DEBUG] [net.neoforged.fml.loading.moddiscovery.ModFileInfo/LOADING]: Found valid mod file com.enderio.enderio-conduits-modded-8.0.7-alpha.jar with {enderio_conduits_modded} mods - versions {8.0.7-alpha}
[29Dec2025 03:42:18.247] [main/DEBUG] [net.neoforged.fml.loading.moddiscovery.readers.JarModsDotTomlModFileReader/SCAN]: Found META-INF/neoforge.mods.toml mod of type null: 
[29Dec2025 03:42:18.247] [main/DEBUG] [net.neoforged.fml.loading.moddiscovery.ModFileParser/LOADING]: Considering mod file candidate 
[29Dec2025 03:42:18.247] [main/DEBUG] [net.neoforged.fml.loading.moddiscovery.ModFileInfo/LOADING]: Found valid mod file com.enderio.enderio-machines-8.0.7-alpha.jar with {enderio_machines} mods - versions {8.0.7-alpha}
[29Dec2025 03:42:18.253] [main/DEBUG] [net.neoforged.fml.loading.moddiscovery.readers.JarModsDotTomlModFileReader/SCAN]: Found META-INF/MANIFEST.MF mod of type GAMELIBRARY: 
[29Dec2025 03:42:18.254] [main/DEBUG] [net.neoforged.fml.loading.moddiscovery.readers.JarModsDotTomlModFileReader/SCAN]: Found META-INF/MANIFEST.MF mod of type GAMELIBRARY: 
[29Dec2025 03:42:18.262] [main/DEBUG] [net.neoforged.fml.loading.moddiscovery.readers.JarModsDotTomlModFileReader/SCAN]: Found META-INF/neoforge.mods.toml mod of type null: 
[29Dec2025 03:42:18.262] [main/DEBUG] [net.neoforged.fml.loading.moddiscovery.ModFileParser/LOADING]: Considering mod file candidate 
[29Dec2025 03:42:18.262] [main/DEBUG] [net.neoforged.fml.loading.moddiscovery.ModFileInfo/LOADING]: Found valid mod file flywheel-neoforge-1.21.1-1.0.5.jar with {flywheel} mods - versions {1.0.5}
[29Dec2025 03:42:18.270] [main/DEBUG] [net.neoforged.fml.loading.moddiscovery.readers.JarModsDotTomlModFileReader/SCAN]: Found META-INF/neoforge.mods.toml mod of type null: 
[29Dec2025 03:42:18.270] [main/DEBUG] [net.neoforged.fml.loading.moddiscovery.ModFileParser/LOADING]: Considering mod file candidate 
[29Dec2025 03:42:18.270] [main/DEBUG] [net.neoforged.fml.loading.moddiscovery.ModFileInfo/LOADING]: Found valid mod file Ponder-NeoForge-1.21.1-1.0.64.jar with {ponder} mods - versions {1.0.64}
[29Dec2025 03:42:18.275] [main/DEBUG] [net.neoforged.fml.loading.moddiscovery.readers.JarModsDotTomlModFileReader/SCAN]: Found META-INF/neoforge.mods.toml mod of type null: 
[29Dec2025 03:42:18.275] [main/DEBUG] [net.neoforged.fml.loading.moddiscovery.ModFileParser/LOADING]: Considering mod file candidate 
[29Dec2025 03:42:18.275] [main/DEBUG] [net.neoforged.fml.loading.moddiscovery.ModFileInfo/LOADING]: Found valid mod file GrandPower-3.0.2.jar with {grandpower} mods - versions {3.0.2}
[29Dec2025 03:42:18.276] [main/DEBUG] [net.neoforged.fml.loading.moddiscovery.readers.JarModsDotTomlModFileReader/SCAN]: Found META-INF/neoforge.mods.toml mod of type null: 
[29Dec2025 03:42:18.276] [main/DEBUG] [net.neoforged.fml.loading.moddiscovery.ModFileParser/LOADING]: Considering mod file candidate 
[29Dec2025 03:42:18.276] [main/DEBUG] [net.neoforged.fml.loading.moddiscovery.ModFileInfo/LOADING]: Found valid mod file ae2wtlib_api-19.2.5.jar with {ae2wtlib_api} mods - versions {19.2.5}
[29Dec2025 03:42:18.278] [main/DEBUG] [net.neoforged.fml.loading.moddiscovery.readers.JarModsDotTomlModFileReader/SCAN]: Found META-INF/neoforge.mods.toml mod of type null: 
[29Dec2025 03:42:18.278] [main/DEBUG] [net.neoforged.fml.loading.moddiscovery.ModFileParser/LOADING]: Considering mod file candidate 
[29Dec2025 03:42:18.278] [main/DEBUG] [net.neoforged.fml.loading.moddiscovery.ModFileInfo/LOADING]: Found valid mod file ae2addonlib-1.0.3-1.21.1.jar with {ae2addonlib} mods - versions {1.0.3-1.21.1}
[29Dec2025 03:42:18.278] [main/DEBUG] [net.neoforged.fml.loading.moddiscovery.readers.JarModsDotTomlModFileReader/SCAN]: Found META-INF/neoforge.mods.toml mod of type null: 
[29Dec2025 03:42:18.278] [main/DEBUG] [net.neoforged.fml.loading.moddiscovery.ModFileParser/LOADING]: Considering mod file candidate 
[29Dec2025 03:42:18.278] [main/DEBUG] [net.neoforged.fml.loading.moddiscovery.ModFileInfo/LOADING]: Found valid mod file omegaconfig-neoforge-1.5.1.jar with {omegaconfig} mods - versions {1.5.1}
[29Dec2025 03:42:18.280] [main/TRACE] [net.neoforged.fml.loading.moddiscovery.locators.JarInJarDependencyLocator/]: Failed to load resource META-INF\jarjar\metadata.json from commonmark-0.26.0.jar, it does not contain dependency information.
[29Dec2025 03:42:18.280] [main/TRACE] [net.neoforged.fml.loading.moddiscovery.locators.JarInJarDependencyLocator/]: Failed to load resource META-INF\jarjar\metadata.json from commonmark-ext-gfm-strikethrough-0.26.0.jar, it does not contain dependency information.
[29Dec2025 03:42:18.280] [main/TRACE] [net.neoforged.fml.loading.moddiscovery.locators.JarInJarDependencyLocator/]: Failed to load resource META-INF\jarjar\metadata.json from commonmark-ext-ins-0.26.0.jar, it does not contain dependency information.
[29Dec2025 03:42:18.280] [main/TRACE] [net.neoforged.fml.loading.moddiscovery.locators.JarInJarDependencyLocator/]: Failed to load resource META-INF\jarjar\metadata.json from ae2wtlib_api-19.2.3.jar, it does not contain dependency information.
[29Dec2025 03:42:18.280] [main/TRACE] [net.neoforged.fml.loading.moddiscovery.locators.JarInJarDependencyLocator/]: Failed to load resource META-INF\jarjar\metadata.json from pngj-2.1.0.jar, it does not contain dependency information.
[29Dec2025 03:42:18.280] [main/TRACE] [net.neoforged.fml.loading.moddiscovery.locators.JarInJarDependencyLocator/]: Failed to load resource META-INF\jarjar\metadata.json from journeymap-api-neoforge-2.0.0-1.21.1-SNAPSHOT.jar, it does not contain dependency information.
[29Dec2025 03:42:18.280] [main/TRACE] [net.neoforged.fml.loading.moddiscovery.locators.JarInJarDependencyLocator/]: Failed to load resource META-INF\jarjar\metadata.json from common-networking-neoforge-1.0.18-1.21.1.jar, it does not contain dependency information.
[29Dec2025 03:42:18.280] [main/TRACE] [net.neoforged.fml.loading.moddiscovery.locators.JarInJarDependencyLocator/]: Failed to load resource META-INF\jarjar\metadata.json from resourceful-cosmetics-4j-1.0.3.jar, it does not contain dependency information.
[29Dec2025 03:42:18.280] [main/TRACE] [net.neoforged.fml.loading.moddiscovery.locators.JarInJarDependencyLocator/]: Failed to load resource META-INF\jarjar\metadata.json from flywheel-neoforge-1.21.1-1.0.5.jar, it does not contain dependency information.
[29Dec2025 03:42:18.280] [main/TRACE] [net.neoforged.fml.loading.moddiscovery.locators.JarInJarDependencyLocator/]: Failed to load resource META-INF\jarjar\metadata.json from Ponder-NeoForge-1.21.1-1.0.64.jar, it does not contain dependency information.
[29Dec2025 03:42:18.280] [main/TRACE] [net.neoforged.fml.loading.moddiscovery.locators.JarInJarDependencyLocator/]: Failed to load resource META-INF\jarjar\metadata.json from nuggets-neoforge-1.21-1.0.10.41.jar, it does not contain dependency information.
[29Dec2025 03:42:18.280] [main/DEBUG] [net.neoforged.fml.loading.moddiscovery.readers.JarModsDotTomlModFileReader/SCAN]: Found META-INF/MANIFEST.MF mod of type LIBRARY: 
[29Dec2025 03:42:18.281] [main/DEBUG] [net.neoforged.fml.loading.moddiscovery.readers.JarModsDotTomlModFileReader/SCAN]: Found META-INF/MANIFEST.MF mod of type LIBRARY: 
[29Dec2025 03:42:18.282] [main/DEBUG] [net.neoforged.fml.loading.moddiscovery.readers.JarModsDotTomlModFileReader/SCAN]: Found META-INF/MANIFEST.MF mod of type LIBRARY: 
[29Dec2025 03:42:18.282] [main/TRACE] [net.neoforged.fml.loading.moddiscovery.locators.JarInJarDependencyLocator/]: Failed to load resource META-INF\jarjar\metadata.json from productivelib-1.21.0-0.1.26.jar, it does not contain dependency information.
[29Dec2025 03:42:18.282] [main/TRACE] [net.neoforged.fml.loading.moddiscovery.locators.JarInJarDependencyLocator/]: Failed to load resource META-INF\jarjar\metadata.json from jnanoid-2.0.0.jar, it does not contain dependency information.
[29Dec2025 03:42:18.282] [main/TRACE] [net.neoforged.fml.loading.moddiscovery.locators.JarInJarDependencyLocator/]: Failed to load resource META-INF\jarjar\metadata.json from dev.compactmods.compactmachines.core-api-7.0.68.jar, it does not contain dependency information.
[29Dec2025 03:42:18.282] [main/TRACE] [net.neoforged.fml.loading.moddiscovery.locators.JarInJarDependencyLocator/]: Failed to load resource META-INF\jarjar\metadata.json from core-0.2.31.jar, it does not contain dependency information.
[29Dec2025 03:42:18.282] [main/TRACE] [net.neoforged.fml.loading.moddiscovery.locators.JarInJarDependencyLocator/]: Failed to load resource META-INF\jarjar\metadata.json from levels-0.2.31.jar, it does not contain dependency information.
[29Dec2025 03:42:18.282] [main/TRACE] [net.neoforged.fml.loading.moddiscovery.locators.JarInJarDependencyLocator/]: Failed to load resource META-INF\jarjar\metadata.json from rendering-0.2.31.jar, it does not contain dependency information.
[29Dec2025 03:42:18.282] [main/TRACE] [net.neoforged.fml.loading.moddiscovery.locators.JarInJarDependencyLocator/]: Failed to load resource META-INF\jarjar\metadata.json from ui-0.2.31.jar, it does not contain dependency information.
[29Dec2025 03:42:18.282] [main/TRACE] [net.neoforged.fml.loading.moddiscovery.locators.JarInJarDependencyLocator/]: Failed to load resource META-INF\jarjar\metadata.json from feather-0.1.8.jar, it does not contain dependency information.
[29Dec2025 03:42:18.282] [main/TRACE] [net.neoforged.fml.loading.moddiscovery.locators.JarInJarDependencyLocator/]: Failed to load resource META-INF\jarjar\metadata.json from spatial-0.2.1.jar, it does not contain dependency information.
[29Dec2025 03:42:18.282] [main/TRACE] [net.neoforged.fml.loading.moddiscovery.locators.JarInJarDependencyLocator/]: Failed to load resource META-INF\jarjar\metadata.json from sauce-1.21.1-0.0.13.42.jar, it does not contain dependency information.
[29Dec2025 03:42:18.282] [main/TRACE] [net.neoforged.fml.loading.moddiscovery.locators.JarInJarDependencyLocator/]: Failed to load resource META-INF\jarjar\metadata.json from sauce-1.21.1-0.0.12.39.jar, it does not contain dependency information.
[29Dec2025 03:42:18.282] [main/TRACE] [net.neoforged.fml.loading.moddiscovery.locators.JarInJarDependencyLocator/]: Failed to load resource META-INF\jarjar\metadata.json from endec-0.1.8.1.jar, it does not contain dependency information.
[29Dec2025 03:42:18.282] [main/TRACE] [net.neoforged.fml.loading.moddiscovery.locators.JarInJarDependencyLocator/]: Failed to load resource META-INF\jarjar\metadata.json from fabric-api-base-0.4.42+d1308dedd1.jar, it does not contain dependency information.
[29Dec2025 03:42:18.282] [main/TRACE] [net.neoforged.fml.loading.moddiscovery.locators.JarInJarDependencyLocator/]: Failed to load resource META-INF\jarjar\metadata.json from gson-0.1.5.1.jar, it does not contain dependency information.
[29Dec2025 03:42:18.282] [main/TRACE] [net.neoforged.fml.loading.moddiscovery.locators.JarInJarDependencyLocator/]: Failed to load resource META-INF\jarjar\metadata.json from jankson-0.1.5.1.jar, it does not contain dependency information.
[29Dec2025 03:42:18.282] [main/TRACE] [net.neoforged.fml.loading.moddiscovery.locators.JarInJarDependencyLocator/]: Failed to load resource META-INF\jarjar\metadata.json from jankson-1.2.2.jar, it does not contain dependency information.
[29Dec2025 03:42:18.282] [main/TRACE] [net.neoforged.fml.loading.moddiscovery.locators.JarInJarDependencyLocator/]: Failed to load resource META-INF\jarjar\metadata.json from netty-0.1.4.1.jar, it does not contain dependency information.
[29Dec2025 03:42:18.282] [main/TRACE] [net.neoforged.fml.loading.moddiscovery.locators.JarInJarDependencyLocator/]: Failed to load resource META-INF\jarjar\metadata.json from kuma-api-neoforge-21.0.7+1.21.jar, it does not contain dependency information.
[29Dec2025 03:42:18.283] [main/TRACE] [net.neoforged.fml.loading.moddiscovery.locators.JarInJarDependencyLocator/]: Failed to load resource META-INF\jarjar\metadata.json from mixinextras-neoforge-0.5.0.jar, it does not contain dependency information.
[29Dec2025 03:42:18.283] [main/TRACE] [net.neoforged.fml.loading.moddiscovery.locators.JarInJarDependencyLocator/]: Failed to load resource META-INF\jarjar\metadata.json from s.tf-asm-4.7.3196.jar, it does not contain dependency information.
[29Dec2025 03:42:18.283] [main/TRACE] [net.neoforged.fml.loading.moddiscovery.locators.JarInJarDependencyLocator/]: Failed to load resource META-INF\jarjar\metadata.json from spectrelib-neoforge-0.17.2+1.21.jar, it does not contain dependency information.
[29Dec2025 03:42:18.283] [main/TRACE] [net.neoforged.fml.loading.moddiscovery.locators.JarInJarDependencyLocator/]: Failed to load resource META-INF\jarjar\metadata.json from infiniverse-1.21-2.0.1.0.jar, it does not contain dependency information.
[29Dec2025 03:42:18.283] [main/TRACE] [net.neoforged.fml.loading.moddiscovery.locators.JarInJarDependencyLocator/]: Failed to load resource META-INF\jarjar\metadata.json from mixinextras-neoforge-0.3.5.jar, it does not contain dependency information.
[29Dec2025 03:42:18.284] [main/TRACE] [net.neoforged.fml.loading.moddiscovery.locators.JarInJarDependencyLocator/]: Failed to load resource META-INF\jarjar\metadata.json from mixinextras-neoforge-0.5.0.jar, it does not contain dependency information.
[29Dec2025 03:42:18.284] [main/TRACE] [net.neoforged.fml.loading.moddiscovery.locators.JarInJarDependencyLocator/]: Failed to load resource META-INF\jarjar\metadata.json from animated-gif-lib-for-java-animated-gif-lib-1.7.jar, it does not contain dependency information.
[29Dec2025 03:42:18.284] [main/TRACE] [net.neoforged.fml.loading.moddiscovery.locators.JarInJarDependencyLocator/]: Failed to load resource META-INF\jarjar\metadata.json from tiny-java-server-1.0.0-build.33.jar, it does not contain dependency information.
[29Dec2025 03:42:18.285] [main/TRACE] [net.neoforged.fml.loading.moddiscovery.locators.JarInJarDependencyLocator/]: Failed to load resource META-INF\jarjar\metadata.json from jgrapht-core-1.4.0.jar, it does not contain dependency information.
[29Dec2025 03:42:18.285] [main/TRACE] [net.neoforged.fml.loading.moddiscovery.locators.JarInJarDependencyLocator/]: Failed to load resource META-INF\jarjar\metadata.json from jgrapht-ext-1.4.0.jar, it does not contain dependency information.
[29Dec2025 03:42:18.285] [main/TRACE] [net.neoforged.fml.loading.moddiscovery.locators.JarInJarDependencyLocator/]: Failed to load resource META-INF\jarjar\metadata.json from resourcefullibkt-neoforge-1.21-2.0.2.jar, it does not contain dependency information.
[29Dec2025 03:42:18.285] [main/TRACE] [net.neoforged.fml.loading.moddiscovery.locators.JarInJarDependencyLocator/]: Failed to load resource META-INF\jarjar\metadata.json from common-storage-lib-data-neoforge-1.21.1-0.0.7.jar, it does not contain dependency information.
[29Dec2025 03:42:18.285] [main/TRACE] [net.neoforged.fml.loading.moddiscovery.locators.JarInJarDependencyLocator/]: Failed to load resource META-INF\jarjar\metadata.json from olympus-neoforge-1.21-1.0.18.jar, it does not contain dependency information.
[29Dec2025 03:42:18.285] [main/TRACE] [net.neoforged.fml.loading.moddiscovery.locators.JarInJarDependencyLocator/]: Failed to load resource META-INF\jarjar\metadata.json from Reflect-1.3.4.jar, it does not contain dependency information.
[29Dec2025 03:42:18.285] [main/TRACE] [net.neoforged.fml.loading.moddiscovery.locators.JarInJarDependencyLocator/]: Failed to load resource META-INF\jarjar\metadata.json from mixinextras-neoforge-0.5.0.jar, it does not contain dependency information.
[29Dec2025 03:42:18.285] [main/TRACE] [net.neoforged.fml.loading.moddiscovery.locators.JarInJarDependencyLocator/]: Failed to load resource META-INF\jarjar\metadata.json from net.neoforged.neoforge-coremods-21.1.215.jar, it does not contain dependency information.
[29Dec2025 03:42:18.285] [main/TRACE] [net.neoforged.fml.loading.moddiscovery.locators.JarInJarDependencyLocator/]: Failed to load resource META-INF\jarjar\metadata.json from expandability-neoforge-12.0.0.jar, it does not contain dependency information.
[29Dec2025 03:42:18.285] [main/TRACE] [net.neoforged.fml.loading.moddiscovery.locators.JarInJarDependencyLocator/]: Failed to load resource META-INF\jarjar\metadata.json from api-0.31.1.jar, it does not contain dependency information.
[29Dec2025 03:42:18.285] [main/TRACE] [net.neoforged.fml.loading.moddiscovery.locators.JarInJarDependencyLocator/]: Failed to load resource META-INF\jarjar\metadata.json from endec-0.1.8.jar, it does not contain dependency information.
[29Dec2025 03:42:18.285] [main/TRACE] [net.neoforged.fml.loading.moddiscovery.locators.JarInJarDependencyLocator/]: Failed to load resource META-INF\jarjar\metadata.json from exp4j-0.4.8.jar, it does not contain dependency information.
[29Dec2025 03:42:18.285] [main/TRACE] [net.neoforged.fml.loading.moddiscovery.locators.JarInJarDependencyLocator/]: Failed to load resource META-INF\jarjar\metadata.json from gson-0.1.5.jar, it does not contain dependency information.
[29Dec2025 03:42:18.285] [main/TRACE] [net.neoforged.fml.loading.moddiscovery.locators.JarInJarDependencyLocator/]: Failed to load resource META-INF\jarjar\metadata.json from jankson-0.1.5.jar, it does not contain dependency information.
[29Dec2025 03:42:18.285] [main/TRACE] [net.neoforged.fml.loading.moddiscovery.locators.JarInJarDependencyLocator/]: Failed to load resource META-INF\jarjar\metadata.json from jankson-1.2.2.jar, it does not contain dependency information.
[29Dec2025 03:42:18.285] [main/TRACE] [net.neoforged.fml.loading.moddiscovery.locators.JarInJarDependencyLocator/]: Failed to load resource META-INF\jarjar\metadata.json from jsoup-1.17.2.jar, it does not contain dependency information.
[29Dec2025 03:42:18.285] [main/TRACE] [net.neoforged.fml.loading.moddiscovery.locators.JarInJarDependencyLocator/]: Failed to load resource META-INF\jarjar\metadata.json from langchain4j-1.0.0.jar, it does not contain dependency information.
[29Dec2025 03:42:18.285] [main/TRACE] [net.neoforged.fml.loading.moddiscovery.locators.JarInJarDependencyLocator/]: Failed to load resource META-INF\jarjar\metadata.json from langchain4j-core-1.0.0.jar, it does not contain dependency information.
[29Dec2025 03:42:18.285] [main/TRACE] [net.neoforged.fml.loading.moddiscovery.locators.JarInJarDependencyLocator/]: Failed to load resource META-INF\jarjar\metadata.json from langchain4j-embeddings-1.0.0-beta5.jar, it does not contain dependency information.
[29Dec2025 03:42:18.285] [main/TRACE] [net.neoforged.fml.loading.moddiscovery.locators.JarInJarDependencyLocator/]: Failed to load resource META-INF\jarjar\metadata.json from langchain4j-embeddings-all-minilm-l6-v2-q-1.0.0-beta5.jar, it does not contain dependency information.
[29Dec2025 03:42:18.285] [main/TRACE] [net.neoforged.fml.loading.moddiscovery.locators.JarInJarDependencyLocator/]: Failed to load resource META-INF\jarjar\metadata.json from netty-0.1.4.jar, it does not contain dependency information.
[29Dec2025 03:42:18.285] [main/TRACE] [net.neoforged.fml.loading.moddiscovery.locators.JarInJarDependencyLocator/]: Failed to load resource META-INF\jarjar\metadata.json from onnxruntime-1.20.0.jar, it does not contain dependency information.
[29Dec2025 03:42:18.285] [main/TRACE] [net.neoforged.fml.loading.moddiscovery.locators.JarInJarDependencyLocator/]: Failed to load resource META-INF\jarjar\metadata.json from opennlp-tools-2.5.4.jar, it does not contain dependency information.
[29Dec2025 03:42:18.285] [main/TRACE] [net.neoforged.fml.loading.moddiscovery.locators.JarInJarDependencyLocator/]: Failed to load resource META-INF\jarjar\metadata.json from tokenizers-0.31.1.jar, it does not contain dependency information.
[29Dec2025 03:42:18.285] [main/TRACE] [net.neoforged.fml.loading.moddiscovery.locators.JarInJarDependencyLocator/]: Failed to load resource META-INF\jarjar\metadata.json from GrandPower-3.0.2.jar, it does not contain dependency information.
[29Dec2025 03:42:18.285] [main/TRACE] [net.neoforged.fml.loading.moddiscovery.locators.JarInJarDependencyLocator/]: Failed to load resource META-INF\jarjar\metadata.json from cumulus_menus-1.21.1-2.0.7-neoforge.jar, it does not contain dependency information.
[29Dec2025 03:42:18.285] [main/TRACE] [net.neoforged.fml.loading.moddiscovery.locators.JarInJarDependencyLocator/]: Failed to load resource META-INF\jarjar\metadata.json from nitrogen_internals-1.21.1-1.1.25-neoforge.jar, it does not contain dependency information.
[29Dec2025 03:42:18.285] [main/TRACE] [net.neoforged.fml.loading.moddiscovery.locators.JarInJarDependencyLocator/]: Failed to load resource META-INF\jarjar\metadata.json from accessories-neoforge-1.1.0-beta.48+1.21.1.jar, it does not contain dependency information.
[29Dec2025 03:42:18.285] [main/TRACE] [net.neoforged.fml.loading.moddiscovery.locators.JarInJarDependencyLocator/]: Failed to load resource META-INF\jarjar\metadata.json from de.mari_023.ae2wtlib_api-19.3.0.jar, it does not contain dependency information.
[29Dec2025 03:42:18.285] [main/TRACE] [net.neoforged.fml.loading.moddiscovery.locators.JarInJarDependencyLocator/]: Failed to load resource META-INF\jarjar\metadata.json from yabn-1.0.3.jar, it does not contain dependency information.
[29Dec2025 03:42:18.285] [main/TRACE] [net.neoforged.fml.loading.moddiscovery.locators.JarInJarDependencyLocator/]: Failed to load resource META-INF\jarjar\metadata.json from bytecodecs-1.1.2.jar, it does not contain dependency information.
[29Dec2025 03:42:18.285] [main/TRACE] [net.neoforged.fml.loading.moddiscovery.locators.JarInJarDependencyLocator/]: Failed to load resource META-INF\jarjar\metadata.json from mixinextras-neoforge-0.3.5.jar, it does not contain dependency information.
[29Dec2025 03:42:18.285] [main/TRACE] [net.neoforged.fml.loading.moddiscovery.locators.JarInJarDependencyLocator/]: Failed to load resource META-INF\jarjar\metadata.json from GrandPower-3.0.0.jar, it does not contain dependency information.
[29Dec2025 03:42:18.285] [main/TRACE] [net.neoforged.fml.loading.moddiscovery.locators.JarInJarDependencyLocator/]: Failed to load resource META-INF\jarjar\metadata.json from sauce-1.21.1-0.0.4.15.jar, it does not contain dependency information.
[29Dec2025 03:42:18.285] [main/TRACE] [net.neoforged.fml.loading.moddiscovery.locators.JarInJarDependencyLocator/]: Failed to load resource META-INF\jarjar\metadata.json from Quack-0.4.10.115.jar, it does not contain dependency information.
[29Dec2025 03:42:18.285] [main/TRACE] [net.neoforged.fml.loading.moddiscovery.locators.JarInJarDependencyLocator/]: Failed to load resource META-INF\jarjar\metadata.json from sauce-1.21.1-0.0.7.24.jar, it does not contain dependency information.
[29Dec2025 03:42:18.285] [main/TRACE] [net.neoforged.fml.loading.moddiscovery.locators.JarInJarDependencyLocator/]: Failed to load resource META-INF\jarjar\metadata.json from AdditionalEntityAttributes-2.0.0+1.21.1-neoforge.jar, it does not contain dependency information.
[29Dec2025 03:42:18.285] [main/TRACE] [net.neoforged.fml.loading.moddiscovery.locators.JarInJarDependencyLocator/]: Failed to load resource META-INF\jarjar\metadata.json from streamex-0.8.4.jar, it does not contain dependency information.
[29Dec2025 03:42:18.285] [main/TRACE] [net.neoforged.fml.loading.moddiscovery.locators.JarInJarDependencyLocator/]: Failed to load resource META-INF\jarjar\metadata.json from conditional-mixin-neoforge-0.6.4.jar, it does not contain dependency information.
[29Dec2025 03:42:18.285] [main/TRACE] [net.neoforged.fml.loading.moddiscovery.locators.JarInJarDependencyLocator/]: Failed to load resource META-INF\jarjar\metadata.json from kotlin-reflect-2.2.20.jar, it does not contain dependency information.
[29Dec2025 03:42:18.286] [main/TRACE] [net.neoforged.fml.loading.moddiscovery.locators.JarInJarDependencyLocator/]: Failed to load resource META-INF\jarjar\metadata.json from kotlin-stdlib-2.2.20.jar, it does not contain dependency information.
[29Dec2025 03:42:18.286] [main/TRACE] [net.neoforged.fml.loading.moddiscovery.locators.JarInJarDependencyLocator/]: Failed to load resource META-INF\jarjar\metadata.json from kotlin-stdlib-jdk7-2.2.20.jar, it does not contain dependency information.
[29Dec2025 03:42:18.286] [main/TRACE] [net.neoforged.fml.loading.moddiscovery.locators.JarInJarDependencyLocator/]: Failed to load resource META-INF\jarjar\metadata.json from kotlin-stdlib-jdk8-2.2.20.jar, it does not contain dependency information.
[29Dec2025 03:42:18.286] [main/TRACE] [net.neoforged.fml.loading.moddiscovery.locators.JarInJarDependencyLocator/]: Failed to load resource META-INF\jarjar\metadata.json from kotlinx-coroutines-core-jvm-1.10.2.jar, it does not contain dependency information.
[29Dec2025 03:42:18.286] [main/TRACE] [net.neoforged.fml.loading.moddiscovery.locators.JarInJarDependencyLocator/]: Failed to load resource META-INF\jarjar\metadata.json from kotlinx-coroutines-jdk8-1.10.2.jar, it does not contain dependency information.
[29Dec2025 03:42:18.286] [main/TRACE] [net.neoforged.fml.loading.moddiscovery.locators.JarInJarDependencyLocator/]: Failed to load resource META-INF\jarjar\metadata.json from thedarkcolour.kfflang-5.10.0.jar, it does not contain dependency information.
[29Dec2025 03:42:18.286] [main/TRACE] [net.neoforged.fml.loading.moddiscovery.locators.JarInJarDependencyLocator/]: Failed to load resource META-INF\jarjar\metadata.json from thedarkcolour.kfflib-5.10.0.jar, it does not contain dependency information.
[29Dec2025 03:42:18.286] [main/TRACE] [net.neoforged.fml.loading.moddiscovery.locators.JarInJarDependencyLocator/]: Failed to load resource META-INF\jarjar\metadata.json from thedarkcolour.kffmod-5.10.0.jar, it does not contain dependency information.
[29Dec2025 03:42:18.286] [main/TRACE] [net.neoforged.fml.loading.moddiscovery.locators.JarInJarDependencyLocator/]: Failed to load resource META-INF\jarjar\metadata.json from kotlinx-serialization-core-jvm-1.9.0.jar, it does not contain dependency information.
[29Dec2025 03:42:18.286] [main/TRACE] [net.neoforged.fml.loading.moddiscovery.locators.JarInJarDependencyLocator/]: Failed to load resource META-INF\jarjar\metadata.json from kotlinx-serialization-json-jvm-1.9.0.jar, it does not contain dependency information.
[29Dec2025 03:42:18.286] [main/TRACE] [net.neoforged.fml.loading.moddiscovery.locators.JarInJarDependencyLocator/]: Failed to load resource META-INF\jarjar\metadata.json from productivelib-1.21.0-0.1.28.jar, it does not contain dependency information.
[29Dec2025 03:42:18.286] [main/TRACE] [net.neoforged.fml.loading.moddiscovery.locators.JarInJarDependencyLocator/]: Failed to load resource META-INF\jarjar\metadata.json from productivelib-1.21.0-0.1.28.jar, it does not contain dependency information.
[29Dec2025 03:42:18.286] [main/TRACE] [net.neoforged.fml.loading.moddiscovery.locators.JarInJarDependencyLocator/]: Failed to load resource META-INF\jarjar\metadata.json from flywheel-neoforge-1.21.1-1.0.4-30.jar, it does not contain dependency information.
[29Dec2025 03:42:18.286] [main/TRACE] [net.neoforged.fml.loading.moddiscovery.locators.JarInJarDependencyLocator/]: Failed to load resource META-INF\jarjar\metadata.json from Ponder-NeoForge-1.21.1-1.0.64.jar, it does not contain dependency information.
[29Dec2025 03:42:18.286] [main/TRACE] [net.neoforged.fml.loading.moddiscovery.locators.JarInJarDependencyLocator/]: Failed to load resource META-INF\jarjar\metadata.json from ae2wtlib_api-19.2.0.jar, it does not contain dependency information.
[29Dec2025 03:42:18.286] [main/TRACE] [net.neoforged.fml.loading.moddiscovery.locators.JarInJarDependencyLocator/]: Failed to load resource META-INF\jarjar\metadata.json from snakeyaml-2.2.jar, it does not contain dependency information.
[29Dec2025 03:42:18.286] [main/TRACE] [net.neoforged.fml.loading.moddiscovery.locators.JarInJarDependencyLocator/]: Failed to load resource META-INF\jarjar\metadata.json from TRender-1.0.8-1.21.1-neoforge-SNAPSHOT.jar, it does not contain dependency information.
[29Dec2025 03:42:18.286] [main/TRACE] [net.neoforged.fml.loading.moddiscovery.locators.JarInJarDependencyLocator/]: Failed to load resource META-INF\jarjar\metadata.json from TRansition-1.0.7-1.21.1-neoforge-SNAPSHOT.jar, it does not contain dependency information.
[29Dec2025 03:42:18.286] [main/TRACE] [net.neoforged.fml.loading.moddiscovery.locators.JarInJarDependencyLocator/]: Failed to load resource META-INF\jarjar\metadata.json from common-image-3.12.0.jar, it does not contain dependency information.
[29Dec2025 03:42:18.286] [main/TRACE] [net.neoforged.fml.loading.moddiscovery.locators.JarInJarDependencyLocator/]: Failed to load resource META-INF\jarjar\metadata.json from common-io-3.12.0.jar, it does not contain dependency information.
[29Dec2025 03:42:18.286] [main/TRACE] [net.neoforged.fml.loading.moddiscovery.locators.JarInJarDependencyLocator/]: Failed to load resource META-INF\jarjar\metadata.json from common-lang-3.12.0.jar, it does not contain dependency information.
[29Dec2025 03:42:18.286] [main/TRACE] [net.neoforged.fml.loading.moddiscovery.locators.JarInJarDependencyLocator/]: Failed to load resource META-INF\jarjar\metadata.json from imageio-core-3.12.0.jar, it does not contain dependency information.
[29Dec2025 03:42:18.286] [main/TRACE] [net.neoforged.fml.loading.moddiscovery.locators.JarInJarDependencyLocator/]: Failed to load resource META-INF\jarjar\metadata.json from imageio-metadata-3.12.0.jar, it does not contain dependency information.
[29Dec2025 03:42:18.286] [main/TRACE] [net.neoforged.fml.loading.moddiscovery.locators.JarInJarDependencyLocator/]: Failed to load resource META-INF\jarjar\metadata.json from imageio-webp-3.12.0.jar, it does not contain dependency information.
[29Dec2025 03:42:18.286] [main/TRACE] [net.neoforged.fml.loading.moddiscovery.locators.JarInJarDependencyLocator/]: Failed to load resource META-INF\jarjar\metadata.json from gson-0.2.1.jar, it does not contain dependency information.
[29Dec2025 03:42:18.286] [main/TRACE] [net.neoforged.fml.loading.moddiscovery.locators.JarInJarDependencyLocator/]: Failed to load resource META-INF\jarjar\metadata.json from json-0.2.1.jar, it does not contain dependency information.
[29Dec2025 03:42:18.286] [main/TRACE] [net.neoforged.fml.loading.moddiscovery.locators.JarInJarDependencyLocator/]: Failed to load resource META-INF\jarjar\metadata.json from architectury-neoforge-13.0.8.jar, it does not contain dependency information.
[29Dec2025 03:42:18.286] [main/TRACE] [net.neoforged.fml.loading.moddiscovery.locators.JarInJarDependencyLocator/]: Failed to load resource META-INF\jarjar\metadata.json from modder_name_lib-1.21.1-neoforge-2025.10.21.jar, it does not contain dependency information.
[29Dec2025 03:42:18.286] [main/TRACE] [net.neoforged.fml.loading.moddiscovery.locators.JarInJarDependencyLocator/]: Failed to load resource META-INF\jarjar\metadata.json from BlockModelSplitter-2.0.1.jar, it does not contain dependency information.
[29Dec2025 03:42:18.286] [main/TRACE] [net.neoforged.fml.loading.moddiscovery.locators.JarInJarDependencyLocator/]: Failed to load resource META-INF\jarjar\metadata.json from DualCodecs-0.1.2.jar, it does not contain dependency information.
[29Dec2025 03:42:18.286] [main/TRACE] [net.neoforged.fml.loading.moddiscovery.locators.JarInJarDependencyLocator/]: Failed to load resource META-INF\jarjar\metadata.json from jankson-1.2.3.jar, it does not contain dependency information.
[29Dec2025 03:42:18.286] [main/TRACE] [net.neoforged.fml.loading.moddiscovery.locators.JarInJarDependencyLocator/]: Failed to load resource META-INF\jarjar\metadata.json from athena-neoforge-1.21-4.0.0.jar, it does not contain dependency information.
[29Dec2025 03:42:18.287] [main/TRACE] [net.neoforged.fml.loading.moddiscovery.locators.JarInJarDependencyLocator/]: Failed to load resource META-INF\jarjar\metadata.json from com.enderio.enderio-armory-8.0.7-alpha.jar, it does not contain dependency information.
[29Dec2025 03:42:18.288] [main/DEBUG] [net.neoforged.fml.loading.moddiscovery.readers.JarModsDotTomlModFileReader/SCAN]: Found META-INF/MANIFEST.MF mod of type GAMELIBRARY: 
