[29Dec2025 03:42:16.188] [main/INFO] [cpw.mods.modlauncher.Launcher/MODLAUNCHER]: ModLauncher running: args [--launchTarget, forgeserver, --fml.neoForgeVersion, 21.1.215, --fml.fmlVersion, 4.0.42, --fml.mcVersion, 1.21.1, --fml.neoFormVersion, 20240808.144430, nogui]
[29Dec2025 03:42:16.190] [main/INFO] [cpw.mods.modlauncher.Launcher/MODLAUNCHER]: JVM identified as Eclipse Adoptium OpenJDK 64-Bit Server VM 21.0.5+11-LTS
[29Dec2025 03:42:16.190] [main/INFO] [cpw.mods.modlauncher.Launcher/MODLAUNCHER]: ModLauncher 11.0.5+main.901c6ea8 starting: java version 21.0.5 by Eclipse Adoptium; OS Windows 10 arch amd64 version 10.0
[29Dec2025 03:42:16.252] [main/WARN] [net.neoforged.fml.loading.FMLConfig/]: ****************************** Found dependency overrides ******************************
[29Dec2025 03:42:16.253] [main/WARN] [net.neoforged.fml.loading.FMLConfig/]: Dependency overrides for mod 'allthetweaks': adding explicit AFTER ordering against 'bcc'
[29Dec2025 03:42:16.253] [main/WARN] [net.neoforged.fml.loading.FMLConfig/]: ****************************************************************************************
[29Dec2025 03:42:16.876] [main/INFO] [net.neoforged.fml.loading.ImmediateWindowHandler/]: ImmediateWindowProvider not loading because launch target is forgeserver
[29Dec2025 03:42:16.881] [main/WARN] [CrashAssistantJarInJarHelper/]: launchTarget: forgeserver. Crash Assistant is client only mod. Mod will do nothing!
[29Dec2025 03:42:16.934] [main/INFO] [mixin/]: SpongePowered MIXIN Subsystem Version=0.8.7 Source=union:/C:/Users/Leo/OneDrive/Desktop/Modding/Minecraft-Robettini/Robettini/ATM10/libraries/net/fabricmc/sponge-mixin/0.15.2+mixin.0.8.7/sponge-mixin-0.15.2+mixin.0.8.7.jar%2373!/ Service=ModLauncher Env=SERVER
[29Dec2025 03:42:16.939] [main/WARN] [net.neoforged.fml.loading.FMLConfig/]: ****************************** Found dependency overrides ******************************
[29Dec2025 03:42:16.939] [main/WARN] [net.neoforged.fml.loading.FMLConfig/]: Dependency overrides for mod 'allthetweaks': adding explicit AFTER ordering against 'bcc'
[29Dec2025 03:42:16.939] [main/WARN] [net.neoforged.fml.loading.FMLConfig/]: ****************************************************************************************
[29Dec2025 03:42:17.014] [main/INFO] [net.neoforged.fml.loading.moddiscovery.ModDiscoverer/SCAN]: Found mod file "server-1.21.1-20240808.144430-srg.jar" [locator: production server provider +net.neoforged:neoforge:21.1.215:server]
[29Dec2025 03:42:17.025] [main/INFO] [net.neoforged.fml.loading.moddiscovery.ModDiscoverer/SCAN]: Found mod file "neoforge-21.1.215-universal.jar" [locator: PathBasedLocator[name=neoforge, paths=[libraries\net\neoforged\neoforge\21.1.215\neoforge-21.1.215-universal.jar]], reader: mod manifest]
[29Dec2025 03:42:17.035] [main/INFO] [net.neoforged.fml.loading.moddiscovery.ModDiscoverer/SCAN]: Found mod file "[1.21.1] SecurityCraft v1.10.1.jar" [locator: {mods folder locator at C:\Users\Leo\OneDrive\Desktop\Modding\Minecraft-Robettini\Robettini\ATM10\mods}, reader: mod manifest]
[29Dec2025 03:42:17.039] [main/INFO] [net.neoforged.fml.loading.moddiscovery.ModDiscoverer/SCAN]: Found mod file "[neoforge]ctov-3.6.0b.jar" [locator: {mods folder locator at C:\Users\Leo\OneDrive\Desktop\Modding\Minecraft-Robettini\Robettini\ATM10\mods}, reader: mod manifest]
[29Dec2025 03:42:17.041] [main/INFO] [net.neoforged.fml.loading.moddiscovery.ModDiscoverer/SCAN]: Found mod file "accelerated-decay-neoforge-21.0.0.jar" [locator: {mods folder locator at C:\Users\Leo\OneDrive\Desktop\Modding\Minecraft-Robettini\Robettini\ATM10\mods}, reader: mod manifest]
[29Dec2025 03:42:17.044] [main/INFO] [net.neoforged.fml.loading.moddiscovery.ModDiscoverer/SCAN]: Found mod file "actuallyadditions-1.3.22+mc1.21.1.jar" [locator: {mods folder locator at C:\Users\Leo\OneDrive\Desktop\Modding\Minecraft-Robettini\Robettini\ATM10\mods}, reader: mod manifest]
[29Dec2025 03:42:17.046] [main/INFO] [net.neoforged.fml.loading.moddiscovery.ModDiscoverer/SCAN]: Found mod file "additional_lights-neoforge-1.21-2.1.10.jar" [locator: {mods folder locator at C:\Users\Leo\OneDrive\Desktop\Modding\Minecraft-Robettini\Robettini\ATM10\mods}, reader: mod manifest]
[29Dec2025 03:42:17.051] [main/INFO] [net.neoforged.fml.loading.moddiscovery.ModDiscoverer/SCAN]: Found mod file "AdditionalEnchantedMiner-1.21.1-neoforge-21.1.141.jar" [locator: {mods folder locator at C:\Users\Leo\OneDrive\Desktop\Modding\Minecraft-Robettini\Robettini\ATM10\mods}, reader: mod manifest]
[29Dec2025 03:42:17.053] [main/INFO] [net.neoforged.fml.loading.moddiscovery.ModDiscoverer/SCAN]: Found mod file "AdvancedAE-1.6.7-1.21.1.jar" [locator: {mods folder locator at C:\Users\Leo\OneDrive\Desktop\Modding\Minecraft-Robettini\Robettini\ATM10\mods}, reader: mod manifest]
[29Dec2025 03:42:17.056] [main/INFO] [net.neoforged.fml.loading.moddiscovery.ModDiscoverer/SCAN]: Found mod file "AdvancedPeripherals-1.21.1-0.7.57b.jar" [locator: {mods folder locator at C:\Users\Leo\OneDrive\Desktop\Modding\Minecraft-Robettini\Robettini\ATM10\mods}, reader: mod manifest]
[29Dec2025 03:42:17.058] [main/INFO] [net.neoforged.fml.loading.moddiscovery.ModDiscoverer/SCAN]: Found mod file "ae2ct-1.21.1-1.1.1.jar" [locator: {mods folder locator at C:\Users\Leo\OneDrive\Desktop\Modding\Minecraft-Robettini\Robettini\ATM10\mods}, reader: mod manifest]
[29Dec2025 03:42:17.060] [main/INFO] [net.neoforged.fml.loading.moddiscovery.ModDiscoverer/SCAN]: Found mod file "ae2importexportcard-1.21.1-1.4.1.jar" [locator: {mods folder locator at C:\Users\Leo\OneDrive\Desktop\Modding\Minecraft-Robettini\Robettini\ATM10\mods}, reader: mod manifest]
[29Dec2025 03:42:17.061] [main/INFO] [net.neoforged.fml.loading.moddiscovery.ModDiscoverer/SCAN]: Found mod file "ae2jeiintegration-1.2.0.jar" [locator: {mods folder locator at C:\Users\Leo\OneDrive\Desktop\Modding\Minecraft-Robettini\Robettini\ATM10\mods}, reader: mod manifest]
[29Dec2025 03:42:17.063] [main/INFO] [net.neoforged.fml.loading.moddiscovery.ModDiscoverer/SCAN]: Found mod file "AE2NetworkAnalyzer-1.21-2.1.3-neoforge.jar" [locator: {mods folder locator at C:\Users\Leo\OneDrive\Desktop\Modding\Minecraft-Robettini\Robettini\ATM10\mods}, reader: mod manifest]
[29Dec2025 03:42:17.065] [main/INFO] [net.neoforged.fml.loading.moddiscovery.ModDiscoverer/SCAN]: Found mod file "ae2wtlib-19.3.0.jar" [locator: {mods folder locator at C:\Users\Leo\OneDrive\Desktop\Modding\Minecraft-Robettini\Robettini\ATM10\mods}, reader: mod manifest]
[29Dec2025 03:42:17.066] [main/INFO] [net.neoforged.fml.loading.moddiscovery.ModDiscoverer/SCAN]: Found mod file "aeinfinitybooster-neoforge-1.21.1-1.0.0.52.jar" [locator: {mods folder locator at C:\Users\Leo\OneDrive\Desktop\Modding\Minecraft-Robettini\Robettini\ATM10\mods}, reader: mod manifest]
[29Dec2025 03:42:17.069] [main/INFO] [net.neoforged.fml.loading.moddiscovery.ModDiscoverer/SCAN]: Found mod file "aether-1.21.1-1.5.10-neoforge.jar" [locator: {mods folder locator at C:\Users\Leo\OneDrive\Desktop\Modding\Minecraft-Robettini\Robettini\ATM10\mods}, reader: mod manifest]
[29Dec2025 03:42:17.070] [main/INFO] [net.neoforged.fml.loading.moddiscovery.ModDiscoverer/SCAN]: Found mod file "AI-Improvements-1.21-0.5.3.jar" [locator: {mods folder locator at C:\Users\Leo\OneDrive\Desktop\Modding\Minecraft-Robettini\Robettini\ATM10\mods}, reader: mod manifest]
[29Dec2025 03:42:17.072] [main/INFO] [net.neoforged.fml.loading.moddiscovery.ModDiscoverer/SCAN]: Found mod file "AkashicTome-1.8-29.jar" [locator: {mods folder locator at C:\Users\Leo\OneDrive\Desktop\Modding\Minecraft-Robettini\Robettini\ATM10\mods}, reader: mod manifest]
[29Dec2025 03:42:17.074] [main/INFO] [net.neoforged.fml.loading.moddiscovery.ModDiscoverer/SCAN]: Found mod file "allthearcanistgear-1.21.1-21.3.2.jar" [locator: {mods folder locator at C:\Users\Leo\OneDrive\Desktop\Modding\Minecraft-Robettini\Robettini\ATM10\mods}, reader: mod manifest]
[29Dec2025 03:42:17.078] [main/INFO] [net.neoforged.fml.loading.moddiscovery.ModDiscoverer/SCAN]: Found mod file "allthecompressed-1.21.1-4.3.0.jar" [locator: {mods folder locator at C:\Users\Leo\OneDrive\Desktop\Modding\Minecraft-Robettini\Robettini\ATM10\mods}, reader: mod manifest]
[29Dec2025 03:42:17.081] [main/INFO] [net.neoforged.fml.loading.moddiscovery.ModDiscoverer/SCAN]: Found mod file "alltheleaks-1.1.4+1.21.1-neoforge.jar" [locator: {mods folder locator at C:\Users\Leo\OneDrive\Desktop\Modding\Minecraft-Robettini\Robettini\ATM10\mods}, reader: mod manifest]
[29Dec2025 03:42:17.083] [main/INFO] [net.neoforged.fml.loading.moddiscovery.ModDiscoverer/SCAN]: Found mod file "allthemodium-2.9.5_mc_1.21.1.jar" [locator: {mods folder locator at C:\Users\Leo\OneDrive\Desktop\Modding\Minecraft-Robettini\Robettini\ATM10\mods}, reader: mod manifest]
[29Dec2025 03:42:17.086] [main/INFO] [net.neoforged.fml.loading.moddiscovery.ModDiscoverer/SCAN]: Found mod file "alltheores-3.1.8_neoforge_1.21.1.jar" [locator: {mods folder locator at C:\Users\Leo\OneDrive\Desktop\Modding\Minecraft-Robettini\Robettini\ATM10\mods}, reader: mod manifest]
[29Dec2025 03:42:17.088] [main/INFO] [net.neoforged.fml.loading.moddiscovery.ModDiscoverer/SCAN]: Found mod file "allthetweaks-1.21.1-2.7.7.jar" [locator: {mods folder locator at C:\Users\Leo\OneDrive\Desktop\Modding\Minecraft-Robettini\Robettini\ATM10\mods}, reader: mod manifest]
[29Dec2025 03:42:17.090] [main/INFO] [net.neoforged.fml.loading.moddiscovery.ModDiscoverer/SCAN]: Found mod file "allthewizardgear-1.21.1-1.1.11.jar" [locator: {mods folder locator at C:\Users\Leo\OneDrive\Desktop\Modding\Minecraft-Robettini\Robettini\ATM10\mods}, reader: mod manifest]
[29Dec2025 03:42:17.092] [main/INFO] [net.neoforged.fml.loading.moddiscovery.ModDiscoverer/SCAN]: Found mod file "almostunified-neoforge-1.21.1-1.3.0.jar" [locator: {mods folder locator at C:\Users\Leo\OneDrive\Desktop\Modding\Minecraft-Robettini\Robettini\ATM10\mods}, reader: mod manifest]
[29Dec2025 03:42:17.094] [main/INFO] [net.neoforged.fml.loading.moddiscovery.ModDiscoverer/SCAN]: Found mod file "amendments-1.21-2.0.9-neoforge.jar" [locator: {mods folder locator at C:\Users\Leo\OneDrive\Desktop\Modding\Minecraft-Robettini\Robettini\ATM10\mods}, reader: mod manifest]
[29Dec2025 03:42:17.096] [main/INFO] [net.neoforged.fml.loading.moddiscovery.ModDiscoverer/SCAN]: Found mod file "Apotheosis-1.21.1-8.4.1.jar" [locator: {mods folder locator at C:\Users\Leo\OneDrive\Desktop\Modding\Minecraft-Robettini\Robettini\ATM10\mods}, reader: mod manifest]
[29Dec2025 03:42:17.098] [main/INFO] [net.neoforged.fml.loading.moddiscovery.ModDiscoverer/SCAN]: Found mod file "ApothicAttributes-1.21.1-2.9.0.jar" [locator: {mods folder locator at C:\Users\Leo\OneDrive\Desktop\Modding\Minecraft-Robettini\Robettini\ATM10\mods}, reader: mod manifest]
[29Dec2025 03:42:17.099] [main/INFO] [net.neoforged.fml.loading.moddiscovery.ModDiscoverer/SCAN]: Found mod file "ApothicEnchanting-1.21.1-1.5.0.jar" [locator: {mods folder locator at C:\Users\Leo\OneDrive\Desktop\Modding\Minecraft-Robettini\Robettini\ATM10\mods}, reader: mod manifest]
[29Dec2025 03:42:17.101] [main/INFO] [net.neoforged.fml.loading.moddiscovery.ModDiscoverer/SCAN]: Found mod file "ApothicSpawners-1.21.1-1.3.2.jar" [locator: {mods folder locator at C:\Users\Leo\OneDrive\Desktop\Modding\Minecraft-Robettini\Robettini\ATM10\mods}, reader: mod manifest]
[29Dec2025 03:42:17.103] [main/INFO] [net.neoforged.fml.loading.moddiscovery.ModDiscoverer/SCAN]: Found mod file "appleskin-neoforge-mc1.21-3.0.7.jar" [locator: {mods folder locator at C:\Users\Leo\OneDrive\Desktop\Modding\Minecraft-Robettini\Robettini\ATM10\mods}, reader: mod manifest]
[29Dec2025 03:42:17.104] [main/INFO] [net.neoforged.fml.loading.moddiscovery.ModDiscoverer/SCAN]: Found mod file "Applied-Mekanistics-1.6.3.jar" [locator: {mods folder locator at C:\Users\Leo\OneDrive\Desktop\Modding\Minecraft-Robettini\Robettini\ATM10\mods}, reader: mod manifest]
[29Dec2025 03:42:17.107] [main/INFO] [net.neoforged.fml.loading.moddiscovery.ModDiscoverer/SCAN]: Found mod file "appliedenergistics2-19.2.17.jar" [locator: {mods folder locator at C:\Users\Leo\OneDrive\Desktop\Modding\Minecraft-Robettini\Robettini\ATM10\mods}, reader: mod manifest]
[29Dec2025 03:42:17.109] [main/INFO] [net.neoforged.fml.loading.moddiscovery.ModDiscoverer/SCAN]: Found mod file "AppliedFlux-1.21-2.1.3-neoforge.jar" [locator: {mods folder locator at C:\Users\Leo\OneDrive\Desktop\Modding\Minecraft-Robettini\Robettini\ATM10\mods}, reader: mod manifest]
[29Dec2025 03:42:17.111] [main/INFO] [net.neoforged.fml.loading.moddiscovery.ModDiscoverer/SCAN]: Found mod file "Aquaculture-1.21.1-2.7.14.jar" [locator: {mods folder locator at C:\Users\Leo\OneDrive\Desktop\Modding\Minecraft-Robettini\Robettini\ATM10\mods}, reader: mod manifest]
[29Dec2025 03:42:17.112] [main/INFO] [net.neoforged.fml.loading.moddiscovery.ModDiscoverer/SCAN]: Found mod file "architectury-13.0.8-neoforge.jar" [locator: {mods folder locator at C:\Users\Leo\OneDrive\Desktop\Modding\Minecraft-Robettini\Robettini\ATM10\mods}, reader: mod manifest]
[29Dec2025 03:42:17.114] [main/INFO] [net.neoforged.fml.loading.moddiscovery.ModDiscoverer/SCAN]: Found mod file "ars_additions-1.21.1-21.2.3.jar" [locator: {mods folder locator at C:\Users\Leo\OneDrive\Desktop\Modding\Minecraft-Robettini\Robettini\ATM10\mods}, reader: mod manifest]
[29Dec2025 03:42:17.116] [main/INFO] [net.neoforged.fml.loading.moddiscovery.ModDiscoverer/SCAN]: Found mod file "ars_controle-1.21.1-1.6.12.jar" [locator: {mods folder locator at C:\Users\Leo\OneDrive\Desktop\Modding\Minecraft-Robettini\Robettini\ATM10\mods}, reader: mod manifest]
[29Dec2025 03:42:17.117] [main/INFO] [net.neoforged.fml.loading.moddiscovery.ModDiscoverer/SCAN]: Found mod file "ars_creo-1.21.1-5.1.0.jar" [locator: {mods folder locator at C:\Users\Leo\OneDrive\Desktop\Modding\Minecraft-Robettini\Robettini\ATM10\mods}, reader: mod manifest]
[29Dec2025 03:42:17.119] [main/INFO] [net.neoforged.fml.loading.moddiscovery.ModDiscoverer/SCAN]: Found mod file "ars_elemancy-1.21.1-1.11.jar" [locator: {mods folder locator at C:\Users\Leo\OneDrive\Desktop\Modding\Minecraft-Robettini\Robettini\ATM10\mods}, reader: mod manifest]
[29Dec2025 03:42:17.121] [main/INFO] [net.neoforged.fml.loading.moddiscovery.ModDiscoverer/SCAN]: Found mod file "ars_elemental-1.21.1-0.7.6.9.jar" [locator: {mods folder locator at C:\Users\Leo\OneDrive\Desktop\Modding\Minecraft-Robettini\Robettini\ATM10\mods}, reader: mod manifest]
[29Dec2025 03:42:17.124] [main/INFO] [net.neoforged.fml.loading.moddiscovery.ModDiscoverer/SCAN]: Found mod file "ars_nouveau-1.21.1-5.10.6.jar" [locator: {mods folder locator at C:\Users\Leo\OneDrive\Desktop\Modding\Minecraft-Robettini\Robettini\ATM10\mods}, reader: mod manifest]
[29Dec2025 03:42:17.126] [main/INFO] [net.neoforged.fml.loading.moddiscovery.ModDiscoverer/SCAN]: Found mod file "ars_ocultas-1.21.1-2.2.0.jar" [locator: {mods folder locator at C:\Users\Leo\OneDrive\Desktop\Modding\Minecraft-Robettini\Robettini\ATM10\mods}, reader: mod manifest]
[29Dec2025 03:42:17.127] [main/INFO] [net.neoforged.fml.loading.moddiscovery.ModDiscoverer/SCAN]: Found mod file "ars_polymorphia-1.0.3.jar" [locator: {mods folder locator at C:\Users\Leo\OneDrive\Desktop\Modding\Minecraft-Robettini\Robettini\ATM10\mods}, reader: mod manifest]
[29Dec2025 03:42:17.129] [main/INFO] [net.neoforged.fml.loading.moddiscovery.ModDiscoverer/SCAN]: Found mod file "ars_technica-1.21.1-2.4.0.jar" [locator: {mods folder locator at C:\Users\Leo\OneDrive\Desktop\Modding\Minecraft-Robettini\Robettini\ATM10\mods}, reader: mod manifest]
[29Dec2025 03:42:17.131] [main/INFO] [net.neoforged.fml.loading.moddiscovery.ModDiscoverer/SCAN]: Found mod file "ars_unification-1.2.16.jar" [locator: {mods folder locator at C:\Users\Leo\OneDrive\Desktop\Modding\Minecraft-Robettini\Robettini\ATM10\mods}, reader: mod manifest]
[29Dec2025 03:42:17.133] [main/INFO] [net.neoforged.fml.loading.moddiscovery.ModDiscoverer/SCAN]: Found mod file "arseng-2.1.1-beta.jar" [locator: {mods folder locator at C:\Users\Leo\OneDrive\Desktop\Modding\Minecraft-Robettini\Robettini\ATM10\mods}, reader: mod manifest]
[29Dec2025 03:42:17.134] [main/INFO] [net.neoforged.fml.loading.moddiscovery.ModDiscoverer/SCAN]: Found mod file "artifacts-neoforge-13.1.0.jar" [locator: {mods folder locator at C:\Users\Leo\OneDrive\Desktop\Modding\Minecraft-Robettini\Robettini\ATM10\mods}, reader: mod manifest]
[29Dec2025 03:42:17.136] [main/INFO] [net.neoforged.fml.loading.moddiscovery.ModDiscoverer/SCAN]: Found mod file "athena-neoforge-1.21-4.0.2.jar" [locator: {mods folder locator at C:\Users\Leo\OneDrive\Desktop\Modding\Minecraft-Robettini\Robettini\ATM10\mods}, reader: mod manifest]
[29Dec2025 03:42:17.137] [main/INFO] [net.neoforged.fml.loading.moddiscovery.ModDiscoverer/SCAN]: Found mod file "atlas_api-1.21.1-1.2.0.jar" [locator: {mods folder locator at C:\Users\Leo\OneDrive\Desktop\Modding\Minecraft-Robettini\Robettini\ATM10\mods}, reader: mod manifest]
[29Dec2025 03:42:17.139] [main/INFO] [net.neoforged.fml.loading.moddiscovery.ModDiscoverer/SCAN]: Found mod file "attributefix-neoforge-1.21.1-21.1.3.jar" [locator: {mods folder locator at C:\Users\Leo\OneDrive\Desktop\Modding\Minecraft-Robettini\Robettini\ATM10\mods}, reader: mod manifest]
[29Dec2025 03:42:17.140] [main/INFO] [net.neoforged.fml.loading.moddiscovery.ModDiscoverer/SCAN]: Found mod file "balm-neoforge-1.21.1-21.0.55.jar" [locator: {mods folder locator at C:\Users\Leo\OneDrive\Desktop\Modding\Minecraft-Robettini\Robettini\ATM10\mods}, reader: mod manifest]
[29Dec2025 03:42:17.142] [main/INFO] [net.neoforged.fml.loading.moddiscovery.ModDiscoverer/SCAN]: Found mod file "baubley-heart-canisters-1.21.1-1.2.3.jar" [locator: {mods folder locator at C:\Users\Leo\OneDrive\Desktop\Modding\Minecraft-Robettini\Robettini\ATM10\mods}, reader: mod manifest]
[29Dec2025 03:42:17.144] [main/INFO] [net.neoforged.fml.loading.moddiscovery.ModDiscoverer/SCAN]: Found mod file "bcc-21.1.5+mc1.21.1.jar" [locator: {mods folder locator at C:\Users\Leo\OneDrive\Desktop\Modding\Minecraft-Robettini\Robettini\ATM10\mods}, reader: mod manifest]
[29Dec2025 03:42:17.145] [main/INFO] [net.neoforged.fml.loading.moddiscovery.ModDiscoverer/SCAN]: Found mod file "bellsandwhistles-0.4.7-1.21.1.jar" [locator: {mods folder locator at C:\Users\Leo\OneDrive\Desktop\Modding\Minecraft-Robettini\Robettini\ATM10\mods}, reader: mod manifest]
[29Dec2025 03:42:17.157] [main/INFO] [net.neoforged.fml.loading.moddiscovery.ModDiscoverer/SCAN]: Found mod file "bibliobiomes-1.21.1-1.6.0.jar" [locator: {mods folder locator at C:\Users\Leo\OneDrive\Desktop\Modding\Minecraft-Robettini\Robettini\ATM10\mods}, reader: mod manifest]
[29Dec2025 03:42:17.161] [main/INFO] [net.neoforged.fml.loading.moddiscovery.ModDiscoverer/SCAN]: Found mod file "bibliocraft-1.21.1-1.6.2.jar" [locator: {mods folder locator at C:\Users\Leo\OneDrive\Desktop\Modding\Minecraft-Robettini\Robettini\ATM10\mods}, reader: mod manifest]
[29Dec2025 03:42:17.169] [main/INFO] [net.neoforged.fml.loading.moddiscovery.ModDiscoverer/SCAN]: Found mod file "bibliowoods-1.21.1-1.6.0.jar" [locator: {mods folder locator at C:\Users\Leo\OneDrive\Desktop\Modding\Minecraft-Robettini\Robettini\ATM10\mods}, reader: mod manifest]
[29Dec2025 03:42:17.171] [main/INFO] [net.neoforged.fml.loading.moddiscovery.ModDiscoverer/SCAN]: Found mod file "blockui-1.0.206-1.21.1-snapshot.jar" [locator: {mods folder locator at C:\Users\Leo\OneDrive\Desktop\Modding\Minecraft-Robettini\Robettini\ATM10\mods}, reader: mod manifest]
[29Dec2025 03:42:17.173] [main/INFO] [net.neoforged.fml.loading.moddiscovery.ModDiscoverer/SCAN]: Found mod file "blueflame-1.21.1-1.1.1.jar" [locator: {mods folder locator at C:\Users\Leo\OneDrive\Desktop\Modding\Minecraft-Robettini\Robettini\ATM10\mods}, reader: mod manifest]
[29Dec2025 03:42:17.174] [main/INFO] [net.neoforged.fml.loading.moddiscovery.ModDiscoverer/SCAN]: Found mod file "bookshelf-neoforge-1.21.1-21.1.78.jar" [locator: {mods folder locator at C:\Users\Leo\OneDrive\Desktop\Modding\Minecraft-Robettini\Robettini\ATM10\mods}, reader: mod manifest]
[29Dec2025 03:42:17.176] [main/INFO] [net.neoforged.fml.loading.moddiscovery.ModDiscoverer/SCAN]: Found mod file "botanypots-neoforge-1.21.1-21.1.41.jar" [locator: {mods folder locator at C:\Users\Leo\OneDrive\Desktop\Modding\Minecraft-Robettini\Robettini\ATM10\mods}, reader: mod manifest]
[29Dec2025 03:42:17.177] [main/INFO] [net.neoforged.fml.loading.moddiscovery.ModDiscoverer/SCAN]: Found mod file "botanypotsmystical-neoforge-1.21.1-21.1.11.jar" [locator: {mods folder locator at C:\Users\Leo\OneDrive\Desktop\Modding\Minecraft-Robettini\Robettini\ATM10\mods}, reader: mod manifest]
[29Dec2025 03:42:17.179] [main/INFO] [net.neoforged.fml.loading.moddiscovery.ModDiscoverer/SCAN]: Found mod file "botanytrees-neoforge-1.21.1-21.1.1.jar" [locator: {mods folder locator at C:\Users\Leo\OneDrive\Desktop\Modding\Minecraft-Robettini\Robettini\ATM10\mods}, reader: mod manifest]
[29Dec2025 03:42:17.183] [main/INFO] [net.neoforged.fml.loading.moddiscovery.ModDiscoverer/SCAN]: Found mod file "BrandonsCore-1.21.1-3.2.1.309.jar" [locator: {mods folder locator at C:\Users\Leo\OneDrive\Desktop\Modding\Minecraft-Robettini\Robettini\ATM10\mods}, reader: mod manifest]
[29Dec2025 03:42:17.185] [main/INFO] [net.neoforged.fml.loading.moddiscovery.ModDiscoverer/SCAN]: Found mod file "BridgingMod-2.6.2+1.21.1.neoforge-release.jar" [locator: {mods folder locator at C:\Users\Leo\OneDrive\Desktop\Modding\Minecraft-Robettini\Robettini\ATM10\mods}, reader: mod manifest]
[29Dec2025 03:42:17.187] [main/INFO] [net.neoforged.fml.loading.moddiscovery.ModDiscoverer/SCAN]: Found mod file "buildinggadgets2-1.3.9.jar" [locator: {mods folder locator at C:\Users\Leo\OneDrive\Desktop\Modding\Minecraft-Robettini\Robettini\ATM10\mods}, reader: mod manifest]
[29Dec2025 03:42:17.189] [main/INFO] [net.neoforged.fml.loading.moddiscovery.ModDiscoverer/SCAN]: Found mod file "bwncr-neoforge-1.21.1-3.20.3.jar" [locator: {mods folder locator at C:\Users\Leo\OneDrive\Desktop\Modding\Minecraft-Robettini\Robettini\ATM10\mods}, reader: mod manifest]
[29Dec2025 03:42:17.191] [main/INFO] [net.neoforged.fml.loading.moddiscovery.ModDiscoverer/SCAN]: Found mod file "Byzantine-1.21.1-44.1.jar" [locator: {mods folder locator at C:\Users\Leo\OneDrive\Desktop\Modding\Minecraft-Robettini\Robettini\ATM10\mods}, reader: mod manifest]
[29Dec2025 03:42:17.193] [main/INFO] [net.neoforged.fml.loading.moddiscovery.ModDiscoverer/SCAN]: Found mod file "cabletiers-neoforge-1.21.1-0.6.9.jar" [locator: {mods folder locator at C:\Users\Leo\OneDrive\Desktop\Modding\Minecraft-Robettini\Robettini\ATM10\mods}, reader: mod manifest]
[29Dec2025 03:42:17.194] [main/INFO] [net.neoforged.fml.loading.moddiscovery.ModDiscoverer/SCAN]: Found mod file "caelus-neoforge-7.0.1+1.21.1.jar" [locator: {mods folder locator at C:\Users\Leo\OneDrive\Desktop\Modding\Minecraft-Robettini\Robettini\ATM10\mods}, reader: mod manifest]
[29Dec2025 03:42:17.196] [main/INFO] [net.neoforged.fml.loading.moddiscovery.ModDiscoverer/SCAN]: Found mod file "camol-1.21.1-0.3.0.jar" [locator: {mods folder locator at C:\Users\Leo\OneDrive\Desktop\Modding\Minecraft-Robettini\Robettini\ATM10\mods}, reader: mod manifest]
[29Dec2025 03:42:17.197] [main/INFO] [net.neoforged.fml.loading.moddiscovery.ModDiscoverer/SCAN]: Found mod file "catjammies-1.21-1.7.1.jar" [locator: {mods folder locator at C:\Users\Leo\OneDrive\Desktop\Modding\Minecraft-Robettini\Robettini\ATM10\mods}, reader: mod manifest]
[29Dec2025 03:42:17.199] [main/INFO] [net.neoforged.fml.loading.moddiscovery.ModDiscoverer/SCAN]: Found mod file "cc-tweaked-1.21.1-forge-1.113.1.jar" [locator: {mods folder locator at C:\Users\Leo\OneDrive\Desktop\Modding\Minecraft-Robettini\Robettini\ATM10\mods}, reader: mod manifest]
[29Dec2025 03:42:17.201] [main/INFO] [net.neoforged.fml.loading.moddiscovery.ModDiscoverer/SCAN]: Found mod file "cc-tweaked-1.21.1-forge-1.116.2.jar" [locator: {mods folder locator at C:\Users\Leo\OneDrive\Desktop\Modding\Minecraft-Robettini\Robettini\ATM10\mods}, reader: mod manifest]
[29Dec2025 03:42:17.202] [main/INFO] [net.neoforged.fml.loading.moddiscovery.ModDiscoverer/SCAN]: Found mod file "charginggadgets-1.14.1.jar" [locator: {mods folder locator at C:\Users\Leo\OneDrive\Desktop\Modding\Minecraft-Robettini\Robettini\ATM10\mods}, reader: mod manifest]
[29Dec2025 03:42:17.210] [main/INFO] [net.neoforged.fml.loading.moddiscovery.ModDiscoverer/SCAN]: Found mod file "chipped-neoforge-1.21.1-4.0.2.jar" [locator: {mods folder locator at C:\Users\Leo\OneDrive\Desktop\Modding\Minecraft-Robettini\Robettini\ATM10\mods}, reader: mod manifest]
[29Dec2025 03:42:17.214] [main/INFO] [net.neoforged.fml.loading.moddiscovery.ModDiscoverer/SCAN]: Found mod file "chisel-neoforge-2.0.0+mc1.21.1.jar" [locator: {mods folder locator at C:\Users\Leo\OneDrive\Desktop\Modding\Minecraft-Robettini\Robettini\ATM10\mods}, reader: mod manifest]
[29Dec2025 03:42:17.215] [main/INFO] [net.neoforged.fml.loading.moddiscovery.ModDiscoverer/SCAN]: Found mod file "chromacarvings-1.21.1-0.2.0.jar" [locator: {mods folder locator at C:\Users\Leo\OneDrive\Desktop\Modding\Minecraft-Robettini\Robettini\ATM10\mods}, reader: mod manifest]
[29Dec2025 03:42:17.217] [main/INFO] [net.neoforged.fml.loading.moddiscovery.ModDiscoverer/SCAN]: Found mod file "cleanswing-1.9.jar" [locator: {mods folder locator at C:\Users\Leo\OneDrive\Desktop\Modding\Minecraft-Robettini\Robettini\ATM10\mods}, reader: mod manifest]
[29Dec2025 03:42:17.218] [main/INFO] [net.neoforged.fml.loading.moddiscovery.ModDiscoverer/SCAN]: Found mod file "cloth-config-15.0.140-neoforge.jar" [locator: {mods folder locator at C:\Users\Leo\OneDrive\Desktop\Modding\Minecraft-Robettini\Robettini\ATM10\mods}, reader: mod manifest]
[29Dec2025 03:42:17.220] [main/INFO] [net.neoforged.fml.loading.moddiscovery.ModDiscoverer/SCAN]: Found mod file "CloudGlass-1.21.1-1.0.1.jar" [locator: {mods folder locator at C:\Users\Leo\OneDrive\Desktop\Modding\Minecraft-Robettini\Robettini\ATM10\mods}, reader: mod manifest]
[29Dec2025 03:42:17.221] [main/INFO] [net.neoforged.fml.loading.moddiscovery.ModDiscoverer/SCAN]: Found mod file "Clumps-neoforge-1.21.1-19.0.0.1.jar" [locator: {mods folder locator at C:\Users\Leo\OneDrive\Desktop\Modding\Minecraft-Robettini\Robettini\ATM10\mods}, reader: mod manifest]
[29Dec2025 03:42:17.223] [main/INFO] [net.neoforged.fml.loading.moddiscovery.ModDiscoverer/SCAN]: Found mod file "cobblegengalore-1.21.1-0.2.8.jar" [locator: {mods folder locator at C:\Users\Leo\OneDrive\Desktop\Modding\Minecraft-Robettini\Robettini\ATM10\mods}, reader: mod manifest]
[29Dec2025 03:42:17.224] [main/INFO] [net.neoforged.fml.loading.moddiscovery.ModDiscoverer/SCAN]: Found mod file "cobweb-neoforge-1.21-1.4.0.jar" [locator: {mods folder locator at C:\Users\Leo\OneDrive\Desktop\Modding\Minecraft-Robettini\Robettini\ATM10\mods}, reader: mod manifest]
[29Dec2025 03:42:17.228] [main/INFO] [net.neoforged.fml.loading.moddiscovery.ModDiscoverer/SCAN]: Found mod file "CodeChickenLib-1.21.1-4.6.1.526.jar" [locator: {mods folder locator at C:\Users\Leo\OneDrive\Desktop\Modding\Minecraft-Robettini\Robettini\ATM10\mods}, reader: mod manifest]
[29Dec2025 03:42:17.230] [main/INFO] [net.neoforged.fml.loading.moddiscovery.ModDiscoverer/SCAN]: Found mod file "comforts-neoforge-9.0.4+1.21.1.jar" [locator: {mods folder locator at C:\Users\Leo\OneDrive\Desktop\Modding\Minecraft-Robettini\Robettini\ATM10\mods}, reader: mod manifest]
[29Dec2025 03:42:17.231] [main/INFO] [net.neoforged.fml.loading.moddiscovery.ModDiscoverer/SCAN]: Found mod file "commoncapabilities-1.21.1-neoforge-2.11.2-296.jar" [locator: {mods folder locator at C:\Users\Leo\OneDrive\Desktop\Modding\Minecraft-Robettini\Robettini\ATM10\mods}, reader: mod manifest]
[29Dec2025 03:42:17.233] [main/INFO] [net.neoforged.fml.loading.moddiscovery.ModDiscoverer/SCAN]: Found mod file "compactmachines-neoforge-7.0.68.jar" [locator: {mods folder locator at C:\Users\Leo\OneDrive\Desktop\Modding\Minecraft-Robettini\Robettini\ATM10\mods}, reader: mod manifest]
[29Dec2025 03:42:17.234] [main/INFO] [net.neoforged.fml.loading.moddiscovery.ModDiscoverer/SCAN]: Found mod file "connectedglass-1.1.14-neoforge-mc1.21.jar" [locator: {mods folder locator at C:\Users\Leo\OneDrive\Desktop\Modding\Minecraft-Robettini\Robettini\ATM10\mods}, reader: mod manifest]
[29Dec2025 03:42:17.236] [main/INFO] [net.neoforged.fml.loading.moddiscovery.ModDiscoverer/SCAN]: Found mod file "connectivity-1.21.1-7.2.jar" [locator: {mods folder locator at C:\Users\Leo\OneDrive\Desktop\Modding\Minecraft-Robettini\Robettini\ATM10\mods}, reader: mod manifest]
[29Dec2025 03:42:17.237] [main/INFO] [net.neoforged.fml.loading.moddiscovery.ModDiscoverer/SCAN]: Found mod file "ConstructionSticks-1.21.1-1.2.3.jar" [locator: {mods folder locator at C:\Users\Leo\OneDrive\Desktop\Modding\Minecraft-Robettini\Robettini\ATM10\mods}, reader: mod manifest]
[29Dec2025 03:42:17.239] [main/INFO] [net.neoforged.fml.loading.moddiscovery.ModDiscoverer/SCAN]: Found mod file "Controlling-neoforge-1.21.1-19.0.5.jar" [locator: {mods folder locator at C:\Users\Leo\OneDrive\Desktop\Modding\Minecraft-Robettini\Robettini\ATM10\mods}, reader: mod manifest]
[29Dec2025 03:42:17.240] [main/INFO] [net.neoforged.fml.loading.moddiscovery.ModDiscoverer/SCAN]: Found mod file "cookingforblockheads-neoforge-1.21.1-21.1.17.jar" [locator: {mods folder locator at C:\Users\Leo\OneDrive\Desktop\Modding\Minecraft-Robettini\Robettini\ATM10\mods}, reader: mod manifest]
[29Dec2025 03:42:17.242] [main/INFO] [net.neoforged.fml.loading.moddiscovery.ModDiscoverer/SCAN]: Found mod file "Corgilib-NeoForge-1.21.1-5.0.0.7.jar" [locator: {mods folder locator at C:\Users\Leo\OneDrive\Desktop\Modding\Minecraft-Robettini\Robettini\ATM10\mods}, reader: mod manifest]
[29Dec2025 03:42:17.244] [main/INFO] [net.neoforged.fml.loading.moddiscovery.ModDiscoverer/SCAN]: Found mod file "cosmeticarmorreworked-1.21.1-v1-neoforge.jar" [locator: {mods folder locator at C:\Users\Leo\OneDrive\Desktop\Modding\Minecraft-Robettini\Robettini\ATM10\mods}, reader: mod manifest]
[29Dec2025 03:42:17.245] [main/INFO] [net.neoforged.fml.loading.moddiscovery.ModDiscoverer/SCAN]: Found mod file "crafting_on_a_stick-1.21.0.2.jar" [locator: {mods folder locator at C:\Users\Leo\OneDrive\Desktop\Modding\Minecraft-Robettini\Robettini\ATM10\mods}, reader: mod manifest]
[29Dec2025 03:42:17.247] [main/INFO] [net.neoforged.fml.loading.moddiscovery.ModDiscoverer/SCAN]: Found mod file "craftingtweaks-neoforge-1.21.1-21.1.6.jar" [locator: {mods folder locator at C:\Users\Leo\OneDrive\Desktop\Modding\Minecraft-Robettini\Robettini\ATM10\mods}, reader: mod manifest]
[29Dec2025 03:42:17.248] [main/INFO] [net.neoforged.fml.loading.moddiscovery.ModDiscoverer/SCAN]: Found mod file "crashutilities-9.0.4.jar" [locator: {mods folder locator at C:\Users\Leo\OneDrive\Desktop\Modding\Minecraft-Robettini\Robettini\ATM10\mods}, reader: mod manifest]
[29Dec2025 03:42:17.252] [main/INFO] [net.neoforged.fml.loading.moddiscovery.ModDiscoverer/SCAN]: Found mod file "create-1.21.1-6.0.8.jar" [locator: {mods folder locator at C:\Users\Leo\OneDrive\Desktop\Modding\Minecraft-Robettini\Robettini\ATM10\mods}, reader: mod manifest]
[29Dec2025 03:42:17.253] [main/INFO] [net.neoforged.fml.loading.moddiscovery.ModDiscoverer/SCAN]: Found mod file "create-dragons-plus-1.8.5.jar" [locator: {mods folder locator at C:\Users\Leo\OneDrive\Desktop\Modding\Minecraft-Robettini\Robettini\ATM10\mods}, reader: mod manifest]
[29Dec2025 03:42:17.255] [main/INFO] [net.neoforged.fml.loading.moddiscovery.ModDiscoverer/SCAN]: Found mod file "create-enchantment-industry-2.2.5b.jar" [locator: {mods folder locator at C:\Users\Leo\OneDrive\Desktop\Modding\Minecraft-Robettini\Robettini\ATM10\mods}, reader: mod manifest]
[29Dec2025 03:42:17.256] [main/INFO] [net.neoforged.fml.loading.moddiscovery.ModDiscoverer/SCAN]: Found mod file "create_aquatic_ambitions-1.21.1-2.0.2.jar" [locator: {mods folder locator at C:\Users\Leo\OneDrive\Desktop\Modding\Minecraft-Robettini\Robettini\ATM10\mods}, reader: mod manifest]
[29Dec2025 03:42:17.258] [main/INFO] [net.neoforged.fml.loading.moddiscovery.ModDiscoverer/SCAN]: Found mod file "create_hypertube-0.3.0-NEOFORGE.jar" [locator: {mods folder locator at C:\Users\Leo\OneDrive\Desktop\Modding\Minecraft-Robettini\Robettini\ATM10\mods}, reader: mod manifest]
[29Dec2025 03:42:17.260] [main/INFO] [net.neoforged.fml.loading.moddiscovery.ModDiscoverer/SCAN]: Found mod file "createaddition-1.5.9.jar" [locator: {mods folder locator at C:\Users\Leo\OneDrive\Desktop\Modding\Minecraft-Robettini\Robettini\ATM10\mods}, reader: mod manifest]
[29Dec2025 03:42:17.261] [main/INFO] [net.neoforged.fml.loading.moddiscovery.ModDiscoverer/SCAN]: Found mod file "CreeperOverhaul-neoforge-1.21.1-4.0.6.jar" [locator: {mods folder locator at C:\Users\Leo\OneDrive\Desktop\Modding\Minecraft-Robettini\Robettini\ATM10\mods}, reader: mod manifest]
[29Dec2025 03:42:17.263] [main/INFO] [net.neoforged.fml.loading.moddiscovery.ModDiscoverer/SCAN]: Found mod file "cristellib-neoforge-1.21.1-3.0.2.1.jar" [locator: {mods folder locator at C:\Users\Leo\OneDrive\Desktop\Modding\Minecraft-Robettini\Robettini\ATM10\mods}, reader: mod manifest]
[29Dec2025 03:42:17.264] [main/INFO] [net.neoforged.fml.loading.moddiscovery.ModDiscoverer/SCAN]: Found mod file "cryonicconfig-neoforge-1.0.0+mc1.21.10.jar" [locator: {mods folder locator at C:\Users\Leo\OneDrive\Desktop\Modding\Minecraft-Robettini\Robettini\ATM10\mods}, reader: mod manifest]
[29Dec2025 03:42:17.266] [main/INFO] [net.neoforged.fml.loading.moddiscovery.ModDiscoverer/SCAN]: Found mod file "crystalix-2.2.1.jar" [locator: {mods folder locator at C:\Users\Leo\OneDrive\Desktop\Modding\Minecraft-Robettini\Robettini\ATM10\mods}, reader: mod manifest]
[29Dec2025 03:42:17.267] [main/INFO] [net.neoforged.fml.loading.moddiscovery.ModDiscoverer/SCAN]: Found mod file "CTM-1.21-1.2.1+3.jar" [locator: {mods folder locator at C:\Users\Leo\OneDrive\Desktop\Modding\Minecraft-Robettini\Robettini\ATM10\mods}, reader: mod manifest]
[29Dec2025 03:42:17.269] [main/INFO] [net.neoforged.fml.loading.moddiscovery.ModDiscoverer/SCAN]: Found mod file "Cucumber-1.21.1-8.0.15.jar" [locator: {mods folder locator at C:\Users\Leo\OneDrive\Desktop\Modding\Minecraft-Robettini\Robettini\ATM10\mods}, reader: mod manifest]
[29Dec2025 03:42:17.270] [main/INFO] [net.neoforged.fml.loading.moddiscovery.ModDiscoverer/SCAN]: Found mod file "cupboard-1.21-2.9.jar" [locator: {mods folder locator at C:\Users\Leo\OneDrive\Desktop\Modding\Minecraft-Robettini\Robettini\ATM10\mods}, reader: mod manifest]
[29Dec2025 03:42:17.272] [main/INFO] [net.neoforged.fml.loading.moddiscovery.ModDiscoverer/SCAN]: Found mod file "curios-neoforge-9.5.1+1.21.1.jar" [locator: {mods folder locator at C:\Users\Leo\OneDrive\Desktop\Modding\Minecraft-Robettini\Robettini\ATM10\mods}, reader: mod manifest]
[29Dec2025 03:42:17.273] [main/INFO] [net.neoforged.fml.loading.moddiscovery.ModDiscoverer/SCAN]: Found mod file "cyclopscore-1.21.1-neoforge-1.27.2-848.jar" [locator: {mods folder locator at C:\Users\Leo\OneDrive\Desktop\Modding\Minecraft-Robettini\Robettini\ATM10\mods}, reader: mod manifest]
[29Dec2025 03:42:17.275] [main/INFO] [net.neoforged.fml.loading.moddiscovery.ModDiscoverer/SCAN]: Found mod file "deeperdarker-neoforge-1.21.1-1.3.5.jar" [locator: {mods folder locator at C:\Users\Leo\OneDrive\Desktop\Modding\Minecraft-Robettini\Robettini\ATM10\mods}, reader: mod manifest]
[29Dec2025 03:42:17.276] [main/INFO] [net.neoforged.fml.loading.moddiscovery.ModDiscoverer/SCAN]: Found mod file "deimos-1.21.1-neoforge-2.5.jar" [locator: {mods folder locator at C:\Users\Leo\OneDrive\Desktop\Modding\Minecraft-Robettini\Robettini\ATM10\mods}, reader: mod manifest]
[29Dec2025 03:42:17.277] [main/INFO] [net.neoforged.fml.loading.moddiscovery.ModDiscoverer/SCAN]: Found mod file "DimStorage-1.21.1-9.1.0.jar" [locator: {mods folder locator at C:\Users\Leo\OneDrive\Desktop\Modding\Minecraft-Robettini\Robettini\ATM10\mods}, reader: mod manifest]
[29Dec2025 03:42:17.279] [main/INFO] [net.neoforged.fml.loading.moddiscovery.ModDiscoverer/SCAN]: Found mod file "disenchanting_table-merged-1.21.1-5.0.2.jar" [locator: {mods folder locator at C:\Users\Leo\OneDrive\Desktop\Modding\Minecraft-Robettini\Robettini\ATM10\mods}, reader: mod manifest]
[29Dec2025 03:42:17.280] [main/INFO] [net.neoforged.fml.loading.moddiscovery.ModDiscoverer/SCAN]: Found mod file "domum-ornamentum-1.0.223-snapshot-main.jar" [locator: {mods folder locator at C:\Users\Leo\OneDrive\Desktop\Modding\Minecraft-Robettini\Robettini\ATM10\mods}, reader: mod manifest]
[29Dec2025 03:42:17.287] [main/INFO] [net.neoforged.fml.loading.moddiscovery.ModDiscoverer/SCAN]: Found mod file "Draconic-Evolution-1.21.1-3.1.4.630.jar" [locator: {mods folder locator at C:\Users\Leo\OneDrive\Desktop\Modding\Minecraft-Robettini\Robettini\ATM10\mods}, reader: mod manifest]
[29Dec2025 03:42:17.289] [main/INFO] [net.neoforged.fml.loading.moddiscovery.ModDiscoverer/SCAN]: Found mod file "dummmmmmy-1.21-2.0.11-neoforge.jar" [locator: {mods folder locator at C:\Users\Leo\OneDrive\Desktop\Modding\Minecraft-Robettini\Robettini\ATM10\mods}, reader: mod manifest]
[29Dec2025 03:42:17.290] [main/INFO] [net.neoforged.fml.loading.moddiscovery.ModDiscoverer/SCAN]: Found mod file "DungeonCrawl-NeoForge-1.21-2.3.15.jar" [locator: {mods folder locator at C:\Users\Leo\OneDrive\Desktop\Modding\Minecraft-Robettini\Robettini\ATM10\mods}, reader: mod manifest]
[29Dec2025 03:42:17.292] [main/INFO] [net.neoforged.fml.loading.moddiscovery.ModDiscoverer/SCAN]: Found mod file "DungeonsArise-1.21.1-2.1.68-release.jar" [locator: {mods folder locator at C:\Users\Leo\OneDrive\Desktop\Modding\Minecraft-Robettini\Robettini\ATM10\mods}, reader: mod manifest]
[29Dec2025 03:42:17.293] [main/INFO] [net.neoforged.fml.loading.moddiscovery.ModDiscoverer/SCAN]: Found mod file "dyenamics-1.21.1-3.4.2.jar" [locator: {mods folder locator at C:\Users\Leo\OneDrive\Desktop\Modding\Minecraft-Robettini\Robettini\ATM10\mods}, reader: mod manifest]
[29Dec2025 03:42:17.298] [main/INFO] [net.neoforged.fml.loading.moddiscovery.ModDiscoverer/SCAN]: Found mod file "dyenamicsandfriends-1.21.1-2.2.2.jar" [locator: {mods folder locator at C:\Users\Leo\OneDrive\Desktop\Modding\Minecraft-Robettini\Robettini\ATM10\mods}, reader: mod manifest]
[29Dec2025 03:42:17.300] [main/INFO] [net.neoforged.fml.loading.moddiscovery.ModDiscoverer/SCAN]: Found mod file "dysoncubeproject-1.0.2.jar" [locator: {mods folder locator at C:\Users\Leo\OneDrive\Desktop\Modding\Minecraft-Robettini\Robettini\ATM10\mods}, reader: mod manifest]
[29Dec2025 03:42:17.302] [main/INFO] [net.neoforged.fml.loading.moddiscovery.ModDiscoverer/SCAN]: Found mod file "easy-villagers-neoforge-1.21.1-1.1.39.jar" [locator: {mods folder locator at C:\Users\Leo\OneDrive\Desktop\Modding\Minecraft-Robettini\Robettini\ATM10\mods}, reader: mod manifest]
[29Dec2025 03:42:17.303] [main/INFO] [net.neoforged.fml.loading.moddiscovery.ModDiscoverer/SCAN]: Found mod file "EdivadLib-1.21-3.0.0.jar" [locator: {mods folder locator at C:\Users\Leo\OneDrive\Desktop\Modding\Minecraft-Robettini\Robettini\ATM10\mods}, reader: mod manifest]
[29Dec2025 03:42:17.305] [main/INFO] [net.neoforged.fml.loading.moddiscovery.ModDiscoverer/SCAN]: Found mod file "elevatorid-neoforge-1.21.1-1.11.4.jar" [locator: {mods folder locator at C:\Users\Leo\OneDrive\Desktop\Modding\Minecraft-Robettini\Robettini\ATM10\mods}, reader: mod manifest]
[29Dec2025 03:42:17.306] [main/INFO] [net.neoforged.fml.loading.moddiscovery.ModDiscoverer/SCAN]: Found mod file "enchdesc-neoforge-1.21.1-21.1.9.jar" [locator: {mods folder locator at C:\Users\Leo\OneDrive\Desktop\Modding\Minecraft-Robettini\Robettini\ATM10\mods}, reader: mod manifest]
[29Dec2025 03:42:17.307] [main/INFO] [net.neoforged.fml.loading.moddiscovery.ModDiscoverer/SCAN]: Found mod file "enderdrives-neoforge-1.21.1-1.4.4.jar" [locator: {mods folder locator at C:\Users\Leo\OneDrive\Desktop\Modding\Minecraft-Robettini\Robettini\ATM10\mods}, reader: mod manifest]
[29Dec2025 03:42:17.309] [main/INFO] [net.neoforged.fml.loading.moddiscovery.ModDiscoverer/SCAN]: Found mod file "enderio-8.0.7-alpha.jar" [locator: {mods folder locator at C:\Users\Leo\OneDrive\Desktop\Modding\Minecraft-Robettini\Robettini\ATM10\mods}, reader: mod manifest]
[29Dec2025 03:42:17.310] [main/INFO] [net.neoforged.fml.loading.moddiscovery.ModDiscoverer/SCAN]: Found mod file "endermanoverhaul-neoforge-1.21.1-2.0.2.jar" [locator: {mods folder locator at C:\Users\Leo\OneDrive\Desktop\Modding\Minecraft-Robettini\Robettini\ATM10\mods}, reader: mod manifest]
[29Dec2025 03:42:17.313] [main/INFO] [net.neoforged.fml.loading.moddiscovery.ModDiscoverer/SCAN]: Found mod file "EnderStorage-1.21.1-2.13.0.191.jar" [locator: {mods folder locator at C:\Users\Leo\OneDrive\Desktop\Modding\Minecraft-Robettini\Robettini\ATM10\mods}, reader: mod manifest]
[29Dec2025 03:42:17.314] [main/INFO] [net.neoforged.fml.loading.moddiscovery.ModDiscoverer/SCAN]: Found mod file "entangled-1.3.20a-neoforge-mc1.21.jar" [locator: {mods folder locator at C:\Users\Leo\OneDrive\Desktop\Modding\Minecraft-Robettini\Robettini\ATM10\mods}, reader: mod manifest]
[29Dec2025 03:42:17.317] [main/INFO] [net.neoforged.fml.loading.moddiscovery.ModDiscoverer/SCAN]: Found mod file "eternalstarlight-0.6.1-hotfix+1.21.1+neoforge.jar" [locator: {mods folder locator at C:\Users\Leo\OneDrive\Desktop\Modding\Minecraft-Robettini\Robettini\ATM10\mods}, reader: mod manifest]
[29Dec2025 03:42:17.319] [main/INFO] [net.neoforged.fml.loading.moddiscovery.ModDiscoverer/SCAN]: Found mod file "everythingcopper-1.21.1-2.4.5.jar" [locator: {mods folder locator at C:\Users\Leo\OneDrive\Desktop\Modding\Minecraft-Robettini\Robettini\ATM10\mods}, reader: mod manifest]
[29Dec2025 03:42:17.320] [main/INFO] [net.neoforged.fml.loading.moddiscovery.ModDiscoverer/SCAN]: Found mod file "evilcraft-1.21.1-neoforge-1.2.79-715.jar" [locator: {mods folder locator at C:\Users\Leo\OneDrive\Desktop\Modding\Minecraft-Robettini\Robettini\ATM10\mods}, reader: mod manifest]
[29Dec2025 03:42:17.322] [main/INFO] [net.neoforged.fml.loading.moddiscovery.ModDiscoverer/SCAN]: Found mod file "expandedae-2.1.1.jar" [locator: {mods folder locator at C:\Users\Leo\OneDrive\Desktop\Modding\Minecraft-Robettini\Robettini\ATM10\mods}, reader: mod manifest]
[29Dec2025 03:42:17.323] [main/INFO] [net.neoforged.fml.loading.moddiscovery.ModDiscoverer/SCAN]: Found mod file "experiencelib-1.21.1-1.1.1.jar" [locator: {mods folder locator at C:\Users\Leo\OneDrive\Desktop\Modding\Minecraft-Robettini\Robettini\ATM10\mods}, reader: mod manifest]
[29Dec2025 03:42:17.324] [main/INFO] [net.neoforged.fml.loading.moddiscovery.ModDiscoverer/SCAN]: Found mod file "ExplorersCompass-1.21.1-3.0.3-neoforge.jar" [locator: {mods folder locator at C:\Users\Leo\OneDrive\Desktop\Modding\Minecraft-Robettini\Robettini\ATM10\mods}, reader: mod manifest]
[29Dec2025 03:42:17.326] [main/INFO] [net.neoforged.fml.loading.moddiscovery.ModDiscoverer/SCAN]: Found mod file "Explorify v1.6.4 f15-88.mod.jar" [locator: {mods folder locator at C:\Users\Leo\OneDrive\Desktop\Modding\Minecraft-Robettini\Robettini\ATM10\mods}, reader: mod manifest]
[29Dec2025 03:42:17.327] [main/INFO] [net.neoforged.fml.loading.moddiscovery.ModDiscoverer/SCAN]: Found mod file "extended-industrialization-1.15.22-1.21.1.jar" [locator: {mods folder locator at C:\Users\Leo\OneDrive\Desktop\Modding\Minecraft-Robettini\Robettini\ATM10\mods}, reader: mod manifest]
[29Dec2025 03:42:17.329] [main/INFO] [net.neoforged.fml.loading.moddiscovery.ModDiscoverer/SCAN]: Found mod file "ExtendedAE-1.21-2.2.25-neoforge.jar" [locator: {mods folder locator at C:\Users\Leo\OneDrive\Desktop\Modding\Minecraft-Robettini\Robettini\ATM10\mods}, reader: mod manifest]
[29Dec2025 03:42:17.330] [main/INFO] [net.neoforged.fml.loading.moddiscovery.ModDiscoverer/SCAN]: Found mod file "ExtraDisks-1.21.1-4.0.14.jar" [locator: {mods folder locator at C:\Users\Leo\OneDrive\Desktop\Modding\Minecraft-Robettini\Robettini\ATM10\mods}, reader: mod manifest]
[29Dec2025 03:42:17.331] [main/INFO] [net.neoforged.fml.loading.moddiscovery.ModDiscoverer/SCAN]: Found mod file "ExtraStorage-1.21.1-5.0.7.jar" [locator: {mods folder locator at C:\Users\Leo\OneDrive\Desktop\Modding\Minecraft-Robettini\Robettini\ATM10\mods}, reader: mod manifest]
[29Dec2025 03:42:17.333] [main/INFO] [net.neoforged.fml.loading.moddiscovery.ModDiscoverer/SCAN]: Found mod file "ExtremeReactors2-1.21.1-2.4.26.jar" [locator: {mods folder locator at C:\Users\Leo\OneDrive\Desktop\Modding\Minecraft-Robettini\Robettini\ATM10\mods}, reader: mod manifest]
[29Dec2025 03:42:17.335] [main/INFO] [net.neoforged.fml.loading.moddiscovery.ModDiscoverer/SCAN]: Found mod file "factory_blocks-neoforge-1.4.0+mc1.21.1.jar" [locator: {mods folder locator at C:\Users\Leo\OneDrive\Desktop\Modding\Minecraft-Robettini\Robettini\ATM10\mods}, reader: mod manifest]
[29Dec2025 03:42:17.336] [main/INFO] [net.neoforged.fml.loading.moddiscovery.ModDiscoverer/SCAN]: Found mod file "FarmersDelight-1.21.1-1.2.9.jar" [locator: {mods folder locator at C:\Users\Leo\OneDrive\Desktop\Modding\Minecraft-Robettini\Robettini\ATM10\mods}, reader: mod manifest]
[29Dec2025 03:42:17.338] [main/INFO] [net.neoforged.fml.loading.moddiscovery.ModDiscoverer/SCAN]: Found mod file "farmingforblockheads-neoforge-1.21.1-21.1.10.jar" [locator: {mods folder locator at C:\Users\Leo\OneDrive\Desktop\Modding\Minecraft-Robettini\Robettini\ATM10\mods}, reader: mod manifest]
[29Dec2025 03:42:17.339] [main/INFO] [net.neoforged.fml.loading.moddiscovery.ModDiscoverer/SCAN]: Found mod file "FastFurnace-1.21.1-9.0.1.jar" [locator: {mods folder locator at C:\Users\Leo\OneDrive\Desktop\Modding\Minecraft-Robettini\Robettini\ATM10\mods}, reader: mod manifest]
[29Dec2025 03:42:17.340] [main/INFO] [net.neoforged.fml.loading.moddiscovery.ModDiscoverer/SCAN]: Found mod file "FastSuite-1.21.1-6.0.5.jar" [locator: {mods folder locator at C:\Users\Leo\OneDrive\Desktop\Modding\Minecraft-Robettini\Robettini\ATM10\mods}, reader: mod manifest]
[29Dec2025 03:42:17.341] [main/INFO] [net.neoforged.fml.loading.moddiscovery.ModDiscoverer/SCAN]: Found mod file "FastWorkbench-1.21.1-9.1.3.jar" [locator: {mods folder locator at C:\Users\Leo\OneDrive\Desktop\Modding\Minecraft-Robettini\Robettini\ATM10\mods}, reader: mod manifest]
[29Dec2025 03:42:17.344] [main/INFO] [net.neoforged.fml.loading.moddiscovery.ModDiscoverer/SCAN]: Found mod file "ferritecore-7.0.2-neoforge.jar" [locator: {mods folder locator at C:\Users\Leo\OneDrive\Desktop\Modding\Minecraft-Robettini\Robettini\ATM10\mods}, reader: mod manifest]
[29Dec2025 03:42:17.345] [main/INFO] [net.neoforged.fml.loading.moddiscovery.ModDiscoverer/SCAN]: Found mod file "fireproofboats-1.21.1-1.0.4.jar" [locator: {mods folder locator at C:\Users\Leo\OneDrive\Desktop\Modding\Minecraft-Robettini\Robettini\ATM10\mods}, reader: mod manifest]
[29Dec2025 03:42:17.347] [main/INFO] [net.neoforged.fml.loading.moddiscovery.ModDiscoverer/SCAN]: Found mod file "flickerfix-1.21.0.jar" [locator: {mods folder locator at C:\Users\Leo\OneDrive\Desktop\Modding\Minecraft-Robettini\Robettini\ATM10\mods}, reader: mod manifest]
[29Dec2025 03:42:17.348] [main/INFO] [net.neoforged.fml.loading.moddiscovery.ModDiscoverer/SCAN]: Found mod file "FluxNetworks-1.21.1-8.0.0.jar" [locator: {mods folder locator at C:\Users\Leo\OneDrive\Desktop\Modding\Minecraft-Robettini\Robettini\ATM10\mods}, reader: mod manifest]
[29Dec2025 03:42:17.350] [main/INFO] [net.neoforged.fml.loading.moddiscovery.ModDiscoverer/SCAN]: Found mod file "forbidden_arcanus-2.6.1.jar" [locator: {mods folder locator at C:\Users\Leo\OneDrive\Desktop\Modding\Minecraft-Robettini\Robettini\ATM10\mods}, reader: mod manifest]
[29Dec2025 03:42:17.351] [main/INFO] [net.neoforged.fml.loading.moddiscovery.ModDiscoverer/SCAN]: Found mod file "formations-1.0.4-neoforge-mc1.21.jar" [locator: {mods folder locator at C:\Users\Leo\OneDrive\Desktop\Modding\Minecraft-Robettini\Robettini\ATM10\mods}, reader: mod manifest]
[29Dec2025 03:42:17.353] [main/INFO] [net.neoforged.fml.loading.moddiscovery.ModDiscoverer/SCAN]: Found mod file "formationsnether-1.0.5-mc1.21+.jar" [locator: {mods folder locator at C:\Users\Leo\OneDrive\Desktop\Modding\Minecraft-Robettini\Robettini\ATM10\mods}, reader: mod manifest]
[29Dec2025 03:42:17.354] [main/INFO] [net.neoforged.fml.loading.moddiscovery.ModDiscoverer/SCAN]: Found mod file "formationsoverworld-1.0.5-mc1.21+.jar" [locator: {mods folder locator at C:\Users\Leo\OneDrive\Desktop\Modding\Minecraft-Robettini\Robettini\ATM10\mods}, reader: mod manifest]
[29Dec2025 03:42:17.356] [main/INFO] [net.neoforged.fml.loading.moddiscovery.ModDiscoverer/SCAN]: Found mod file "FramedBlocks-10.5.1.jar" [locator: {mods folder locator at C:\Users\Leo\OneDrive\Desktop\Modding\Minecraft-Robettini\Robettini\ATM10\mods}, reader: mod manifest]
[29Dec2025 03:42:17.357] [main/INFO] [net.neoforged.fml.loading.moddiscovery.ModDiscoverer/SCAN]: Found mod file "framework-neoforge-1.21.1-0.13.5.jar" [locator: {mods folder locator at C:\Users\Leo\OneDrive\Desktop\Modding\Minecraft-Robettini\Robettini\ATM10\mods}, reader: mod manifest]
[29Dec2025 03:42:17.359] [main/INFO] [net.neoforged.fml.loading.moddiscovery.ModDiscoverer/SCAN]: Found mod file "ftb-chunks-neoforge-2101.1.13.jar" [locator: {mods folder locator at C:\Users\Leo\OneDrive\Desktop\Modding\Minecraft-Robettini\Robettini\ATM10\mods}, reader: mod manifest]
[29Dec2025 03:42:17.360] [main/INFO] [net.neoforged.fml.loading.moddiscovery.ModDiscoverer/SCAN]: Found mod file "ftb-essentials-neoforge-2101.1.8.jar" [locator: {mods folder locator at C:\Users\Leo\OneDrive\Desktop\Modding\Minecraft-Robettini\Robettini\ATM10\mods}, reader: mod manifest]
[29Dec2025 03:42:17.361] [main/INFO] [net.neoforged.fml.loading.moddiscovery.ModDiscoverer/SCAN]: Found mod file "ftb-filter-system-neoforge-21.1.3.jar" [locator: {mods folder locator at C:\Users\Leo\OneDrive\Desktop\Modding\Minecraft-Robettini\Robettini\ATM10\mods}, reader: mod manifest]
[29Dec2025 03:42:17.363] [main/INFO] [net.neoforged.fml.loading.moddiscovery.ModDiscoverer/SCAN]: Found mod file "ftb-jei-extras-21.1.7.jar" [locator: {mods folder locator at C:\Users\Leo\OneDrive\Desktop\Modding\Minecraft-Robettini\Robettini\ATM10\mods}, reader: mod manifest]
[29Dec2025 03:42:17.365] [main/INFO] [net.neoforged.fml.loading.moddiscovery.ModDiscoverer/SCAN]: Found mod file "ftb-library-neoforge-2101.1.28.jar" [locator: {mods folder locator at C:\Users\Leo\OneDrive\Desktop\Modding\Minecraft-Robettini\Robettini\ATM10\mods}, reader: mod manifest]
[29Dec2025 03:42:17.366] [main/INFO] [net.neoforged.fml.loading.moddiscovery.ModDiscoverer/SCAN]: Found mod file "ftb-quests-neoforge-2101.1.19.jar" [locator: {mods folder locator at C:\Users\Leo\OneDrive\Desktop\Modding\Minecraft-Robettini\Robettini\ATM10\mods}, reader: mod manifest]
[29Dec2025 03:42:17.367] [main/INFO] [net.neoforged.fml.loading.moddiscovery.ModDiscoverer/SCAN]: Found mod file "ftb-ranks-neoforge-2101.1.3.jar" [locator: {mods folder locator at C:\Users\Leo\OneDrive\Desktop\Modding\Minecraft-Robettini\Robettini\ATM10\mods}, reader: mod manifest]
[29Dec2025 03:42:17.369] [main/INFO] [net.neoforged.fml.loading.moddiscovery.ModDiscoverer/SCAN]: Found mod file "ftb-teams-neoforge-2101.1.7.jar" [locator: {mods folder locator at C:\Users\Leo\OneDrive\Desktop\Modding\Minecraft-Robettini\Robettini\ATM10\mods}, reader: mod manifest]
[29Dec2025 03:42:17.370] [main/INFO] [net.neoforged.fml.loading.moddiscovery.ModDiscoverer/SCAN]: Found mod file "ftb-ultimine-neoforge-2101.1.12.jar" [locator: {mods folder locator at C:\Users\Leo\OneDrive\Desktop\Modding\Minecraft-Robettini\Robettini\ATM10\mods}, reader: mod manifest]
[29Dec2025 03:42:17.371] [main/INFO] [net.neoforged.fml.loading.moddiscovery.ModDiscoverer/SCAN]: Found mod file "ftb-xmod-compat-neoforge-21.1.6.jar" [locator: {mods folder locator at C:\Users\Leo\OneDrive\Desktop\Modding\Minecraft-Robettini\Robettini\ATM10\mods}, reader: mod manifest]
[29Dec2025 03:42:17.373] [main/INFO] [net.neoforged.fml.loading.moddiscovery.ModDiscoverer/SCAN]: Found mod file "ftbquestslangsplitter-1.0.5.jar" [locator: {mods folder locator at C:\Users\Leo\OneDrive\Desktop\Modding\Minecraft-Robettini\Robettini\ATM10\mods}, reader: mod manifest]
[29Dec2025 03:42:17.374] [main/INFO] [net.neoforged.fml.loading.moddiscovery.ModDiscoverer/SCAN]: Found mod file "fuelgoeshere-1.21.1-1.2.0.jar" [locator: {mods folder locator at C:\Users\Leo\OneDrive\Desktop\Modding\Minecraft-Robettini\Robettini\ATM10\mods}, reader: mod manifest]
[29Dec2025 03:42:17.375] [main/INFO] [net.neoforged.fml.loading.moddiscovery.ModDiscoverer/SCAN]: Found mod file "functionalstorage-1.21.1-1.5.5.jar" [locator: {mods folder locator at C:\Users\Leo\OneDrive\Desktop\Modding\Minecraft-Robettini\Robettini\ATM10\mods}, reader: mod manifest]
[29Dec2025 03:42:17.377] [main/INFO] [net.neoforged.fml.loading.moddiscovery.ModDiscoverer/SCAN]: Found mod file "fusion-1.2.11b-neoforge-mc1.21.jar" [locator: {mods folder locator at C:\Users\Leo\OneDrive\Desktop\Modding\Minecraft-Robettini\Robettini\ATM10\mods}, reader: mod manifest]
[29Dec2025 03:42:17.378] [main/INFO] [net.neoforged.fml.loading.moddiscovery.ModDiscoverer/SCAN]: Found mod file "fzzy_config-0.7.3+1.21+neoforge.jar" [locator: {mods folder locator at C:\Users\Leo\OneDrive\Desktop\Modding\Minecraft-Robettini\Robettini\ATM10\mods}, reader: mod manifest]
[29Dec2025 03:42:17.379] [main/INFO] [net.neoforged.fml.loading.moddiscovery.ModDiscoverer/SCAN]: Found mod file "GatewaysToEternity-1.21.1-5.1.0.jar" [locator: {mods folder locator at C:\Users\Leo\OneDrive\Desktop\Modding\Minecraft-Robettini\Robettini\ATM10\mods}, reader: mod manifest]
[29Dec2025 03:42:17.381] [main/INFO] [net.neoforged.fml.loading.moddiscovery.ModDiscoverer/SCAN]: Found mod file "geckolib-neoforge-1.21.1-4.8.2.jar" [locator: {mods folder locator at C:\Users\Leo\OneDrive\Desktop\Modding\Minecraft-Robettini\Robettini\ATM10\mods}, reader: mod manifest]
[29Dec2025 03:42:17.382] [main/INFO] [net.neoforged.fml.loading.moddiscovery.ModDiscoverer/SCAN]: Found mod file "generatorgalore-1.21.1-1.6.3.jar" [locator: {mods folder locator at C:\Users\Leo\OneDrive\Desktop\Modding\Minecraft-Robettini\Robettini\ATM10\mods}, reader: mod manifest]
[29Dec2025 03:42:17.383] [main/INFO] [net.neoforged.fml.loading.moddiscovery.ModDiscoverer/SCAN]: Found mod file "getittogetherdrops-neoforge-1.21.5-1.4.jar" [locator: {mods folder locator at C:\Users\Leo\OneDrive\Desktop\Modding\Minecraft-Robettini\Robettini\ATM10\mods}, reader: mod manifest]
[29Dec2025 03:42:17.385] [main/INFO] [net.neoforged.fml.loading.moddiscovery.ModDiscoverer/SCAN]: Found mod file "Glassential-renewed-1.21.1-3.3.2.jar" [locator: {mods folder locator at C:\Users\Leo\OneDrive\Desktop\Modding\Minecraft-Robettini\Robettini\ATM10\mods}, reader: mod manifest]
[29Dec2025 03:42:17.386] [main/INFO] [net.neoforged.fml.loading.moddiscovery.ModDiscoverer/SCAN]: Found mod file "Glodium-1.21-2.2-neoforge.jar" [locator: {mods folder locator at C:\Users\Leo\OneDrive\Desktop\Modding\Minecraft-Robettini\Robettini\ATM10\mods}, reader: mod manifest]
[29Dec2025 03:42:17.387] [main/INFO] [net.neoforged.fml.loading.moddiscovery.ModDiscoverer/SCAN]: Found mod file "GravitationalModulatingAdditionalUnit-1.21.1-6.4.jar" [locator: {mods folder locator at C:\Users\Leo\OneDrive\Desktop\Modding\Minecraft-Robettini\Robettini\ATM10\mods}, reader: mod manifest]
[29Dec2025 03:42:17.389] [main/INFO] [net.neoforged.fml.loading.moddiscovery.ModDiscoverer/SCAN]: Found mod file "guideme-21.1.15.jar" [locator: {mods folder locator at C:\Users\Leo\OneDrive\Desktop\Modding\Minecraft-Robettini\Robettini\ATM10\mods}, reader: mod manifest]
[29Dec2025 03:42:17.393] [main/INFO] [net.neoforged.fml.loading.moddiscovery.ModDiscoverer/SCAN]: Found mod file "handcrafted-neoforge-1.21.1-4.0.3.jar" [locator: {mods folder locator at C:\Users\Leo\OneDrive\Desktop\Modding\Minecraft-Robettini\Robettini\ATM10\mods}, reader: mod manifest]
[29Dec2025 03:42:17.394] [main/INFO] [net.neoforged.fml.loading.moddiscovery.ModDiscoverer/SCAN]: Found mod file "hardenedarmadillos-1.21.1-0.2.0.jar" [locator: {mods folder locator at C:\Users\Leo\OneDrive\Desktop\Modding\Minecraft-Robettini\Robettini\ATM10\mods}, reader: mod manifest]
[29Dec2025 03:42:17.396] [main/INFO] [net.neoforged.fml.loading.moddiscovery.ModDiscoverer/SCAN]: Found mod file "herbsandharvest-1.21.1-2.jar" [locator: {mods folder locator at C:\Users\Leo\OneDrive\Desktop\Modding\Minecraft-Robettini\Robettini\ATM10\mods}, reader: mod manifest]
[29Dec2025 03:42:17.397] [main/INFO] [net.neoforged.fml.loading.moddiscovery.ModDiscoverer/SCAN]: Found mod file "heyberryshutup-1.21.0-2.0.4.jar" [locator: {mods folder locator at C:\Users\Leo\OneDrive\Desktop\Modding\Minecraft-Robettini\Robettini\ATM10\mods}, reader: mod manifest]
[29Dec2025 03:42:17.399] [main/INFO] [net.neoforged.fml.loading.moddiscovery.ModDiscoverer/SCAN]: Found mod file "HostileNeuralNetworks-1.21.1-6.3.0.jar" [locator: {mods folder locator at C:\Users\Leo\OneDrive\Desktop\Modding\Minecraft-Robettini\Robettini\ATM10\mods}, reader: mod manifest]
[29Dec2025 03:42:17.400] [main/INFO] [net.neoforged.fml.loading.moddiscovery.ModDiscoverer/SCAN]: Found mod file "hyperbox-1.21-6.0.0.1.jar" [locator: {mods folder locator at C:\Users\Leo\OneDrive\Desktop\Modding\Minecraft-Robettini\Robettini\ATM10\mods}, reader: mod manifest]
[29Dec2025 03:42:17.402] [main/INFO] [net.neoforged.fml.loading.moddiscovery.ModDiscoverer/SCAN]: Found mod file "IceAndFireCE-1.1-1.21.1-neoforge.jar" [locator: {mods folder locator at C:\Users\Leo\OneDrive\Desktop\Modding\Minecraft-Robettini\Robettini\ATM10\mods}, reader: mod manifest]
[29Dec2025 03:42:17.403] [main/INFO] [net.neoforged.fml.loading.moddiscovery.ModDiscoverer/SCAN]: Found mod file "illagerwarship-1.0.1-neoforge-1.21.1.jar" [locator: {mods folder locator at C:\Users\Leo\OneDrive\Desktop\Modding\Minecraft-Robettini\Robettini\ATM10\mods}, reader: mod manifest]
[29Dec2025 03:42:17.405] [main/INFO] [net.neoforged.fml.loading.moddiscovery.ModDiscoverer/SCAN]: Found mod file "imfast-NEOFORGE-1.0.2.jar" [locator: {mods folder locator at C:\Users\Leo\OneDrive\Desktop\Modding\Minecraft-Robettini\Robettini\ATM10\mods}, reader: mod manifest]
[29Dec2025 03:42:17.406] [main/INFO] [net.neoforged.fml.loading.moddiscovery.ModDiscoverer/SCAN]: Found mod file "ImmediatelyFast-NeoForge-1.6.7+1.21.1.jar" [locator: {mods folder locator at C:\Users\Leo\OneDrive\Desktop\Modding\Minecraft-Robettini\Robettini\ATM10\mods}, reader: mod manifest]
[29Dec2025 03:42:17.407] [main/INFO] [net.neoforged.fml.loading.moddiscovery.ModDiscoverer/SCAN]: Found mod file "Immersive-Energistics-1.1.0-beta.jar" [locator: {mods folder locator at C:\Users\Leo\OneDrive\Desktop\Modding\Minecraft-Robettini\Robettini\ATM10\mods}, reader: mod manifest]
[29Dec2025 03:42:17.410] [main/INFO] [net.neoforged.fml.loading.moddiscovery.ModDiscoverer/SCAN]: Found mod file "ImmersiveEngineering-1.21.1-12.4.2-194.jar" [locator: {mods folder locator at C:\Users\Leo\OneDrive\Desktop\Modding\Minecraft-Robettini\Robettini\ATM10\mods}, reader: mod manifest]
[29Dec2025 03:42:17.411] [main/INFO] [net.neoforged.fml.loading.moddiscovery.ModDiscoverer/SCAN]: Found mod file "incontrol-1.21-10.2.1.jar" [locator: {mods folder locator at C:\Users\Leo\OneDrive\Desktop\Modding\Minecraft-Robettini\Robettini\ATM10\mods}, reader: mod manifest]
[29Dec2025 03:42:17.413] [main/INFO] [net.neoforged.fml.loading.moddiscovery.ModDiscoverer/SCAN]: Found mod file "industrial-foregoing-souls-1.21.1-1.10.5.jar" [locator: {mods folder locator at C:\Users\Leo\OneDrive\Desktop\Modding\Minecraft-Robettini\Robettini\ATM10\mods}, reader: mod manifest]
[29Dec2025 03:42:17.414] [main/INFO] [net.neoforged.fml.loading.moddiscovery.ModDiscoverer/SCAN]: Found mod file "industrialforegoing-1.21-3.6.36.jar" [locator: {mods folder locator at C:\Users\Leo\OneDrive\Desktop\Modding\Minecraft-Robettini\Robettini\ATM10\mods}, reader: mod manifest]
[29Dec2025 03:42:17.416] [main/INFO] [net.neoforged.fml.loading.moddiscovery.ModDiscoverer/SCAN]: Found mod file "industrialization_overdrive-1.10.7+1.21.1.jar" [locator: {mods folder locator at C:\Users\Leo\OneDrive\Desktop\Modding\Minecraft-Robettini\Robettini\ATM10\mods}, reader: mod manifest]
[29Dec2025 03:42:17.417] [main/INFO] [net.neoforged.fml.loading.moddiscovery.ModDiscoverer/SCAN]: Found mod file "integratedcrafting-1.21.1-neoforge-1.3.4.jar" [locator: {mods folder locator at C:\Users\Leo\OneDrive\Desktop\Modding\Minecraft-Robettini\Robettini\ATM10\mods}, reader: mod manifest]
[29Dec2025 03:42:17.419] [main/INFO] [net.neoforged.fml.loading.moddiscovery.ModDiscoverer/SCAN]: Found mod file "integrateddynamics-1.21.1-neoforge-1.29.6.jar" [locator: {mods folder locator at C:\Users\Leo\OneDrive\Desktop\Modding\Minecraft-Robettini\Robettini\ATM10\mods}, reader: mod manifest]
[29Dec2025 03:42:17.423] [main/INFO] [net.neoforged.fml.loading.moddiscovery.ModDiscoverer/SCAN]: Found mod file "integratedscripting-1.21.1-neoforge-1.0.19-295.jar" [locator: {mods folder locator at C:\Users\Leo\OneDrive\Desktop\Modding\Minecraft-Robettini\Robettini\ATM10\mods}, reader: mod manifest]
[29Dec2025 03:42:17.425] [main/INFO] [net.neoforged.fml.loading.moddiscovery.ModDiscoverer/SCAN]: Found mod file "integratedterminals-1.21.1-neoforge-1.6.21-649.jar" [locator: {mods folder locator at C:\Users\Leo\OneDrive\Desktop\Modding\Minecraft-Robettini\Robettini\ATM10\mods}, reader: mod manifest]
[29Dec2025 03:42:17.426] [main/INFO] [net.neoforged.fml.loading.moddiscovery.ModDiscoverer/SCAN]: Found mod file "integratedtunnels-1.21.1-neoforge-1.9.2-521.jar" [locator: {mods folder locator at C:\Users\Leo\OneDrive\Desktop\Modding\Minecraft-Robettini\Robettini\ATM10\mods}, reader: mod manifest]
[29Dec2025 03:42:17.428] [main/INFO] [net.neoforged.fml.loading.moddiscovery.ModDiscoverer/SCAN]: Found mod file "interdimensionalwirelesstransmitter-neoforge-1.21.1-0.1.5.jar" [locator: {mods folder locator at C:\Users\Leo\OneDrive\Desktop\Modding\Minecraft-Robettini\Robettini\ATM10\mods}, reader: mod manifest]
[29Dec2025 03:42:17.429] [main/INFO] [net.neoforged.fml.loading.moddiscovery.ModDiscoverer/SCAN]: Found mod file "invtweaks-1.21.1-1.3.2.jar" [locator: {mods folder locator at C:\Users\Leo\OneDrive\Desktop\Modding\Minecraft-Robettini\Robettini\ATM10\mods}, reader: mod manifest]
[29Dec2025 03:42:17.430] [main/INFO] [net.neoforged.fml.loading.moddiscovery.ModDiscoverer/SCAN]: Found mod file "ironfurnaces-neoforge-1.21.1-4.3.2.jar" [locator: {mods folder locator at C:\Users\Leo\OneDrive\Desktop\Modding\Minecraft-Robettini\Robettini\ATM10\mods}, reader: mod manifest]
[29Dec2025 03:42:17.432] [main/INFO] [net.neoforged.fml.loading.moddiscovery.ModDiscoverer/SCAN]: Found mod file "IronJetpacks-1.21.1-8.0.11.jar" [locator: {mods folder locator at C:\Users\Leo\OneDrive\Desktop\Modding\Minecraft-Robettini\Robettini\ATM10\mods}, reader: mod manifest]
[29Dec2025 03:42:17.433] [main/INFO] [net.neoforged.fml.loading.moddiscovery.ModDiscoverer/SCAN]: Found mod file "irons_jewelry-1.21.1-1.5.3.jar" [locator: {mods folder locator at C:\Users\Leo\OneDrive\Desktop\Modding\Minecraft-Robettini\Robettini\ATM10\mods}, reader: mod manifest]
[29Dec2025 03:42:17.435] [main/INFO] [net.neoforged.fml.loading.moddiscovery.ModDiscoverer/SCAN]: Found mod file "irons_spellbooks-1.21.1-3.14.8.jar" [locator: {mods folder locator at C:\Users\Leo\OneDrive\Desktop\Modding\Minecraft-Robettini\Robettini\ATM10\mods}, reader: mod manifest]
[29Dec2025 03:42:17.436] [main/INFO] [net.neoforged.fml.loading.moddiscovery.ModDiscoverer/SCAN]: Found mod file "itemcollectors-1.1.10-neoforge-mc1.21.jar" [locator: {mods folder locator at C:\Users\Leo\OneDrive\Desktop\Modding\Minecraft-Robettini\Robettini\ATM10\mods}, reader: mod manifest]
[29Dec2025 03:42:17.438] [main/INFO] [net.neoforged.fml.loading.moddiscovery.ModDiscoverer/SCAN]: Found mod file "Jade-1.21.1-NeoForge-15.10.3.jar" [locator: {mods folder locator at C:\Users\Leo\OneDrive\Desktop\Modding\Minecraft-Robettini\Robettini\ATM10\mods}, reader: mod manifest]
[29Dec2025 03:42:17.439] [main/INFO] [net.neoforged.fml.loading.moddiscovery.ModDiscoverer/SCAN]: Found mod file "jearchaeology-1.21.1-1.1.6.jar" [locator: {mods folder locator at C:\Users\Leo\OneDrive\Desktop\Modding\Minecraft-Robettini\Robettini\ATM10\mods}, reader: mod manifest]
[29Dec2025 03:42:17.440] [main/INFO] [net.neoforged.fml.loading.moddiscovery.ModDiscoverer/SCAN]: Found mod file "jei-1.21.1-neoforge-19.25.1.332.jar" [locator: {mods folder locator at C:\Users\Leo\OneDrive\Desktop\Modding\Minecraft-Robettini\Robettini\ATM10\mods}, reader: mod manifest]
[29Dec2025 03:42:17.442] [main/INFO] [net.neoforged.fml.loading.moddiscovery.ModDiscoverer/SCAN]: Found mod file "journeymap-neoforge-1.21.1-6.0.0-beta.52.jar" [locator: {mods folder locator at C:\Users\Leo\OneDrive\Desktop\Modding\Minecraft-Robettini\Robettini\ATM10\mods}, reader: mod manifest]
[29Dec2025 03:42:17.443] [main/INFO] [net.neoforged.fml.loading.moddiscovery.ModDiscoverer/SCAN]: Found mod file "jumpboat-1.21.0-1.0.5.jar" [locator: {mods folder locator at C:\Users\Leo\OneDrive\Desktop\Modding\Minecraft-Robettini\Robettini\ATM10\mods}, reader: mod manifest]
[29Dec2025 03:42:17.444] [main/INFO] [net.neoforged.fml.loading.moddiscovery.ModDiscoverer/SCAN]: Found mod file "Jupiter-2.2.2-neoforge.jar" [locator: {mods folder locator at C:\Users\Leo\OneDrive\Desktop\Modding\Minecraft-Robettini\Robettini\ATM10\mods}, reader: mod manifest]
[29Dec2025 03:42:17.446] [main/INFO] [net.neoforged.fml.loading.moddiscovery.ModDiscoverer/SCAN]: Found mod file "justdirethings-1.5.5.jar" [locator: {mods folder locator at C:\Users\Leo\OneDrive\Desktop\Modding\Minecraft-Robettini\Robettini\ATM10\mods}, reader: mod manifest]
[29Dec2025 03:42:17.448] [main/INFO] [net.neoforged.fml.loading.moddiscovery.ModDiscoverer/SCAN]: Found library file "kotlinforforge-5.10.0-all.jar" [locator: {mods folder locator at C:\Users\Leo\OneDrive\Desktop\Modding\Minecraft-Robettini\Robettini\ATM10\mods}, reader: mod manifest]
[29Dec2025 03:42:17.449] [main/INFO] [net.neoforged.fml.loading.moddiscovery.ModDiscoverer/SCAN]: Found mod file "kubejs-neoforge-2101.7.2-build.348.jar" [locator: {mods folder locator at C:\Users\Leo\OneDrive\Desktop\Modding\Minecraft-Robettini\Robettini\ATM10\mods}, reader: mod manifest]
[29Dec2025 03:42:17.451] [main/INFO] [net.neoforged.fml.loading.moddiscovery.ModDiscoverer/SCAN]: Found mod file "kubejstweaks-1.0.5.jar" [locator: {mods folder locator at C:\Users\Leo\OneDrive\Desktop\Modding\Minecraft-Robettini\Robettini\ATM10\mods}, reader: mod manifest]
[29Dec2025 03:42:17.453] [main/INFO] [net.neoforged.fml.loading.moddiscovery.ModDiscoverer/SCAN]: Found mod file "L_Ender's Cataclysm 1.21.1-3.16.jar" [locator: {mods folder locator at C:\Users\Leo\OneDrive\Desktop\Modding\Minecraft-Robettini\Robettini\ATM10\mods}, reader: mod manifest]
[29Dec2025 03:42:17.454] [main/INFO] [net.neoforged.fml.loading.moddiscovery.ModDiscoverer/SCAN]: Found mod file "laserbridges-1.21.1-neoforge-5.3.jar" [locator: {mods folder locator at C:\Users\Leo\OneDrive\Desktop\Modding\Minecraft-Robettini\Robettini\ATM10\mods}, reader: mod manifest]
[29Dec2025 03:42:17.455] [main/INFO] [net.neoforged.fml.loading.moddiscovery.ModDiscoverer/SCAN]: Found mod file "laserio-1.9.11.jar" [locator: {mods folder locator at C:\Users\Leo\OneDrive\Desktop\Modding\Minecraft-Robettini\Robettini\ATM10\mods}, reader: mod manifest]
[29Dec2025 03:42:17.457] [main/INFO] [net.neoforged.fml.loading.moddiscovery.ModDiscoverer/SCAN]: Found mod file "lionfishapi-2.6.jar" [locator: {mods folder locator at C:\Users\Leo\OneDrive\Desktop\Modding\Minecraft-Robettini\Robettini\ATM10\mods}, reader: mod manifest]
[29Dec2025 03:42:17.458] [main/INFO] [net.neoforged.fml.loading.moddiscovery.ModDiscoverer/SCAN]: Found mod file "lithostitched-1.5.0-neoforge-1.21.1.jar" [locator: {mods folder locator at C:\Users\Leo\OneDrive\Desktop\Modding\Minecraft-Robettini\Robettini\ATM10\mods}, reader: mod manifest]
[29Dec2025 03:42:17.459] [main/INFO] [net.neoforged.fml.loading.moddiscovery.ModDiscoverer/SCAN]: Found mod file "little-big-redstone-1.4.11-beta-1.21.1.jar" [locator: {mods folder locator at C:\Users\Leo\OneDrive\Desktop\Modding\Minecraft-Robettini\Robettini\ATM10\mods}, reader: mod manifest]
[29Dec2025 03:42:17.461] [main/INFO] [net.neoforged.fml.loading.moddiscovery.ModDiscoverer/SCAN]: Found mod file "livingthings-neoforge-1.21.1-2.3.0.jar" [locator: {mods folder locator at C:\Users\Leo\OneDrive\Desktop\Modding\Minecraft-Robettini\Robettini\ATM10\mods}, reader: mod manifest]
[29Dec2025 03:42:17.462] [main/INFO] [net.neoforged.fml.loading.moddiscovery.ModDiscoverer/SCAN]: Found mod file "lmft-1.1.1+1.21.9-neoforge.jar" [locator: {mods folder locator at C:\Users\Leo\OneDrive\Desktop\Modding\Minecraft-Robettini\Robettini\ATM10\mods}, reader: mod manifest]
[29Dec2025 03:42:17.463] [main/INFO] [net.neoforged.fml.loading.moddiscovery.ModDiscoverer/SCAN]: Found mod file "lootr-neoforge-1.21-1.10.35.95.jar" [locator: {mods folder locator at C:\Users\Leo\OneDrive\Desktop\Modding\Minecraft-Robettini\Robettini\ATM10\mods}, reader: mod manifest]
[29Dec2025 03:42:17.465] [main/INFO] [net.neoforged.fml.loading.moddiscovery.ModDiscoverer/SCAN]: Found mod file "luminax-1.3.1_neoforge_1.21.1.jar" [locator: {mods folder locator at C:\Users\Leo\OneDrive\Desktop\Modding\Minecraft-Robettini\Robettini\ATM10\mods}, reader: mod manifest]
[29Dec2025 03:42:17.466] [main/INFO] [net.neoforged.fml.loading.moddiscovery.ModDiscoverer/SCAN]: Found mod file "mahoutsukai-1.21.1-v1.36.20.jar" [locator: {mods folder locator at C:\Users\Leo\OneDrive\Desktop\Modding\Minecraft-Robettini\Robettini\ATM10\mods}, reader: mod manifest]
[29Dec2025 03:42:17.467] [main/INFO] [net.neoforged.fml.loading.moddiscovery.ModDiscoverer/SCAN]: Found mod file "mcjtylib-1.21-9.0.19.jar" [locator: {mods folder locator at C:\Users\Leo\OneDrive\Desktop\Modding\Minecraft-Robettini\Robettini\ATM10\mods}, reader: mod manifest]
[29Dec2025 03:42:17.469] [main/INFO] [net.neoforged.fml.loading.moddiscovery.ModDiscoverer/SCAN]: Found mod file "mcw-bridges-3.1.1-mc1.21.1neoforge.jar" [locator: {mods folder locator at C:\Users\Leo\OneDrive\Desktop\Modding\Minecraft-Robettini\Robettini\ATM10\mods}, reader: mod manifest]
[29Dec2025 03:42:17.470] [main/INFO] [net.neoforged.fml.loading.moddiscovery.ModDiscoverer/SCAN]: Found mod file "mcw-doors-1.1.2-mc1.21.1neoforge.jar" [locator: {mods folder locator at C:\Users\Leo\OneDrive\Desktop\Modding\Minecraft-Robettini\Robettini\ATM10\mods}, reader: mod manifest]
[29Dec2025 03:42:17.471] [main/INFO] [net.neoforged.fml.loading.moddiscovery.ModDiscoverer/SCAN]: Found mod file "mcw-fences-1.2.0-1.21.1neoforge.jar" [locator: {mods folder locator at C:\Users\Leo\OneDrive\Desktop\Modding\Minecraft-Robettini\Robettini\ATM10\mods}, reader: mod manifest]
[29Dec2025 03:42:17.473] [main/INFO] [net.neoforged.fml.loading.moddiscovery.ModDiscoverer/SCAN]: Found mod file "mcw-furniture-3.4.1-mc1.21.1neoforge.jar" [locator: {mods folder locator at C:\Users\Leo\OneDrive\Desktop\Modding\Minecraft-Robettini\Robettini\ATM10\mods}, reader: mod manifest]
[29Dec2025 03:42:17.475] [main/INFO] [net.neoforged.fml.loading.moddiscovery.ModDiscoverer/SCAN]: Found mod file "mcw-lights-1.1.2-mc1.21.1neoforge.jar" [locator: {mods folder locator at C:\Users\Leo\OneDrive\Desktop\Modding\Minecraft-Robettini\Robettini\ATM10\mods}, reader: mod manifest]
[29Dec2025 03:42:17.476] [main/INFO] [net.neoforged.fml.loading.moddiscovery.ModDiscoverer/SCAN]: Found mod file "mcw-mcwholidays-1.1.1-mc1.21.1neoforge.jar" [locator: {mods folder locator at C:\Users\Leo\OneDrive\Desktop\Modding\Minecraft-Robettini\Robettini\ATM10\mods}, reader: mod manifest]
[29Dec2025 03:42:17.477] [main/INFO] [net.neoforged.fml.loading.moddiscovery.ModDiscoverer/SCAN]: Found mod file "mcw-mcwpaths-1.1.1-mc1.21.1neoforge.jar" [locator: {mods folder locator at C:\Users\Leo\OneDrive\Desktop\Modding\Minecraft-Robettini\Robettini\ATM10\mods}, reader: mod manifest]
[29Dec2025 03:42:17.479] [main/INFO] [net.neoforged.fml.loading.moddiscovery.ModDiscoverer/SCAN]: Found mod file "mcw-mcwwindows-2.4.1-mc1.21.1neoforge.jar" [locator: {mods folder locator at C:\Users\Leo\OneDrive\Desktop\Modding\Minecraft-Robettini\Robettini\ATM10\mods}, reader: mod manifest]
[29Dec2025 03:42:17.481] [main/INFO] [net.neoforged.fml.loading.moddiscovery.ModDiscoverer/SCAN]: Found mod file "mcw-roofs-2.3.2-mc1.21.1neoforge.jar" [locator: {mods folder locator at C:\Users\Leo\OneDrive\Desktop\Modding\Minecraft-Robettini\Robettini\ATM10\mods}, reader: mod manifest]
[29Dec2025 03:42:17.482] [main/INFO] [net.neoforged.fml.loading.moddiscovery.ModDiscoverer/SCAN]: Found mod file "mcw-stairs-1.0.1-1.21.1neoforge.jar" [locator: {mods folder locator at C:\Users\Leo\OneDrive\Desktop\Modding\Minecraft-Robettini\Robettini\ATM10\mods}, reader: mod manifest]
[29Dec2025 03:42:17.483] [main/INFO] [net.neoforged.fml.loading.moddiscovery.ModDiscoverer/SCAN]: Found mod file "mcw-trapdoors-1.1.5-mc1.21.1neoforge.jar" [locator: {mods folder locator at C:\Users\Leo\OneDrive\Desktop\Modding\Minecraft-Robettini\Robettini\ATM10\mods}, reader: mod manifest]
[29Dec2025 03:42:17.485] [main/INFO] [net.neoforged.fml.loading.moddiscovery.ModDiscoverer/SCAN]: Found mod file "Measurements-neoforge-1.21.1-3.0.3.jar" [locator: {mods folder locator at C:\Users\Leo\OneDrive\Desktop\Modding\Minecraft-Robettini\Robettini\ATM10\mods}, reader: mod manifest]
[29Dec2025 03:42:17.486] [main/INFO] [net.neoforged.fml.loading.moddiscovery.ModDiscoverer/SCAN]: Found mod file "megacells-4.10.1.jar" [locator: {mods folder locator at C:\Users\Leo\OneDrive\Desktop\Modding\Minecraft-Robettini\Robettini\ATM10\mods}, reader: mod manifest]
[29Dec2025 03:42:17.488] [main/INFO] [net.neoforged.fml.loading.moddiscovery.ModDiscoverer/SCAN]: Found mod file "Mekanism-1.21.1-10.7.17.83.jar" [locator: {mods folder locator at C:\Users\Leo\OneDrive\Desktop\Modding\Minecraft-Robettini\Robettini\ATM10\mods}, reader: mod manifest]
[29Dec2025 03:42:17.490] [main/INFO] [net.neoforged.fml.loading.moddiscovery.ModDiscoverer/SCAN]: Found mod file "mekanismcovers-1.3-BETA+1.21.jar" [locator: {mods folder locator at C:\Users\Leo\OneDrive\Desktop\Modding\Minecraft-Robettini\Robettini\ATM10\mods}, reader: mod manifest]
[29Dec2025 03:42:17.492] [main/INFO] [net.neoforged.fml.loading.moddiscovery.ModDiscoverer/SCAN]: Found mod file "MekanismGenerators-1.21.1-10.7.17.83.jar" [locator: {mods folder locator at C:\Users\Leo\OneDrive\Desktop\Modding\Minecraft-Robettini\Robettini\ATM10\mods}, reader: mod manifest]
[29Dec2025 03:42:17.493] [main/INFO] [net.neoforged.fml.loading.moddiscovery.ModDiscoverer/SCAN]: Found mod file "MekanismTools-1.21.1-10.7.17.83.jar" [locator: {mods folder locator at C:\Users\Leo\OneDrive\Desktop\Modding\Minecraft-Robettini\Robettini\ATM10\mods}, reader: mod manifest]
[29Dec2025 03:42:17.495] [main/INFO] [net.neoforged.fml.loading.moddiscovery.ModDiscoverer/SCAN]: Found mod file "mekanisticrouters-1.1.1.jar" [locator: {mods folder locator at C:\Users\Leo\OneDrive\Desktop\Modding\Minecraft-Robettini\Robettini\ATM10\mods}, reader: mod manifest]
[29Dec2025 03:42:17.497] [main/INFO] [net.neoforged.fml.loading.moddiscovery.ModDiscoverer/SCAN]: Found mod file "mekmm-1.21.1-1.2.0.jar" [locator: {mods folder locator at C:\Users\Leo\OneDrive\Desktop\Modding\Minecraft-Robettini\Robettini\ATM10\mods}, reader: mod manifest]
[29Dec2025 03:42:17.498] [main/INFO] [net.neoforged.fml.loading.moddiscovery.ModDiscoverer/SCAN]: Found mod file "melody_neoforge_1.0.10_MC_1.21.jar" [locator: {mods folder locator at C:\Users\Leo\OneDrive\Desktop\Modding\Minecraft-Robettini\Robettini\ATM10\mods}, reader: mod manifest]
[29Dec2025 03:42:17.500] [main/INFO] [net.neoforged.fml.loading.moddiscovery.ModDiscoverer/SCAN]: Found mod file "memorysettings-1.21-5.9.jar" [locator: {mods folder locator at C:\Users\Leo\OneDrive\Desktop\Modding\Minecraft-Robettini\Robettini\ATM10\mods}, reader: mod manifest]
[29Dec2025 03:42:17.501] [main/INFO] [net.neoforged.fml.loading.moddiscovery.ModDiscoverer/SCAN]: Found mod file "merequester-neoforge-1.21.1-1.4.1.jar" [locator: {mods folder locator at C:\Users\Leo\OneDrive\Desktop\Modding\Minecraft-Robettini\Robettini\ATM10\mods}, reader: mod manifest]
[29Dec2025 03:42:17.503] [main/INFO] [net.neoforged.fml.loading.moddiscovery.ModDiscoverer/SCAN]: Found mod file "merrymaking-1.21.1-13.jar" [locator: {mods folder locator at C:\Users\Leo\OneDrive\Desktop\Modding\Minecraft-Robettini\Robettini\ATM10\mods}, reader: mod manifest]
[29Dec2025 03:42:17.505] [main/INFO] [net.neoforged.fml.loading.moddiscovery.ModDiscoverer/SCAN]: Found mod file "mffs-5.4.25.jar" [locator: {mods folder locator at C:\Users\Leo\OneDrive\Desktop\Modding\Minecraft-Robettini\Robettini\ATM10\mods}, reader: mod manifest]
[29Dec2025 03:42:17.506] [main/INFO] [net.neoforged.fml.loading.moddiscovery.ModDiscoverer/SCAN]: Found mod file "mifa-neoforge-1.21.x-2.1.0.jar" [locator: {mods folder locator at C:\Users\Leo\OneDrive\Desktop\Modding\Minecraft-Robettini\Robettini\ATM10\mods}, reader: mod manifest]
[29Dec2025 03:42:17.511] [main/INFO] [net.neoforged.fml.loading.moddiscovery.ModDiscoverer/SCAN]: Found mod file "minecolonies-1.1.1218-1.21.1-snapshot.jar" [locator: {mods folder locator at C:\Users\Leo\OneDrive\Desktop\Modding\Minecraft-Robettini\Robettini\ATM10\mods}, reader: mod manifest]
[29Dec2025 03:42:17.513] [main/INFO] [net.neoforged.fml.loading.moddiscovery.ModDiscoverer/SCAN]: Found mod file "mininggadgets-1.18.6.jar" [locator: {mods folder locator at C:\Users\Leo\OneDrive\Desktop\Modding\Minecraft-Robettini\Robettini\ATM10\mods}, reader: mod manifest]
[29Dec2025 03:42:17.514] [main/INFO] [net.neoforged.fml.loading.moddiscovery.ModDiscoverer/SCAN]: Found mod file "mob_grinding_utils-1.1.10+mc1.21.1.jar" [locator: {mods folder locator at C:\Users\Leo\OneDrive\Desktop\Modding\Minecraft-Robettini\Robettini\ATM10\mods}, reader: mod manifest]
[29Dec2025 03:42:17.515] [main/INFO] [net.neoforged.fml.loading.moddiscovery.ModDiscoverer/SCAN]: Found mod file "Modern-Dynamics-0.9.6.jar" [locator: {mods folder locator at C:\Users\Leo\OneDrive\Desktop\Modding\Minecraft-Robettini\Robettini\ATM10\mods}, reader: mod manifest]
[29Dec2025 03:42:17.519] [main/INFO] [net.neoforged.fml.loading.moddiscovery.ModDiscoverer/SCAN]: Found mod file "Modern-Industrialization-2.4.0.jar" [locator: {mods folder locator at C:\Users\Leo\OneDrive\Desktop\Modding\Minecraft-Robettini\Robettini\ATM10\mods}, reader: mod manifest]
[29Dec2025 03:42:17.521] [main/INFO] [net.neoforged.fml.loading.moddiscovery.ModDiscoverer/SCAN]: Found mod file "modernfix-neoforge-5.25.1+mc1.21.1.jar" [locator: {mods folder locator at C:\Users\Leo\OneDrive\Desktop\Modding\Minecraft-Robettini\Robettini\ATM10\mods}, reader: mod manifest]
[29Dec2025 03:42:17.522] [main/INFO] [net.neoforged.fml.loading.moddiscovery.ModDiscoverer/SCAN]: Found mod file "modonomicon-1.21.1-neoforge-1.117.2.jar" [locator: {mods folder locator at C:\Users\Leo\OneDrive\Desktop\Modding\Minecraft-Robettini\Robettini\ATM10\mods}, reader: mod manifest]
[29Dec2025 03:42:17.524] [main/INFO] [net.neoforged.fml.loading.moddiscovery.ModDiscoverer/SCAN]: Found mod file "modular-routers-13.2.3+mc1.21.1.jar" [locator: {mods folder locator at C:\Users\Leo\OneDrive\Desktop\Modding\Minecraft-Robettini\Robettini\ATM10\mods}, reader: mod manifest]
[29Dec2025 03:42:17.525] [main/INFO] [net.neoforged.fml.loading.moddiscovery.ModDiscoverer/SCAN]: Found mod file "ModularBees-1.21.1-2.3-neoforge.jar" [locator: {mods folder locator at C:\Users\Leo\OneDrive\Desktop\Modding\Minecraft-Robettini\Robettini\ATM10\mods}, reader: mod manifest]
[29Dec2025 03:42:17.527] [main/INFO] [net.neoforged.fml.loading.moddiscovery.ModDiscoverer/SCAN]: Found mod file "monolib-neoforge-1.21.1-2.1.0.jar" [locator: {mods folder locator at C:\Users\Leo\OneDrive\Desktop\Modding\Minecraft-Robettini\Robettini\ATM10\mods}, reader: mod manifest]
[29Dec2025 03:42:17.528] [main/INFO] [net.neoforged.fml.loading.moddiscovery.ModDiscoverer/SCAN]: Found mod file "moogs_structures-1.1.0-1.21-1.21.1-neoforge.jar" [locator: {mods folder locator at C:\Users\Leo\OneDrive\Desktop\Modding\Minecraft-Robettini\Robettini\ATM10\mods}, reader: mod manifest]
[29Dec2025 03:42:17.529] [main/INFO] [net.neoforged.fml.loading.moddiscovery.ModDiscoverer/SCAN]: Found mod file "MoogsEndStructures-1.21-2.0.0.jar" [locator: {mods folder locator at C:\Users\Leo\OneDrive\Desktop\Modding\Minecraft-Robettini\Robettini\ATM10\mods}, reader: mod manifest]
[29Dec2025 03:42:17.531] [main/INFO] [net.neoforged.fml.loading.moddiscovery.ModDiscoverer/SCAN]: Found mod file "MoogsNetherStructures-1.21-2.0.1.jar" [locator: {mods folder locator at C:\Users\Leo\OneDrive\Desktop\Modding\Minecraft-Robettini\Robettini\ATM10\mods}, reader: mod manifest]
[29Dec2025 03:42:17.532] [main/INFO] [net.neoforged.fml.loading.moddiscovery.ModDiscoverer/SCAN]: Found mod file "MoogsSoaringStructures-1.21-2.0.0.jar" [locator: {mods folder locator at C:\Users\Leo\OneDrive\Desktop\Modding\Minecraft-Robettini\Robettini\ATM10\mods}, reader: mod manifest]
[29Dec2025 03:42:17.533] [main/INFO] [net.neoforged.fml.loading.moddiscovery.ModDiscoverer/SCAN]: Found mod file "MoogsVoyagerStructures-1.21-5.0.2.jar" [locator: {mods folder locator at C:\Users\Leo\OneDrive\Desktop\Modding\Minecraft-Robettini\Robettini\ATM10\mods}, reader: mod manifest]
[29Dec2025 03:42:17.535] [main/INFO] [net.neoforged.fml.loading.moddiscovery.ModDiscoverer/SCAN]: Found mod file "moonlight-1.21-2.26.8-neoforge.jar" [locator: {mods folder locator at C:\Users\Leo\OneDrive\Desktop\Modding\Minecraft-Robettini\Robettini\ATM10\mods}, reader: mod manifest]
[29Dec2025 03:42:17.536] [main/INFO] [net.neoforged.fml.loading.moddiscovery.ModDiscoverer/SCAN]: Found mod file "moredragoneggs-5.0.jar" [locator: {mods folder locator at C:\Users\Leo\OneDrive\Desktop\Modding\Minecraft-Robettini\Robettini\ATM10\mods}, reader: mod manifest]
[29Dec2025 03:42:17.537] [main/INFO] [net.neoforged.fml.loading.moddiscovery.ModDiscoverer/SCAN]: Found mod file "morered-1.21.1-6.0.0.3.jar" [locator: {mods folder locator at C:\Users\Leo\OneDrive\Desktop\Modding\Minecraft-Robettini\Robettini\ATM10\mods}, reader: mod manifest]
[29Dec2025 03:42:17.539] [main/INFO] [net.neoforged.fml.loading.moddiscovery.ModDiscoverer/SCAN]: Found mod file "MoreRed-CCT-Compat-1.21.1-1.3.0.jar" [locator: {mods folder locator at C:\Users\Leo\OneDrive\Desktop\Modding\Minecraft-Robettini\Robettini\ATM10\mods}, reader: mod manifest]
[29Dec2025 03:42:17.540] [main/INFO] [net.neoforged.fml.loading.moddiscovery.ModDiscoverer/SCAN]: Found mod file "mostructures-neoforge-1.6.0+1.21.1.jar" [locator: {mods folder locator at C:\Users\Leo\OneDrive\Desktop\Modding\Minecraft-Robettini\Robettini\ATM10\mods}, reader: mod manifest]
[29Dec2025 03:42:17.541] [main/INFO] [net.neoforged.fml.loading.moddiscovery.ModDiscoverer/SCAN]: Found mod file "MouseTweaks-neoforge-mc1.21-2.26.1.jar" [locator: {mods folder locator at C:\Users\Leo\OneDrive\Desktop\Modding\Minecraft-Robettini\Robettini\ATM10\mods}, reader: mod manifest]
[29Dec2025 03:42:17.542] [main/INFO] [net.neoforged.fml.loading.moddiscovery.ModDiscoverer/SCAN]: Found mod file "multipiston-1.2.58-1.21.1.jar" [locator: {mods folder locator at C:\Users\Leo\OneDrive\Desktop\Modding\Minecraft-Robettini\Robettini\ATM10\mods}, reader: mod manifest]
[29Dec2025 03:42:17.544] [main/INFO] [net.neoforged.fml.loading.moddiscovery.ModDiscoverer/SCAN]: Found mod file "MysticalAgradditions-1.21.1-8.0.10.jar" [locator: {mods folder locator at C:\Users\Leo\OneDrive\Desktop\Modding\Minecraft-Robettini\Robettini\ATM10\mods}, reader: mod manifest]
[29Dec2025 03:42:17.546] [main/INFO] [net.neoforged.fml.loading.moddiscovery.ModDiscoverer/SCAN]: Found mod file "MysticalAgriculture-1.21.1-8.0.20.jar" [locator: {mods folder locator at C:\Users\Leo\OneDrive\Desktop\Modding\Minecraft-Robettini\Robettini\ATM10\mods}, reader: mod manifest]
[29Dec2025 03:42:17.547] [main/INFO] [net.neoforged.fml.loading.moddiscovery.ModDiscoverer/SCAN]: Found mod file "MysticalCustomization-1.21.1-6.0.0.jar" [locator: {mods folder locator at C:\Users\Leo\OneDrive\Desktop\Modding\Minecraft-Robettini\Robettini\ATM10\mods}, reader: mod manifest]
[29Dec2025 03:42:17.548] [main/INFO] [net.neoforged.fml.loading.moddiscovery.ModDiscoverer/SCAN]: Found mod file "NaturesAura-41.9.jar" [locator: {mods folder locator at C:\Users\Leo\OneDrive\Desktop\Modding\Minecraft-Robettini\Robettini\ATM10\mods}, reader: mod manifest]
[29Dec2025 03:42:17.550] [main/INFO] [net.neoforged.fml.loading.moddiscovery.ModDiscoverer/SCAN]: Found mod file "NaturesCompass-1.21.1-3.0.3-neoforge.jar" [locator: {mods folder locator at C:\Users\Leo\OneDrive\Desktop\Modding\Minecraft-Robettini\Robettini\ATM10\mods}, reader: mod manifest]
[29Dec2025 03:42:17.551] [main/INFO] [net.neoforged.fml.loading.moddiscovery.ModDiscoverer/SCAN]: Found mod file "netherportalfix-neoforge-1.21.1-21.1.1.jar" [locator: {mods folder locator at C:\Users\Leo\OneDrive\Desktop\Modding\Minecraft-Robettini\Robettini\ATM10\mods}, reader: mod manifest]
[29Dec2025 03:42:17.552] [main/INFO] [net.neoforged.fml.loading.moddiscovery.ModDiscoverer/SCAN]: Found mod file "NoChatReports-NEOFORGE-1.21.1-v2.9.1.jar" [locator: {mods folder locator at C:\Users\Leo\OneDrive\Desktop\Modding\Minecraft-Robettini\Robettini\ATM10\mods}, reader: mod manifest]
[29Dec2025 03:42:17.554] [main/INFO] [net.neoforged.fml.loading.moddiscovery.ModDiscoverer/SCAN]: Found mod file "not_enough_glyphs-1.21.1-4.2.3.0.jar" [locator: {mods folder locator at C:\Users\Leo\OneDrive\Desktop\Modding\Minecraft-Robettini\Robettini\ATM10\mods}, reader: mod manifest]
[29Dec2025 03:42:17.555] [main/INFO] [net.neoforged.fml.loading.moddiscovery.ModDiscoverer/SCAN]: Found mod file "notenoughanimations-neoforge-1.10.6-mc1.21.1.jar" [locator: {mods folder locator at C:\Users\Leo\OneDrive\Desktop\Modding\Minecraft-Robettini\Robettini\ATM10\mods}, reader: mod manifest]
[29Dec2025 03:42:17.556] [main/INFO] [net.neoforged.fml.loading.moddiscovery.ModDiscoverer/SCAN]: Found mod file "novillagerdm-1.21.1-6.0.0.jar" [locator: {mods folder locator at C:\Users\Leo\OneDrive\Desktop\Modding\Minecraft-Robettini\Robettini\ATM10\mods}, reader: mod manifest]
[29Dec2025 03:42:17.557] [main/INFO] [net.neoforged.fml.loading.moddiscovery.ModDiscoverer/SCAN]: Found mod file "Nullscape_1.21.x_v1.2.14.jar" [locator: {mods folder locator at C:\Users\Leo\OneDrive\Desktop\Modding\Minecraft-Robettini\Robettini\ATM10\mods}, reader: mod manifest]
[29Dec2025 03:42:17.559] [main/INFO] [net.neoforged.fml.loading.moddiscovery.ModDiscoverer/SCAN]: Found mod file "observable-5.4.4.jar" [locator: {mods folder locator at C:\Users\Leo\OneDrive\Desktop\Modding\Minecraft-Robettini\Robettini\ATM10\mods}, reader: mod manifest]
[29Dec2025 03:42:17.561] [main/INFO] [net.neoforged.fml.loading.moddiscovery.ModDiscoverer/SCAN]: Found mod file "occultism-1.21.1-neoforge-1.197.0.jar" [locator: {mods folder locator at C:\Users\Leo\OneDrive\Desktop\Modding\Minecraft-Robettini\Robettini\ATM10\mods}, reader: mod manifest]
[29Dec2025 03:42:17.562] [main/INFO] [net.neoforged.fml.loading.moddiscovery.ModDiscoverer/SCAN]: Found mod file "occultism_kubejs-1.21.1-neoforge-1.10.0.jar" [locator: {mods folder locator at C:\Users\Leo\OneDrive\Desktop\Modding\Minecraft-Robettini\Robettini\ATM10\mods}, reader: mod manifest]
[29Dec2025 03:42:17.563] [main/INFO] [net.neoforged.fml.loading.moddiscovery.ModDiscoverer/SCAN]: Found mod file "OctoLib-NEOFORGE-0.5.0.1.jar" [locator: {mods folder locator at C:\Users\Leo\OneDrive\Desktop\Modding\Minecraft-Robettini\Robettini\ATM10\mods}, reader: mod manifest]
[29Dec2025 03:42:17.566] [main/INFO] [net.neoforged.fml.loading.moddiscovery.ModDiscoverer/SCAN]: Found mod file "Oh-The-Biomes-Weve-Gone-NeoForge-2.5.1.jar" [locator: {mods folder locator at C:\Users\Leo\OneDrive\Desktop\Modding\Minecraft-Robettini\Robettini\ATM10\mods}, reader: mod manifest]
[29Dec2025 03:42:17.567] [main/INFO] [net.neoforged.fml.loading.moddiscovery.ModDiscoverer/SCAN]: Found mod file "Oh-The-Trees-Youll-Grow-neoforge-1.21.1-5.1.2.jar" [locator: {mods folder locator at C:\Users\Leo\OneDrive\Desktop\Modding\Minecraft-Robettini\Robettini\ATM10\mods}, reader: mod manifest]
[29Dec2025 03:42:17.569] [main/INFO] [net.neoforged.fml.loading.moddiscovery.ModDiscoverer/SCAN]: Found mod file "omegaconfig-neoforge-1.5.1.jar" [locator: {mods folder locator at C:\Users\Leo\OneDrive\Desktop\Modding\Minecraft-Robettini\Robettini\ATM10\mods}, reader: mod manifest]
[29Dec2025 03:42:17.570] [main/INFO] [net.neoforged.fml.loading.moddiscovery.ModDiscoverer/SCAN]: Found mod file "OpenLoader-neoforge-1.21.1-21.1.5.jar" [locator: {mods folder locator at C:\Users\Leo\OneDrive\Desktop\Modding\Minecraft-Robettini\Robettini\ATM10\mods}, reader: mod manifest]
[29Dec2025 03:42:17.571] [main/INFO] [net.neoforged.fml.loading.moddiscovery.ModDiscoverer/SCAN]: Found mod file "oracle_index-neoforge-0.5.0.jar" [locator: {mods folder locator at C:\Users\Leo\OneDrive\Desktop\Modding\Minecraft-Robettini\Robettini\ATM10\mods}, reader: mod manifest]
[29Dec2025 03:42:17.573] [main/INFO] [net.neoforged.fml.loading.moddiscovery.ModDiscoverer/SCAN]: Found mod file "oritech-neoforge-1.21.1-0.19.6.jar" [locator: {mods folder locator at C:\Users\Leo\OneDrive\Desktop\Modding\Minecraft-Robettini\Robettini\ATM10\mods}, reader: mod manifest]
[29Dec2025 03:42:17.574] [main/INFO] [net.neoforged.fml.loading.moddiscovery.ModDiscoverer/SCAN]: Found mod file "overloadedarmorbar-neoforge-1.21-2.jar" [locator: {mods folder locator at C:\Users\Leo\OneDrive\Desktop\Modding\Minecraft-Robettini\Robettini\ATM10\mods}, reader: mod manifest]
[29Dec2025 03:42:17.576] [main/INFO] [net.neoforged.fml.loading.moddiscovery.ModDiscoverer/SCAN]: Found mod file "owo-lib-neoforge-0.12.15.5-beta.1+1.21.jar" [locator: {mods folder locator at C:\Users\Leo\OneDrive\Desktop\Modding\Minecraft-Robettini\Robettini\ATM10\mods}, reader: mod manifest]
[29Dec2025 03:42:17.577] [main/INFO] [net.neoforged.fml.loading.moddiscovery.ModDiscoverer/SCAN]: Found mod file "pamhc2crops-NEOFORGE-1.21.1-1.0.2.jar" [locator: {mods folder locator at C:\Users\Leo\OneDrive\Desktop\Modding\Minecraft-Robettini\Robettini\ATM10\mods}, reader: mod manifest]
[29Dec2025 03:42:17.579] [main/INFO] [net.neoforged.fml.loading.moddiscovery.ModDiscoverer/SCAN]: Found mod file "pamhc2foodcore-NEOFORGE-1.21.1-1.0.4.jar" [locator: {mods folder locator at C:\Users\Leo\OneDrive\Desktop\Modding\Minecraft-Robettini\Robettini\ATM10\mods}, reader: mod manifest]
[29Dec2025 03:42:17.580] [main/INFO] [net.neoforged.fml.loading.moddiscovery.ModDiscoverer/SCAN]: Found mod file "pamhc2foodextended-NEOFORGE-1.21.1-1.0.0.jar" [locator: {mods folder locator at C:\Users\Leo\OneDrive\Desktop\Modding\Minecraft-Robettini\Robettini\ATM10\mods}, reader: mod manifest]
[29Dec2025 03:42:17.582] [main/INFO] [net.neoforged.fml.loading.moddiscovery.ModDiscoverer/SCAN]: Found mod file "pamhc2trees-NEOFORGE-1.21.1-1.0.4.jar" [locator: {mods folder locator at C:\Users\Leo\OneDrive\Desktop\Modding\Minecraft-Robettini\Robettini\ATM10\mods}, reader: mod manifest]
[29Dec2025 03:42:17.583] [main/INFO] [net.neoforged.fml.loading.moddiscovery.ModDiscoverer/SCAN]: Found mod file "Patchouli-1.21.1-92-NEOFORGE.jar" [locator: {mods folder locator at C:\Users\Leo\OneDrive\Desktop\Modding\Minecraft-Robettini\Robettini\ATM10\mods}, reader: mod manifest]
[29Dec2025 03:42:17.584] [main/INFO] [net.neoforged.fml.loading.moddiscovery.ModDiscoverer/SCAN]: Found mod file "pipez-neoforge-1.21.1-1.2.19.jar" [locator: {mods folder locator at C:\Users\Leo\OneDrive\Desktop\Modding\Minecraft-Robettini\Robettini\ATM10\mods}, reader: mod manifest]
[29Dec2025 03:42:17.586] [main/INFO] [net.neoforged.fml.loading.moddiscovery.ModDiscoverer/SCAN]: Found mod file "Placebo-1.21.1-9.9.1.jar" [locator: {mods folder locator at C:\Users\Leo\OneDrive\Desktop\Modding\Minecraft-Robettini\Robettini\ATM10\mods}, reader: mod manifest]
[29Dec2025 03:42:17.587] [main/INFO] [net.neoforged.fml.loading.moddiscovery.ModDiscoverer/SCAN]: Found mod file "player-animation-lib-forge-2.0.1+1.21.1.jar" [locator: {mods folder locator at C:\Users\Leo\OneDrive\Desktop\Modding\Minecraft-Robettini\Robettini\ATM10\mods}, reader: mod manifest]
[29Dec2025 03:42:17.589] [main/INFO] [net.neoforged.fml.loading.moddiscovery.ModDiscoverer/SCAN]: Found mod file "pneumaticcraft-repressurized-8.2.13+mc1.21.1.jar" [locator: {mods folder locator at C:\Users\Leo\OneDrive\Desktop\Modding\Minecraft-Robettini\Robettini\ATM10\mods}, reader: mod manifest]
[29Dec2025 03:42:17.590] [main/INFO] [net.neoforged.fml.loading.moddiscovery.ModDiscoverer/SCAN]: Found mod file "pocketstorage-1.2.5+1.21.1-b3.jar" [locator: {mods folder locator at C:\Users\Leo\OneDrive\Desktop\Modding\Minecraft-Robettini\Robettini\ATM10\mods}, reader: mod manifest]
[29Dec2025 03:42:17.591] [main/INFO] [net.neoforged.fml.loading.moddiscovery.ModDiscoverer/SCAN]: Found mod file "polyeng-0.4.1.jar" [locator: {mods folder locator at C:\Users\Leo\OneDrive\Desktop\Modding\Minecraft-Robettini\Robettini\ATM10\mods}, reader: mod manifest]
[29Dec2025 03:42:17.593] [main/INFO] [net.neoforged.fml.loading.moddiscovery.ModDiscoverer/SCAN]: Found mod file "polylib-2100.1.0-build.183-neoforge.jar" [locator: {mods folder locator at C:\Users\Leo\OneDrive\Desktop\Modding\Minecraft-Robettini\Robettini\ATM10\mods}, reader: mod manifest]
[29Dec2025 03:42:17.594] [main/INFO] [net.neoforged.fml.loading.moddiscovery.ModDiscoverer/SCAN]: Found mod file "polymorph-neoforge-1.1.0+1.21.1.jar" [locator: {mods folder locator at C:\Users\Leo\OneDrive\Desktop\Modding\Minecraft-Robettini\Robettini\ATM10\mods}, reader: mod manifest]
[29Dec2025 03:42:17.595] [main/INFO] [net.neoforged.fml.loading.moddiscovery.ModDiscoverer/SCAN]: Found mod file "ponderjs-neoforge-1.21.1-2.3.0.jar" [locator: {mods folder locator at C:\Users\Leo\OneDrive\Desktop\Modding\Minecraft-Robettini\Robettini\ATM10\mods}, reader: mod manifest]
[29Dec2025 03:42:17.597] [main/INFO] [net.neoforged.fml.loading.moddiscovery.ModDiscoverer/SCAN]: Found mod file "potionsmaster-21.1.113-0.7.1-packdev.jar" [locator: {mods folder locator at C:\Users\Leo\OneDrive\Desktop\Modding\Minecraft-Robettini\Robettini\ATM10\mods}, reader: mod manifest]
[29Dec2025 03:42:17.598] [main/INFO] [net.neoforged.fml.loading.moddiscovery.ModDiscoverer/SCAN]: Found mod file "Powah-6.2.7.jar" [locator: {mods folder locator at C:\Users\Leo\OneDrive\Desktop\Modding\Minecraft-Robettini\Robettini\ATM10\mods}, reader: mod manifest]
[29Dec2025 03:42:17.599] [main/INFO] [net.neoforged.fml.loading.moddiscovery.ModDiscoverer/SCAN]: Found mod file "prickle-neoforge-1.21.1-21.1.11.jar" [locator: {mods folder locator at C:\Users\Leo\OneDrive\Desktop\Modding\Minecraft-Robettini\Robettini\ATM10\mods}, reader: mod manifest]
[29Dec2025 03:42:17.602] [main/INFO] [net.neoforged.fml.loading.moddiscovery.ModDiscoverer/SCAN]: Found mod file "productivebees-1.21.1-13.11.1.jar" [locator: {mods folder locator at C:\Users\Leo\OneDrive\Desktop\Modding\Minecraft-Robettini\Robettini\ATM10\mods}, reader: mod manifest]
[29Dec2025 03:42:17.603] [main/INFO] [net.neoforged.fml.loading.moddiscovery.ModDiscoverer/SCAN]: Found mod file "productivemetalworks-1.21.1-1.13.2.jar" [locator: {mods folder locator at C:\Users\Leo\OneDrive\Desktop\Modding\Minecraft-Robettini\Robettini\ATM10\mods}, reader: mod manifest]
[29Dec2025 03:42:17.609] [main/INFO] [net.neoforged.fml.loading.moddiscovery.ModDiscoverer/SCAN]: Found mod file "productivetrees-1.21.1-0.7.1.jar" [locator: {mods folder locator at C:\Users\Leo\OneDrive\Desktop\Modding\Minecraft-Robettini\Robettini\ATM10\mods}, reader: mod manifest]
[29Dec2025 03:42:17.610] [main/INFO] [net.neoforged.fml.loading.moddiscovery.ModDiscoverer/SCAN]: Found mod file "pylons-1.21.1-5.2.1.jar" [locator: {mods folder locator at C:\Users\Leo\OneDrive\Desktop\Modding\Minecraft-Robettini\Robettini\ATM10\mods}, reader: mod manifest]
[29Dec2025 03:42:17.613] [main/INFO] [net.neoforged.fml.loading.moddiscovery.ModDiscoverer/SCAN]: Found mod file "railcraft-reborn-1.21.1-1.2.9.jar" [locator: {mods folder locator at C:\Users\Leo\OneDrive\Desktop\Modding\Minecraft-Robettini\Robettini\ATM10\mods}, reader: mod manifest]
[29Dec2025 03:42:17.614] [main/INFO] [net.neoforged.fml.loading.moddiscovery.ModDiscoverer/SCAN]: Found mod file "rangedpumps-1.3.0.jar" [locator: {mods folder locator at C:\Users\Leo\OneDrive\Desktop\Modding\Minecraft-Robettini\Robettini\ATM10\mods}, reader: mod manifest]
[29Dec2025 03:42:17.615] [main/INFO] [net.neoforged.fml.loading.moddiscovery.ModDiscoverer/SCAN]: Found mod file "rarcompat-1.21-0.9.6.jar" [locator: {mods folder locator at C:\Users\Leo\OneDrive\Desktop\Modding\Minecraft-Robettini\Robettini\ATM10\mods}, reader: mod manifest]
[29Dec2025 03:42:17.616] [main/INFO] [net.neoforged.fml.loading.moddiscovery.ModDiscoverer/SCAN]: Found mod file "reap-neoforge-1.21.1-1.1.2.jar" [locator: {mods folder locator at C:\Users\Leo\OneDrive\Desktop\Modding\Minecraft-Robettini\Robettini\ATM10\mods}, reader: mod manifest]
[29Dec2025 03:42:17.617] [main/INFO] [net.neoforged.fml.loading.moddiscovery.ModDiscoverer/SCAN]: Found mod file "rebind_narrator-1.21.1-neoforge-2025.10.21.jar" [locator: {mods folder locator at C:\Users\Leo\OneDrive\Desktop\Modding\Minecraft-Robettini\Robettini\ATM10\mods}, reader: mod manifest]
[29Dec2025 03:42:17.620] [main/INFO] [net.neoforged.fml.loading.moddiscovery.ModDiscoverer/SCAN]: Found mod file "rechiseled-1.1.6a-neoforge-mc1.21.jar" [locator: {mods folder locator at C:\Users\Leo\OneDrive\Desktop\Modding\Minecraft-Robettini\Robettini\ATM10\mods}, reader: mod manifest]
[29Dec2025 03:42:17.621] [main/INFO] [net.neoforged.fml.loading.moddiscovery.ModDiscoverer/SCAN]: Found mod file "rechiseled_chipped-1.4.1-1.21.1.jar" [locator: {mods folder locator at C:\Users\Leo\OneDrive\Desktop\Modding\Minecraft-Robettini\Robettini\ATM10\mods}, reader: mod manifest]
[29Dec2025 03:42:17.623] [main/INFO] [net.neoforged.fml.loading.moddiscovery.ModDiscoverer/SCAN]: Found mod file "rechiseledcreate-1.0.2a-neoforge-mc1.21.jar" [locator: {mods folder locator at C:\Users\Leo\OneDrive\Desktop\Modding\Minecraft-Robettini\Robettini\ATM10\mods}, reader: mod manifest]
[29Dec2025 03:42:17.626] [main/INFO] [net.neoforged.fml.loading.moddiscovery.ModDiscoverer/SCAN]: Found mod file "redstonepen-1.21-neoforge-1.11.42.jar" [locator: {mods folder locator at C:\Users\Leo\OneDrive\Desktop\Modding\Minecraft-Robettini\Robettini\ATM10\mods}, reader: mod manifest]
[29Dec2025 03:42:17.627] [main/INFO] [net.neoforged.fml.loading.moddiscovery.ModDiscoverer/SCAN]: Found mod file "refined-types-1.21.1-0.2.9.jar" [locator: {mods folder locator at C:\Users\Leo\OneDrive\Desktop\Modding\Minecraft-Robettini\Robettini\ATM10\mods}, reader: mod manifest]
[29Dec2025 03:42:17.628] [main/INFO] [net.neoforged.fml.loading.moddiscovery.ModDiscoverer/SCAN]: Found mod file "refinedstorage-curios-integration-1.0.0.jar" [locator: {mods folder locator at C:\Users\Leo\OneDrive\Desktop\Modding\Minecraft-Robettini\Robettini\ATM10\mods}, reader: mod manifest]
[29Dec2025 03:42:17.629] [main/INFO] [net.neoforged.fml.loading.moddiscovery.ModDiscoverer/SCAN]: Found mod file "refinedstorage-jei-integration-neoforge-1.0.0.jar" [locator: {mods folder locator at C:\Users\Leo\OneDrive\Desktop\Modding\Minecraft-Robettini\Robettini\ATM10\mods}, reader: mod manifest]
[29Dec2025 03:42:17.630] [main/INFO] [net.neoforged.fml.loading.moddiscovery.ModDiscoverer/SCAN]: Found mod file "refinedstorage-mekanism-integration-1.1.1.jar" [locator: {mods folder locator at C:\Users\Leo\OneDrive\Desktop\Modding\Minecraft-Robettini\Robettini\ATM10\mods}, reader: mod manifest]
[29Dec2025 03:42:17.632] [main/INFO] [net.neoforged.fml.loading.moddiscovery.ModDiscoverer/SCAN]: Found mod file "refinedstorage-neoforge-2.0.0.jar" [locator: {mods folder locator at C:\Users\Leo\OneDrive\Desktop\Modding\Minecraft-Robettini\Robettini\ATM10\mods}, reader: mod manifest]
[29Dec2025 03:42:17.634] [main/INFO] [net.neoforged.fml.loading.moddiscovery.ModDiscoverer/SCAN]: Found mod file "refinedstorage-quartz-arsenal-neoforge-1.0.6.jar" [locator: {mods folder locator at C:\Users\Leo\OneDrive\Desktop\Modding\Minecraft-Robettini\Robettini\ATM10\mods}, reader: mod manifest]
[29Dec2025 03:42:17.636] [main/INFO] [net.neoforged.fml.loading.moddiscovery.ModDiscoverer/SCAN]: Found mod file "refurbished_furniture-neoforge-1.21.1-1.0.20.jar" [locator: {mods folder locator at C:\Users\Leo\OneDrive\Desktop\Modding\Minecraft-Robettini\Robettini\ATM10\mods}, reader: mod manifest]
[29Dec2025 03:42:17.638] [main/INFO] [net.neoforged.fml.loading.moddiscovery.ModDiscoverer/SCAN]: Found mod file "regions_unexplored-neoforge-1.21.1-0.5.6.1.jar" [locator: {mods folder locator at C:\Users\Leo\OneDrive\Desktop\Modding\Minecraft-Robettini\Robettini\ATM10\mods}, reader: mod manifest]
[29Dec2025 03:42:17.639] [main/INFO] [net.neoforged.fml.loading.moddiscovery.ModDiscoverer/SCAN]: Found mod file "relics-1.21.1-0.10.7.5.jar" [locator: {mods folder locator at C:\Users\Leo\OneDrive\Desktop\Modding\Minecraft-Robettini\Robettini\ATM10\mods}, reader: mod manifest]
[29Dec2025 03:42:17.641] [main/INFO] [net.neoforged.fml.loading.moddiscovery.ModDiscoverer/SCAN]: Found mod file "reliquary-1.21.1-2.0.62.1310.jar" [locator: {mods folder locator at C:\Users\Leo\OneDrive\Desktop\Modding\Minecraft-Robettini\Robettini\ATM10\mods}, reader: mod manifest]
[29Dec2025 03:42:17.642] [main/INFO] [net.neoforged.fml.loading.moddiscovery.ModDiscoverer/SCAN]: Found mod file "repeatable_trial_vaults-neoforge-1.21-1.0.2.jar" [locator: {mods folder locator at C:\Users\Leo\OneDrive\Desktop\Modding\Minecraft-Robettini\Robettini\ATM10\mods}, reader: mod manifest]
[29Dec2025 03:42:17.644] [main/INFO] [net.neoforged.fml.loading.moddiscovery.ModDiscoverer/SCAN]: Found mod file "repurposed_structures-7.5.17+1.21.1-neoforge.jar" [locator: {mods folder locator at C:\Users\Leo\OneDrive\Desktop\Modding\Minecraft-Robettini\Robettini\ATM10\mods}, reader: mod manifest]
[29Dec2025 03:42:17.646] [main/INFO] [net.neoforged.fml.loading.moddiscovery.ModDiscoverer/SCAN]: Found mod file "resourcefulconfig-neoforge-1.21-3.0.11.jar" [locator: {mods folder locator at C:\Users\Leo\OneDrive\Desktop\Modding\Minecraft-Robettini\Robettini\ATM10\mods}, reader: mod manifest]
[29Dec2025 03:42:17.647] [main/INFO] [net.neoforged.fml.loading.moddiscovery.ModDiscoverer/SCAN]: Found mod file "resourcefullib-neoforge-1.21-3.0.12.jar" [locator: {mods folder locator at C:\Users\Leo\OneDrive\Desktop\Modding\Minecraft-Robettini\Robettini\ATM10\mods}, reader: mod manifest]
[29Dec2025 03:42:17.648] [main/INFO] [net.neoforged.fml.loading.moddiscovery.ModDiscoverer/SCAN]: Found mod file "restrictions-1.21-7.0.3.jar" [locator: {mods folder locator at C:\Users\Leo\OneDrive\Desktop\Modding\Minecraft-Robettini\Robettini\ATM10\mods}, reader: mod manifest]
[29Dec2025 03:42:17.649] [main/INFO] [net.neoforged.fml.loading.moddiscovery.ModDiscoverer/SCAN]: Found mod file "rftoolsbase-1.21-6.0.10.jar" [locator: {mods folder locator at C:\Users\Leo\OneDrive\Desktop\Modding\Minecraft-Robettini\Robettini\ATM10\mods}, reader: mod manifest]
[29Dec2025 03:42:17.651] [main/INFO] [net.neoforged.fml.loading.moddiscovery.ModDiscoverer/SCAN]: Found mod file "rftoolsbuilder-1.21-7.0.4.jar" [locator: {mods folder locator at C:\Users\Leo\OneDrive\Desktop\Modding\Minecraft-Robettini\Robettini\ATM10\mods}, reader: mod manifest]
[29Dec2025 03:42:17.652] [main/INFO] [net.neoforged.fml.loading.moddiscovery.ModDiscoverer/SCAN]: Found mod file "rftoolspower-1.21-7.0.5.jar" [locator: {mods folder locator at C:\Users\Leo\OneDrive\Desktop\Modding\Minecraft-Robettini\Robettini\ATM10\mods}, reader: mod manifest]
[29Dec2025 03:42:17.653] [main/INFO] [net.neoforged.fml.loading.moddiscovery.ModDiscoverer/SCAN]: Found mod file "rftoolsstorage-1.21-6.0.4.jar" [locator: {mods folder locator at C:\Users\Leo\OneDrive\Desktop\Modding\Minecraft-Robettini\Robettini\ATM10\mods}, reader: mod manifest]
[29Dec2025 03:42:17.654] [main/INFO] [net.neoforged.fml.loading.moddiscovery.ModDiscoverer/SCAN]: Found mod file "rftoolsutility-1.21-7.0.10.jar" [locator: {mods folder locator at C:\Users\Leo\OneDrive\Desktop\Modding\Minecraft-Robettini\Robettini\ATM10\mods}, reader: mod manifest]
[29Dec2025 03:42:17.656] [main/INFO] [net.neoforged.fml.loading.moddiscovery.ModDiscoverer/SCAN]: Found mod file "rhino-2101.2.7-build.81.jar" [locator: {mods folder locator at C:\Users\Leo\OneDrive\Desktop\Modding\Minecraft-Robettini\Robettini\ATM10\mods}, reader: mod manifest]
[29Dec2025 03:42:17.657] [main/INFO] [net.neoforged.fml.loading.moddiscovery.ModDiscoverer/SCAN]: Found mod file "RootsClassic-1.21.1-1.5.6.jar" [locator: {mods folder locator at C:\Users\Leo\OneDrive\Desktop\Modding\Minecraft-Robettini\Robettini\ATM10\mods}, reader: mod manifest]
[29Dec2025 03:42:17.658] [main/INFO] [net.neoforged.fml.loading.moddiscovery.ModDiscoverer/SCAN]: Found mod file "sawmill-1.21-1.7.2-neoforge.jar" [locator: {mods folder locator at C:\Users\Leo\OneDrive\Desktop\Modding\Minecraft-Robettini\Robettini\ATM10\mods}, reader: mod manifest]
[29Dec2025 03:42:17.675] [main/INFO] [net.neoforged.fml.loading.moddiscovery.ModDiscoverer/SCAN]: Found library file "ScalableCatsForce-NeoForge-3.7.1-build-11-with-library.jar" [locator: {mods folder locator at C:\Users\Leo\OneDrive\Desktop\Modding\Minecraft-Robettini\Robettini\ATM10\mods}, reader: mod manifest]
[29Dec2025 03:42:17.677] [main/INFO] [net.neoforged.fml.loading.moddiscovery.ModDiscoverer/SCAN]: Found mod file "Searchables-neoforge-1.21.1-1.0.2.jar" [locator: {mods folder locator at C:\Users\Leo\OneDrive\Desktop\Modding\Minecraft-Robettini\Robettini\ATM10\mods}, reader: mod manifest]
[29Dec2025 03:42:17.679] [main/INFO] [net.neoforged.fml.loading.moddiscovery.ModDiscoverer/SCAN]: Found mod file "sgearmetalworks-1.21.1-1.4.6.jar" [locator: {mods folder locator at C:\Users\Leo\OneDrive\Desktop\Modding\Minecraft-Robettini\Robettini\ATM10\mods}, reader: mod manifest]
[29Dec2025 03:42:17.680] [main/INFO] [net.neoforged.fml.loading.moddiscovery.ModDiscoverer/SCAN]: Found mod file "shiny-1.21.1-1.2.5.jar" [locator: {mods folder locator at C:\Users\Leo\OneDrive\Desktop\Modding\Minecraft-Robettini\Robettini\ATM10\mods}, reader: mod manifest]
[29Dec2025 03:42:17.681] [main/INFO] [net.neoforged.fml.loading.moddiscovery.ModDiscoverer/SCAN]: Found mod file "shrink-2.0.1.47-neoforge.jar" [locator: {mods folder locator at C:\Users\Leo\OneDrive\Desktop\Modding\Minecraft-Robettini\Robettini\ATM10\mods}, reader: mod manifest]
[29Dec2025 03:42:17.683] [main/INFO] [net.neoforged.fml.loading.moddiscovery.ModDiscoverer/SCAN]: Found mod file "silent-gear-1.21.1-neoforge-4.0.30.jar" [locator: {mods folder locator at C:\Users\Leo\OneDrive\Desktop\Modding\Minecraft-Robettini\Robettini\ATM10\mods}, reader: mod manifest]
[29Dec2025 03:42:17.684] [main/INFO] [net.neoforged.fml.loading.moddiscovery.ModDiscoverer/SCAN]: Found mod file "silent-lib-1.21.1-neoforge-10.5.1.jar" [locator: {mods folder locator at C:\Users\Leo\OneDrive\Desktop\Modding\Minecraft-Robettini\Robettini\ATM10\mods}, reader: mod manifest]
[29Dec2025 03:42:17.686] [main/INFO] [net.neoforged.fml.loading.moddiscovery.ModDiscoverer/SCAN]: Found mod file "silentgems-1.21.1-neoforge-5.1.2.1.jar" [locator: {mods folder locator at C:\Users\Leo\OneDrive\Desktop\Modding\Minecraft-Robettini\Robettini\ATM10\mods}, reader: mod manifest]
[29Dec2025 03:42:17.687] [main/INFO] [net.neoforged.fml.loading.moddiscovery.ModDiscoverer/SCAN]: Found mod file "simplemagnets-1.1.12c-neoforge-mc1.21.jar" [locator: {mods folder locator at C:\Users\Leo\OneDrive\Desktop\Modding\Minecraft-Robettini\Robettini\ATM10\mods}, reader: mod manifest]
[29Dec2025 03:42:17.688] [main/INFO] [net.neoforged.fml.loading.moddiscovery.ModDiscoverer/SCAN]: Found mod file "simplylight-1.5.3+1.21.1-b4.jar" [locator: {mods folder locator at C:\Users\Leo\OneDrive\Desktop\Modding\Minecraft-Robettini\Robettini\ATM10\mods}, reader: mod manifest]
[29Dec2025 03:42:17.690] [main/INFO] [net.neoforged.fml.loading.moddiscovery.ModDiscoverer/SCAN]: Found mod file "SmartBrainLib-neoforge-1.21.1-1.16.11.jar" [locator: {mods folder locator at C:\Users\Leo\OneDrive\Desktop\Modding\Minecraft-Robettini\Robettini\ATM10\mods}, reader: mod manifest]
[29Dec2025 03:42:17.691] [main/INFO] [net.neoforged.fml.loading.moddiscovery.ModDiscoverer/SCAN]: Found mod file "solcarrot-1.21.1-1.16.5.jar" [locator: {mods folder locator at C:\Users\Leo\OneDrive\Desktop\Modding\Minecraft-Robettini\Robettini\ATM10\mods}, reader: mod manifest]
[29Dec2025 03:42:17.692] [main/INFO] [net.neoforged.fml.loading.moddiscovery.ModDiscoverer/SCAN]: Found mod file "sophisticatedbackpacks-1.21.1-3.25.14.1410.jar" [locator: {mods folder locator at C:\Users\Leo\OneDrive\Desktop\Modding\Minecraft-Robettini\Robettini\ATM10\mods}, reader: mod manifest]
[29Dec2025 03:42:17.694] [main/INFO] [net.neoforged.fml.loading.moddiscovery.ModDiscoverer/SCAN]: Found mod file "sophisticatedbackpackscreateintegration-1.21.1-0.1.5.29.jar" [locator: {mods folder locator at C:\Users\Leo\OneDrive\Desktop\Modding\Minecraft-Robettini\Robettini\ATM10\mods}, reader: mod manifest]
[29Dec2025 03:42:17.695] [main/INFO] [net.neoforged.fml.loading.moddiscovery.ModDiscoverer/SCAN]: Found mod file "sophisticatedcore-1.21.1-1.3.89.1239.jar" [locator: {mods folder locator at C:\Users\Leo\OneDrive\Desktop\Modding\Minecraft-Robettini\Robettini\ATM10\mods}, reader: mod manifest]
[29Dec2025 03:42:17.696] [main/INFO] [net.neoforged.fml.loading.moddiscovery.ModDiscoverer/SCAN]: Found mod file "sophisticatedstorage-1.21.1-1.5.16.1369.jar" [locator: {mods folder locator at C:\Users\Leo\OneDrive\Desktop\Modding\Minecraft-Robettini\Robettini\ATM10\mods}, reader: mod manifest]
[29Dec2025 03:42:17.698] [main/INFO] [net.neoforged.fml.loading.moddiscovery.ModDiscoverer/SCAN]: Found mod file "sophisticatedstoragecreateintegration-1.21.1-0.1.13.54.jar" [locator: {mods folder locator at C:\Users\Leo\OneDrive\Desktop\Modding\Minecraft-Robettini\Robettini\ATM10\mods}, reader: mod manifest]
[29Dec2025 03:42:17.699] [main/INFO] [net.neoforged.fml.loading.moddiscovery.ModDiscoverer/SCAN]: Found mod file "sophisticatedstorageinmotion-1.21.1-0.10.24.155.jar" [locator: {mods folder locator at C:\Users\Leo\OneDrive\Desktop\Modding\Minecraft-Robettini\Robettini\ATM10\mods}, reader: mod manifest]
[29Dec2025 03:42:17.700] [main/INFO] [net.neoforged.fml.loading.moddiscovery.ModDiscoverer/SCAN]: Found mod file "soulplied_energistics-1.0.2.jar" [locator: {mods folder locator at C:\Users\Leo\OneDrive\Desktop\Modding\Minecraft-Robettini\Robettini\ATM10\mods}, reader: mod manifest]
[29Dec2025 03:42:17.702] [main/INFO] [net.neoforged.fml.loading.moddiscovery.ModDiscoverer/SCAN]: Found mod file "spark-1.10.124-neoforge.jar" [locator: {mods folder locator at C:\Users\Leo\OneDrive\Desktop\Modding\Minecraft-Robettini\Robettini\ATM10\mods}, reader: mod manifest]
[29Dec2025 03:42:17.703] [main/INFO] [net.neoforged.fml.loading.moddiscovery.ModDiscoverer/SCAN]: Found mod file "starbunclemania-1.21.1-1.5.2.jar" [locator: {mods folder locator at C:\Users\Leo\OneDrive\Desktop\Modding\Minecraft-Robettini\Robettini\ATM10\mods}, reader: mod manifest]
[29Dec2025 03:42:17.705] [main/INFO] [net.neoforged.fml.loading.moddiscovery.ModDiscoverer/SCAN]: Found mod file "stevescarts-1.21-1.2.16-neoforge.jar" [locator: {mods folder locator at C:\Users\Leo\OneDrive\Desktop\Modding\Minecraft-Robettini\Robettini\ATM10\mods}, reader: mod manifest]
[29Dec2025 03:42:17.706] [main/INFO] [net.neoforged.fml.loading.moddiscovery.ModDiscoverer/SCAN]: Found mod file "storagedelight-25.06.24-1.21-neoforge.jar" [locator: {mods folder locator at C:\Users\Leo\OneDrive\Desktop\Modding\Minecraft-Robettini\Robettini\ATM10\mods}, reader: mod manifest]
[29Dec2025 03:42:17.707] [main/INFO] [net.neoforged.fml.loading.moddiscovery.ModDiscoverer/SCAN]: Found mod file "Structory_1.21.x_v1.3.12.jar" [locator: {mods folder locator at C:\Users\Leo\OneDrive\Desktop\Modding\Minecraft-Robettini\Robettini\ATM10\mods}, reader: mod manifest]
[29Dec2025 03:42:17.709] [main/INFO] [net.neoforged.fml.loading.moddiscovery.ModDiscoverer/SCAN]: Found mod file "Structory_Towers_1.21.x_v1.0.14.jar" [locator: {mods folder locator at C:\Users\Leo\OneDrive\Desktop\Modding\Minecraft-Robettini\Robettini\ATM10\mods}, reader: mod manifest]
[29Dec2025 03:42:17.710] [main/INFO] [net.neoforged.fml.loading.moddiscovery.ModDiscoverer/SCAN]: Found mod file "structurize-1.0.796-1.21.1-snapshot.jar" [locator: {mods folder locator at C:\Users\Leo\OneDrive\Desktop\Modding\Minecraft-Robettini\Robettini\ATM10\mods}, reader: mod manifest]
[29Dec2025 03:42:17.712] [main/INFO] [net.neoforged.fml.loading.moddiscovery.ModDiscoverer/SCAN]: Found mod file "stylecolonies-1.15.43-1.21.1.jar" [locator: {mods folder locator at C:\Users\Leo\OneDrive\Desktop\Modding\Minecraft-Robettini\Robettini\ATM10\mods}, reader: mod manifest]
[29Dec2025 03:42:17.714] [main/INFO] [net.neoforged.fml.loading.moddiscovery.ModDiscoverer/SCAN]: Found mod file "Super Factory Manager (SFM)-MC1.21.1-4.28.0.jar" [locator: {mods folder locator at C:\Users\Leo\OneDrive\Desktop\Modding\Minecraft-Robettini\Robettini\ATM10\mods}, reader: mod manifest]
[29Dec2025 03:42:17.715] [main/INFO] [net.neoforged.fml.loading.moddiscovery.ModDiscoverer/SCAN]: Found mod file "supermartijn642configlib-1.1.8-neoforge-mc1.21.jar" [locator: {mods folder locator at C:\Users\Leo\OneDrive\Desktop\Modding\Minecraft-Robettini\Robettini\ATM10\mods}, reader: mod manifest]
[29Dec2025 03:42:17.716] [main/INFO] [net.neoforged.fml.loading.moddiscovery.ModDiscoverer/SCAN]: Found mod file "supermartijn642corelib-1.1.18a-neoforge-mc1.21.jar" [locator: {mods folder locator at C:\Users\Leo\OneDrive\Desktop\Modding\Minecraft-Robettini\Robettini\ATM10\mods}, reader: mod manifest]
[29Dec2025 03:42:17.719] [main/INFO] [net.neoforged.fml.loading.moddiscovery.ModDiscoverer/SCAN]: Found mod file "supplementaries-1.21-3.4.20-neoforge.jar" [locator: {mods folder locator at C:\Users\Leo\OneDrive\Desktop\Modding\Minecraft-Robettini\Robettini\ATM10\mods}, reader: mod manifest]
[29Dec2025 03:42:17.720] [main/INFO] [net.neoforged.fml.loading.moddiscovery.ModDiscoverer/SCAN]: Found mod file "sushigocrafting-1.21-0.6.5.jar" [locator: {mods folder locator at C:\Users\Leo\OneDrive\Desktop\Modding\Minecraft-Robettini\Robettini\ATM10\mods}, reader: mod manifest]
[29Dec2025 03:42:17.721] [main/INFO] [net.neoforged.fml.loading.moddiscovery.ModDiscoverer/SCAN]: Found mod file "sussysniffers-1.21.1-0.1.3.jar" [locator: {mods folder locator at C:\Users\Leo\OneDrive\Desktop\Modding\Minecraft-Robettini\Robettini\ATM10\mods}, reader: mod manifest]
[29Dec2025 03:42:17.723] [main/INFO] [net.neoforged.fml.loading.moddiscovery.ModDiscoverer/SCAN]: Found mod file "t_and_t-neoforge-fabric-1.13.7+1.21.1.jar" [locator: {mods folder locator at C:\Users\Leo\OneDrive\Desktop\Modding\Minecraft-Robettini\Robettini\ATM10\mods}, reader: mod manifest]
[29Dec2025 03:42:17.725] [main/INFO] [net.neoforged.fml.loading.moddiscovery.ModDiscoverer/SCAN]: Found mod file "tempad-1.21.1-3.0.4-all.jar" [locator: {mods folder locator at C:\Users\Leo\OneDrive\Desktop\Modding\Minecraft-Robettini\Robettini\ATM10\mods}, reader: mod manifest]
[29Dec2025 03:42:17.726] [main/INFO] [net.neoforged.fml.loading.moddiscovery.ModDiscoverer/SCAN]: Found mod file "TerraBlender-neoforge-1.21.1-4.1.0.8.jar" [locator: {mods folder locator at C:\Users\Leo\OneDrive\Desktop\Modding\Minecraft-Robettini\Robettini\ATM10\mods}, reader: mod manifest]
[29Dec2025 03:42:17.727] [main/INFO] [net.neoforged.fml.loading.moddiscovery.ModDiscoverer/SCAN]: Found mod file "tesseract-api-neoforge-1.11.0-1.21.1.jar" [locator: {mods folder locator at C:\Users\Leo\OneDrive\Desktop\Modding\Minecraft-Robettini\Robettini\ATM10\mods}, reader: mod manifest]
[29Dec2025 03:42:17.730] [main/INFO] [net.neoforged.fml.loading.moddiscovery.ModDiscoverer/SCAN]: Found mod file "the_bumblezone-7.11.6+1.21.1-neoforge.jar" [locator: {mods folder locator at C:\Users\Leo\OneDrive\Desktop\Modding\Minecraft-Robettini\Robettini\ATM10\mods}, reader: mod manifest]
[29Dec2025 03:42:17.732] [main/INFO] [net.neoforged.fml.loading.moddiscovery.ModDiscoverer/SCAN]: Found mod file "The_Undergarden-1.21.1-0.9.3.jar" [locator: {mods folder locator at C:\Users\Leo\OneDrive\Desktop\Modding\Minecraft-Robettini\Robettini\ATM10\mods}, reader: mod manifest]
[29Dec2025 03:42:17.733] [main/INFO] [net.neoforged.fml.loading.moddiscovery.ModDiscoverer/SCAN]: Found mod file "theurgy-1.21.1-neoforge-1.68.0.jar" [locator: {mods folder locator at C:\Users\Leo\OneDrive\Desktop\Modding\Minecraft-Robettini\Robettini\ATM10\mods}, reader: mod manifest]
[29Dec2025 03:42:17.735] [main/INFO] [net.neoforged.fml.loading.moddiscovery.ModDiscoverer/SCAN]: Found mod file "theurgy_kubejs-1.21.1-neoforge-1.5.1.jar" [locator: {mods folder locator at C:\Users\Leo\OneDrive\Desktop\Modding\Minecraft-Robettini\Robettini\ATM10\mods}, reader: mod manifest]
[29Dec2025 03:42:17.736] [main/INFO] [net.neoforged.fml.loading.moddiscovery.ModDiscoverer/SCAN]: Found mod file "tiab-neoforge-6.5.0.jar" [locator: {mods folder locator at C:\Users\Leo\OneDrive\Desktop\Modding\Minecraft-Robettini\Robettini\ATM10\mods}, reader: mod manifest]
[29Dec2025 03:42:17.737] [main/INFO] [net.neoforged.fml.loading.moddiscovery.ModDiscoverer/SCAN]: Found mod file "titanium-1.21-4.0.40.jar" [locator: {mods folder locator at C:\Users\Leo\OneDrive\Desktop\Modding\Minecraft-Robettini\Robettini\ATM10\mods}, reader: mod manifest]
[29Dec2025 03:42:17.739] [main/INFO] [net.neoforged.fml.loading.moddiscovery.ModDiscoverer/SCAN]: Found mod file "ToastControl-1.21.1-9.0.1.jar" [locator: {mods folder locator at C:\Users\Leo\OneDrive\Desktop\Modding\Minecraft-Robettini\Robettini\ATM10\mods}, reader: mod manifest]
[29Dec2025 03:42:17.740] [main/INFO] [net.neoforged.fml.loading.moddiscovery.ModDiscoverer/SCAN]: Found mod file "tombstone-neoforge-1.21.1-9.4.8.jar" [locator: {mods folder locator at C:\Users\Leo\OneDrive\Desktop\Modding\Minecraft-Robettini\Robettini\ATM10\mods}, reader: mod manifest]
[29Dec2025 03:42:17.741] [main/INFO] [net.neoforged.fml.loading.moddiscovery.ModDiscoverer/SCAN]: Found mod file "ToolBelt-1.21.1-2.2.7.jar" [locator: {mods folder locator at C:\Users\Leo\OneDrive\Desktop\Modding\Minecraft-Robettini\Robettini\ATM10\mods}, reader: mod manifest]
[29Dec2025 03:42:17.742] [main/INFO] [net.neoforged.fml.loading.moddiscovery.ModDiscoverer/SCAN]: Found mod file "torchmaster-neoforge-1.21.1-21.1.9.jar" [locator: {mods folder locator at C:\Users\Leo\OneDrive\Desktop\Modding\Minecraft-Robettini\Robettini\ATM10\mods}, reader: mod manifest]
[29Dec2025 03:42:17.744] [main/INFO] [net.neoforged.fml.loading.moddiscovery.ModDiscoverer/SCAN]: Found mod file "towntalk-1.2.0.jar" [locator: {mods folder locator at C:\Users\Leo\OneDrive\Desktop\Modding\Minecraft-Robettini\Robettini\ATM10\mods}, reader: mod manifest]
[29Dec2025 03:42:17.746] [main/INFO] [net.neoforged.fml.loading.moddiscovery.ModDiscoverer/SCAN]: Found mod file "transfer_labels-0.1.7.jar" [locator: {mods folder locator at C:\Users\Leo\OneDrive\Desktop\Modding\Minecraft-Robettini\Robettini\ATM10\mods}, reader: mod manifest]
[29Dec2025 03:42:17.747] [main/INFO] [net.neoforged.fml.loading.moddiscovery.ModDiscoverer/SCAN]: Found mod file "trashcans-1.0.18c-neoforge-mc1.21.jar" [locator: {mods folder locator at C:\Users\Leo\OneDrive\Desktop\Modding\Minecraft-Robettini\Robettini\ATM10\mods}, reader: mod manifest]
[29Dec2025 03:42:17.748] [main/INFO] [net.neoforged.fml.loading.moddiscovery.ModDiscoverer/SCAN]: Found mod file "trashslot-neoforge-1.21.1-21.1.4.jar" [locator: {mods folder locator at C:\Users\Leo\OneDrive\Desktop\Modding\Minecraft-Robettini\Robettini\ATM10\mods}, reader: mod manifest]
[29Dec2025 03:42:17.749] [main/INFO] [net.neoforged.fml.loading.moddiscovery.ModDiscoverer/SCAN]: Found mod file "treetap-1.21.1-0.4.5.jar" [locator: {mods folder locator at C:\Users\Leo\OneDrive\Desktop\Modding\Minecraft-Robettini\Robettini\ATM10\mods}, reader: mod manifest]
[29Dec2025 03:42:17.750] [main/INFO] [net.neoforged.fml.loading.moddiscovery.ModDiscoverer/SCAN]: Found mod file "trophymanager-1.21.1-2.3.0.jar" [locator: {mods folder locator at C:\Users\Leo\OneDrive\Desktop\Modding\Minecraft-Robettini\Robettini\ATM10\mods}, reader: mod manifest]
[29Dec2025 03:42:17.753] [main/INFO] [net.neoforged.fml.loading.moddiscovery.ModDiscoverer/SCAN]: Found mod file "twilightforest-1.21.1-4.7.3196-universal.jar" [locator: {mods folder locator at C:\Users\Leo\OneDrive\Desktop\Modding\Minecraft-Robettini\Robettini\ATM10\mods}, reader: mod manifest]
[29Dec2025 03:42:17.754] [main/INFO] [net.neoforged.fml.loading.moddiscovery.ModDiscoverer/SCAN]: Found mod file "UndergroundVillages-neoforge-1.21.1-4.0.3.jar" [locator: {mods folder locator at C:\Users\Leo\OneDrive\Desktop\Modding\Minecraft-Robettini\Robettini\ATM10\mods}, reader: mod manifest]
[29Dec2025 03:42:17.755] [main/INFO] [net.neoforged.fml.loading.moddiscovery.ModDiscoverer/SCAN]: Found mod file "universalgrid-neoforge-1.21.1-0.2.3.jar" [locator: {mods folder locator at C:\Users\Leo\OneDrive\Desktop\Modding\Minecraft-Robettini\Robettini\ATM10\mods}, reader: mod manifest]
[29Dec2025 03:42:17.757] [main/INFO] [net.neoforged.fml.loading.moddiscovery.ModDiscoverer/SCAN]: Found mod file "uranus-2.3.1-1.21.1-neoforge.jar" [locator: {mods folder locator at C:\Users\Leo\OneDrive\Desktop\Modding\Minecraft-Robettini\Robettini\ATM10\mods}, reader: mod manifest]
[29Dec2025 03:42:17.758] [main/INFO] [net.neoforged.fml.loading.moddiscovery.ModDiscoverer/SCAN]: Found mod file "utilitarian-1.21.1-0.17.0.jar" [locator: {mods folder locator at C:\Users\Leo\OneDrive\Desktop\Modding\Minecraft-Robettini\Robettini\ATM10\mods}, reader: mod manifest]
[29Dec2025 03:42:17.759] [main/INFO] [net.neoforged.fml.loading.moddiscovery.ModDiscoverer/SCAN]: Found mod file "utilityvest-1.1.0.jar" [locator: {mods folder locator at C:\Users\Leo\OneDrive\Desktop\Modding\Minecraft-Robettini\Robettini\ATM10\mods}, reader: mod manifest]
[29Dec2025 03:42:17.761] [main/INFO] [net.neoforged.fml.loading.moddiscovery.ModDiscoverer/SCAN]: Found mod file "valhelsia_core-neoforge-1.21.1-1.1.5.jar" [locator: {mods folder locator at C:\Users\Leo\OneDrive\Desktop\Modding\Minecraft-Robettini\Robettini\ATM10\mods}, reader: mod manifest]
[29Dec2025 03:42:17.762] [main/INFO] [net.neoforged.fml.loading.moddiscovery.ModDiscoverer/SCAN]: Found mod file "variantsandventures-neoforge-1.0.19+mc1.21.1.jar" [locator: {mods folder locator at C:\Users\Leo\OneDrive\Desktop\Modding\Minecraft-Robettini\Robettini\ATM10\mods}, reader: mod manifest]
[29Dec2025 03:42:17.763] [main/INFO] [net.neoforged.fml.loading.moddiscovery.ModDiscoverer/SCAN]: Found mod file "villagesandpillages-neoforge-mc1.21.1-1.0.3.jar" [locator: {mods folder locator at C:\Users\Leo\OneDrive\Desktop\Modding\Minecraft-Robettini\Robettini\ATM10\mods}, reader: mod manifest]
[29Dec2025 03:42:17.764] [main/INFO] [net.neoforged.fml.loading.moddiscovery.ModDiscoverer/SCAN]: Found mod file "waystones-neoforge-1.21.1-21.1.24.jar" [locator: {mods folder locator at C:\Users\Leo\OneDrive\Desktop\Modding\Minecraft-Robettini\Robettini\ATM10\mods}, reader: mod manifest]
[29Dec2025 03:42:17.766] [main/INFO] [net.neoforged.fml.loading.moddiscovery.ModDiscoverer/SCAN]: Found mod file "wirelesschargers-1.0.9a-neoforge-mc1.21.jar" [locator: {mods folder locator at C:\Users\Leo\OneDrive\Desktop\Modding\Minecraft-Robettini\Robettini\ATM10\mods}, reader: mod manifest]
[29Dec2025 03:42:17.767] [main/INFO] [net.neoforged.fml.loading.moddiscovery.ModDiscoverer/SCAN]: Found mod file "WitherSkeletonTweaks-1.21.1-10.1.1.jar" [locator: {mods folder locator at C:\Users\Leo\OneDrive\Desktop\Modding\Minecraft-Robettini\Robettini\ATM10\mods}, reader: mod manifest]
[29Dec2025 03:42:17.768] [main/INFO] [net.neoforged.fml.loading.moddiscovery.ModDiscoverer/SCAN]: Found mod file "wits-1.3.0+1.21-neoforge.jar" [locator: {mods folder locator at C:\Users\Leo\OneDrive\Desktop\Modding\Minecraft-Robettini\Robettini\ATM10\mods}, reader: mod manifest]
[29Dec2025 03:42:17.770] [main/INFO] [net.neoforged.fml.loading.moddiscovery.ModDiscoverer/SCAN]: Found mod file "xnet-1.21-7.0.6.jar" [locator: {mods folder locator at C:\Users\Leo\OneDrive\Desktop\Modding\Minecraft-Robettini\Robettini\ATM10\mods}, reader: mod manifest]
[29Dec2025 03:42:17.771] [main/INFO] [net.neoforged.fml.loading.moddiscovery.ModDiscoverer/SCAN]: Found mod file "xtonesreworked-1.1.1-1.21.1.jar" [locator: {mods folder locator at C:\Users\Leo\OneDrive\Desktop\Modding\Minecraft-Robettini\Robettini\ATM10\mods}, reader: mod manifest]
[29Dec2025 03:42:17.772] [main/INFO] [net.neoforged.fml.loading.moddiscovery.ModDiscoverer/SCAN]: Found mod file "xycraft_core-0.7.53-all.jar" [locator: {mods folder locator at C:\Users\Leo\OneDrive\Desktop\Modding\Minecraft-Robettini\Robettini\ATM10\mods}, reader: mod manifest]
[29Dec2025 03:42:17.774] [main/INFO] [net.neoforged.fml.loading.moddiscovery.ModDiscoverer/SCAN]: Found mod file "xycraft_machines-0.7.53.jar" [locator: {mods folder locator at C:\Users\Leo\OneDrive\Desktop\Modding\Minecraft-Robettini\Robettini\ATM10\mods}, reader: mod manifest]
[29Dec2025 03:42:17.775] [main/INFO] [net.neoforged.fml.loading.moddiscovery.ModDiscoverer/SCAN]: Found mod file "xycraft_override-0.7.53.jar" [locator: {mods folder locator at C:\Users\Leo\OneDrive\Desktop\Modding\Minecraft-Robettini\Robettini\ATM10\mods}, reader: mod manifest]
[29Dec2025 03:42:17.777] [main/INFO] [net.neoforged.fml.loading.moddiscovery.ModDiscoverer/SCAN]: Found mod file "xycraft_world-0.7.53.jar" [locator: {mods folder locator at C:\Users\Leo\OneDrive\Desktop\Modding\Minecraft-Robettini\Robettini\ATM10\mods}, reader: mod manifest]
[29Dec2025 03:42:17.778] [main/INFO] [net.neoforged.fml.loading.moddiscovery.ModDiscoverer/SCAN]: Found mod file "yeetusexperimentus-neoforge-87.0.0.jar" [locator: {mods folder locator at C:\Users\Leo\OneDrive\Desktop\Modding\Minecraft-Robettini\Robettini\ATM10\mods}, reader: mod manifest]
[29Dec2025 03:42:17.779] [main/INFO] [net.neoforged.fml.loading.moddiscovery.ModDiscoverer/SCAN]: Found mod file "yet_another_config_lib_v3-3.8.0+1.21.1-neoforge.jar" [locator: {mods folder locator at C:\Users\Leo\OneDrive\Desktop\Modding\Minecraft-Robettini\Robettini\ATM10\mods}, reader: mod manifest]
[29Dec2025 03:42:17.780] [main/INFO] [net.neoforged.fml.loading.moddiscovery.ModDiscoverer/SCAN]: Found mod file "YungsApi-1.21.1-NeoForge-5.1.6.jar" [locator: {mods folder locator at C:\Users\Leo\OneDrive\Desktop\Modding\Minecraft-Robettini\Robettini\ATM10\mods}, reader: mod manifest]
[29Dec2025 03:42:17.782] [main/INFO] [net.neoforged.fml.loading.moddiscovery.ModDiscoverer/SCAN]: Found mod file "YungsBetterDesertTemples-1.21.1-NeoForge-4.1.5.jar" [locator: {mods folder locator at C:\Users\Leo\OneDrive\Desktop\Modding\Minecraft-Robettini\Robettini\ATM10\mods}, reader: mod manifest]
[29Dec2025 03:42:17.783] [main/INFO] [net.neoforged.fml.loading.moddiscovery.ModDiscoverer/SCAN]: Found mod file "YungsBetterDungeons-1.21.1-NeoForge-5.1.4.jar" [locator: {mods folder locator at C:\Users\Leo\OneDrive\Desktop\Modding\Minecraft-Robettini\Robettini\ATM10\mods}, reader: mod manifest]
[29Dec2025 03:42:17.784] [main/INFO] [net.neoforged.fml.loading.moddiscovery.ModDiscoverer/SCAN]: Found mod file "YungsBetterEndIsland-1.21.1-NeoForge-3.1.2.jar" [locator: {mods folder locator at C:\Users\Leo\OneDrive\Desktop\Modding\Minecraft-Robettini\Robettini\ATM10\mods}, reader: mod manifest]
[29Dec2025 03:42:17.785] [main/INFO] [net.neoforged.fml.loading.moddiscovery.ModDiscoverer/SCAN]: Found mod file "YungsBetterJungleTemples-1.21.1-NeoForge-3.1.2.jar" [locator: {mods folder locator at C:\Users\Leo\OneDrive\Desktop\Modding\Minecraft-Robettini\Robettini\ATM10\mods}, reader: mod manifest]
[29Dec2025 03:42:17.787] [main/INFO] [net.neoforged.fml.loading.moddiscovery.ModDiscoverer/SCAN]: Found mod file "YungsBetterMineshafts-1.21.1-NeoForge-5.1.1.jar" [locator: {mods folder locator at C:\Users\Leo\OneDrive\Desktop\Modding\Minecraft-Robettini\Robettini\ATM10\mods}, reader: mod manifest]
[29Dec2025 03:42:17.788] [main/INFO] [net.neoforged.fml.loading.moddiscovery.ModDiscoverer/SCAN]: Found mod file "YungsBetterNetherFortresses-1.21.1-NeoForge-3.1.5.jar" [locator: {mods folder locator at C:\Users\Leo\OneDrive\Desktop\Modding\Minecraft-Robettini\Robettini\ATM10\mods}, reader: mod manifest]
[29Dec2025 03:42:17.789] [main/INFO] [net.neoforged.fml.loading.moddiscovery.ModDiscoverer/SCAN]: Found mod file "YungsBetterOceanMonuments-1.21.1-NeoForge-4.1.2.jar" [locator: {mods folder locator at C:\Users\Leo\OneDrive\Desktop\Modding\Minecraft-Robettini\Robettini\ATM10\mods}, reader: mod manifest]
[29Dec2025 03:42:17.790] [main/INFO] [net.neoforged.fml.loading.moddiscovery.ModDiscoverer/SCAN]: Found mod file "YungsBetterStrongholds-1.21.1-NeoForge-5.1.3.jar" [locator: {mods folder locator at C:\Users\Leo\OneDrive\Desktop\Modding\Minecraft-Robettini\Robettini\ATM10\mods}, reader: mod manifest]
[29Dec2025 03:42:17.792] [main/INFO] [net.neoforged.fml.loading.moddiscovery.ModDiscoverer/SCAN]: Found mod file "YungsBetterWitchHuts-1.21.1-NeoForge-4.1.1.jar" [locator: {mods folder locator at C:\Users\Leo\OneDrive\Desktop\Modding\Minecraft-Robettini\Robettini\ATM10\mods}, reader: mod manifest]
[29Dec2025 03:42:17.793] [main/INFO] [net.neoforged.fml.loading.moddiscovery.ModDiscoverer/SCAN]: Found mod file "YungsExtras-1.21.1-NeoForge-5.1.1.jar" [locator: {mods folder locator at C:\Users\Leo\OneDrive\Desktop\Modding\Minecraft-Robettini\Robettini\ATM10\mods}, reader: mod manifest]
[29Dec2025 03:42:17.794] [main/INFO] [net.neoforged.fml.loading.moddiscovery.ModDiscoverer/SCAN]: Found mod file "ZeroCore2-1.21.1-2.4.20.jar" [locator: {mods folder locator at C:\Users\Leo\OneDrive\Desktop\Modding\Minecraft-Robettini\Robettini\ATM10\mods}, reader: mod manifest]
[29Dec2025 03:42:17.802] [main/INFO] [net.neoforged.fml.loading.moddiscovery.ModDiscoverer/SCAN]: Found mod file "crash_assistant-neoforge.jar" [parent: , locator: jarinjar, reader: mod manifest]
